;FLAVOR:Marlin
;TIME:3252
;Filament used: 2.31038m
;Layer height: 0.2
;MINX:84.2
;MINY:96.7
;MINZ:0.2
;MAXX:151.665
;MAXY:138.3
;MAXZ:5
;Generated with Cura_SteamEngine master
M140 S50
M105
M190 S50
M104 S200
M105
M109 S200
M82 ;absolute extrusion mode
; Ender 3 Custom Start G-code
G92 E0 ; Reset Extruder
G28 ; Home all axes
G1 Z2.0 F3000 ; Move Z Axis up little to prevent scratching of Heat Bed
G1 X0.1 Y20 Z0.3 F5000.0 ; Move to start position
G1 X0.1 Y200.0 Z0.3 F1500.0 E15 ; Draw the first line
G1 X0.4 Y200.0 Z0.3 F5000.0 ; Move to side a little
G1 X0.4 Y20 Z0.3 F1500.0 E30 ; Draw the second line
G92 E0 ; Reset Extruder
G1 Z2.0 F3000 ; Move Z Axis up little to prevent scratching of Heat Bed
G1 X5 Y20 Z0.3 F5000.0 ; Move over to prevent blob squish
G92 E0
G92 E0
G1 F2700 E-5
;LAYER_COUNT:25
;LAYER:0
M107
;MESH:2inch-tft-holder.obj
G0 F6000 X144.309 Y135.002 Z0.2
;TYPE:WALL-INNER
G1 F2700 E0
G1 F1200 X149.57 Y135.002 E0.17498
G1 X149.57 Y99.998 E1.33922
G1 X144.309 Y99.998 E1.5142
G1 X144.309 Y135.002 E2.67844
G0 F6000 X144.709 Y134.602
;TYPE:WALL-OUTER
G1 F1200 X149.17 Y134.602 E2.82681
G1 X149.17 Y100.398 E3.96444
G1 X144.709 Y100.398 E4.11282
G1 X144.709 Y134.602 E5.25044
G1 F2700 E0.25044
G0 F6000 X144.409 Y134.602
G0 X144.119 Y135.002
G0 X145.562 Y133.749
G0 X89.438 Y133.749
G0 X90.881 Y135.002
G0 X90.691 Y135.002
;TYPE:WALL-INNER
G1 F2700 E5.25044
G1 F1200 X90.691 Y99.998 E6.41468
G1 X85.43 Y99.998 E6.58966
G1 X85.43 Y135.002 E7.7539
G1 X90.691 Y135.002 E7.92888
G0 F6000 X90.291 Y134.602
;TYPE:WALL-OUTER
G1 F1200 X90.291 Y100.398 E9.06651
G1 X85.83 Y100.398 E9.21489
G1 X85.83 Y134.602 E10.35252
G1 X90.291 Y134.602 E10.50089
G1 F2700 E5.50089
G0 F6000 X90.591 Y134.602
G0 X90.887 Y135.198
G0 X90.887 Y137.69
G0 X150.4 Y137.9
;TYPE:WALL-INNER
G1 F2700 E10.50089
G1 F1200 X84.6 Y137.9 E12.68941
G1 X84.6 Y97.1 E14.04642
G1 X150.4 Y97.1 E16.23494
G1 X150.4 Y137.9 E17.59195
G0 F6000 X150.8 Y138.3
;TYPE:WALL-OUTER
G1 F1200 X84.2 Y138.3 E19.80708
G1 X84.2 Y96.7 E21.1907
G1 X150.8 Y96.7 E23.40582
G1 X150.8 Y138.3 E24.78944
G0 F6000 X150.53 Y138.03
G0 X150.29 Y137.51
G0 X150.01 Y137.51
;TYPE:SKIN
G1 F1200 X84.99 Y137.51 E26.95202
G1 X84.99 Y97.49 E28.28309
G1 X150.01 Y97.49 E30.44566
G1 X150.01 Y137.51 E31.77673
G0 F6000 X150.29 Y137.51
G0 X150.29 Y135.392
G0 X149.96 Y135.392
G1 F1200 X149.96 Y99.608 E32.96691
G1 X143.919 Y99.608 E33.16784
G1 X143.919 Y135.392 E34.35802
G1 X149.96 Y135.392 E34.55894
G1 F2700 E29.55894
G0 F6000 X150.29 Y135.392
G0 X150.19 Y135.142
G0 X151.665 Y135.142
G0 X89.438 Y133.749
G0 X90.881 Y135.142
G1 F2700 E34.55894
G0 F6000 X91.081 Y135.392
G1 F1200 X91.081 Y99.608 E35.74912
G1 X85.04 Y99.608 E35.95005
G1 X85.04 Y135.392 E37.14023
G1 X91.081 Y135.392 E37.34115
G1 F2700 E32.34115
G0 F6000 X90.801 Y135.142
G0 X85.306 Y135.192
G0 X84.81 Y135.192
G0 X84.782 Y137.718
G0 X85.306 Y137.79
G1 F2700 E37.34115
G0 F6000 X85.306 Y137.349
G1 F1200 X85.149 Y137.192 E37.34854
G0 F6000 X85.149 Y136.627
G1 F1200 X85.871 Y137.349 E37.3825
G0 F6000 X86.437 Y137.349
G1 F1200 X85.149 Y136.061 E37.44308
G0 F6000 X85.204 Y135.55
G1 F1200 X87.003 Y137.349 E37.5277
G0 F6000 X87.568 Y137.349
G1 F1200 X85.77 Y135.55 E37.6123
G0 F6000 X86.336 Y135.55
G1 F1200 X88.134 Y137.349 E37.69689
G0 F6000 X88.7 Y137.349
G1 F1200 X86.902 Y135.55 E37.78149
G0 F6000 X87.467 Y135.55
G1 F1200 X89.265 Y137.349 E37.86609
G0 F6000 X89.831 Y137.349
G1 F1200 X88.033 Y135.55 E37.95068
G0 F6000 X88.599 Y135.55
G1 F1200 X90.397 Y137.349 E38.03528
G0 F6000 X90.962 Y137.349
G1 F1200 X89.164 Y135.55 E38.11987
G0 F6000 X89.73 Y135.55
G1 F1200 X91.528 Y137.349 E38.20447
G0 F6000 X92.094 Y137.349
G1 F1200 X90.296 Y135.55 E38.28907
G0 F6000 X90.861 Y135.55
G1 F1200 X92.659 Y137.349 E38.37366
G0 F6000 X93.225 Y137.349
G1 F1200 X91.24 Y135.364 E38.46703
G0 F6000 X91.24 Y134.798
G1 F1200 X93.791 Y137.349 E38.58702
G0 F6000 X94.357 Y137.349
G1 F1200 X91.24 Y134.232 E38.73364
G0 F6000 X91.24 Y133.667
G1 F1200 X94.922 Y137.349 E38.90683
G0 F6000 X95.488 Y137.349
G1 F1200 X91.24 Y133.101 E39.10664
G0 F6000 X91.24 Y132.535
G1 F1200 X96.054 Y137.349 E39.33307
G0 F6000 X96.619 Y137.349
G1 F1200 X91.24 Y131.97 E39.58609
G0 F6000 X91.24 Y131.404
G1 F1200 X97.185 Y137.349 E39.86572
G0 F6000 X97.751 Y137.349
G1 F1200 X91.24 Y130.838 E40.17198
G0 F6000 X91.24 Y130.273
G1 F1200 X98.316 Y137.349 E40.50481
G0 F6000 X98.882 Y137.349
G1 F1200 X91.24 Y129.707 E40.86427
G0 F6000 X91.24 Y129.141
G1 F1200 X99.448 Y137.349 E41.25035
G0 F6000 X100.013 Y137.349
G1 F1200 X91.24 Y128.576 E41.663
G0 F6000 X91.24 Y128.01
G1 F1200 X100.579 Y137.349 E42.10228
G0 F6000 X101.145 Y137.349
G1 F1200 X91.24 Y127.444 E42.56818
G0 F6000 X91.24 Y126.878
G1 F1200 X101.71 Y137.349 E43.06068
G0 F6000 X102.276 Y137.349
G1 F1200 X91.24 Y126.313 E43.57978
G0 F6000 X91.24 Y125.747
G1 F1200 X102.842 Y137.349 E44.1255
G0 F6000 X103.408 Y137.349
G1 F1200 X91.24 Y125.181 E44.69785
G0 F6000 X91.24 Y124.616
G1 F1200 X103.973 Y137.349 E45.29677
G0 F6000 X104.539 Y137.349
G1 F1200 X91.24 Y124.05 E45.92231
G0 F6000 X91.24 Y123.484
G1 F1200 X105.105 Y137.349 E46.57448
G0 F6000 X105.67 Y137.349
G1 F1200 X91.24 Y122.919 E47.25322
G0 F6000 X91.24 Y122.353
G1 F1200 X106.236 Y137.349 E47.95859
G0 F6000 X106.802 Y137.349
G1 F1200 X91.24 Y121.787 E48.69058
G0 F6000 X91.24 Y121.222
G1 F1200 X107.367 Y137.349 E49.44914
G0 F6000 X107.933 Y137.349
G1 F1200 X91.24 Y120.656 E50.23433
G0 F6000 X91.24 Y120.09
G1 F1200 X108.499 Y137.349 E51.04614
G0 F6000 X109.064 Y137.349
G1 F1200 X91.24 Y119.525 E51.88453
G0 F6000 X91.24 Y118.959
G1 F1200 X109.63 Y137.349 E52.74954
G0 F6000 X110.196 Y137.349
G1 F1200 X91.24 Y118.393 E53.64117
G0 F6000 X91.24 Y117.828
G1 F1200 X110.761 Y137.349 E54.55938
G0 F6000 X111.327 Y137.349
G1 F1200 X91.24 Y117.262 E55.50421
G0 F6000 X91.24 Y116.696
G1 F1200 X111.893 Y137.349 E56.47566
G0 F6000 X112.458 Y137.349
G1 F1200 X91.24 Y116.13 E57.47371
G0 F6000 X91.24 Y115.565
G1 F1200 X113.024 Y137.349 E58.49837
G0 F6000 X113.59 Y137.349
G1 F1200 X91.24 Y114.999 E59.54964
G0 F6000 X91.24 Y114.433
G1 F1200 X114.156 Y137.349 E60.62754
G0 F6000 X114.721 Y137.349
G1 F1200 X91.24 Y113.868 E61.73201
G0 F6000 X91.24 Y113.302
G1 F1200 X115.287 Y137.349 E62.86311
G0 F6000 X115.853 Y137.349
G1 F1200 X91.24 Y112.736 E64.02083
G0 F6000 X91.24 Y112.171
G1 F1200 X116.418 Y137.349 E65.20513
G0 F6000 X116.984 Y137.349
G1 F1200 X91.24 Y111.605 E66.41605
G0 F6000 X91.24 Y111.039
G1 F1200 X117.55 Y137.349 E67.65359
G0 F6000 X118.116 Y137.349
G1 F1200 X91.24 Y110.474 E68.91773
G0 F6000 X91.24 Y109.908
G1 F1200 X118.682 Y137.349 E70.20849
G0 F6000 X119.247 Y137.349
G1 F1200 X91.24 Y109.342 E71.52586
G0 F6000 X91.24 Y108.777
G1 F1200 X119.813 Y137.349 E72.86982
G0 F6000 X120.379 Y137.349
G1 F1200 X91.24 Y108.211 E74.24041
G0 F6000 X91.24 Y107.645
G1 F1200 X120.944 Y137.349 E75.63759
G0 F6000 X121.51 Y137.349
G1 F1200 X91.24 Y107.08 E77.06138
G0 F6000 X91.24 Y106.514
G1 F1200 X122.076 Y137.349 E78.51178
G0 F6000 X122.642 Y137.349
G1 F1200 X91.24 Y105.948 E79.98881
G0 F6000 X91.24 Y105.382
G1 F1200 X123.207 Y137.349 E81.49244
G0 F6000 X123.773 Y137.349
G1 F1200 X91.24 Y104.817 E83.02267
G0 F6000 X91.24 Y104.251
G1 F1200 X124.339 Y137.349 E84.57952
G0 F6000 X124.904 Y137.349
G1 F1200 X91.24 Y103.685 E86.16297
G0 F6000 X91.24 Y103.12
G1 F1200 X125.47 Y137.349 E87.77303
G0 F6000 X126.036 Y137.349
G1 F1200 X91.24 Y102.554 E89.4097
G0 F6000 X91.24 Y101.988
G1 F1200 X126.601 Y137.349 E91.07297
G0 F6000 X127.167 Y137.349
G1 F1200 X91.24 Y101.423 E92.76284
G0 F6000 X91.24 Y100.857
G1 F1200 X127.733 Y137.349 E94.47934
G0 F6000 X128.298 Y137.349
G1 F1200 X91.24 Y100.291 E96.22243
G0 F6000 X91.24 Y99.726
G1 F1200 X128.864 Y137.349 E97.99213
G0 F6000 X129.43 Y137.349
G1 F1200 X89.73 Y97.65 E99.85947
G0 F6000 X89.164 Y97.65
G1 F1200 X90.962 Y99.447 E99.94402
G0 F6000 X90.396 Y99.447
G1 F1200 X88.599 Y97.65 E100.02855
G0 F6000 X88.033 Y97.65
G1 F1200 X89.83 Y99.447 E100.11307
G0 F6000 X89.265 Y99.447
G1 F1200 X87.467 Y97.65 E100.19762
G0 F6000 X86.902 Y97.65
G1 F1200 X88.699 Y99.447 E100.28215
G0 F6000 X88.133 Y99.447
G1 F1200 X86.336 Y97.65 E100.36667
G0 F6000 X85.77 Y97.65
G1 F1200 X87.568 Y99.447 E100.45122
G0 F6000 X87.002 Y99.447
G1 F1200 X85.204 Y97.65 E100.53577
G0 F6000 X85.149 Y98.16
G1 F1200 X86.436 Y99.447 E100.59631
G0 F6000 X85.871 Y99.447
G1 F1200 X85.149 Y98.726 E100.63024
G0 F6000 X85.149 Y99.291
G1 F1200 X85.305 Y99.447 E100.63758
G1 F2700 E95.63758
G0 F6000 X85.32 Y99.888
G0 X90.296 Y99.808
G0 X90.296 Y97.31
G1 F2700 E100.63758
G0 F6000 X90.296 Y97.65
G1 F1200 X129.995 Y137.349 E102.5049
G0 F6000 X130.561 Y137.349
G1 F1200 X90.861 Y97.65 E104.37224
G0 F6000 X91.427 Y97.65
G1 F1200 X131.127 Y137.349 E106.23958
G0 F6000 X131.692 Y137.349
G1 F1200 X91.993 Y97.65 E108.1069
G0 F6000 X92.558 Y97.65
G1 F1200 X132.258 Y137.349 E109.97425
G0 F6000 X132.824 Y137.349
G1 F1200 X93.124 Y97.65 E111.84159
G0 F6000 X93.69 Y97.65
G1 F1200 X133.39 Y137.349 E113.70893
G0 F6000 X133.955 Y137.349
G1 F1200 X94.255 Y97.65 E115.57628
G0 F6000 X94.821 Y97.65
G1 F1200 X134.521 Y137.349 E117.44362
G0 F6000 X135.087 Y137.349
G1 F1200 X95.387 Y97.65 E119.31096
G0 F6000 X95.952 Y97.65
G1 F1200 X135.652 Y137.349 E121.1783
G0 F6000 X136.218 Y137.349
G1 F1200 X96.518 Y97.65 E123.04565
G0 F6000 X97.084 Y97.65
G1 F1200 X136.784 Y137.349 E124.91299
G0 F6000 X137.349 Y137.349
G1 F1200 X97.65 Y97.65 E126.78031
G0 F6000 X98.215 Y97.65
G1 F1200 X137.915 Y137.349 E128.64765
G0 F6000 X138.481 Y137.349
G1 F1200 X98.781 Y97.65 E130.51499
G0 F6000 X99.347 Y97.65
G1 F1200 X139.046 Y137.349 E132.38231
G0 F6000 X139.612 Y137.349
G1 F1200 X99.912 Y97.65 E134.24966
G0 F6000 X100.478 Y97.65
G1 F1200 X140.178 Y137.349 E136.117
G0 F6000 X140.743 Y137.349
G1 F1200 X101.044 Y97.65 E137.98432
G0 F6000 X101.609 Y97.65
G1 F1200 X141.309 Y137.349 E139.85166
G0 F6000 X141.875 Y137.349
G1 F1200 X102.175 Y97.65 E141.719
G0 F6000 X102.741 Y97.65
G1 F1200 X142.441 Y137.349 E143.58635
G0 F6000 X143.006 Y137.349
G1 F1200 X103.306 Y97.65 E145.45369
G0 F6000 X103.872 Y97.65
G1 F1200 X143.572 Y137.349 E147.32103
G0 F6000 X144.138 Y137.349
G1 F1200 X104.438 Y97.65 E149.18837
G0 F6000 X105.003 Y97.65
G1 F1200 X144.703 Y137.349 E151.05572
G0 F6000 X145.269 Y137.349
G1 F1200 X105.569 Y97.65 E152.92306
G0 F6000 X106.135 Y97.65
G1 F1200 X143.758 Y135.273 E154.69273
G0 F6000 X144.036 Y135.551
G1 F1200 X145.835 Y137.349 E154.77733
G0 F6000 X146.4 Y137.349
G1 F1200 X144.602 Y135.551 E154.8619
G0 F6000 X145.168 Y135.551
G1 F1200 X146.966 Y137.349 E154.94647
G0 F6000 X147.532 Y137.349
G1 F1200 X145.734 Y135.551 E155.03104
G0 F6000 X146.299 Y135.551
G1 F1200 X148.097 Y137.349 E155.11562
G0 F6000 X148.663 Y137.349
G1 F1200 X146.865 Y135.551 E155.20019
G0 F6000 X147.431 Y135.551
G1 F1200 X149.229 Y137.349 E155.28476
G0 F6000 X149.794 Y137.349
G1 F1200 X147.996 Y135.551 E155.36933
G0 F6000 X148.562 Y135.551
G1 F1200 X149.849 Y136.838 E155.42987
G0 F6000 X149.849 Y136.272
G1 F1200 X149.128 Y135.551 E155.46378
G0 F6000 X149.693 Y135.551
G1 F1200 X149.849 Y135.707 E155.47112
G1 F2700 E150.47112
G0 F6000 X150.29 Y135.707
G0 X150.19 Y134.707
G0 X149.76 Y134.707
G0 X149.398 Y134.83
G0 X144.481 Y134.83
G0 X144.199 Y134.707
G1 F2700 E155.47112
G0 F6000 X143.758 Y134.707
G1 F1200 X106.7 Y97.65 E157.21419
G0 F6000 X107.266 Y97.65
G1 F1200 X143.758 Y134.141 E158.93064
G0 F6000 X143.758 Y133.576
G1 F1200 X107.832 Y97.65 E160.62049
G0 F6000 X108.398 Y97.65
G1 F1200 X143.758 Y133.01 E162.28372
G0 F6000 X143.758 Y132.444
G1 F1200 X108.963 Y97.65 E163.92034
G0 F6000 X109.529 Y97.65
G1 F1200 X143.758 Y131.878 E165.53035
G0 F6000 X143.758 Y131.313
G1 F1200 X110.095 Y97.65 E167.11375
G0 F6000 X110.66 Y97.65
G1 F1200 X143.758 Y130.747 E168.67055
G0 F6000 X143.758 Y130.181
G1 F1200 X111.226 Y97.65 E170.20074
G0 F6000 X111.792 Y97.65
G1 F1200 X143.758 Y129.616 E171.70432
G0 F6000 X143.758 Y129.05
G1 F1200 X112.357 Y97.65 E173.1813
G0 F6000 X112.923 Y97.65
G1 F1200 X143.758 Y128.484 E174.63166
G0 F6000 X143.758 Y127.919
G1 F1200 X113.489 Y97.65 E176.05542
G0 F6000 X114.054 Y97.65
G1 F1200 X143.758 Y127.353 E177.45259
G0 F6000 X143.758 Y126.787
G1 F1200 X114.62 Y97.65 E178.82312
G0 F6000 X115.186 Y97.65
G1 F1200 X143.758 Y126.222 E180.16706
G0 F6000 X143.758 Y125.656
G1 F1200 X115.751 Y97.65 E181.4844
G0 F6000 X116.317 Y97.65
G1 F1200 X143.758 Y125.09 E182.77512
G0 F6000 X143.758 Y124.525
G1 F1200 X116.883 Y97.65 E184.03924
G0 F6000 X117.449 Y97.65
G1 F1200 X143.758 Y123.959 E185.27673
G0 F6000 X143.758 Y123.393
G1 F1200 X118.014 Y97.65 E186.48763
G0 F6000 X118.58 Y97.65
G1 F1200 X143.758 Y122.827 E187.6719
G0 F6000 X143.758 Y122.262
G1 F1200 X119.146 Y97.65 E188.82957
G0 F6000 X119.711 Y97.65
G1 F1200 X143.758 Y121.696 E189.96065
G0 F6000 X143.758 Y121.13
G1 F1200 X120.277 Y97.65 E191.0651
G0 F6000 X120.843 Y97.65
G1 F1200 X143.758 Y120.565 E192.14295
G0 F6000 X143.758 Y119.999
G1 F1200 X121.408 Y97.65 E193.1942
G0 F6000 X121.974 Y97.65
G1 F1200 X143.758 Y119.433 E194.21883
G0 F6000 X143.758 Y118.868
G1 F1200 X122.54 Y97.65 E195.21686
G0 F6000 X123.105 Y97.65
G1 F1200 X143.758 Y118.302 E196.18829
G0 F6000 X143.758 Y117.736
G1 F1200 X123.671 Y97.65 E197.1331
G0 F6000 X124.237 Y97.65
G1 F1200 X143.758 Y117.171 E198.05131
G0 F6000 X143.758 Y116.605
G1 F1200 X124.802 Y97.65 E198.94291
G0 F6000 X125.368 Y97.65
G1 F1200 X143.758 Y116.039 E199.8079
G0 F6000 X143.758 Y115.474
G1 F1200 X125.934 Y97.65 E200.64629
G0 F6000 X126.499 Y97.65
G1 F1200 X143.758 Y114.908 E201.45807
G0 F6000 X143.758 Y114.342
G1 F1200 X127.065 Y97.65 E202.24324
G0 F6000 X127.631 Y97.65
G1 F1200 X143.758 Y113.777 E203.0018
G0 F6000 X143.758 Y113.211
G1 F1200 X128.197 Y97.65 E203.73374
G0 F6000 X128.762 Y97.65
G1 F1200 X143.758 Y112.645 E204.43909
G0 F6000 X143.758 Y112.079
G1 F1200 X129.328 Y97.65 E205.11781
G0 F6000 X129.894 Y97.65
G1 F1200 X143.758 Y111.514 E205.76993
G0 F6000 X143.758 Y110.948
G1 F1200 X130.459 Y97.65 E206.39545
G0 F6000 X131.025 Y97.65
G1 F1200 X143.758 Y110.382 E206.99434
G0 F6000 X143.758 Y109.817
G1 F1200 X131.591 Y97.65 E207.56664
G0 F6000 X132.156 Y97.65
G1 F1200 X143.758 Y109.251 E208.11234
G0 F6000 X143.758 Y108.685
G1 F1200 X132.722 Y97.65 E208.63142
G0 F6000 X133.288 Y97.65
G1 F1200 X143.758 Y108.12 E209.12389
G0 F6000 X143.758 Y107.554
G1 F1200 X133.853 Y97.65 E209.58977
G0 F6000 X134.419 Y97.65
G1 F1200 X143.758 Y106.988 E210.02903
G0 F6000 X143.758 Y106.423
G1 F1200 X134.985 Y97.65 E210.44168
G0 F6000 X135.55 Y97.65
G1 F1200 X143.758 Y105.857 E210.82774
G0 F6000 X143.758 Y105.291
G1 F1200 X136.116 Y97.65 E211.18717
G0 F6000 X136.682 Y97.65
G1 F1200 X143.758 Y104.726 E211.52
G0 F6000 X143.758 Y104.16
G1 F1200 X137.248 Y97.65 E211.82621
G0 F6000 X137.813 Y97.65
G1 F1200 X143.758 Y103.594 E212.10582
G0 F6000 X143.758 Y103.028
G1 F1200 X138.379 Y97.65 E212.35881
G0 F6000 X138.945 Y97.65
G1 F1200 X143.758 Y102.463 E212.5852
G0 F6000 X143.758 Y101.897
G1 F1200 X139.51 Y97.65 E212.78499
G0 F6000 X140.076 Y97.65
G1 F1200 X143.758 Y101.331 E212.95816
G0 F6000 X143.758 Y100.766
G1 F1200 X140.642 Y97.65 E213.10472
G0 F6000 X141.207 Y97.65
G1 F1200 X143.758 Y100.2 E213.22469
G0 F6000 X143.758 Y99.634
G1 F1200 X141.773 Y97.65 E213.31804
G0 F6000 X142.339 Y97.65
G1 F1200 X144.137 Y99.448 E213.40261
G0 F6000 X144.703 Y99.448
G1 F1200 X142.904 Y97.65 E213.4872
G0 F6000 X143.47 Y97.65
G1 F1200 X145.268 Y99.448 E213.57178
G0 F6000 X145.834 Y99.448
G1 F1200 X144.036 Y97.65 E213.65635
G0 F6000 X144.601 Y97.65
G1 F1200 X146.4 Y99.448 E213.74095
G0 F6000 X146.965 Y99.448
G1 F1200 X145.167 Y97.65 E213.82552
G0 F6000 X145.733 Y97.65
G1 F1200 X147.531 Y99.448 E213.91009
G0 F6000 X148.097 Y99.448
G1 F1200 X146.298 Y97.65 E213.99469
G0 F6000 X146.864 Y97.65
G1 F1200 X148.662 Y99.448 E214.07926
G0 F6000 X149.228 Y99.448
G1 F1200 X147.43 Y97.65 E214.16383
G0 F6000 X147.996 Y97.65
G1 F1200 X149.794 Y99.448 E214.2484
G0 F6000 X149.849 Y98.937
G1 F1200 X148.561 Y97.65 E214.30896
G0 F6000 X149.127 Y97.65
G1 F1200 X149.849 Y98.371 E214.3429
G0 F6000 X149.849 Y97.806
G1 F1200 X149.693 Y97.65 E214.35024
G0 F6000 X149.693 Y97.3
G1 F2700 E209.35024
;MESH:NONMESH
G0 F300 X149.693 Y97.3 Z0.4
G0 F6000 X149.693 Y97.21
G0 X150.19 Y135.002
G0 X149.76 Y135.002
G0 X144.309 Y135.002
;TIME_ELAPSED:349.483250
;LAYER:1
M106 S85
;TYPE:WALL-INNER
;MESH:2inch-tft-holder.obj
G1 F2700 E214.35024
G1 F1350 X149.57 Y135.002 E214.52522
G1 X149.57 Y99.998 E215.68946
G1 X144.309 Y99.998 E215.86444
G1 X144.309 Y135.002 E217.02868
G0 F7500 X144.709 Y134.602
;TYPE:WALL-OUTER
G1 F1350 X149.17 Y134.602 E217.17705
G1 X149.17 Y100.398 E218.31468
G1 X144.709 Y100.398 E218.46305
G1 X144.709 Y134.602 E219.60068
G1 F2700 E214.60068
G0 F7500 X144.409 Y134.602
G0 X144.119 Y135.002
G0 X145.562 Y133.749
G0 X89.438 Y133.749
G0 X90.881 Y135.002
G0 X90.691 Y135.002
;TYPE:WALL-INNER
G1 F2700 E219.60068
G1 F1350 X90.691 Y99.998 E220.76492
G1 X85.43 Y99.998 E220.9399
G1 X85.43 Y135.002 E222.10414
G1 X90.691 Y135.002 E222.27912
G0 F7500 X90.291 Y134.602
;TYPE:WALL-OUTER
G1 F1350 X90.291 Y100.398 E223.41675
G1 X85.83 Y100.398 E223.56512
G1 X85.83 Y134.602 E224.70275
G1 X90.291 Y134.602 E224.85113
G1 F2700 E219.85113
G0 F7500 X90.591 Y134.602
G0 X90.887 Y135.198
G0 X90.887 Y137.69
G0 X150.4 Y137.9
;TYPE:WALL-INNER
G1 F2700 E224.85113
G1 F1350 X84.6 Y137.9 E227.03964
G1 X84.6 Y97.1 E228.39666
G1 X150.4 Y97.1 E230.58518
G1 X150.4 Y137.9 E231.94219
G0 F7500 X150.8 Y138.3
;TYPE:WALL-OUTER
G1 F1350 X84.2 Y138.3 E234.15731
G1 X84.2 Y96.7 E235.54094
G1 X150.8 Y96.7 E237.75606
G1 X150.8 Y138.3 E239.13968
G0 F7500 X150.53 Y138.03
G0 X150.29 Y137.51
G0 X150.01 Y137.51
;TYPE:SKIN
G1 F1350 X84.99 Y137.51 E241.30226
G1 X84.99 Y97.49 E242.63333
G1 X150.01 Y97.49 E244.7959
G1 X150.01 Y137.51 E246.12697
G0 F7500 X150.29 Y137.51
G0 X150.29 Y135.392
G0 X149.96 Y135.392
G1 F1350 X149.96 Y99.608 E247.31715
G1 X143.919 Y99.608 E247.51808
G1 X143.919 Y135.392 E248.70826
G1 X149.96 Y135.392 E248.90918
G1 F2700 E243.90918
G0 F7500 X150.29 Y135.392
G0 X150.19 Y135.142
G0 X151.665 Y135.142
G0 X89.438 Y133.749
G0 X90.881 Y135.142
G1 F2700 E248.90918
G0 F7500 X91.081 Y135.392
G1 F1350 X91.081 Y99.608 E250.09936
G1 X85.04 Y99.608 E250.30029
G1 X85.04 Y135.392 E251.49047
G1 X91.081 Y135.392 E251.69139
G1 F2700 E246.69139
G0 F7500 X90.801 Y135.142
G0 X90.519 Y100.17
G0 X85.624 Y100.157
G0 X84.81 Y100.198
G0 X84.71 Y98.131
G1 F2700 E251.69139
G0 F7500 X85.15 Y98.131
G1 F1350 X85.632 Y97.649 E251.71406
G0 F7500 X86.198 Y97.649
G1 F1350 X85.15 Y98.697 E251.76336
G0 F7500 X85.15 Y99.262
G1 F1350 X86.764 Y97.649 E251.83925
G0 F7500 X87.329 Y97.649
G1 F1350 X85.531 Y99.447 E251.92382
G0 F7500 X86.097 Y99.447
G1 F1350 X87.895 Y97.649 E252.0084
G0 F7500 X88.461 Y97.649
G1 F1350 X86.663 Y99.447 E252.09297
G0 F7500 X87.228 Y99.447
G1 F1350 X89.026 Y97.649 E252.17754
G0 F7500 X89.592 Y97.649
G1 F1350 X87.794 Y99.447 E252.26211
G0 F7500 X88.36 Y99.447
G1 F1350 X90.158 Y97.649 E252.34669
G0 F7500 X90.723 Y97.649
G1 F1350 X88.925 Y99.447 E252.43126
G0 F7500 X89.491 Y99.447
G1 F1350 X91.289 Y97.649 E252.51583
G0 F7500 X91.855 Y97.649
G1 F1350 X90.057 Y99.447 E252.6004
G0 F7500 X90.622 Y99.447
G1 F1350 X92.42 Y97.649 E252.68498
G0 F7500 X92.986 Y97.649
G1 F1350 X91.188 Y99.447 E252.76955
G0 F7500 X91.24 Y99.96
G1 F1350 X93.552 Y97.649 E252.87827
G0 F7500 X94.118 Y97.649
G1 F1350 X91.24 Y100.526 E253.01362
G0 F7500 X91.24 Y101.092
G1 F1350 X94.683 Y97.649 E253.17557
G0 F7500 X95.249 Y97.649
G1 F1350 X91.24 Y101.657 E253.36412
G0 F7500 X91.24 Y102.223
G1 F1350 X95.815 Y97.649 E253.57929
G0 F7500 X96.38 Y97.649
G1 F1350 X91.24 Y102.789 E253.82106
G0 F7500 X91.24 Y103.354
G1 F1350 X96.946 Y97.649 E254.08943
G0 F7500 X97.512 Y97.649
G1 F1350 X91.24 Y103.92 E254.38442
G0 F7500 X91.24 Y104.486
G1 F1350 X98.077 Y97.649 E254.70601
G0 F7500 X98.643 Y97.649
G1 F1350 X91.24 Y105.052 E255.05423
G0 F7500 X91.24 Y105.617
G1 F1350 X99.209 Y97.649 E255.42904
G0 F7500 X99.774 Y97.649
G1 F1350 X91.24 Y106.183 E255.83045
G0 F7500 X91.24 Y106.749
G1 F1350 X100.34 Y97.649 E256.25849
G0 F7500 X100.906 Y97.649
G1 F1350 X91.24 Y107.314 E256.71313
G0 F7500 X91.24 Y107.88
G1 F1350 X101.471 Y97.649 E257.19436
G0 F7500 X102.037 Y97.649
G1 F1350 X91.24 Y108.446 E257.70222
G0 F7500 X91.24 Y109.011
G1 F1350 X102.603 Y97.649 E258.23668
G0 F7500 X103.169 Y97.649
G1 F1350 X91.24 Y109.577 E258.79776
G0 F7500 X91.24 Y110.143
G1 F1350 X103.734 Y97.649 E259.38543
G0 F7500 X104.3 Y97.649
G1 F1350 X91.24 Y110.708 E259.99971
G0 F7500 X91.24 Y111.274
G1 F1350 X104.866 Y97.649 E260.64062
G0 F7500 X105.431 Y97.649
G1 F1350 X91.24 Y111.84 E261.30812
G0 F7500 X91.24 Y112.405
G1 F1350 X105.997 Y97.649 E262.00222
G0 F7500 X106.563 Y97.649
G1 F1350 X91.24 Y112.971 E262.72294
G0 F7500 X91.24 Y113.537
G1 F1350 X107.128 Y97.649 E263.47026
G0 F7500 X107.694 Y97.649
G1 F1350 X91.24 Y114.102 E264.24419
G0 F7500 X91.24 Y114.668
G1 F1350 X108.26 Y97.649 E265.04473
G0 F7500 X108.825 Y97.649
G1 F1350 X91.24 Y115.234 E265.87188
G0 F7500 X91.24 Y115.8
G1 F1350 X109.391 Y97.649 E266.72564
G0 F7500 X109.957 Y97.649
G1 F1350 X91.24 Y116.365 E267.60601
G0 F7500 X91.24 Y116.931
G1 F1350 X110.522 Y97.649 E268.51298
G0 F7500 X111.088 Y97.649
G1 F1350 X91.24 Y117.497 E269.44656
G0 F7500 X91.24 Y118.062
G1 F1350 X111.654 Y97.649 E270.40675
G0 F7500 X112.219 Y97.649
G1 F1350 X91.24 Y118.628 E271.39354
G0 F7500 X91.24 Y119.194
G1 F1350 X112.785 Y97.649 E272.40695
G0 F7500 X113.351 Y97.649
G1 F1350 X91.24 Y119.759 E273.44696
G0 F7500 X91.24 Y120.325
G1 F1350 X113.917 Y97.649 E274.51359
G0 F7500 X114.482 Y97.649
G1 F1350 X91.24 Y120.891 E275.60683
G0 F7500 X91.24 Y121.456
G1 F1350 X115.048 Y97.649 E276.72666
G0 F7500 X115.614 Y97.649
G1 F1350 X91.24 Y122.022 E277.87311
G0 F7500 X91.24 Y122.588
G1 F1350 X116.179 Y97.649 E279.04617
G0 F7500 X116.745 Y97.649
G1 F1350 X91.24 Y123.153 E280.24582
G0 F7500 X91.24 Y123.719
G1 F1350 X117.311 Y97.649 E281.4721
G0 F7500 X117.876 Y97.649
G1 F1350 X91.24 Y124.285 E282.72497
G0 F7500 X91.24 Y124.851
G1 F1350 X118.442 Y97.649 E284.00447
G0 F7500 X119.008 Y97.649
G1 F1350 X91.24 Y125.416 E285.31057
G0 F7500 X91.24 Y125.982
G1 F1350 X119.573 Y97.649 E286.64327
G0 F7500 X120.139 Y97.649
G1 F1350 X91.24 Y126.548 E288.00259
G0 F7500 X91.24 Y127.113
G1 F1350 X120.705 Y97.649 E289.38851
G0 F7500 X121.27 Y97.649
G1 F1350 X91.24 Y127.679 E290.80103
G0 F7500 X91.24 Y128.245
G1 F1350 X121.836 Y97.649 E292.24017
G0 F7500 X122.402 Y97.649
G1 F1350 X91.24 Y128.81 E293.70591
G0 F7500 X91.24 Y129.376
G1 F1350 X122.967 Y97.649 E295.19825
G0 F7500 X123.533 Y97.649
G1 F1350 X91.24 Y129.942 E296.71721
G0 F7500 X91.24 Y130.507
G1 F1350 X124.099 Y97.649 E298.26278
G0 F7500 X124.665 Y97.649
G1 F1350 X91.24 Y131.073 E299.83496
G0 F7500 X91.24 Y131.639
G1 F1350 X125.23 Y97.649 E301.43375
G0 F7500 X125.796 Y97.649
G1 F1350 X91.24 Y132.204 E303.05913
G0 F7500 X91.24 Y132.77
G1 F1350 X126.362 Y97.649 E304.71114
G0 F7500 X126.927 Y97.649
G1 F1350 X91.24 Y133.336 E306.38975
G0 F7500 X91.24 Y133.901
G1 F1350 X127.493 Y97.649 E308.09496
G0 F7500 X128.059 Y97.649
G1 F1350 X91.24 Y134.467 E309.82678
G0 F7500 X91.24 Y135.033
G1 F1350 X128.624 Y97.649 E311.58521
G0 F7500 X129.19 Y97.649
G1 F1350 X89.49 Y137.349 E313.45258
G0 F7500 X90.055 Y137.349
G1 F1350 X129.756 Y97.649 E315.31997
G0 F7500 X130.321 Y97.649
G1 F1350 X90.621 Y137.349 E317.18734
G0 F7500 X91.187 Y137.349
G1 F1350 X130.887 Y97.649 E319.0547
G0 F7500 X131.453 Y97.649
G1 F1350 X91.752 Y137.349 E320.92209
G0 F7500 X92.318 Y137.349
G1 F1350 X132.018 Y97.649 E322.78946
G0 F7500 X132.584 Y97.649
G1 F1350 X92.884 Y137.349 E324.65682
G0 F7500 X93.449 Y137.349
G1 F1350 X133.15 Y97.649 E326.52421
G0 F7500 X133.716 Y97.649
G1 F1350 X94.015 Y137.349 E328.3916
G0 F7500 X94.581 Y137.349
G1 F1350 X134.281 Y97.649 E330.25897
G0 F7500 X134.847 Y97.649
G1 F1350 X95.146 Y137.349 E332.12636
G0 F7500 X95.712 Y137.349
G1 F1350 X135.413 Y97.649 E333.99375
G0 F7500 X135.978 Y97.649
G1 F1350 X96.278 Y137.349 E335.86112
G0 F7500 X96.843 Y137.349
G1 F1350 X136.544 Y97.649 E337.72851
G0 F7500 X137.11 Y97.649
G1 F1350 X97.409 Y137.349 E339.5959
G0 F7500 X97.975 Y137.349
G1 F1350 X137.675 Y97.649 E341.46326
G0 F7500 X138.241 Y97.649
G1 F1350 X98.54 Y137.349 E343.33065
G0 F7500 X99.106 Y137.349
G1 F1350 X138.807 Y97.649 E345.19804
G0 F7500 X139.372 Y97.649
G1 F1350 X99.672 Y137.349 E347.06541
G0 F7500 X100.238 Y137.349
G1 F1350 X139.938 Y97.649 E348.93277
G0 F7500 X140.504 Y97.649
G1 F1350 X100.803 Y137.349 E350.80016
G0 F7500 X101.369 Y137.349
G1 F1350 X141.069 Y97.649 E352.66753
G0 F7500 X141.635 Y97.649
G1 F1350 X101.935 Y137.349 E354.5349
G0 F7500 X102.5 Y137.349
G1 F1350 X142.201 Y97.649 E356.40229
G0 F7500 X142.766 Y97.649
G1 F1350 X103.066 Y137.349 E358.26965
G0 F7500 X103.632 Y137.349
G1 F1350 X143.332 Y97.649 E360.13702
G0 F7500 X143.898 Y97.649
G1 F1350 X104.197 Y137.349 E362.00441
G0 F7500 X104.763 Y137.349
G1 F1350 X144.464 Y97.649 E363.8718
G0 F7500 X145.029 Y97.649
G1 F1350 X105.329 Y137.349 E365.73916
G0 F7500 X105.894 Y137.349
G1 F1350 X143.758 Y99.486 E367.52015
G1 X143.796 Y99.448
G1 X145.595 Y97.649 E367.60477
G0 F7500 X146.161 Y97.649
G1 F1350 X144.362 Y99.448 E367.68939
G0 F7500 X144.927 Y99.448
G1 F1350 X146.726 Y97.649 E367.77401
G0 F7500 X147.292 Y97.649
G1 F1350 X145.493 Y99.448 E367.85863
G0 F7500 X146.059 Y99.448
G1 F1350 X147.858 Y97.649 E367.94325
G0 F7500 X148.423 Y97.649
G1 F1350 X146.624 Y99.448 E368.02786
G0 F7500 X147.19 Y99.448
G1 F1350 X148.989 Y97.649 E368.11248
G0 F7500 X149.555 Y97.649
G1 F1350 X147.756 Y99.448 E368.1971
G0 F7500 X148.322 Y99.448
G1 F1350 X149.848 Y97.921 E368.26891
G0 F7500 X149.848 Y98.487
G1 F1350 X148.887 Y99.448 E368.31411
G0 F7500 X149.453 Y99.448
G1 F1350 X149.848 Y99.052 E368.33271
G1 F2700 E363.33271
G0 F7500 X150.29 Y99.052
G0 X150.19 Y100.052
G0 X149.76 Y100.052
G0 X144.199 Y100.052
G1 F2700 E368.33271
G0 F7500 X143.758 Y100.052
G1 F1350 X106.46 Y137.349 E370.08707
G0 F7500 X107.026 Y137.349
G1 F1350 X143.758 Y100.617 E371.81483
G0 F7500 X143.758 Y101.183
G1 F1350 X107.591 Y137.349 E373.51599
G0 F7500 X108.157 Y137.349
G1 F1350 X143.758 Y101.749 E375.19053
G0 F7500 X143.758 Y102.314
G1 F1350 X108.723 Y137.349 E376.83847
G0 F7500 X109.289 Y137.349
G1 F1350 X143.758 Y102.88 E378.45979
G0 F7500 X143.758 Y103.446
G1 F1350 X109.854 Y137.349 E380.0545
G0 F7500 X110.42 Y137.349
G1 F1350 X143.758 Y104.011 E381.62262
G0 F7500 X143.758 Y104.577
G1 F1350 X110.986 Y137.349 E383.16411
G0 F7500 X111.551 Y137.349
G1 F1350 X143.758 Y105.143 E384.67901
G0 F7500 X143.758 Y105.708
G1 F1350 X112.117 Y137.349 E386.16731
G0 F7500 X112.683 Y137.349
G1 F1350 X143.758 Y106.274 E387.62898
G0 F7500 X143.758 Y106.84
G1 F1350 X113.248 Y137.349 E389.06405
G0 F7500 X113.814 Y137.349
G1 F1350 X143.758 Y107.405 E390.47253
G0 F7500 X143.758 Y107.971
G1 F1350 X114.38 Y137.349 E391.85438
G0 F7500 X114.945 Y137.349
G1 F1350 X143.758 Y108.537 E393.20963
G0 F7500 X143.758 Y109.103
G1 F1350 X115.511 Y137.349 E394.53826
G0 F7500 X116.077 Y137.349
G1 F1350 X143.758 Y109.668 E395.84029
G0 F7500 X143.758 Y110.234
G1 F1350 X116.642 Y137.349 E397.11572
G0 F7500 X117.208 Y137.349
G1 F1350 X143.758 Y110.8 E398.36452
G0 F7500 X143.758 Y111.365
G1 F1350 X117.773 Y137.35 E399.58678
G0 F7500 X118.339 Y137.35
G1 F1350 X143.758 Y111.931 E400.78241
G0 F7500 X143.758 Y112.497
G1 F1350 X118.904 Y137.35 E401.95144
G0 F7500 X119.47 Y137.35
G1 F1350 X143.758 Y113.062 E403.09388
G0 F7500 X143.758 Y113.628
G1 F1350 X120.036 Y137.35 E404.20969
G0 F7500 X120.602 Y137.35
G1 F1350 X143.758 Y114.194 E405.29887
G0 F7500 X143.758 Y114.759
G1 F1350 X121.167 Y137.35 E406.36148
G0 F7500 X121.733 Y137.35
G1 F1350 X143.758 Y115.325 E407.39747
G0 F7500 X143.758 Y115.891
G1 F1350 X122.299 Y137.35 E408.40684
G0 F7500 X122.864 Y137.35
G1 F1350 X143.758 Y116.456 E409.38963
G0 F7500 X143.758 Y117.022
G1 F1350 X123.43 Y137.35 E410.34579
G0 F7500 X123.996 Y137.35
G1 F1350 X143.758 Y117.588 E411.27534
G0 F7500 X143.758 Y118.154
G1 F1350 X124.561 Y137.35 E412.17828
G0 F7500 X125.127 Y137.35
G1 F1350 X143.758 Y118.719 E413.05463
G0 F7500 X143.758 Y119.285
G1 F1350 X125.693 Y137.35 E413.90435
G0 F7500 X126.258 Y137.35
G1 F1350 X143.758 Y119.851 E414.72747
G0 F7500 X143.758 Y120.416
G1 F1350 X126.824 Y137.35 E415.524
G0 F7500 X127.39 Y137.35
G1 F1350 X143.758 Y120.982 E416.2939
G0 F7500 X143.758 Y121.548
G1 F1350 X127.955 Y137.35 E417.0372
G0 F7500 X128.521 Y137.35
G1 F1350 X143.758 Y122.113 E417.7539
G0 F7500 X143.758 Y122.679
G1 F1350 X129.087 Y137.35 E418.44398
G0 F7500 X129.652 Y137.35
G1 F1350 X143.758 Y123.245 E419.10746
G0 F7500 X143.758 Y123.81
G1 F1350 X130.218 Y137.35 E419.74434
G0 F7500 X130.784 Y137.35
G1 F1350 X143.758 Y124.376 E420.3546
G0 F7500 X143.758 Y124.942
G1 F1350 X131.35 Y137.35 E420.93823
G0 F7500 X131.915 Y137.35
G1 F1350 X143.758 Y125.507 E421.49529
G0 F7500 X143.758 Y126.073
G1 F1350 X132.481 Y137.35 E422.02572
G0 F7500 X133.047 Y137.35
G1 F1350 X143.758 Y126.639 E422.52954
G0 F7500 X143.758 Y127.204
G1 F1350 X133.612 Y137.35 E423.00677
G0 F7500 X134.178 Y137.35
G1 F1350 X143.758 Y127.77 E423.45739
G0 F7500 X143.758 Y128.336
G1 F1350 X134.744 Y137.35 E423.88138
G0 F7500 X135.309 Y137.35
G1 F1350 X143.758 Y128.902 E424.27877
G0 F7500 X143.758 Y129.467
G1 F1350 X135.875 Y137.35 E424.64956
G0 F7500 X136.441 Y137.35
G1 F1350 X143.758 Y130.033 E424.99373
G0 F7500 X143.758 Y130.599
G1 F1350 X137.006 Y137.35 E425.3113
G0 F7500 X137.572 Y137.35
G1 F1350 X143.758 Y131.164 E425.60227
G0 F7500 X143.758 Y131.73
G1 F1350 X138.138 Y137.35 E425.86662
G0 F7500 X138.703 Y137.35
G1 F1350 X143.758 Y132.296 E426.10437
G0 F7500 X143.758 Y132.861
G1 F1350 X139.269 Y137.35 E426.31552
G0 F7500 X139.835 Y137.35
G1 F1350 X143.758 Y133.427 E426.50004
G0 F7500 X143.758 Y133.993
G1 F1350 X140.401 Y137.35 E426.65794
G0 F7500 X140.966 Y137.35
G1 F1350 X143.758 Y134.558 E426.78927
G0 F7500 X143.758 Y135.124
G1 F1350 X141.532 Y137.35 E426.89398
G0 F7500 X142.098 Y137.35
G1 F1350 X143.896 Y135.551 E426.97857
G0 F7500 X144.462 Y135.551
G1 F1350 X142.663 Y137.35 E427.06319
G0 F7500 X143.229 Y137.35
G1 F1350 X145.028 Y135.551 E427.14781
G0 F7500 X145.593 Y135.551
G1 F1350 X143.795 Y137.35 E427.23241
G0 F7500 X144.36 Y137.35
G1 F1350 X146.159 Y135.551 E427.31703
G0 F7500 X146.725 Y135.551
G1 F1350 X144.926 Y137.35 E427.40165
G0 F7500 X145.492 Y137.35
G1 F1350 X147.291 Y135.551 E427.48627
G0 F7500 X147.856 Y135.551
G1 F1350 X146.057 Y137.35 E427.57088
G0 F7500 X146.623 Y137.35
G1 F1350 X148.422 Y135.551 E427.6555
G0 F7500 X148.988 Y135.551
G1 F1350 X147.189 Y137.35 E427.74012
G0 F7500 X147.754 Y137.35
G1 F1350 X149.553 Y135.551 E427.82474
G0 F7500 X149.849 Y135.821
G1 F1350 X148.32 Y137.35 E427.89666
G0 F7500 X148.886 Y137.35
G1 F1350 X149.849 Y136.387 E427.94196
G0 F7500 X149.849 Y136.953
G1 F1350 X149.451 Y137.35 E427.96066
G1 F2700 E422.96066
G0 F7500 X149.451 Y137.79
G0 X90.723 Y137.69
G0 X90.723 Y135.192
G1 F2700 E427.96066
G0 F7500 X90.723 Y135.55
G1 F1350 X88.924 Y137.349 E428.04528
G0 F7500 X88.358 Y137.349
G1 F1350 X90.157 Y135.55 E428.12989
G0 F7500 X89.591 Y135.55
G1 F1350 X87.792 Y137.349 E428.21451
G0 F7500 X87.227 Y137.349
G1 F1350 X89.026 Y135.55 E428.29913
G0 F7500 X88.46 Y135.55
G1 F1350 X86.661 Y137.349 E428.38375
G0 F7500 X86.095 Y137.349
G1 F1350 X87.894 Y135.55 E428.46837
G0 F7500 X87.329 Y135.55
G1 F1350 X85.53 Y137.349 E428.55299
G0 F7500 X85.15 Y137.163
G1 F1350 X86.763 Y135.55 E428.62886
G0 F7500 X86.197 Y135.55
G1 F1350 X85.15 Y136.598 E428.67813
G0 F7500 X85.15 Y136.032
G1 F1350 X85.632 Y135.55 E428.70081
G0 F7500 X85.632 Y135.202
G1 F2700 E423.70081
;MESH:NONMESH
G0 F300 X85.632 Y135.202 Z0.6
G0 F7500 X85.632 Y135.112
G0 X90.881 Y135.002
G0 X89.438 Y133.749
G0 X145.562 Y133.749
G0 X144.119 Y135.002
G0 X144.309 Y135.002
;TIME_ELAPSED:661.050202
;LAYER:2
M106 S170
;TYPE:WALL-INNER
;MESH:2inch-tft-holder.obj
G1 F2700 E428.70081
G1 F1500 X149.57 Y135.002 E428.87579
G1 X149.57 Y99.998 E430.04003
G1 X144.309 Y99.998 E430.21501
G1 X144.309 Y135.002 E431.37924
G0 F9000 X144.709 Y134.602
;TYPE:WALL-OUTER
G1 F1500 X149.17 Y134.602 E431.52762
G1 X149.17 Y100.398 E432.66525
G1 X144.709 Y100.398 E432.81362
G1 X144.709 Y134.602 E433.95125
G1 F2700 E428.95125
G0 F9000 X144.409 Y134.602
G0 X144.119 Y135.002
G0 X145.562 Y133.749
G0 X89.438 Y133.749
G0 X90.881 Y135.002
G0 X90.691 Y135.002
;TYPE:WALL-INNER
G1 F2700 E433.95125
G1 F1500 X90.691 Y99.998 E435.11549
G1 X85.43 Y99.998 E435.29047
G1 X85.43 Y135.002 E436.45471
G1 X90.691 Y135.002 E436.62969
G0 F9000 X90.291 Y134.602
;TYPE:WALL-OUTER
G1 F1500 X90.291 Y100.398 E437.76732
G1 X85.83 Y100.398 E437.91569
G1 X85.83 Y134.602 E439.05332
G1 X90.291 Y134.602 E439.2017
G1 F2700 E434.2017
G0 F9000 X90.591 Y134.602
G0 X90.887 Y135.198
G0 X90.887 Y137.69
G0 X150.4 Y137.9
;TYPE:WALL-INNER
G1 F2700 E439.2017
G1 F1500 X84.6 Y137.9 E441.39021
G1 X84.6 Y97.1 E442.74723
G1 X150.4 Y97.1 E444.93574
G1 X150.4 Y137.9 E446.29276
G0 F9000 X150.8 Y138.3
;TYPE:WALL-OUTER
G1 F1500 X84.2 Y138.3 E448.50788
G1 X84.2 Y96.7 E449.8915
G1 X150.8 Y96.7 E452.10663
G1 X150.8 Y138.3 E453.49025
G0 F9000 X150.53 Y138.03
G0 X150.29 Y137.51
G0 X150.01 Y137.51
;TYPE:SKIN
G1 F1500 X84.99 Y137.51 E455.65282
G1 X84.99 Y97.49 E456.98389
G1 X150.01 Y97.49 E459.14647
G1 X150.01 Y137.51 E460.47754
G0 F9000 X150.29 Y137.51
G0 X150.29 Y135.392
G0 X149.96 Y135.392
G1 F1500 X149.96 Y99.608 E461.66772
G1 X143.919 Y99.608 E461.86864
G1 X143.919 Y135.392 E463.05882
G1 X149.96 Y135.392 E463.25975
G1 F2700 E458.25975
G0 F9000 X150.29 Y135.392
G0 X150.19 Y135.142
G0 X151.665 Y135.142
G0 X89.438 Y133.749
G0 X90.881 Y135.142
G1 F2700 E463.25975
G0 F9000 X91.081 Y135.392
G1 F1500 X91.081 Y99.608 E464.44993
G1 X85.04 Y99.608 E464.65085
G1 X85.04 Y135.392 E465.84103
G1 X91.081 Y135.392 E466.04196
G1 F2700 E461.04196
G0 F9000 X90.801 Y135.142
G0 X85.306 Y135.192
G0 X84.81 Y135.192
G0 X84.782 Y137.718
G0 X85.306 Y137.79
G1 F2700 E466.04196
G0 F9000 X85.306 Y137.349
G1 F1500 X85.149 Y137.192 E466.04934
G0 F9000 X85.149 Y136.627
G1 F1500 X85.871 Y137.349 E466.0833
G0 F9000 X86.437 Y137.349
G1 F1500 X85.149 Y136.061 E466.14389
G0 F9000 X85.204 Y135.55
G1 F1500 X87.003 Y137.349 E466.22851
G0 F9000 X87.568 Y137.349
G1 F1500 X85.77 Y135.55 E466.3131
G0 F9000 X86.336 Y135.55
G1 F1500 X88.134 Y137.349 E466.3977
G0 F9000 X88.7 Y137.349
G1 F1500 X86.902 Y135.55 E466.4823
G0 F9000 X87.467 Y135.55
G1 F1500 X89.265 Y137.349 E466.56689
G0 F9000 X89.831 Y137.349
G1 F1500 X88.033 Y135.55 E466.65149
G0 F9000 X88.599 Y135.55
G1 F1500 X90.397 Y137.349 E466.73608
G0 F9000 X90.962 Y137.349
G1 F1500 X89.164 Y135.55 E466.82068
G0 F9000 X89.73 Y135.55
G1 F1500 X91.528 Y137.349 E466.90528
G0 F9000 X92.094 Y137.349
G1 F1500 X90.296 Y135.55 E466.98987
G0 F9000 X90.861 Y135.55
G1 F1500 X92.659 Y137.349 E467.07447
G0 F9000 X93.225 Y137.349
G1 F1500 X91.24 Y135.364 E467.16784
G0 F9000 X91.24 Y134.798
G1 F1500 X93.791 Y137.349 E467.28783
G0 F9000 X94.357 Y137.349
G1 F1500 X91.24 Y134.232 E467.43444
G0 F9000 X91.24 Y133.667
G1 F1500 X94.922 Y137.349 E467.60763
G0 F9000 X95.488 Y137.349
G1 F1500 X91.24 Y133.101 E467.80744
G0 F9000 X91.24 Y132.535
G1 F1500 X96.054 Y137.349 E468.03388
G0 F9000 X96.619 Y137.349
G1 F1500 X91.24 Y131.97 E468.28689
G0 F9000 X91.24 Y131.404
G1 F1500 X97.185 Y137.349 E468.56653
G0 F9000 X97.751 Y137.349
G1 F1500 X91.24 Y130.838 E468.87278
G0 F9000 X91.24 Y130.273
G1 F1500 X98.316 Y137.349 E469.20562
G0 F9000 X98.882 Y137.349
G1 F1500 X91.24 Y129.707 E469.56507
G0 F9000 X91.24 Y129.141
G1 F1500 X99.448 Y137.349 E469.95115
G0 F9000 X100.013 Y137.349
G1 F1500 X91.24 Y128.576 E470.36381
G0 F9000 X91.24 Y128.01
G1 F1500 X100.579 Y137.349 E470.80308
G0 F9000 X101.145 Y137.349
G1 F1500 X91.24 Y127.444 E471.26899
G0 F9000 X91.24 Y126.878
G1 F1500 X101.71 Y137.349 E471.76149
G0 F9000 X102.276 Y137.349
G1 F1500 X91.24 Y126.313 E472.28059
G0 F9000 X91.24 Y125.747
G1 F1500 X102.842 Y137.349 E472.82631
G0 F9000 X103.408 Y137.349
G1 F1500 X91.24 Y125.181 E473.39865
G0 F9000 X91.24 Y124.616
G1 F1500 X103.973 Y137.349 E473.99757
G0 F9000 X104.539 Y137.349
G1 F1500 X91.24 Y124.05 E474.62312
G0 F9000 X91.24 Y123.484
G1 F1500 X105.105 Y137.349 E475.27529
G0 F9000 X105.67 Y137.349
G1 F1500 X91.24 Y122.919 E475.95403
G0 F9000 X91.24 Y122.353
G1 F1500 X106.236 Y137.349 E476.65939
G0 F9000 X106.802 Y137.349
G1 F1500 X91.24 Y121.787 E477.39138
G0 F9000 X91.24 Y121.222
G1 F1500 X107.367 Y137.349 E478.14995
G0 F9000 X107.933 Y137.349
G1 F1500 X91.24 Y120.656 E478.93514
G0 F9000 X91.24 Y120.09
G1 F1500 X108.499 Y137.349 E479.74695
G0 F9000 X109.064 Y137.349
G1 F1500 X91.24 Y119.525 E480.58533
G0 F9000 X91.24 Y118.959
G1 F1500 X109.63 Y137.349 E481.45034
G0 F9000 X110.196 Y137.349
G1 F1500 X91.24 Y118.393 E482.34197
G0 F9000 X91.24 Y117.828
G1 F1500 X110.761 Y137.349 E483.26018
G0 F9000 X111.327 Y137.349
G1 F1500 X91.24 Y117.262 E484.20501
G0 F9000 X91.24 Y116.696
G1 F1500 X111.893 Y137.349 E485.17647
G0 F9000 X112.458 Y137.349
G1 F1500 X91.24 Y116.13 E486.17452
G0 F9000 X91.24 Y115.565
G1 F1500 X113.024 Y137.349 E487.19917
G0 F9000 X113.59 Y137.349
G1 F1500 X91.24 Y114.999 E488.25045
G0 F9000 X91.24 Y114.433
G1 F1500 X114.156 Y137.349 E489.32835
G0 F9000 X114.721 Y137.349
G1 F1500 X91.24 Y113.868 E490.43282
G0 F9000 X91.24 Y113.302
G1 F1500 X115.287 Y137.349 E491.56392
G0 F9000 X115.853 Y137.349
G1 F1500 X91.24 Y112.736 E492.72164
G0 F9000 X91.24 Y112.171
G1 F1500 X116.418 Y137.349 E493.90593
G0 F9000 X116.984 Y137.349
G1 F1500 X91.24 Y111.605 E495.11685
G0 F9000 X91.24 Y111.039
G1 F1500 X117.55 Y137.349 E496.35439
G0 F9000 X118.116 Y137.349
G1 F1500 X91.24 Y110.474 E497.61854
G0 F9000 X91.24 Y109.908
G1 F1500 X118.682 Y137.349 E498.9093
G0 F9000 X119.247 Y137.349
G1 F1500 X91.24 Y109.342 E500.22666
G0 F9000 X91.24 Y108.777
G1 F1500 X119.813 Y137.349 E501.57063
G0 F9000 X120.379 Y137.349
G1 F1500 X91.24 Y108.211 E502.94121
G0 F9000 X91.24 Y107.645
G1 F1500 X120.944 Y137.349 E504.3384
G0 F9000 X121.51 Y137.349
G1 F1500 X91.24 Y107.08 E505.76218
G0 F9000 X91.24 Y106.514
G1 F1500 X122.076 Y137.349 E507.21259
G0 F9000 X122.642 Y137.349
G1 F1500 X91.24 Y105.948 E508.68962
G0 F9000 X91.24 Y105.382
G1 F1500 X123.207 Y137.349 E510.19325
G0 F9000 X123.773 Y137.349
G1 F1500 X91.24 Y104.817 E511.72348
G0 F9000 X91.24 Y104.251
G1 F1500 X124.339 Y137.349 E513.28033
G0 F9000 X124.904 Y137.349
G1 F1500 X91.24 Y103.685 E514.86378
G0 F9000 X91.24 Y103.12
G1 F1500 X125.47 Y137.349 E516.47383
G0 F9000 X126.036 Y137.349
G1 F1500 X91.24 Y102.554 E518.1105
G0 F9000 X91.24 Y101.988
G1 F1500 X126.601 Y137.349 E519.77378
G0 F9000 X127.167 Y137.349
G1 F1500 X91.24 Y101.423 E521.46365
G0 F9000 X91.24 Y100.857
G1 F1500 X127.733 Y137.349 E523.18015
G0 F9000 X128.298 Y137.349
G1 F1500 X91.24 Y100.291 E524.92324
G0 F9000 X91.24 Y99.726
G1 F1500 X128.864 Y137.349 E526.69293
G0 F9000 X129.43 Y137.349
G1 F1500 X89.73 Y97.65 E528.56028
G0 F9000 X89.164 Y97.65
G1 F1500 X90.962 Y99.447 E528.64483
G0 F9000 X90.396 Y99.447
G1 F1500 X88.599 Y97.65 E528.72935
G0 F9000 X88.033 Y97.65
G1 F1500 X89.83 Y99.447 E528.81388
G0 F9000 X89.265 Y99.447
G1 F1500 X87.467 Y97.65 E528.89843
G0 F9000 X86.902 Y97.65
G1 F1500 X88.699 Y99.447 E528.98295
G0 F9000 X88.133 Y99.447
G1 F1500 X86.336 Y97.65 E529.06748
G0 F9000 X85.77 Y97.65
G1 F1500 X87.568 Y99.447 E529.15203
G0 F9000 X87.002 Y99.447
G1 F1500 X85.204 Y97.65 E529.23657
G0 F9000 X85.149 Y98.16
G1 F1500 X86.436 Y99.447 E529.29711
G0 F9000 X85.871 Y99.447
G1 F1500 X85.149 Y98.726 E529.33105
G0 F9000 X85.149 Y99.291
G1 F1500 X85.305 Y99.447 E529.33839
G1 F2700 E524.33839
G0 F9000 X85.32 Y99.888
G0 X90.296 Y99.808
G0 X90.296 Y97.31
G1 F2700 E529.33839
G0 F9000 X90.296 Y97.65
G1 F1500 X129.995 Y137.349 E531.2057
G0 F9000 X130.561 Y137.349
G1 F1500 X90.861 Y97.65 E533.07305
G0 F9000 X91.427 Y97.65
G1 F1500 X131.127 Y137.349 E534.94039
G0 F9000 X131.692 Y137.349
G1 F1500 X91.993 Y97.65 E536.80771
G0 F9000 X92.558 Y97.65
G1 F1500 X132.258 Y137.349 E538.67505
G0 F9000 X132.824 Y137.349
G1 F1500 X93.124 Y97.65 E540.5424
G0 F9000 X93.69 Y97.65
G1 F1500 X133.39 Y137.349 E542.40974
G0 F9000 X133.955 Y137.349
G1 F1500 X94.255 Y97.65 E544.27708
G0 F9000 X94.821 Y97.65
G1 F1500 X134.521 Y137.349 E546.14442
G0 F9000 X135.087 Y137.349
G1 F1500 X95.387 Y97.65 E548.01177
G0 F9000 X95.952 Y97.65
G1 F1500 X135.652 Y137.349 E549.87911
G0 F9000 X136.218 Y137.349
G1 F1500 X96.518 Y97.65 E551.74645
G0 F9000 X97.084 Y97.65
G1 F1500 X136.784 Y137.349 E553.61379
G0 F9000 X137.349 Y137.349
G1 F1500 X97.65 Y97.65 E555.48111
G0 F9000 X98.215 Y97.65
G1 F1500 X137.915 Y137.349 E557.34846
G0 F9000 X138.481 Y137.349
G1 F1500 X98.781 Y97.65 E559.2158
G0 F9000 X99.347 Y97.65
G1 F1500 X139.046 Y137.349 E561.08312
G0 F9000 X139.612 Y137.349
G1 F1500 X99.912 Y97.65 E562.95046
G0 F9000 X100.478 Y97.65
G1 F1500 X140.178 Y137.349 E564.8178
G0 F9000 X140.743 Y137.349
G1 F1500 X101.044 Y97.65 E566.68512
G0 F9000 X101.609 Y97.65
G1 F1500 X141.309 Y137.349 E568.55247
G0 F9000 X141.875 Y137.349
G1 F1500 X102.175 Y97.65 E570.41981
G0 F9000 X102.741 Y97.65
G1 F1500 X142.441 Y137.349 E572.28715
G0 F9000 X143.006 Y137.349
G1 F1500 X103.306 Y97.65 E574.15449
G0 F9000 X103.872 Y97.65
G1 F1500 X143.572 Y137.349 E576.02184
G0 F9000 X144.138 Y137.349
G1 F1500 X104.438 Y97.65 E577.88918
G0 F9000 X105.003 Y97.65
G1 F1500 X144.703 Y137.349 E579.75652
G0 F9000 X145.269 Y137.349
G1 F1500 X105.569 Y97.65 E581.62387
G0 F9000 X106.135 Y97.65
G1 F1500 X143.758 Y135.273 E583.39354
G0 F9000 X144.036 Y135.551
G1 F1500 X145.835 Y137.349 E583.47813
G0 F9000 X146.4 Y137.349
G1 F1500 X144.602 Y135.551 E583.5627
G0 F9000 X145.168 Y135.551
G1 F1500 X146.966 Y137.349 E583.64728
G0 F9000 X147.532 Y137.349
G1 F1500 X145.734 Y135.551 E583.73185
G0 F9000 X146.299 Y135.551
G1 F1500 X148.097 Y137.349 E583.81642
G0 F9000 X148.663 Y137.349
G1 F1500 X146.865 Y135.551 E583.90099
G0 F9000 X147.431 Y135.551
G1 F1500 X149.229 Y137.349 E583.98557
G0 F9000 X149.794 Y137.349
G1 F1500 X147.996 Y135.551 E584.07014
G0 F9000 X148.562 Y135.551
G1 F1500 X149.849 Y136.838 E584.13068
G0 F9000 X149.849 Y136.272
G1 F1500 X149.128 Y135.551 E584.16459
G0 F9000 X149.693 Y135.551
G1 F1500 X149.849 Y135.707 E584.17193
G1 F2700 E579.17193
G0 F9000 X150.29 Y135.707
G0 X150.19 Y134.707
G0 X149.76 Y134.707
G0 X149.398 Y134.83
G0 X144.481 Y134.83
G0 X144.199 Y134.707
G1 F2700 E584.17193
G0 F9000 X143.758 Y134.707
G1 F1500 X106.7 Y97.65 E585.915
G0 F9000 X107.266 Y97.65
G1 F1500 X143.758 Y134.141 E587.63145
G0 F9000 X143.758 Y133.576
G1 F1500 X107.832 Y97.65 E589.3213
G0 F9000 X108.398 Y97.65
G1 F1500 X143.758 Y133.01 E590.98452
G0 F9000 X143.758 Y132.444
G1 F1500 X108.963 Y97.65 E592.62115
G0 F9000 X109.529 Y97.65
G1 F1500 X143.758 Y131.878 E594.23115
G0 F9000 X143.758 Y131.313
G1 F1500 X110.095 Y97.65 E595.81456
G0 F9000 X110.66 Y97.65
G1 F1500 X143.758 Y130.747 E597.37136
G0 F9000 X143.758 Y130.181
G1 F1500 X111.226 Y97.65 E598.90154
G0 F9000 X111.792 Y97.65
G1 F1500 X143.758 Y129.616 E600.40513
G0 F9000 X143.758 Y129.05
G1 F1500 X112.357 Y97.65 E601.88211
G0 F9000 X112.923 Y97.65
G1 F1500 X143.758 Y128.484 E603.33247
G0 F9000 X143.758 Y127.919
G1 F1500 X113.489 Y97.65 E604.75623
G0 F9000 X114.054 Y97.65
G1 F1500 X143.758 Y127.353 E606.15339
G0 F9000 X143.758 Y126.787
G1 F1500 X114.62 Y97.65 E607.52393
G0 F9000 X115.186 Y97.65
G1 F1500 X143.758 Y126.222 E608.86787
G0 F9000 X143.758 Y125.656
G1 F1500 X115.751 Y97.65 E610.18521
G0 F9000 X116.317 Y97.65
G1 F1500 X143.758 Y125.09 E611.47593
G0 F9000 X143.758 Y124.525
G1 F1500 X116.883 Y97.65 E612.74004
G0 F9000 X117.449 Y97.65
G1 F1500 X143.758 Y123.959 E613.97754
G0 F9000 X143.758 Y123.393
G1 F1500 X118.014 Y97.65 E615.18843
G0 F9000 X118.58 Y97.65
G1 F1500 X143.758 Y122.827 E616.37271
G0 F9000 X143.758 Y122.262
G1 F1500 X119.146 Y97.65 E617.53038
G0 F9000 X119.711 Y97.65
G1 F1500 X143.758 Y121.696 E618.66145
G0 F9000 X143.758 Y121.13
G1 F1500 X120.277 Y97.65 E619.7659
G0 F9000 X120.843 Y97.65
G1 F1500 X143.758 Y120.565 E620.84376
G0 F9000 X143.758 Y119.999
G1 F1500 X121.408 Y97.65 E621.89501
G0 F9000 X121.974 Y97.65
G1 F1500 X143.758 Y119.433 E622.91964
G0 F9000 X143.758 Y118.868
G1 F1500 X122.54 Y97.65 E623.91767
G0 F9000 X123.105 Y97.65
G1 F1500 X143.758 Y118.302 E624.8891
G0 F9000 X143.758 Y117.736
G1 F1500 X123.671 Y97.65 E625.8339
G0 F9000 X124.237 Y97.65
G1 F1500 X143.758 Y117.171 E626.75211
G0 F9000 X143.758 Y116.605
G1 F1500 X124.802 Y97.65 E627.64372
G0 F9000 X125.368 Y97.65
G1 F1500 X143.758 Y116.039 E628.50871
G0 F9000 X143.758 Y115.474
G1 F1500 X125.934 Y97.65 E629.34709
G0 F9000 X126.499 Y97.65
G1 F1500 X143.758 Y114.908 E630.15888
G0 F9000 X143.758 Y114.342
G1 F1500 X127.065 Y97.65 E630.94404
G0 F9000 X127.631 Y97.65
G1 F1500 X143.758 Y113.777 E631.70261
G0 F9000 X143.758 Y113.211
G1 F1500 X128.197 Y97.65 E632.43455
G0 F9000 X128.762 Y97.65
G1 F1500 X143.758 Y112.645 E633.13989
G0 F9000 X143.758 Y112.079
G1 F1500 X129.328 Y97.65 E633.81861
G0 F9000 X129.894 Y97.65
G1 F1500 X143.758 Y111.514 E634.47073
G0 F9000 X143.758 Y110.948
G1 F1500 X130.459 Y97.65 E635.09625
G0 F9000 X131.025 Y97.65
G1 F1500 X143.758 Y110.382 E635.69515
G0 F9000 X143.758 Y109.817
G1 F1500 X131.591 Y97.65 E636.26745
G0 F9000 X132.156 Y97.65
G1 F1500 X143.758 Y109.251 E636.81315
G0 F9000 X143.758 Y108.685
G1 F1500 X132.722 Y97.65 E637.33222
G0 F9000 X133.288 Y97.65
G1 F1500 X143.758 Y108.12 E637.8247
G0 F9000 X143.758 Y107.554
G1 F1500 X133.853 Y97.65 E638.29058
G0 F9000 X134.419 Y97.65
G1 F1500 X143.758 Y106.988 E638.72983
G0 F9000 X143.758 Y106.423
G1 F1500 X134.985 Y97.65 E639.14249
G0 F9000 X135.55 Y97.65
G1 F1500 X143.758 Y105.857 E639.52854
G0 F9000 X143.758 Y105.291
G1 F1500 X136.116 Y97.65 E639.88797
G0 F9000 X136.682 Y97.65
G1 F1500 X143.758 Y104.726 E640.22081
G0 F9000 X143.758 Y104.16
G1 F1500 X137.248 Y97.65 E640.52702
G0 F9000 X137.813 Y97.65
G1 F1500 X143.758 Y103.594 E640.80663
G0 F9000 X143.758 Y103.028
G1 F1500 X138.379 Y97.65 E641.05962
G0 F9000 X138.945 Y97.65
G1 F1500 X143.758 Y102.463 E641.28601
G0 F9000 X143.758 Y101.897
G1 F1500 X139.51 Y97.65 E641.4858
G0 F9000 X140.076 Y97.65
G1 F1500 X143.758 Y101.331 E641.65896
G0 F9000 X143.758 Y100.766
G1 F1500 X140.642 Y97.65 E641.80553
G0 F9000 X141.207 Y97.65
G1 F1500 X143.758 Y100.2 E641.9255
G0 F9000 X143.758 Y99.634
G1 F1500 X141.773 Y97.65 E642.01884
G0 F9000 X142.339 Y97.65
G1 F1500 X144.137 Y99.448 E642.10341
G0 F9000 X144.703 Y99.448
G1 F1500 X142.904 Y97.65 E642.18801
G0 F9000 X143.47 Y97.65
G1 F1500 X145.268 Y99.448 E642.27258
G0 F9000 X145.834 Y99.448
G1 F1500 X144.036 Y97.65 E642.35716
G0 F9000 X144.601 Y97.65
G1 F1500 X146.4 Y99.448 E642.44175
G0 F9000 X146.965 Y99.448
G1 F1500 X145.167 Y97.65 E642.52632
G0 F9000 X145.733 Y97.65
G1 F1500 X147.531 Y99.448 E642.6109
G0 F9000 X148.097 Y99.448
G1 F1500 X146.298 Y97.65 E642.69549
G0 F9000 X146.864 Y97.65
G1 F1500 X148.662 Y99.448 E642.78006
G0 F9000 X149.228 Y99.448
G1 F1500 X147.43 Y97.65 E642.86464
G0 F9000 X147.996 Y97.65
G1 F1500 X149.794 Y99.448 E642.94921
G0 F9000 X149.849 Y98.937
G1 F1500 X148.561 Y97.65 E643.00977
G0 F9000 X149.127 Y97.65
G1 F1500 X149.849 Y98.371 E643.04371
G0 F9000 X149.849 Y97.806
G1 F1500 X149.693 Y97.65 E643.05104
G0 F9000 X149.693 Y97.3
G1 F2700 E638.05104
;MESH:NONMESH
G0 F300 X149.693 Y97.3 Z0.8
G0 F9000 X149.693 Y97.21
G0 X150.19 Y135.002
G0 X149.76 Y135.002
G0 X144.309 Y135.002
;TIME_ELAPSED:943.948568
;LAYER:3
M106 S255
;TYPE:WALL-INNER
;MESH:2inch-tft-holder.obj
G1 F2700 E643.05104
G1 F1500 X149.57 Y135.002 E643.22603
G1 X149.57 Y99.998 E644.39026
G1 X144.309 Y99.998 E644.56524
G1 X144.309 Y135.002 E645.72948
G0 F9000 X144.709 Y134.602
;TYPE:WALL-OUTER
G1 F1500 X149.17 Y134.602 E645.87786
G1 X149.17 Y100.398 E647.01549
G1 X144.709 Y100.398 E647.16386
G1 X144.709 Y134.602 E648.30149
G1 F2700 E643.30149
G0 F9000 X144.409 Y134.602
G0 X144.119 Y135.002
G0 X145.562 Y133.749
G0 X89.438 Y133.749
G0 X90.881 Y135.002
G0 X90.691 Y135.002
;TYPE:WALL-INNER
G1 F2700 E648.30149
G1 F1500 X90.691 Y99.998 E649.46573
G1 X85.43 Y99.998 E649.64071
G1 X85.43 Y135.002 E650.80495
G1 X90.691 Y135.002 E650.97993
G0 F9000 X90.291 Y134.602
;TYPE:WALL-OUTER
G1 F1500 X90.291 Y100.398 E652.11756
G1 X85.83 Y100.398 E652.26593
G1 X85.83 Y134.602 E653.40356
G1 X90.291 Y134.602 E653.55193
G1 F2700 E648.55193
G0 F9000 X90.591 Y134.602
G0 X90.887 Y135.198
G0 X90.887 Y137.69
G0 X150.4 Y137.9
;TYPE:WALL-INNER
G1 F2700 E653.55193
G1 F1500 X84.6 Y137.9 E655.74045
G1 X84.6 Y97.1 E657.09746
G1 X150.4 Y97.1 E659.28598
G1 X150.4 Y137.9 E660.64299
G0 F9000 X150.8 Y138.3
;TYPE:WALL-OUTER
G1 F1500 X84.2 Y138.3 E662.85812
G1 X84.2 Y96.7 E664.24174
G1 X150.8 Y96.7 E666.45687
G1 X150.8 Y138.3 E667.84049
G0 F9000 X150.53 Y138.03
G0 X150.29 Y137.51
G0 X150.01 Y137.51
;TYPE:SKIN
G1 F1500 X84.99 Y137.51 E670.00306
G1 X84.99 Y97.49 E671.33413
G1 X150.01 Y97.49 E673.49671
G1 X150.01 Y137.51 E674.82778
G0 F9000 X150.29 Y137.51
G0 X150.29 Y135.392
G0 X149.96 Y135.392
G1 F1500 X149.96 Y99.608 E676.01796
G1 X143.919 Y99.608 E676.21888
G1 X143.919 Y135.392 E677.40906
G1 X149.96 Y135.392 E677.60999
G1 F2700 E672.60999
G0 F9000 X150.29 Y135.392
G0 X150.19 Y135.142
G0 X151.665 Y135.142
G0 X89.438 Y133.749
G0 X90.881 Y135.142
G1 F2700 E677.60999
G0 F9000 X91.081 Y135.392
G1 F1500 X91.081 Y99.608 E678.80017
G1 X85.04 Y99.608 E679.00109
G1 X85.04 Y135.392 E680.19127
G1 X91.081 Y135.392 E680.3922
G1 F2700 E675.3922
G0 F9000 X90.801 Y135.142
G0 X90.519 Y100.17
G0 X85.624 Y100.157
G0 X84.81 Y100.198
G0 X84.71 Y98.131
G1 F2700 E680.3922
G0 F9000 X85.15 Y98.131
G1 F1500 X85.632 Y97.649 E680.41487
G0 F9000 X86.198 Y97.649
G1 F1500 X85.15 Y98.697 E680.46416
G0 F9000 X85.15 Y99.262
G1 F1500 X86.764 Y97.649 E680.54006
G0 F9000 X87.329 Y97.649
G1 F1500 X85.531 Y99.447 E680.62463
G0 F9000 X86.097 Y99.447
G1 F1500 X87.895 Y97.649 E680.7092
G0 F9000 X88.461 Y97.649
G1 F1500 X86.663 Y99.447 E680.79378
G0 F9000 X87.228 Y99.447
G1 F1500 X89.026 Y97.649 E680.87835
G0 F9000 X89.592 Y97.649
G1 F1500 X87.794 Y99.447 E680.96292
G0 F9000 X88.36 Y99.447
G1 F1500 X90.158 Y97.649 E681.04749
G0 F9000 X90.723 Y97.649
G1 F1500 X88.925 Y99.447 E681.13207
G0 F9000 X89.491 Y99.447
G1 F1500 X91.289 Y97.649 E681.21664
G0 F9000 X91.855 Y97.649
G1 F1500 X90.057 Y99.447 E681.30121
G0 F9000 X90.622 Y99.447
G1 F1500 X92.42 Y97.649 E681.38578
G0 F9000 X92.986 Y97.649
G1 F1500 X91.188 Y99.447 E681.47035
G0 F9000 X91.24 Y99.96
G1 F1500 X93.552 Y97.649 E681.57908
G0 F9000 X94.118 Y97.649
G1 F1500 X91.24 Y100.526 E681.71443
G0 F9000 X91.24 Y101.092
G1 F1500 X94.683 Y97.649 E681.87638
G0 F9000 X95.249 Y97.649
G1 F1500 X91.24 Y101.657 E682.06493
G0 F9000 X91.24 Y102.223
G1 F1500 X95.815 Y97.649 E682.2801
G0 F9000 X96.38 Y97.649
G1 F1500 X91.24 Y102.789 E682.52187
G0 F9000 X91.24 Y103.354
G1 F1500 X96.946 Y97.649 E682.79023
G0 F9000 X97.512 Y97.649
G1 F1500 X91.24 Y103.92 E683.08523
G0 F9000 X91.24 Y104.486
G1 F1500 X98.077 Y97.649 E683.40682
G0 F9000 X98.643 Y97.649
G1 F1500 X91.24 Y105.052 E683.75503
G0 F9000 X91.24 Y105.617
G1 F1500 X99.209 Y97.649 E684.12985
G0 F9000 X99.774 Y97.649
G1 F1500 X91.24 Y106.183 E684.53126
G0 F9000 X91.24 Y106.749
G1 F1500 X100.34 Y97.649 E684.9593
G0 F9000 X100.906 Y97.649
G1 F1500 X91.24 Y107.314 E685.41393
G0 F9000 X91.24 Y107.88
G1 F1500 X101.471 Y97.649 E685.89517
G0 F9000 X102.037 Y97.649
G1 F1500 X91.24 Y108.446 E686.40302
G0 F9000 X91.24 Y109.011
G1 F1500 X102.603 Y97.649 E686.93748
G0 F9000 X103.169 Y97.649
G1 F1500 X91.24 Y109.577 E687.49856
G0 F9000 X91.24 Y110.143
G1 F1500 X103.734 Y97.649 E688.08624
G0 F9000 X104.3 Y97.649
G1 F1500 X91.24 Y110.708 E688.70052
G0 F9000 X91.24 Y111.274
G1 F1500 X104.866 Y97.649 E689.34142
G0 F9000 X105.431 Y97.649
G1 F1500 X91.24 Y111.84 E690.00892
G0 F9000 X91.24 Y112.405
G1 F1500 X105.997 Y97.649 E690.70302
G0 F9000 X106.563 Y97.649
G1 F1500 X91.24 Y112.971 E691.42375
G0 F9000 X91.24 Y113.537
G1 F1500 X107.128 Y97.649 E692.17107
G0 F9000 X107.694 Y97.649
G1 F1500 X91.24 Y114.102 E692.94499
G0 F9000 X91.24 Y114.668
G1 F1500 X108.26 Y97.649 E693.74554
G0 F9000 X108.825 Y97.649
G1 F1500 X91.24 Y115.234 E694.57268
G0 F9000 X91.24 Y115.8
G1 F1500 X109.391 Y97.649 E695.42645
G0 F9000 X109.957 Y97.649
G1 F1500 X91.24 Y116.365 E696.30682
G0 F9000 X91.24 Y116.931
G1 F1500 X110.522 Y97.649 E697.21378
G0 F9000 X111.088 Y97.649
G1 F1500 X91.24 Y117.497 E698.14737
G0 F9000 X91.24 Y118.062
G1 F1500 X111.654 Y97.649 E699.10756
G0 F9000 X112.219 Y97.649
G1 F1500 X91.24 Y118.628 E700.09435
G0 F9000 X91.24 Y119.194
G1 F1500 X112.785 Y97.649 E701.10776
G0 F9000 X113.351 Y97.649
G1 F1500 X91.24 Y119.759 E702.14777
G0 F9000 X91.24 Y120.325
G1 F1500 X113.917 Y97.649 E703.2144
G0 F9000 X114.482 Y97.649
G1 F1500 X91.24 Y120.891 E704.30763
G0 F9000 X91.24 Y121.456
G1 F1500 X115.048 Y97.649 E705.42746
G0 F9000 X115.614 Y97.649
G1 F1500 X91.24 Y122.022 E706.57392
G0 F9000 X91.24 Y122.588
G1 F1500 X116.179 Y97.649 E707.74697
G0 F9000 X116.745 Y97.649
G1 F1500 X91.24 Y123.153 E708.94663
G0 F9000 X91.24 Y123.719
G1 F1500 X117.311 Y97.649 E710.1729
G0 F9000 X117.876 Y97.649
G1 F1500 X91.24 Y124.285 E711.42578
G0 F9000 X91.24 Y124.851
G1 F1500 X118.442 Y97.649 E712.70528
G0 F9000 X119.008 Y97.649
G1 F1500 X91.24 Y125.416 E714.01138
G0 F9000 X91.24 Y125.982
G1 F1500 X119.573 Y97.649 E715.34407
G0 F9000 X120.139 Y97.649
G1 F1500 X91.24 Y126.548 E716.70339
G0 F9000 X91.24 Y127.113
G1 F1500 X120.705 Y97.649 E718.08931
G0 F9000 X121.27 Y97.649
G1 F1500 X91.24 Y127.679 E719.50183
G0 F9000 X91.24 Y128.245
G1 F1500 X121.836 Y97.649 E720.94097
G0 F9000 X122.402 Y97.649
G1 F1500 X91.24 Y128.81 E722.40672
G0 F9000 X91.24 Y129.376
G1 F1500 X122.967 Y97.649 E723.89906
G0 F9000 X123.533 Y97.649
G1 F1500 X91.24 Y129.942 E725.41802
G0 F9000 X91.24 Y130.507
G1 F1500 X124.099 Y97.649 E726.96358
G0 F9000 X124.665 Y97.649
G1 F1500 X91.24 Y131.073 E728.53577
G0 F9000 X91.24 Y131.639
G1 F1500 X125.23 Y97.649 E730.13456
G0 F9000 X125.796 Y97.649
G1 F1500 X91.24 Y132.204 E731.75994
G0 F9000 X91.24 Y132.77
G1 F1500 X126.362 Y97.649 E733.41195
G0 F9000 X126.927 Y97.649
G1 F1500 X91.24 Y133.336 E735.09055
G0 F9000 X91.24 Y133.901
G1 F1500 X127.493 Y97.649 E736.79576
G0 F9000 X128.059 Y97.649
G1 F1500 X91.24 Y134.467 E738.52759
G0 F9000 X91.24 Y135.033
G1 F1500 X128.624 Y97.649 E740.28602
G0 F9000 X129.19 Y97.649
G1 F1500 X89.49 Y137.349 E742.15339
G0 F9000 X90.055 Y137.349
G1 F1500 X129.756 Y97.649 E744.02078
G0 F9000 X130.321 Y97.649
G1 F1500 X90.621 Y137.349 E745.88814
G0 F9000 X91.187 Y137.349
G1 F1500 X130.887 Y97.649 E747.75551
G0 F9000 X131.453 Y97.649
G1 F1500 X91.752 Y137.349 E749.6229
G0 F9000 X92.318 Y137.349
G1 F1500 X132.018 Y97.649 E751.49026
G0 F9000 X132.584 Y97.649
G1 F1500 X92.884 Y137.349 E753.35763
G0 F9000 X93.449 Y137.349
G1 F1500 X133.15 Y97.649 E755.22502
G0 F9000 X133.716 Y97.649
G1 F1500 X94.015 Y137.349 E757.09241
G0 F9000 X94.581 Y137.349
G1 F1500 X134.281 Y97.649 E758.95978
G0 F9000 X134.847 Y97.649
G1 F1500 X95.146 Y137.349 E760.82717
G0 F9000 X95.712 Y137.349
G1 F1500 X135.413 Y97.649 E762.69456
G0 F9000 X135.978 Y97.649
G1 F1500 X96.278 Y137.349 E764.56192
G0 F9000 X96.843 Y137.349
G1 F1500 X136.544 Y97.649 E766.42931
G0 F9000 X137.11 Y97.649
G1 F1500 X97.409 Y137.349 E768.2967
G0 F9000 X97.975 Y137.349
G1 F1500 X137.675 Y97.649 E770.16407
G0 F9000 X138.241 Y97.649
G1 F1500 X98.54 Y137.349 E772.03146
G0 F9000 X99.106 Y137.349
G1 F1500 X138.807 Y97.649 E773.89885
G0 F9000 X139.372 Y97.649
G1 F1500 X99.672 Y137.349 E775.76621
G0 F9000 X100.238 Y137.349
G1 F1500 X139.938 Y97.649 E777.63358
G0 F9000 X140.504 Y97.649
G1 F1500 X100.803 Y137.349 E779.50097
G0 F9000 X101.369 Y137.349
G1 F1500 X141.069 Y97.649 E781.36834
G0 F9000 X141.635 Y97.649
G1 F1500 X101.935 Y137.349 E783.2357
G0 F9000 X102.5 Y137.349
G1 F1500 X142.201 Y97.649 E785.10309
G0 F9000 X142.766 Y97.649
G1 F1500 X103.066 Y137.349 E786.97046
G0 F9000 X103.632 Y137.349
G1 F1500 X143.332 Y97.649 E788.83782
G0 F9000 X143.898 Y97.649
G1 F1500 X104.197 Y137.349 E790.70521
G0 F9000 X104.763 Y137.349
G1 F1500 X144.464 Y97.649 E792.5726
G0 F9000 X145.029 Y97.649
G1 F1500 X105.329 Y137.349 E794.43997
G0 F9000 X105.894 Y137.349
G1 F1500 X143.758 Y99.486 E796.22095
G1 X143.796 Y99.448
G1 X145.595 Y97.649 E796.30557
G0 F9000 X146.161 Y97.649
G1 F1500 X144.362 Y99.448 E796.39019
G0 F9000 X144.927 Y99.448
G1 F1500 X146.726 Y97.649 E796.47481
G0 F9000 X147.292 Y97.649
G1 F1500 X145.493 Y99.448 E796.55943
G0 F9000 X146.059 Y99.448
G1 F1500 X147.858 Y97.649 E796.64405
G0 F9000 X148.423 Y97.649
G1 F1500 X146.624 Y99.448 E796.72867
G0 F9000 X147.19 Y99.448
G1 F1500 X148.989 Y97.649 E796.81329
G0 F9000 X149.555 Y97.649
G1 F1500 X147.756 Y99.448 E796.89791
G0 F9000 X148.322 Y99.448
G1 F1500 X149.848 Y97.921 E796.96971
G0 F9000 X149.848 Y98.487
G1 F1500 X148.887 Y99.448 E797.01491
G0 F9000 X149.453 Y99.448
G1 F1500 X149.848 Y99.052 E797.03352
G1 F2700 E792.03352
G0 F9000 X150.29 Y99.052
G0 X150.19 Y100.052
G0 X149.76 Y100.052
G0 X144.199 Y100.052
G1 F2700 E797.03352
G0 F9000 X143.758 Y100.052
G1 F1500 X106.46 Y137.349 E798.78788
G0 F9000 X107.026 Y137.349
G1 F1500 X143.758 Y100.617 E800.51564
G0 F9000 X143.758 Y101.183
G1 F1500 X107.591 Y137.349 E802.2168
G0 F9000 X108.157 Y137.349
G1 F1500 X143.758 Y101.749 E803.89134
G0 F9000 X143.758 Y102.314
G1 F1500 X108.723 Y137.349 E805.53928
G0 F9000 X109.289 Y137.349
G1 F1500 X143.758 Y102.88 E807.16059
G0 F9000 X143.758 Y103.446
G1 F1500 X109.854 Y137.349 E808.75531
G0 F9000 X110.42 Y137.349
G1 F1500 X143.758 Y104.011 E810.32343
G0 F9000 X143.758 Y104.577
G1 F1500 X110.986 Y137.349 E811.86492
G0 F9000 X111.551 Y137.349
G1 F1500 X143.758 Y105.143 E813.37982
G0 F9000 X143.758 Y105.708
G1 F1500 X112.117 Y137.349 E814.86811
G0 F9000 X112.683 Y137.349
G1 F1500 X143.758 Y106.274 E816.32978
G0 F9000 X143.758 Y106.84
G1 F1500 X113.248 Y137.349 E817.76486
G0 F9000 X113.814 Y137.349
G1 F1500 X143.758 Y107.405 E819.17333
G0 F9000 X143.758 Y107.971
G1 F1500 X114.38 Y137.349 E820.55518
G0 F9000 X114.945 Y137.349
G1 F1500 X143.758 Y108.537 E821.91043
G0 F9000 X143.758 Y109.103
G1 F1500 X115.511 Y137.349 E823.23906
G0 F9000 X116.077 Y137.349
G1 F1500 X143.758 Y109.668 E824.54109
G0 F9000 X143.758 Y110.234
G1 F1500 X116.642 Y137.349 E825.81652
G0 F9000 X117.208 Y137.349
G1 F1500 X143.758 Y110.8 E827.06533
G0 F9000 X143.758 Y111.365
G1 F1500 X117.773 Y137.35 E828.28758
G0 F9000 X118.339 Y137.35
G1 F1500 X143.758 Y111.931 E829.48322
G0 F9000 X143.758 Y112.497
G1 F1500 X118.904 Y137.35 E830.65225
G0 F9000 X119.47 Y137.35
G1 F1500 X143.758 Y113.062 E831.79468
G0 F9000 X143.758 Y113.628
G1 F1500 X120.036 Y137.35 E832.91049
G0 F9000 X120.602 Y137.35
G1 F1500 X143.758 Y114.194 E833.99968
G0 F9000 X143.758 Y114.759
G1 F1500 X121.167 Y137.35 E835.06229
G0 F9000 X121.733 Y137.35
G1 F1500 X143.758 Y115.325 E836.09828
G0 F9000 X143.758 Y115.891
G1 F1500 X122.299 Y137.35 E837.10764
G0 F9000 X122.864 Y137.35
G1 F1500 X143.758 Y116.456 E838.09043
G0 F9000 X143.758 Y117.022
G1 F1500 X123.43 Y137.35 E839.0466
G0 F9000 X123.996 Y137.35
G1 F1500 X143.758 Y117.588 E839.97614
G0 F9000 X143.758 Y118.154
G1 F1500 X124.561 Y137.35 E840.87909
G0 F9000 X125.127 Y137.35
G1 F1500 X143.758 Y118.719 E841.75543
G0 F9000 X143.758 Y119.285
G1 F1500 X125.693 Y137.35 E842.60516
G0 F9000 X126.258 Y137.35
G1 F1500 X143.758 Y119.851 E843.42828
G0 F9000 X143.758 Y120.416
G1 F1500 X126.824 Y137.35 E844.2248
G0 F9000 X127.39 Y137.35
G1 F1500 X143.758 Y120.982 E844.9947
G0 F9000 X143.758 Y121.548
G1 F1500 X127.955 Y137.35 E845.738
G0 F9000 X128.521 Y137.35
G1 F1500 X143.758 Y122.113 E846.45471
G0 F9000 X143.758 Y122.679
G1 F1500 X129.087 Y137.35 E847.14478
G0 F9000 X129.652 Y137.35
G1 F1500 X143.758 Y123.245 E847.80826
G0 F9000 X143.758 Y123.81
G1 F1500 X130.218 Y137.35 E848.44514
G0 F9000 X130.784 Y137.35
G1 F1500 X143.758 Y124.376 E849.0554
G0 F9000 X143.758 Y124.942
G1 F1500 X131.35 Y137.35 E849.63904
G0 F9000 X131.915 Y137.35
G1 F1500 X143.758 Y125.507 E850.19609
G0 F9000 X143.758 Y126.073
G1 F1500 X132.481 Y137.35 E850.72653
G0 F9000 X133.047 Y137.35
G1 F1500 X143.758 Y126.639 E851.23034
G0 F9000 X143.758 Y127.204
G1 F1500 X133.612 Y137.35 E851.70758
G0 F9000 X134.178 Y137.35
G1 F1500 X143.758 Y127.77 E852.15819
G0 F9000 X143.758 Y128.336
G1 F1500 X134.744 Y137.35 E852.58218
G0 F9000 X135.309 Y137.35
G1 F1500 X143.758 Y128.902 E852.97958
G0 F9000 X143.758 Y129.467
G1 F1500 X135.875 Y137.35 E853.35037
G0 F9000 X136.441 Y137.35
G1 F1500 X143.758 Y130.033 E853.69454
G0 F9000 X143.758 Y130.599
G1 F1500 X137.006 Y137.35 E854.01211
G0 F9000 X137.572 Y137.35
G1 F1500 X143.758 Y131.164 E854.30308
G0 F9000 X143.758 Y131.73
G1 F1500 X138.138 Y137.35 E854.56742
G0 F9000 X138.703 Y137.35
G1 F1500 X143.758 Y132.296 E854.80517
G0 F9000 X143.758 Y132.861
G1 F1500 X139.269 Y137.35 E855.01632
G0 F9000 X139.835 Y137.35
G1 F1500 X143.758 Y133.427 E855.20085
G0 F9000 X143.758 Y133.993
G1 F1500 X140.401 Y137.35 E855.35875
G0 F9000 X140.966 Y137.35
G1 F1500 X143.758 Y134.558 E855.49008
G0 F9000 X143.758 Y135.124
G1 F1500 X141.532 Y137.35 E855.59478
G0 F9000 X142.098 Y137.35
G1 F1500 X143.896 Y135.551 E855.67938
G0 F9000 X144.462 Y135.551
G1 F1500 X142.663 Y137.35 E855.764
G0 F9000 X143.229 Y137.35
G1 F1500 X145.028 Y135.551 E855.84862
G0 F9000 X145.593 Y135.551
G1 F1500 X143.795 Y137.35 E855.93321
G0 F9000 X144.36 Y137.35
G1 F1500 X146.159 Y135.551 E856.01783
G0 F9000 X146.725 Y135.551
G1 F1500 X144.926 Y137.35 E856.10245
G0 F9000 X145.492 Y137.35
G1 F1500 X147.291 Y135.551 E856.18707
G0 F9000 X147.856 Y135.551
G1 F1500 X146.057 Y137.35 E856.27169
G0 F9000 X146.623 Y137.35
G1 F1500 X148.422 Y135.551 E856.35631
G0 F9000 X148.988 Y135.551
G1 F1500 X147.189 Y137.35 E856.44093
G0 F9000 X147.754 Y137.35
G1 F1500 X149.553 Y135.551 E856.52555
G0 F9000 X149.849 Y135.821
G1 F1500 X148.32 Y137.35 E856.59747
G0 F9000 X148.886 Y137.35
G1 F1500 X149.849 Y136.387 E856.64276
G0 F9000 X149.849 Y136.953
G1 F1500 X149.451 Y137.35 E856.66146
G1 F2700 E851.66146
G0 F9000 X149.451 Y137.79
G0 X90.723 Y137.69
G0 X90.723 Y135.192
G1 F2700 E856.66146
G0 F9000 X90.723 Y135.55
G1 F1500 X88.924 Y137.349 E856.74608
G0 F9000 X88.358 Y137.349
G1 F1500 X90.157 Y135.55 E856.8307
G0 F9000 X89.591 Y135.55
G1 F1500 X87.792 Y137.349 E856.91532
G0 F9000 X87.227 Y137.349
G1 F1500 X89.026 Y135.55 E856.99994
G0 F9000 X88.46 Y135.55
G1 F1500 X86.661 Y137.349 E857.08456
G0 F9000 X86.095 Y137.349
G1 F1500 X87.894 Y135.55 E857.16918
G0 F9000 X87.329 Y135.55
G1 F1500 X85.53 Y137.349 E857.2538
G0 F9000 X85.15 Y137.163
G1 F1500 X86.763 Y135.55 E857.32967
G0 F9000 X86.197 Y135.55
G1 F1500 X85.15 Y136.598 E857.37894
G0 F9000 X85.15 Y136.032
G1 F1500 X85.632 Y135.55 E857.40161
G0 F9000 X85.632 Y135.202
G1 F2700 E852.40161
;MESH:NONMESH
G0 F300 X85.632 Y135.202 Z1
G0 F9000 X85.632 Y135.112
G0 X90.881 Y135.002
G0 X89.438 Y133.749
G0 X145.562 Y133.749
G0 X144.119 Y135.002
G0 X144.309 Y135.002
;TIME_ELAPSED:1227.929775
;LAYER:4
;TYPE:WALL-INNER
;MESH:2inch-tft-holder.obj
G1 F2700 E857.40161
G1 F1500 X149.57 Y135.002 E857.57659
G1 X149.57 Y99.998 E858.74083
G1 X144.309 Y99.998 E858.91581
G1 X144.309 Y135.002 E860.08005
G0 F9000 X144.709 Y134.602
;TYPE:WALL-OUTER
G1 F1500 X149.17 Y134.602 E860.22842
G1 X149.17 Y100.398 E861.36605
G1 X144.709 Y100.398 E861.51443
G1 X144.709 Y134.602 E862.65206
G1 F2700 E857.65206
G0 F9000 X144.409 Y134.602
G0 X90.691 Y135.002
;TYPE:WALL-INNER
G1 F2700 E862.65206
G1 F1500 X90.691 Y99.998 E863.81629
G1 X85.43 Y99.998 E863.99128
G1 X85.43 Y135.002 E865.15551
G1 X90.691 Y135.002 E865.3305
G0 F9000 X90.291 Y134.602
;TYPE:WALL-OUTER
G1 F1500 X90.291 Y100.398 E866.46812
G1 X85.83 Y100.398 E866.6165
G1 X85.83 Y134.602 E867.75413
G1 X90.291 Y134.602 E867.9025
G1 F2700 E862.9025
G0 F9000 X90.591 Y134.602
G0 X150.4 Y137.9
;TYPE:WALL-INNER
G1 F2700 E867.9025
G1 F1500 X84.6 Y137.9 E870.09102
G1 X84.6 Y97.1 E871.44803
G1 X150.4 Y97.1 E873.63655
G1 X150.4 Y137.9 E874.99356
G0 F9000 X150.8 Y138.3
;TYPE:WALL-OUTER
G1 F1500 X84.2 Y138.3 E877.20869
G1 X84.2 Y96.7 E878.59231
G1 X150.8 Y96.7 E880.80743
G1 X150.8 Y138.3 E882.19106
G0 F9000 X150.53 Y138.03
G0 X148.592 Y137.819
;TYPE:FILL
G1 F3000 X149.326 Y135.08 E882.28537
G0 F9000 X149.649 Y134.463
G1 F3000 X150.319 Y134.284 E882.30844
G0 F9000 X149.649 Y133.874
G1 F3000 X150.319 Y131.375 E882.39449
G0 F9000 X149.649 Y131.678
G1 F3000 X150.318 Y132.348 E882.42598
G0 F9000 X149.398 Y134.83
G0 X147.343 Y135.081
G1 F3000 X137.124 Y137.819 E882.77785
G0 F9000 X136.169 Y137.82
G1 F3000 X144.228 Y107.742 E883.81354
G0 F9000 X144.227 Y109.286
G1 F3000 X132.12 Y97.179 E884.38301
G0 F9000 X134.635 Y97.178
G1 F3000 X123.746 Y137.819 E885.78242
G0 F9000 X121.848 Y137.819
G1 F3000 X90.771 Y106.742 E887.24418
G1 X90.771 Y106.758
G1 X126.519 Y97.179 E888.47511
G0 F9000 X128.424 Y97.178
G1 F3000 X117.534 Y137.82 E889.87456
G0 F9000 X113.942 Y137.819
G1 F3000 X144.227 Y129.704 E890.91737
G0 F9000 X144.228 Y130.924
G1 F3000 X142.381 Y137.82 E891.15482
G0 F9000 X144.567 Y135.082
G1 F3000 X147.304 Y137.819 E891.28356
G0 F9000 X144.227 Y134.742
G1 F3000 X106.664 Y97.179 E893.05041
G0 F9000 X103.577 Y97.178
G1 F3000 X92.687 Y137.82 E894.44985
G0 F9000 X90.76 Y137.819
G1 F3000 X144.227 Y123.493 E896.2909
G0 F9000 X144.227 Y126.257
G1 F3000 X115.15 Y97.179 E897.65862
G0 F9000 X116 Y97.178
G1 F3000 X105.111 Y137.819 E899.05802
G0 F9000 X104.878 Y137.819
G1 F3000 X90.771 Y123.712 E899.72157
G0 F9000 X90.771 Y125.393
G1 F3000 X144.227 Y111.069 E901.56225
G0 F9000 X144.481 Y100.17
G0 X149.398 Y100.17
G0 X149.649 Y110.692
G1 F3000 X150.32 Y108.191 E901.64837
G0 F9000 X150.318 Y109.437
G1 F3000 X149.65 Y109.616 E901.67137
G0 F9000 X150.318 Y106.892
G1 F3000 X149.649 Y106.222 E901.70286
G0 F9000 X149.65 Y103.405
G1 F3000 X150.318 Y103.225 E901.72588
G0 F9000 X150.318 Y98.407
G1 F3000 X149.091 Y97.179 E901.78361
G0 F9000 X149.7 Y97.179
G1 F3000 X90.77 Y112.97 E903.81278
G0 F9000 X90.771 Y115.227
G1 F3000 X113.363 Y137.819 E904.87544
G0 F9000 X111.322 Y137.82
G1 F3000 X122.212 Y97.178 E906.27488
G0 F9000 X123.635 Y97.179
G1 F3000 X144.227 Y117.772 E907.24349
G0 F9000 X144.228 Y117.281
G1 F3000 X90.77 Y131.605 E909.08423
G0 F9000 X90.771 Y132.197
G1 F3000 X96.392 Y137.819 E909.34865
G0 F9000 X98.899 Y137.82
G1 F3000 X109.789 Y97.178 E910.74809
G0 F9000 X103.337 Y97.179
G1 F3000 X90.771 Y100.546 E911.18078
G0 F9000 X90.42 Y99.918
G1 F3000 X91.154 Y97.178 E911.27513
G0 F9000 X89.694 Y97.179
G1 F3000 X130.333 Y137.819 E913.18669
G0 F9000 X129.957 Y137.82
G1 F3000 X140.847 Y97.178 E914.58613
G0 F9000 X140.606 Y97.179
G1 F3000 X144.227 Y100.801 E914.75648
G0 F9000 X144.481 Y100.17
G0 X146.325 Y99.918
G1 F3000 X147.059 Y97.179 E914.85079
G0 F9000 X144.481 Y100.17
G0 X144.227 Y104.858
G1 F3000 X90.771 Y119.181 E916.69146
G0 F9000 X90.77 Y121.793
G1 F3000 X97.366 Y97.178 E917.53904
G0 F9000 X98.179 Y97.179
G1 F3000 X138.819 Y137.819 E919.45062
G0 F9000 X149.398 Y134.83
G0 X149.65 Y128.251
G1 F3000 X150.318 Y128.072 E919.47362
G0 F9000 X150.318 Y123.863
G1 F3000 X149.649 Y123.193 E919.50511
G0 F9000 X149.65 Y122.04
G1 F3000 X150.318 Y121.86 E919.52812
G0 F9000 X149.649 Y115.828
G1 F3000 X150.318 Y115.649 E919.55116
G0 F9000 X150.318 Y115.377
G1 F3000 X149.649 Y114.708 E919.58263
G1 F2700 E914.58263
G0 F9000 X149.398 Y100.17
G0 X85.602 Y100.17
G0 X85.349 Y114.422
G1 F2700 E919.58263
G1 F3000 X84.679 Y114.602 E919.6057
G0 F9000 X84.68 Y117.621
G1 F3000 X85.349 Y118.291 E919.63719
G0 F9000 X85.349 Y118.842
G1 F3000 X84.679 Y121.341 E919.72324
G0 F9000 X84.68 Y120.813
G1 F3000 X85.348 Y120.634 E919.74625
G0 F9000 X84.68 Y126.106
G1 F3000 X85.349 Y126.776 E919.77774
G1 X85.348 Y126.846
G1 X84.68 Y127.025 E919.80074
G0 F9000 X85.348 Y133.058
G1 F3000 X84.679 Y133.237 E919.82377
G0 F9000 X84.68 Y134.592
G1 F3000 X87.907 Y137.819 E919.97556
G0 F9000 X86.475 Y137.82
G1 F3000 X87.21 Y135.08 E920.06992
G0 F9000 X85.602 Y134.83
G0 X85.349 Y109.805
G1 F3000 X84.68 Y109.136 E920.10138
G0 F9000 X84.679 Y108.39
G1 F3000 X85.349 Y108.211 E920.12445
G0 F9000 X84.68 Y102.178
G1 F3000 X85.349 Y101.999 E920.14748
G0 F9000 X85.349 Y101.32
G1 F3000 X84.68 Y100.65 E920.17897
G0 F9000 X84.679 Y98.159
G1 F3000 X84.942 Y97.178 E920.21275
G0 F9000 X84.942 Y97.3
G1 F2700 E915.21275
;MESH:NONMESH
G0 F300 X84.942 Y97.3 Z1.2
G0 F9000 X90.519 Y100.17
G0 X144.309 Y135.002
;TIME_ELAPSED:1297.678385
;LAYER:5
;TYPE:WALL-INNER
;MESH:2inch-tft-holder.obj
G1 F2700 E920.21275
G1 F1500 X149.57 Y135.002 E920.38774
G1 X149.57 Y99.998 E921.55197
G1 X144.309 Y99.998 E921.72696
G1 X144.309 Y135.002 E922.89119
G0 F9000 X144.709 Y134.602
;TYPE:WALL-OUTER
G1 F1500 X149.17 Y134.602 E923.03957
G1 X149.17 Y100.398 E924.1772
G1 X144.709 Y100.398 E924.32557
G1 X144.709 Y134.602 E925.4632
G1 F2700 E920.4632
G0 F9000 X144.409 Y134.602
G0 X90.691 Y135.002
;TYPE:WALL-INNER
G1 F2700 E925.4632
G1 F1500 X90.691 Y99.998 E926.62744
G1 X85.43 Y99.998 E926.80242
G1 X85.43 Y135.002 E927.96666
G1 X90.691 Y135.002 E928.14164
G0 F9000 X90.291 Y134.602
;TYPE:WALL-OUTER
G1 F1500 X90.291 Y100.398 E929.27927
G1 X85.83 Y100.398 E929.42764
G1 X85.83 Y134.602 E930.56527
G1 X90.291 Y134.602 E930.71364
G1 F2700 E925.71364
G0 F9000 X90.591 Y134.602
G0 X150.4 Y137.9
;TYPE:WALL-INNER
G1 F2700 E930.71364
G1 F1500 X84.6 Y137.9 E932.90216
G1 X84.6 Y97.1 E934.25917
G1 X150.4 Y97.1 E936.44769
G1 X150.4 Y137.9 E937.80471
G0 F9000 X150.8 Y138.3
;TYPE:WALL-OUTER
G1 F1500 X84.2 Y138.3 E940.01983
G1 X84.2 Y96.7 E941.40345
G1 X150.8 Y96.7 E943.61858
G1 X150.8 Y138.3 E945.0022
G0 F9000 X150.53 Y138.03
G0 X148.446 Y137.819
;TYPE:FILL
G1 F3000 X149.18 Y135.08 E945.09651
G0 F9000 X149.65 Y134.609
G1 F3000 X150.319 Y134.43 E945.11955
G0 F9000 X149.649 Y133.33
G1 F3000 X150.319 Y130.83 E945.20563
G0 F9000 X149.649 Y131.479
G1 F3000 X150.318 Y132.149 E945.23712
G0 F9000 X149.398 Y134.83
G0 X147.887 Y135.081
G1 F3000 X137.669 Y137.819 E945.58896
G0 F9000 X139.018 Y137.819
G1 F3000 X98.379 Y97.179 E947.50052
G0 F9000 X97.22 Y97.178
G1 F3000 X90.77 Y121.248 E948.32934
G0 F9000 X90.771 Y119.327
G1 F3000 X144.227 Y105.004 E950.17001
G0 F9000 X144.228 Y107.197
G1 F3000 X136.023 Y137.82 E951.22446
G0 F9000 X130.533 Y137.819
G1 F3000 X89.893 Y97.179 E953.13604
G0 F9000 X91.008 Y97.178
G1 F3000 X90.274 Y99.918 E953.23038
G0 F9000 X90.771 Y100.692
G1 F3000 X103.882 Y97.179 E953.68184
G0 F9000 X103.431 Y97.178
G1 F3000 X92.541 Y137.82 E955.08128
G0 F9000 X91.305 Y137.819
G1 F3000 X144.227 Y123.639 E956.90357
G0 F9000 X144.227 Y126.058
G1 F3000 X115.349 Y97.179 E958.26192
G0 F9000 X115.854 Y97.178
G1 F3000 X104.965 Y137.82 E959.66136
G1 X105.077 Y137.819
G1 X90.771 Y123.513 E960.33427
G0 F9000 X90.77 Y125.539
G1 F3000 X144.227 Y111.215 E962.17498
G0 F9000 X144.227 Y109.087
G1 F3000 X132.32 Y97.179 E962.73507
G0 F9000 X134.489 Y97.178
G1 F3000 X123.6 Y137.82 E964.1345
G0 F9000 X122.048 Y137.819
G1 F3000 X90.771 Y106.542 E965.60568
G0 F9000 X90.77 Y106.904
G1 F3000 X127.064 Y97.179 E966.85541
G0 F9000 X128.278 Y97.178
G1 F3000 X117.388 Y137.82 E968.25485
G0 F9000 X114.487 Y137.819
G1 F3000 X144.227 Y129.85 E969.2789
G0 F9000 X144.228 Y130.379
G1 F3000 X142.235 Y137.82 E969.53511
G0 F9000 X144.766 Y135.082
G1 F3000 X147.503 Y137.819 E969.66385
G0 F9000 X144.227 Y134.543
G1 F3000 X106.864 Y97.179 E971.42132
G0 F9000 X109.643 Y97.178
G1 F3000 X98.753 Y137.82 E972.82076
G0 F9000 X96.592 Y137.819
G1 F3000 X90.771 Y131.998 E973.09456
G0 F9000 X90.77 Y131.751
G1 F3000 X144.227 Y117.427 E974.93527
G1 X144.227 Y117.572
G1 X123.834 Y97.179 E975.8945
G0 F9000 X122.066 Y97.178
G1 F3000 X111.176 Y137.82 E977.29394
G0 F9000 X113.562 Y137.819
G1 F3000 X90.771 Y115.027 E978.36598
G0 F9000 X90.77 Y113.116
G1 F3000 X150.246 Y97.179 E980.41395
G0 F9000 X149.29 Y97.179
G1 F3000 X150.318 Y98.207 E980.4623
G0 F9000 X146.913 Y97.178
G1 F3000 X146.179 Y99.918 E980.55665
G0 F9000 X144.481 Y100.17
G0 X144.227 Y100.602
G1 F3000 X140.805 Y97.179 E980.71763
G1 X140.701 Y97.178
G1 X129.811 Y137.819 E982.11704
G0 F9000 X149.398 Y134.83
G0 X149.649 Y128.397
G1 F3000 X150.318 Y128.218 E982.14008
G0 F9000 X150.318 Y123.663
G1 F3000 X149.649 Y122.994 E982.17155
G0 F9000 X149.65 Y122.186
G1 F3000 X150.318 Y122.006 E982.19456
G0 F9000 X149.65 Y115.974
G1 F3000 X150.319 Y115.795 E982.21759
G0 F9000 X150.318 Y115.178
G1 F3000 X149.649 Y114.508 E982.24908
G0 F9000 X149.649 Y110.148
G1 F3000 X150.32 Y107.646 E982.33524
G0 F9000 X150.318 Y106.693
G1 F3000 X149.649 Y106.023 E982.36673
G0 F9000 X149.65 Y103.551
G1 F3000 X150.318 Y103.371 E982.38974
G0 F9000 X150.318 Y109.583
G1 F3000 X149.649 Y109.762 E982.41277
G1 F2700 E977.41277
G0 F9000 X149.398 Y100.17
G0 X85.602 Y100.17
G0 X85.349 Y109.606
G1 F2700 E982.41277
G1 F3000 X84.68 Y108.936 E982.44426
G0 F9000 X84.679 Y108.536
G1 F3000 X85.349 Y108.357 E982.46733
G0 F9000 X84.68 Y102.324
G1 F3000 X85.349 Y102.145 E982.49036
G0 F9000 X85.349 Y101.121
G1 F3000 X84.68 Y100.451 E982.52186
G0 F9000 X84.679 Y97.614
G1 F3000 X84.796 Y97.178 E982.53687
G0 F9000 X85.348 Y114.568
G1 F3000 X84.68 Y114.748 E982.55988
G0 F9000 X84.68 Y117.422
G1 F3000 X85.349 Y118.091 E982.59135
G0 F9000 X85.349 Y118.297
G1 F3000 X84.679 Y120.796 E982.6774
G1 X84.68 Y120.959
G1 X85.348 Y120.78 E982.7004
G0 F9000 X84.68 Y125.907
G1 F3000 X85.349 Y126.577 E982.73189
G0 F9000 X85.348 Y126.992
G1 F3000 X84.679 Y127.171 E982.75493
G0 F9000 X85.348 Y133.203
G1 F3000 X84.68 Y133.382 E982.77793
G0 F9000 X84.68 Y134.392
G1 F3000 X85.349 Y135.062 E982.80942
G1 X85.369 Y135.081
G1 X88.106 Y137.819 E982.93818
G0 F9000 X86.33 Y137.819
G1 F3000 X87.064 Y135.08 E983.0325
G0 F9000 X87.064 Y135.202
G1 F2700 E978.0325
;MESH:NONMESH
G0 F300 X87.064 Y135.202 Z1.4
G0 F9000 X144.309 Y135.002
;TIME_ELAPSED:1366.244689
;LAYER:6
;TYPE:WALL-INNER
;MESH:2inch-tft-holder.obj
G1 F2700 E983.0325
G1 F1500 X149.57 Y135.002 E983.20748
G1 X149.57 Y99.998 E984.37172
G1 X144.309 Y99.998 E984.5467
G1 X144.309 Y135.002 E985.71094
G0 F9000 X144.709 Y134.602
;TYPE:WALL-OUTER
G1 F1500 X149.17 Y134.602 E985.85931
G1 X149.17 Y100.398 E986.99694
G1 X144.709 Y100.398 E987.14531
G1 X144.709 Y134.602 E988.28294
G1 F2700 E983.28294
G0 F9000 X144.409 Y134.602
G0 X144.127 Y135.184
G0 X149.798 Y135.184
G0 X149.798 Y137.279
G0 X85.202 Y137.279
G0 X85.202 Y135.184
G0 X90.691 Y135.002
;TYPE:WALL-INNER
G1 F2700 E988.28294
G1 F1500 X90.691 Y99.998 E989.44718
G1 X85.43 Y99.998 E989.62216
G1 X85.43 Y135.002 E990.7864
G1 X90.691 Y135.002 E990.96138
G0 F9000 X90.291 Y134.602
;TYPE:WALL-OUTER
G1 F1500 X90.291 Y100.398 E992.09901
G1 X85.83 Y100.398 E992.24738
G1 X85.83 Y134.602 E993.38501
G1 X90.291 Y134.602 E993.53339
G1 F2700 E988.53339
G0 F9000 X90.591 Y134.602
G0 X90.873 Y135.184
G0 X85.202 Y135.184
G0 X85.202 Y137.279
G0 X150.4 Y137.9
;TYPE:WALL-INNER
G1 F2700 E993.53339
G1 F1500 X84.6 Y137.9 E995.7219
G1 X84.6 Y97.1 E997.07892
G1 X150.4 Y97.1 E999.26743
G1 X150.4 Y137.9 E1000.62445
G0 F9000 X150.8 Y138.3
;TYPE:WALL-OUTER
G1 F1500 X84.2 Y138.3 E1002.83957
G1 X84.2 Y96.7 E1004.22319
G1 X150.8 Y96.7 E1006.43832
G1 X150.8 Y138.3 E1007.82194
G0 F9000 X150.53 Y138.03
G0 X148.3 Y137.82
;TYPE:FILL
G1 F3000 X148.485 Y137.13 E1007.8457
G0 F9000 X148.485 Y137.351
G0 X147.703 Y137.819
G1 F3000 X147.014 Y137.13 E1007.87811
G0 F9000 X147.014 Y137.351
G0 X149.798 Y137.279
G0 X149.798 Y135.184
G0 X149.649 Y134.755
G1 F3000 X150.318 Y134.576 E1007.90114
G0 F9000 X149.649 Y132.786
G1 F3000 X150.319 Y130.285 E1007.98726
G0 F9000 X149.649 Y131.28
G1 F3000 X150.318 Y131.949 E1008.01873
G0 F9000 X149.649 Y128.543
G1 F3000 X150.319 Y128.364 E1008.04179
G0 F9000 X150.318 Y123.464
G1 F3000 X149.649 Y122.794 E1008.07328
G0 F9000 X149.65 Y122.332
G1 F3000 X150.318 Y122.152 E1008.0963
G0 F9000 X149.649 Y116.12
G1 F3000 X150.318 Y115.941 E1008.11933
G0 F9000 X150.318 Y114.979
G1 F3000 X149.649 Y114.309 E1008.15082
G0 F9000 X149.649 Y109.908
G1 F3000 X150.319 Y109.729 E1008.17389
G0 F9000 X149.649 Y109.602
G1 F3000 X150.319 Y107.102 E1008.25997
G0 F9000 X150.318 Y106.493
G1 F3000 X149.649 Y105.824 E1008.29144
G0 F9000 X149.649 Y103.697
G1 F3000 X150.318 Y103.518 E1008.31447
G0 F9000 X150.318 Y98.008
G1 F3000 X149.49 Y97.179 E1008.35344
G0 F9000 X150.318 Y97.306
G1 F3000 X148.219 Y97.868 E1008.42571
G0 F9000 X148.219 Y97.649
G0 X146.767 Y97.178
G1 F3000 X146.582 Y97.868 E1008.44947
G0 F9000 X146.582 Y97.649
G0 X141.693 Y97.649
G0 X141.693 Y97.868
G1 F3000 X141.004 Y97.179 E1008.48188
G0 F9000 X140.555 Y97.178
G1 F3000 X140.37 Y97.868 E1008.50564
G0 F9000 X140.37 Y97.649
G0 X134.344 Y97.178
G1 F3000 X134.159 Y97.868 E1008.5294
G0 F9000 X133.208 Y97.868
G1 F3000 X132.519 Y97.179 E1008.56181
G0 F9000 X128.132 Y97.178
G1 F3000 X127.947 Y97.868 E1008.58557
G0 F9000 X127.609 Y97.179
G1 F3000 X125.036 Y97.868 E1008.67416
G0 F9000 X124.723 Y97.868
G1 F3000 X124.034 Y97.179 E1008.70657
G0 F9000 X121.92 Y97.178
G1 F3000 X121.735 Y97.868 E1008.73033
G0 F9000 X121.735 Y97.649
G0 X116.237 Y97.649
G0 X116.237 Y97.868
G1 F3000 X115.549 Y97.179 E1008.76272
G1 X115.708 Y97.178
G1 X115.524 Y97.868 E1008.78647
G0 F9000 X115.524 Y97.649
G0 X109.497 Y97.178
G1 F3000 X109.312 Y97.868 E1008.81023
G0 F9000 X109.312 Y97.649
G0 X107.752 Y97.649
G0 X107.752 Y97.868
G1 F3000 X107.063 Y97.179 E1008.84264
G0 F9000 X104.427 Y97.179
G1 F3000 X101.854 Y97.868 E1008.93123
G0 F9000 X101.854 Y97.649
G0 X103.1 Y97.649
G0 X103.1 Y97.868
G1 F3000 X103.285 Y97.178 E1008.95499
G0 F9000 X99.267 Y97.649
G0 X99.267 Y97.868
G1 F3000 X98.578 Y97.179 E1008.9874
G0 F9000 X97.073 Y97.178
G1 F3000 X96.889 Y97.868 E1009.01115
G0 F9000 X96.889 Y97.649
G0 X90.862 Y97.178
G1 F3000 X90.677 Y97.868 E1009.03491
G1 X90.781 Y97.868
G1 X90.093 Y97.179 E1009.0673
G0 F9000 X85.202 Y97.721
G0 X85.202 Y99.606
G0 X85.349 Y100.921
G1 F3000 X84.68 Y100.252 E1009.09876
G0 F9000 X85.349 Y102.291
G1 F3000 X84.679 Y102.47 E1009.12183
G0 F9000 X85.348 Y108.503
G1 F3000 X84.679 Y108.682 E1009.14486
G1 X84.68 Y108.737
G1 X85.349 Y109.407 E1009.17636
G0 F9000 X85.348 Y114.714
G1 F3000 X84.68 Y114.894 E1009.19937
G0 F9000 X84.68 Y117.222
G1 F3000 X85.349 Y117.892 E1009.23086
G1 X85.349 Y117.752
G1 X84.68 Y120.251 E1009.3169
G0 F9000 X84.679 Y121.105
G1 F3000 X85.349 Y120.926 E1009.33997
G0 F9000 X84.68 Y125.708
G1 F3000 X85.349 Y126.377 E1009.37143
G0 F9000 X85.348 Y127.138
G1 F3000 X84.679 Y127.317 E1009.39447
G0 F9000 X85.348 Y133.349
G1 F3000 X84.68 Y133.529 E1009.41748
G0 F9000 X84.68 Y134.193
G1 F3000 X85.349 Y134.862 E1009.44895
G0 F9000 X85.202 Y135.184
G0 X85.202 Y137.279
G0 X86.368 Y137.351
G0 X86.368 Y137.13
G1 F3000 X86.184 Y137.82 E1009.4727
G0 F9000 X87.617 Y137.351
G0 X87.617 Y137.13
G1 F3000 X88.306 Y137.819 E1009.50511
G0 F9000 X91.85 Y137.819
G1 F3000 X94.421 Y137.13 E1009.59364
G0 F9000 X94.421 Y137.351
G0 X96.102 Y137.351
G0 X96.102 Y137.13
G1 F3000 X96.791 Y137.819 E1009.62604
G0 F9000 X98.607 Y137.82
G1 F3000 X98.792 Y137.129 E1009.64984
G0 F9000 X98.792 Y137.351
G0 X92.58 Y137.351
G0 X92.58 Y137.13
G1 F3000 X92.395 Y137.819 E1009.67356
G0 F9000 X104.588 Y137.351
G0 X104.588 Y137.13
G1 F3000 X105.276 Y137.819 E1009.70595
G0 F9000 X104.819 Y137.82
G1 F3000 X105.003 Y137.13 E1009.7297
G0 F9000 X105.003 Y137.351
G0 X111.03 Y137.819
G1 F3000 X111.215 Y137.13 E1009.75343
G0 F9000 X111.215 Y137.351
G0 X113.073 Y137.351
G0 X113.073 Y137.13
G1 F3000 X113.762 Y137.819 E1009.78584
G0 F9000 X115.031 Y137.819
G1 F3000 X117.604 Y137.13 E1009.87443
G1 X117.427 Y137.13
G1 X117.242 Y137.82 E1009.89819
G0 F9000 X121.558 Y137.351
G0 X121.558 Y137.13
G1 F3000 X122.247 Y137.819 E1009.9306
G0 F9000 X123.454 Y137.82
G1 F3000 X123.639 Y137.129 E1009.95439
G0 F9000 X123.639 Y137.351
G0 X129.665 Y137.82
G1 F3000 X129.85 Y137.13 E1009.97815
G1 X130.044 Y137.13
G1 X130.732 Y137.819 E1010.01054
G0 F9000 X135.877 Y137.819
G1 F3000 X136.062 Y137.13 E1010.03426
G0 F9000 X136.062 Y137.351
G0 X138.213 Y137.819
G1 F3000 X140.786 Y137.13 E1010.12286
G0 F9000 X140.786 Y137.351
G0 X142.089 Y137.82
G1 F3000 X142.274 Y137.129 E1010.14665
G0 F9000 X142.274 Y137.351
G0 X139.218 Y137.819
G1 F3000 X138.529 Y137.13 E1010.17906
G0 F9000 X138.529 Y137.351
G0 X149.798 Y137.279
G0 X149.798 Y135.184
G0 X144.169 Y135.142
G0 X143.919 Y135.392
;TYPE:SKIN
G1 F1500 X149.58 Y135.392 E1010.36734
G1 X149.58 Y137.061 E1010.42285
G1 X85.42 Y137.061 E1012.55682
G1 X85.42 Y135.392 E1012.61234
G1 X91.081 Y135.392 E1012.80062
G1 X91.081 Y99.608 E1013.9908
G1 X85.42 Y99.608 E1014.17909
G1 X85.42 Y97.939 E1014.2346
G1 X149.58 Y97.939 E1016.36857
G1 X149.58 Y99.608 E1016.42408
G1 X143.919 Y99.608 E1016.61237
G1 X143.919 Y135.392 E1017.80255
G1 F2700 E1012.80255
G0 F9000 X144.169 Y135.142
G0 X144.481 Y100.17
G0 X149.798 Y99.816
G0 X149.87 Y98.507
G1 F2700 E1017.80255
G0 F9000 X149.419 Y98.507
G1 F1500 X149.01 Y98.099 E1017.82176
G0 F9000 X148.445 Y98.099
G1 F1500 X149.419 Y99.073 E1017.86758
G0 F9000 X149.228 Y99.448
G1 F1500 X147.879 Y98.099 E1017.93103
G0 F9000 X147.313 Y98.099
G1 F1500 X148.662 Y99.448 E1017.99448
G0 F9000 X148.097 Y99.448
G1 F1500 X146.747 Y98.099 E1018.05796
G0 F9000 X146.182 Y98.099
G1 F1500 X147.531 Y99.448 E1018.12141
G0 F9000 X146.965 Y99.448
G1 F1500 X145.616 Y98.099 E1018.18486
G0 F9000 X145.05 Y98.099
G1 F1500 X146.4 Y99.448 E1018.24834
G0 F9000 X145.834 Y99.448
G1 F1500 X144.485 Y98.099 E1018.31179
G0 F9000 X143.919 Y98.099
G1 F1500 X145.268 Y99.448 E1018.37524
G0 F9000 X144.703 Y99.448
G1 F1500 X143.353 Y98.099 E1018.43872
G0 F9000 X142.788 Y98.099
G1 F1500 X144.137 Y99.448 E1018.50217
G0 F9000 X143.758 Y99.634
G1 F1500 X142.222 Y98.099 E1018.5744
G0 F9000 X141.656 Y98.099
G1 F1500 X143.758 Y100.2 E1018.67325
G0 F9000 X143.758 Y100.766
G1 F1500 X141.091 Y98.099 E1018.79869
G0 F9000 X140.525 Y98.099
G1 F1500 X143.758 Y101.331 E1018.95074
G0 F9000 X143.758 Y101.897
G1 F1500 X139.959 Y98.099 E1019.12941
G0 F9000 X139.394 Y98.099
G1 F1500 X143.758 Y102.463 E1019.33468
G0 F9000 X143.758 Y103.028
G1 F1500 X138.828 Y98.099 E1019.56655
G0 F9000 X138.262 Y98.099
G1 F1500 X143.758 Y103.594 E1019.82504
G0 F9000 X143.758 Y104.16
G1 F1500 X137.697 Y98.099 E1020.11013
G0 F9000 X137.131 Y98.099
G1 F1500 X143.758 Y104.726 E1020.42185
G0 F9000 X143.758 Y105.291
G1 F1500 X136.565 Y98.099 E1020.76016
G0 F9000 X135.999 Y98.099
G1 F1500 X143.758 Y105.857 E1021.12509
G0 F9000 X143.758 Y106.423
G1 F1500 X135.434 Y98.099 E1021.51663
G0 F9000 X134.868 Y98.099
G1 F1500 X143.758 Y106.988 E1021.93476
G0 F9000 X143.758 Y107.554
G1 F1500 X134.302 Y98.099 E1022.37952
G0 F9000 X133.737 Y98.099
G1 F1500 X143.758 Y108.12 E1022.85088
G0 F9000 X143.758 Y108.685
G1 F1500 X133.171 Y98.099 E1023.34884
G0 F9000 X132.605 Y98.099
G1 F1500 X143.758 Y109.251 E1023.87342
G0 F9000 X143.758 Y109.817
G1 F1500 X132.04 Y98.099 E1024.42459
G0 F9000 X131.474 Y98.099
G1 F1500 X143.758 Y110.382 E1025.00237
G0 F9000 X143.758 Y110.948
G1 F1500 X130.908 Y98.099 E1025.60677
G0 F9000 X130.343 Y98.099
G1 F1500 X143.758 Y111.514 E1026.23777
G0 F9000 X143.758 Y112.079
G1 F1500 X129.777 Y98.099 E1026.89537
G0 F9000 X129.211 Y98.099
G1 F1500 X143.758 Y112.645 E1027.5796
G0 F9000 X143.758 Y113.211
G1 F1500 X128.646 Y98.099 E1028.29042
G0 F9000 X128.08 Y98.099
G1 F1500 X143.758 Y113.777 E1029.02786
G0 F9000 X143.758 Y114.342
G1 F1500 X127.514 Y98.099 E1029.79191
G0 F9000 X126.949 Y98.099
G1 F1500 X143.758 Y114.908 E1030.58255
G0 F9000 X143.758 Y115.474
G1 F1500 X126.383 Y98.099 E1031.39982
G0 F9000 X125.817 Y98.099
G1 F1500 X143.758 Y116.039 E1032.24369
G0 F9000 X143.758 Y116.605
G1 F1500 X125.251 Y98.099 E1033.11417
G0 F9000 X124.686 Y98.099
G1 F1500 X143.758 Y117.171 E1034.01126
G0 F9000 X143.758 Y117.736
G1 F1500 X124.12 Y98.099 E1034.93495
G0 F9000 X123.554 Y98.099
G1 F1500 X143.758 Y118.302 E1035.88526
G0 F9000 X143.758 Y118.868
G1 F1500 X122.989 Y98.099 E1036.86217
G0 F9000 X122.423 Y98.099
G1 F1500 X143.758 Y119.433 E1037.86568
G0 F9000 X143.758 Y119.999
G1 F1500 X121.857 Y98.099 E1038.89581
G0 F9000 X121.292 Y98.099
G1 F1500 X143.758 Y120.565 E1039.95254
G0 F9000 X143.758 Y121.13
G1 F1500 X120.726 Y98.099 E1041.03588
G0 F9000 X120.16 Y98.099
G1 F1500 X143.758 Y121.696 E1042.14583
G0 F9000 X143.758 Y122.262
G1 F1500 X119.595 Y98.099 E1043.28238
G0 F9000 X119.029 Y98.099
G1 F1500 X143.758 Y122.827 E1044.44554
G0 F9000 X143.758 Y123.393
G1 F1500 X118.463 Y98.099 E1045.63531
G0 F9000 X117.898 Y98.099
G1 F1500 X143.758 Y123.959 E1046.85169
G0 F9000 X143.758 Y124.525
G1 F1500 X117.332 Y98.099 E1048.09469
G0 F9000 X116.766 Y98.099
G1 F1500 X143.758 Y125.09 E1049.36428
G0 F9000 X143.758 Y125.656
G1 F1500 X116.2 Y98.099 E1050.6605
G0 F9000 X115.635 Y98.099
G1 F1500 X143.758 Y126.222 E1051.98332
G0 F9000 X143.758 Y126.787
G1 F1500 X115.069 Y98.099 E1053.33274
G0 F9000 X114.503 Y98.099
G1 F1500 X143.758 Y127.353 E1054.70878
G0 F9000 X143.758 Y127.919
G1 F1500 X113.938 Y98.099 E1056.11142
G0 F9000 X113.372 Y98.099
G1 F1500 X143.758 Y128.484 E1057.54067
G0 F9000 X143.758 Y129.05
G1 F1500 X112.806 Y98.099 E1058.99653
G0 F9000 X112.241 Y98.099
G1 F1500 X143.758 Y129.616 E1060.47899
G0 F9000 X143.758 Y130.181
G1 F1500 X111.675 Y98.099 E1061.98805
G0 F9000 X111.109 Y98.099
G1 F1500 X143.758 Y130.747 E1063.52374
G0 F9000 X143.758 Y131.313
G1 F1500 X110.544 Y98.099 E1065.08602
G0 F9000 X109.978 Y98.099
G1 F1500 X143.758 Y131.878 E1066.67491
G0 F9000 X143.758 Y132.444
G1 F1500 X109.412 Y98.099 E1068.29042
G0 F9000 X108.847 Y98.099
G1 F1500 X143.758 Y133.01 E1069.93252
G0 F9000 X143.758 Y133.576
G1 F1500 X108.281 Y98.099 E1071.60125
G0 F9000 X107.715 Y98.099
G1 F1500 X143.758 Y134.141 E1073.29658
G0 F9000 X143.758 Y134.707
G1 F1500 X107.15 Y98.099 E1075.01851
G0 F9000 X106.584 Y98.099
G1 F1500 X143.758 Y135.273 E1076.76706
G0 F9000 X144.036 Y135.551
G1 F1500 X145.385 Y136.9 E1076.83051
G0 F9000 X145.951 Y136.9
G1 F1500 X144.602 Y135.551 E1076.89397
G0 F9000 X145.168 Y135.551
G1 F1500 X146.516 Y136.9 E1076.95739
G0 F9000 X147.082 Y136.9
G1 F1500 X145.734 Y135.551 E1077.02082
G0 F9000 X146.299 Y135.551
G1 F1500 X147.648 Y136.9 E1077.08428
G0 F9000 X148.213 Y136.9
G1 F1500 X146.865 Y135.551 E1077.14771
G0 F9000 X147.431 Y135.551
G1 F1500 X148.779 Y136.9 E1077.21114
G0 F9000 X149.345 Y136.9
G1 F1500 X147.996 Y135.551 E1077.27459
G0 F9000 X148.562 Y135.551
G1 F1500 X149.419 Y136.408 E1077.3149
G0 F9000 X149.419 Y135.842
G1 F1500 X149.128 Y135.551 E1077.32859
G0 F9000 X149.128 Y135.112
G0 X149.798 Y135.184
G0 X149.798 Y137.279
G0 X144.819 Y137.351
G0 X144.819 Y136.9
G1 F1500 X106.018 Y98.099 E1079.15367
G0 F9000 X105.452 Y98.099
G1 F1500 X144.254 Y136.9 E1080.97877
G0 F9000 X143.688 Y136.9
G1 F1500 X104.887 Y98.099 E1082.80385
G0 F9000 X104.321 Y98.099
G1 F1500 X143.122 Y136.9 E1084.62893
G0 F9000 X142.556 Y136.9
G1 F1500 X103.755 Y98.099 E1086.45401
G0 F9000 X103.19 Y98.099
G1 F1500 X141.991 Y136.9 E1088.27909
G0 F9000 X141.425 Y136.9
G1 F1500 X102.624 Y98.099 E1090.10417
G0 F9000 X102.058 Y98.099
G1 F1500 X140.859 Y136.9 E1091.92925
G0 F9000 X140.294 Y136.9
G1 F1500 X101.493 Y98.099 E1093.75433
G0 F9000 X100.927 Y98.099
G1 F1500 X139.728 Y136.9 E1095.57941
G0 F9000 X139.162 Y136.9
G1 F1500 X100.361 Y98.099 E1097.40449
G0 F9000 X99.796 Y98.099
G1 F1500 X138.597 Y136.9 E1099.22957
G0 F9000 X138.031 Y136.9
G1 F1500 X99.23 Y98.099 E1101.05465
G0 F9000 X98.664 Y98.099
G1 F1500 X137.465 Y136.9 E1102.87973
G0 F9000 X136.9 Y136.9
G1 F1500 X98.099 Y98.099 E1104.70481
G0 F9000 X97.533 Y98.099
G1 F1500 X136.334 Y136.9 E1106.52989
G0 F9000 X135.768 Y136.9
G1 F1500 X96.967 Y98.099 E1108.35497
G0 F9000 X96.401 Y98.099
G1 F1500 X135.203 Y136.9 E1110.18007
G0 F9000 X134.637 Y136.9
G1 F1500 X95.836 Y98.099 E1112.00516
G0 F9000 X95.27 Y98.099
G1 F1500 X134.071 Y136.9 E1113.83024
G0 F9000 X133.506 Y136.9
G1 F1500 X94.704 Y98.099 E1115.65534
G0 F9000 X94.139 Y98.099
G1 F1500 X132.94 Y136.9 E1117.48042
G0 F9000 X132.374 Y136.9
G1 F1500 X93.573 Y98.099 E1119.3055
G0 F9000 X93.007 Y98.099
G1 F1500 X131.808 Y136.9 E1121.13058
G0 F9000 X131.243 Y136.9
G1 F1500 X92.442 Y98.099 E1122.95566
G0 F9000 X91.876 Y98.099
G1 F1500 X130.677 Y136.9 E1124.78074
G0 F9000 X130.111 Y136.9
G1 F1500 X91.31 Y98.099 E1126.60582
G0 F9000 X90.745 Y98.099
G1 F1500 X129.546 Y136.9 E1128.4309
G0 F9000 X128.98 Y136.9
G1 F1500 X90.179 Y98.099 E1130.25598
G0 F9000 X89.613 Y98.099
G1 F1500 X90.962 Y99.447 E1130.31941
G0 F9000 X91.24 Y99.726
G1 F1500 X128.414 Y136.9 E1132.06796
G0 F9000 X127.849 Y136.9
G1 F1500 X91.24 Y100.291 E1133.78993
G0 F9000 X91.24 Y100.857
G1 F1500 X127.283 Y136.9 E1135.48529
G0 F9000 X126.717 Y136.9
G1 F1500 X91.24 Y101.423 E1137.15402
G0 F9000 X91.24 Y101.988
G1 F1500 X126.152 Y136.9 E1138.79617
G0 F9000 X125.586 Y136.9
G1 F1500 X91.24 Y102.554 E1140.4117
G0 F9000 X91.24 Y103.12
G1 F1500 X125.02 Y136.9 E1142.00061
G0 F9000 X124.455 Y136.9
G1 F1500 X91.24 Y103.685 E1143.56294
G0 F9000 X91.24 Y104.251
G1 F1500 X123.889 Y136.9 E1145.09865
G0 F9000 X123.323 Y136.9
G1 F1500 X91.24 Y104.817 E1146.60773
G0 F9000 X91.24 Y105.382
G1 F1500 X122.757 Y136.9 E1148.09022
G0 F9000 X122.192 Y136.9
G1 F1500 X91.24 Y105.948 E1149.54611
G0 F9000 X91.24 Y106.514
G1 F1500 X121.626 Y136.9 E1150.97537
G0 F9000 X121.06 Y136.9
G1 F1500 X91.24 Y107.08 E1152.37801
G0 F9000 X91.24 Y107.645
G1 F1500 X120.495 Y136.9 E1153.75408
G0 F9000 X119.929 Y136.9
G1 F1500 X91.24 Y108.211 E1155.10352
G0 F9000 X91.24 Y108.777
G1 F1500 X119.363 Y136.9 E1156.42634
G0 F9000 X118.798 Y136.9
G1 F1500 X91.24 Y109.342 E1157.72259
G0 F9000 X91.24 Y109.908
G1 F1500 X118.232 Y136.9 E1158.99221
G0 F9000 X117.666 Y136.9
G1 F1500 X91.24 Y110.474 E1160.2352
G0 F9000 X91.24 Y111.039
G1 F1500 X117.101 Y136.9 E1161.45163
G0 F9000 X116.535 Y136.9
G1 F1500 X91.24 Y111.605 E1162.64143
G0 F9000 X91.24 Y112.171
G1 F1500 X115.969 Y136.9 E1163.8046
G0 F9000 X115.404 Y136.9
G1 F1500 X91.24 Y112.736 E1164.9412
G0 F9000 X91.24 Y113.302
G1 F1500 X114.838 Y136.9 E1166.05118
G0 F9000 X114.272 Y136.9
G1 F1500 X91.24 Y113.868 E1167.13453
G0 F9000 X91.24 Y114.433
G1 F1500 X113.707 Y136.9 E1168.19131
G0 F9000 X113.141 Y136.9
G1 F1500 X91.24 Y114.999 E1169.22147
G0 F9000 X91.24 Y115.565
G1 F1500 X112.575 Y136.9 E1170.225
G0 F9000 X112.009 Y136.9
G1 F1500 X91.24 Y116.13 E1171.20194
G0 F9000 X91.24 Y116.696
G1 F1500 X111.444 Y136.9 E1172.15227
G0 F9000 X110.878 Y136.9
G1 F1500 X91.24 Y117.262 E1173.07598
G0 F9000 X91.24 Y117.828
G1 F1500 X110.312 Y136.9 E1173.97307
G0 F9000 X109.747 Y136.9
G1 F1500 X91.24 Y118.393 E1174.84358
G0 F9000 X91.24 Y118.959
G1 F1500 X109.181 Y136.9 E1175.68747
G0 F9000 X108.615 Y136.9
G1 F1500 X91.24 Y119.525 E1176.50474
G0 F9000 X91.24 Y120.09
G1 F1500 X108.05 Y136.9 E1177.29543
G0 F9000 X107.484 Y136.9
G1 F1500 X91.24 Y120.656 E1178.0595
G0 F9000 X91.24 Y121.222
G1 F1500 X106.918 Y136.9 E1178.79694
G0 F9000 X106.353 Y136.9
G1 F1500 X91.24 Y121.787 E1179.50781
G0 F9000 X91.24 Y122.353
G1 F1500 X105.787 Y136.9 E1180.19206
G0 F9000 X105.221 Y136.9
G1 F1500 X91.24 Y122.919 E1180.84968
G0 F9000 X91.24 Y123.484
G1 F1500 X104.656 Y136.9 E1181.48073
G0 F9000 X104.09 Y136.9
G1 F1500 X91.24 Y124.05 E1182.08515
G0 F9000 X91.24 Y124.616
G1 F1500 X103.524 Y136.9 E1182.66296
G0 F9000 X102.958 Y136.9
G1 F1500 X91.24 Y125.181 E1183.21416
G0 F9000 X91.24 Y125.747
G1 F1500 X102.393 Y136.9 E1183.73876
G0 F9000 X101.827 Y136.9
G1 F1500 X91.24 Y126.313 E1184.23674
G0 F9000 X91.24 Y126.878
G1 F1500 X101.261 Y136.9 E1184.70812
G0 F9000 X100.696 Y136.9
G1 F1500 X91.24 Y127.444 E1185.1529
G0 F9000 X91.24 Y128.01
G1 F1500 X100.13 Y136.9 E1185.57106
G0 F9000 X99.564 Y136.9
G1 F1500 X91.24 Y128.576 E1185.9626
G0 F9000 X91.24 Y129.141
G1 F1500 X98.999 Y136.9 E1186.32756
G0 F9000 X98.433 Y136.9
G1 F1500 X91.24 Y129.707 E1186.66589
G0 F9000 X91.24 Y130.273
G1 F1500 X97.867 Y136.9 E1186.97761
G0 F9000 X97.302 Y136.9
G1 F1500 X91.24 Y130.838 E1187.26274
G0 F9000 X91.24 Y131.404
G1 F1500 X96.736 Y136.9 E1187.52126
G0 F9000 X96.17 Y136.9
G1 F1500 X91.24 Y131.97 E1187.75315
G0 F9000 X91.24 Y132.535
G1 F1500 X95.605 Y136.9 E1187.95847
G0 F9000 X95.039 Y136.9
G1 F1500 X91.24 Y133.101 E1188.13716
G0 F9000 X91.24 Y133.667
G1 F1500 X94.473 Y136.9 E1188.28923
G0 F9000 X93.908 Y136.9
G1 F1500 X91.24 Y134.232 E1188.41473
G0 F9000 X91.24 Y134.798
G1 F1500 X93.342 Y136.9 E1188.5136
G0 F9000 X92.776 Y136.9
G1 F1500 X91.24 Y135.364 E1188.58585
G0 F9000 X90.861 Y135.55
G1 F1500 X92.21 Y136.9 E1188.64932
G0 F9000 X91.645 Y136.9
G1 F1500 X90.296 Y135.55 E1188.7128
G0 F9000 X89.73 Y135.55
G1 F1500 X91.079 Y136.9 E1188.77628
G0 F9000 X90.513 Y136.9
G1 F1500 X89.164 Y135.55 E1188.83975
G0 F9000 X88.599 Y135.55
G1 F1500 X89.948 Y136.9 E1188.90323
G0 F9000 X89.382 Y136.9
G1 F1500 X88.033 Y135.55 E1188.9667
G0 F9000 X87.467 Y135.55
G1 F1500 X88.816 Y136.9 E1189.03018
G0 F9000 X88.251 Y136.9
G1 F1500 X86.902 Y135.55 E1189.09366
G0 F9000 X86.336 Y135.55
G1 F1500 X87.685 Y136.9 E1189.15713
G0 F9000 X87.119 Y136.9
G1 F1500 X85.77 Y135.55 E1189.22061
G0 F9000 X85.579 Y135.925
G1 F1500 X86.554 Y136.9 E1189.26647
G0 F9000 X85.988 Y136.9
G1 F1500 X85.579 Y136.491 E1189.28571
G1 F2700 E1184.28571
G0 F9000 X85.13 Y136.491
G0 X85.602 Y100.17
G0 X85.871 Y99.888
G1 F2700 E1189.28571
G0 F9000 X85.871 Y99.447
G1 F1500 X85.579 Y99.156 E1189.29942
G0 F9000 X85.579 Y98.59
G1 F1500 X86.436 Y99.447 E1189.33973
G0 F9000 X87.002 Y99.447
G1 F1500 X85.653 Y98.099 E1189.40316
G0 F9000 X86.219 Y98.099
G1 F1500 X87.568 Y99.447 E1189.46659
G0 F9000 X88.133 Y99.447
G1 F1500 X86.785 Y98.099 E1189.53
G0 F9000 X87.351 Y98.099
G1 F1500 X88.699 Y99.447 E1189.5934
G0 F9000 X89.265 Y99.447
G1 F1500 X87.916 Y98.099 E1189.65683
G0 F9000 X88.482 Y98.099
G1 F1500 X89.83 Y99.447 E1189.72024
G0 F9000 X90.396 Y99.447
G1 F1500 X89.048 Y98.099 E1189.78364
G0 F9000 X89.048 Y97.349
G1 F2700 E1184.78364
;MESH:NONMESH
G0 F300 X89.048 Y97.349 Z1.6
G0 F9000 X149.798 Y97.721
G0 X149.798 Y99.816
G0 X144.127 Y99.816
G0 X144.309 Y135.002
;TIME_ELAPSED:1650.484672
;LAYER:7
;TYPE:WALL-INNER
;MESH:2inch-tft-holder.obj
G1 F2700 E1189.78364
G1 F1500 X149.57 Y135.002 E1189.95862
G1 X149.57 Y99.998 E1191.12286
G1 X144.309 Y99.998 E1191.29784
G1 X144.309 Y135.002 E1192.46208
G0 F9000 X144.709 Y134.602
;TYPE:WALL-OUTER
G1 F1500 X149.17 Y134.602 E1192.61045
G1 X149.17 Y100.398 E1193.74808
G1 X144.709 Y100.398 E1193.89646
G1 X144.709 Y134.602 E1195.03409
G1 F2700 E1190.03409
G0 F9000 X144.409 Y134.602
G0 X144.127 Y135.184
G0 X149.798 Y135.184
G0 X149.798 Y137.279
G0 X85.202 Y137.279
G0 X85.202 Y135.184
G0 X90.691 Y135.002
;TYPE:WALL-INNER
G1 F2700 E1195.03409
G1 F1500 X90.691 Y99.998 E1196.19832
G1 X85.43 Y99.998 E1196.37331
G1 X85.43 Y135.002 E1197.53754
G1 X90.691 Y135.002 E1197.71253
G0 F9000 X90.291 Y134.602
;TYPE:WALL-OUTER
G1 F1500 X90.291 Y100.398 E1198.85016
G1 X85.83 Y100.398 E1198.99853
G1 X85.83 Y134.602 E1200.13616
G1 X90.291 Y134.602 E1200.28453
G1 F2700 E1195.28453
G0 F9000 X90.591 Y134.602
G0 X90.873 Y135.184
G0 X85.202 Y135.184
G0 X85.202 Y137.279
G0 X150.4 Y137.9
;TYPE:WALL-INNER
G1 F2700 E1200.28453
G1 F1500 X84.6 Y137.9 E1202.47305
G1 X84.6 Y97.1 E1203.83006
G1 X150.4 Y97.1 E1206.01858
G1 X150.4 Y137.9 E1207.37559
G0 F9000 X150.8 Y138.3
;TYPE:WALL-OUTER
G1 F1500 X84.2 Y138.3 E1209.59072
G1 X84.2 Y96.7 E1210.97434
G1 X150.8 Y96.7 E1213.18946
G1 X150.8 Y138.3 E1214.57309
G0 F9000 X150.53 Y138.03
G0 X148.153 Y137.82
;TYPE:FILL
G1 F3000 X148.338 Y137.13 E1214.59685
G0 F9000 X147.904 Y137.819
G1 F3000 X147.215 Y137.13 E1214.62925
G0 F9000 X147.215 Y137.351
G0 X149.798 Y137.279
G0 X149.798 Y135.184
G0 X149.649 Y134.902
G1 F3000 X150.318 Y134.723 E1214.65229
G0 F9000 X149.649 Y132.238
G1 F3000 X150.319 Y129.737 E1214.7384
G0 F9000 X150.319 Y128.511
G1 F3000 X149.649 Y128.69 E1214.76147
G0 F9000 X149.649 Y131.079
G1 F3000 X150.318 Y131.748 E1214.79294
G0 F9000 X150.318 Y123.263
G1 F3000 X149.649 Y122.593 E1214.82443
G1 X149.65 Y122.479
G1 X150.318 Y122.299 E1214.84744
G0 F9000 X149.649 Y116.267
G1 F3000 X150.318 Y116.088 E1214.87047
G0 F9000 X150.318 Y114.778
G1 F3000 X149.649 Y114.108 E1214.90196
G0 F9000 X149.649 Y110.055
G1 F3000 X150.318 Y109.876 E1214.925
G0 F9000 X149.649 Y109.054
G1 F3000 X150.319 Y106.553 E1215.01112
G0 F9000 X150.318 Y106.292
G1 F3000 X149.649 Y105.623 E1215.04258
G0 F9000 X149.65 Y103.844
G1 F3000 X150.318 Y103.665 E1215.06558
G0 F9000 X150.318 Y97.807
G1 F3000 X149.69 Y97.179 E1215.09512
G0 F9000 X150.318 Y97.453
G1 F3000 X148.768 Y97.868 E1215.14849
G0 F9000 X148.768 Y97.649
G0 X146.62 Y97.178
G1 F3000 X146.435 Y97.868 E1215.17225
G0 F9000 X146.435 Y97.649
G0 X141.894 Y97.649
G0 X141.894 Y97.868
G1 F3000 X141.205 Y97.179 E1215.20466
G0 F9000 X140.408 Y97.178
G1 F3000 X140.223 Y97.868 E1215.22842
G0 F9000 X140.223 Y97.649
G0 X134.196 Y97.179
G1 F3000 X134.012 Y97.868 E1215.25214
G0 F9000 X133.409 Y97.868
G1 F3000 X132.72 Y97.179 E1215.28455
G0 F9000 X128.157 Y97.179
G1 F3000 X125.585 Y97.868 E1215.37311
G0 F9000 X124.923 Y97.868
G1 F3000 X124.235 Y97.179 E1215.4055
G0 F9000 X121.773 Y97.178
G1 F3000 X121.588 Y97.868 E1215.42926
G0 F9000 X121.588 Y97.649
G0 X116.438 Y97.649
G0 X116.438 Y97.868
G1 F3000 X115.749 Y97.179 E1215.46166
G1 X115.561 Y97.178
G1 X115.377 Y97.868 E1215.48542
G0 F9000 X115.377 Y97.649
G0 X109.35 Y97.178
G1 F3000 X109.165 Y97.868 E1215.50918
G0 F9000 X109.165 Y97.649
G0 X107.953 Y97.649
G0 X107.953 Y97.868
G1 F3000 X107.264 Y97.179 E1215.54158
G0 F9000 X104.975 Y97.179
G1 F3000 X102.403 Y97.868 E1215.63015
G0 F9000 X102.953 Y97.868
G1 F3000 X103.138 Y97.178 E1215.65391
G0 F9000 X99.468 Y97.649
G0 X99.468 Y97.868
G1 F3000 X98.779 Y97.179 E1215.68631
G0 F9000 X96.926 Y97.178
G1 F3000 X96.742 Y97.868 E1215.71007
G0 F9000 X96.742 Y97.649
G0 X90.982 Y97.649
G0 X90.982 Y97.868
G1 F3000 X90.294 Y97.179 E1215.74245
G0 F9000 X90.715 Y97.178
G1 F3000 X90.53 Y97.868 E1215.76621
G0 F9000 X90.53 Y97.649
G0 X85.202 Y97.721
G0 X85.202 Y99.606
G0 X85.349 Y100.72
G1 F3000 X84.68 Y100.051 E1215.79768
G0 F9000 X85.349 Y102.438
G1 F3000 X84.679 Y102.617 E1215.82074
G0 F9000 X84.68 Y108.536
G1 F3000 X85.349 Y109.206 E1215.85224
G0 F9000 X85.348 Y108.65
G1 F3000 X84.679 Y108.829 E1215.87527
G0 F9000 X85.348 Y114.861
G1 F3000 X84.68 Y115.041 E1215.89828
G0 F9000 X84.68 Y117.021
G1 F3000 X85.349 Y117.691 E1215.92977
G0 F9000 X85.349 Y117.203
G1 F3000 X84.679 Y119.703 E1216.01586
G0 F9000 X85.349 Y121.073
G1 F3000 X84.679 Y121.252 E1216.03892
G0 F9000 X84.68 Y125.507
G1 F3000 X85.349 Y126.176 E1216.07039
G0 F9000 X85.349 Y127.285
G1 F3000 X84.679 Y127.464 E1216.09345
G0 F9000 X85.348 Y133.496
G1 F3000 X84.68 Y133.676 E1216.11646
G0 F9000 X84.68 Y133.992
G1 F3000 X85.349 Y134.662 E1216.14796
G0 F9000 X85.202 Y135.184
G0 X85.202 Y137.279
G0 X86.221 Y137.351
G0 X86.221 Y137.13
G1 F3000 X86.037 Y137.82 E1216.17171
G0 F9000 X87.818 Y137.351
G0 X87.818 Y137.13
G1 F3000 X88.507 Y137.819 E1216.20412
G0 F9000 X92.248 Y137.819
G1 F3000 X92.433 Y137.13 E1216.22784
G0 F9000 X92.398 Y137.819
G1 F3000 X94.97 Y137.13 E1216.31641
G0 F9000 X94.97 Y137.351
G0 X96.303 Y137.351
G0 X96.303 Y137.13
G1 F3000 X96.992 Y137.819 E1216.34881
G0 F9000 X98.46 Y137.82
G1 F3000 X98.645 Y137.129 E1216.37261
G0 F9000 X98.645 Y137.351
G0 X104.672 Y137.82
G1 F3000 X104.856 Y137.13 E1216.39636
G1 X104.788 Y137.13
G1 X105.477 Y137.819 E1216.42877
G0 F9000 X110.883 Y137.819
G1 F3000 X111.068 Y137.13 E1216.45249
G0 F9000 X111.068 Y137.351
G0 X113.274 Y137.351
G0 X113.274 Y137.13
G1 F3000 X113.962 Y137.819 E1216.48488
G0 F9000 X115.58 Y137.819
G1 F3000 X118.152 Y137.13 E1216.57344
G0 F9000 X117.28 Y137.129
G1 F3000 X117.095 Y137.82 E1216.59723
G0 F9000 X121.759 Y137.351
G0 X121.759 Y137.13
G1 F3000 X122.448 Y137.819 E1216.62964
G0 F9000 X123.307 Y137.82
G1 F3000 X123.492 Y137.129 E1216.65343
G0 F9000 X123.492 Y137.351
G0 X129.518 Y137.82
G1 F3000 X129.703 Y137.13 E1216.67719
G0 F9000 X130.244 Y137.13
G1 F3000 X130.933 Y137.819 E1216.7096
G0 F9000 X135.73 Y137.819
G1 F3000 X135.915 Y137.13 E1216.73333
G0 F9000 X135.915 Y137.351
G0 X138.73 Y137.351
G0 X138.73 Y137.13
G1 F3000 X139.418 Y137.819 E1216.76571
G0 F9000 X138.762 Y137.819
G1 F3000 X141.334 Y137.13 E1216.85428
G0 F9000 X142.127 Y137.129
G1 F3000 X141.942 Y137.82 E1216.87807
G1 F2700 E1211.87807
G0 F9000 X149.798 Y137.279
G0 X149.798 Y97.721
G0 X127.8 Y97.649
G1 F2700 E1216.87807
G0 F9000 X127.8 Y97.868
G1 F3000 X127.985 Y97.178 E1216.90183
G0 F9000 X149.798 Y97.721
G0 X149.798 Y99.816
G0 X144.169 Y99.858
G0 X143.919 Y99.608
;TYPE:SKIN
G1 F1500 X143.919 Y135.392 E1218.09201
G1 X149.58 Y135.392 E1218.28029
G1 X149.58 Y137.061 E1218.33581
G1 X85.42 Y137.061 E1220.46978
G1 X85.42 Y135.392 E1220.52529
G1 X91.081 Y135.392 E1220.71357
G1 X91.081 Y99.608 E1221.90375
G1 X85.42 Y99.608 E1222.09204
G1 X85.42 Y97.939 E1222.14755
G1 X149.58 Y97.939 E1224.28152
G1 X149.58 Y99.608 E1224.33703
G1 X143.919 Y99.608 E1224.52532
G1 F2700 E1219.52532
G0 F9000 X144.169 Y99.858
G0 X144.481 Y134.83
G0 X149.798 Y135.184
G0 X149.798 Y137.279
G0 X149.336 Y137.351
G1 F2700 E1224.52532
G0 F9000 X149.336 Y136.9
G1 F1500 X149.419 Y136.817 E1224.52922
G0 F9000 X149.419 Y136.251
G1 F1500 X148.77 Y136.9 E1224.55975
G0 F9000 X148.204 Y136.9
G1 F1500 X149.419 Y135.686 E1224.61687
G0 F9000 X148.988 Y135.551
G1 F1500 X147.638 Y136.9 E1224.68035
G0 F9000 X147.073 Y136.9
G1 F1500 X148.422 Y135.551 E1224.7438
G0 F9000 X147.856 Y135.551
G1 F1500 X146.507 Y136.9 E1224.80726
G0 F9000 X145.941 Y136.9
G1 F1500 X147.291 Y135.551 E1224.87073
G0 F9000 X146.725 Y135.551
G1 F1500 X145.376 Y136.9 E1224.93419
G0 F9000 X144.81 Y136.9
G1 F1500 X146.159 Y135.551 E1224.99764
G0 F9000 X145.593 Y135.551
G1 F1500 X144.244 Y136.9 E1225.06109
G0 F9000 X143.679 Y136.9
G1 F1500 X145.028 Y135.551 E1225.12454
G0 F9000 X144.462 Y135.551
G1 F1500 X143.113 Y136.9 E1225.188
G0 F9000 X142.547 Y136.9
G1 F1500 X143.896 Y135.551 E1225.25145
G0 F9000 X143.758 Y135.124
G1 F1500 X141.982 Y136.9 E1225.33499
G0 F9000 X141.416 Y136.9
G1 F1500 X143.758 Y134.558 E1225.44515
G0 F9000 X143.758 Y133.993
G1 F1500 X140.85 Y136.9 E1225.58191
G0 F9000 X140.285 Y136.9
G1 F1500 X143.758 Y133.427 E1225.74527
G0 F9000 X143.758 Y132.861
G1 F1500 X139.719 Y136.9 E1225.93525
G0 F9000 X139.153 Y136.9
G1 F1500 X143.758 Y132.296 E1226.15183
G0 F9000 X143.758 Y131.73
G1 F1500 X138.587 Y136.9 E1226.39503
G0 F9000 X138.022 Y136.9
G1 F1500 X143.758 Y131.164 E1226.66484
G0 F9000 X143.758 Y130.599
G1 F1500 X137.456 Y136.9 E1226.96124
G0 F9000 X136.89 Y136.9
G1 F1500 X143.758 Y130.033 E1227.28427
G0 F9000 X143.758 Y129.467
G1 F1500 X136.325 Y136.9 E1227.63389
G0 F9000 X135.759 Y136.9
G1 F1500 X143.758 Y128.902 E1228.01012
G0 F9000 X143.758 Y128.336
G1 F1500 X135.193 Y136.9 E1228.41297
G0 F9000 X134.628 Y136.9
G1 F1500 X143.758 Y127.77 E1228.84241
G0 F9000 X143.758 Y127.204
G1 F1500 X134.062 Y136.9 E1229.29848
G0 F9000 X133.496 Y136.9
G1 F1500 X143.758 Y126.639 E1229.78115
G0 F9000 X143.758 Y126.073
G1 F1500 X132.931 Y136.9 E1230.29042
G0 F9000 X132.365 Y136.9
G1 F1500 X143.758 Y125.507 E1230.82631
G0 F9000 X143.758 Y124.942
G1 F1500 X131.799 Y136.9 E1231.38881
G0 F9000 X131.234 Y136.9
G1 F1500 X143.758 Y124.376 E1231.9779
G0 F9000 X143.758 Y123.81
G1 F1500 X130.668 Y136.9 E1232.59361
G0 F9000 X130.102 Y136.9
G1 F1500 X143.758 Y123.245 E1233.23592
G0 F9000 X143.758 Y122.679
G1 F1500 X129.537 Y136.9 E1233.90483
G0 F9000 X128.971 Y136.9
G1 F1500 X143.758 Y122.113 E1234.60037
G0 F9000 X143.758 Y121.548
G1 F1500 X128.405 Y136.9 E1235.3225
G0 F9000 X127.839 Y136.9
G1 F1500 X143.758 Y120.982 E1236.07126
G0 F9000 X143.758 Y120.416
G1 F1500 X127.274 Y136.9 E1236.84662
G0 F9000 X126.708 Y136.9
G1 F1500 X143.758 Y119.851 E1237.64857
G0 F9000 X143.758 Y119.285
G1 F1500 X126.142 Y136.9 E1238.47715
G0 F9000 X125.577 Y136.9
G1 F1500 X143.758 Y118.719 E1239.33233
G0 F9000 X143.758 Y118.154
G1 F1500 X125.011 Y136.9 E1240.21411
G0 F9000 X124.445 Y136.9
G1 F1500 X143.758 Y117.588 E1241.12251
G0 F9000 X143.758 Y117.022
G1 F1500 X123.88 Y136.9 E1242.05751
G0 F9000 X123.314 Y136.9
G1 F1500 X143.758 Y116.456 E1243.01913
G0 F9000 X143.758 Y115.891
G1 F1500 X122.748 Y136.9 E1244.00736
G0 F9000 X122.183 Y136.9
G1 F1500 X143.758 Y115.325 E1245.02218
G0 F9000 X143.758 Y114.759
G1 F1500 X121.617 Y136.9 E1246.06362
G0 F9000 X121.051 Y136.9
G1 F1500 X143.758 Y114.194 E1247.13167
G0 F9000 X143.758 Y113.628
G1 F1500 X120.486 Y136.9 E1248.22631
G0 F9000 X119.92 Y136.9
G1 F1500 X143.758 Y113.062 E1249.34758
G0 F9000 X143.758 Y112.497
G1 F1500 X119.354 Y136.9 E1250.49544
G0 F9000 X118.788 Y136.9
G1 F1500 X143.758 Y111.931 E1251.66993
G0 F9000 X143.758 Y111.365
G1 F1500 X118.223 Y136.9 E1252.87102
G0 F9000 X117.657 Y136.9
G1 F1500 X143.758 Y110.8 E1254.09871
G0 F9000 X143.758 Y110.234
G1 F1500 X117.091 Y136.9 E1255.35302
G0 F9000 X116.526 Y136.9
G1 F1500 X143.758 Y109.668 E1256.63393
G0 F9000 X143.758 Y109.103
G1 F1500 X115.96 Y136.9 E1257.94144
G0 F9000 X115.394 Y136.9
G1 F1500 X143.758 Y108.537 E1259.27557
G0 F9000 X143.758 Y107.971
G1 F1500 X114.829 Y136.9 E1260.6363
G0 F9000 X114.263 Y136.9
G1 F1500 X143.758 Y107.405 E1262.02365
G0 F9000 X143.758 Y106.84
G1 F1500 X113.697 Y136.9 E1263.43761
G0 F9000 X113.132 Y136.9
G1 F1500 X143.758 Y106.274 E1264.87816
G0 F9000 X143.758 Y105.708
G1 F1500 X112.566 Y136.9 E1266.34534
G0 F9000 X112 Y136.9
G1 F1500 X143.758 Y105.143 E1267.83911
G0 F9000 X143.758 Y104.577
G1 F1500 X111.435 Y136.9 E1269.35949
G0 F9000 X110.869 Y136.9
G1 F1500 X143.758 Y104.011 E1270.90649
G0 F9000 X143.758 Y103.446
G1 F1500 X110.303 Y136.9 E1272.48008
G0 F9000 X109.738 Y136.9
G1 F1500 X143.758 Y102.88 E1274.08028
G0 F9000 X143.758 Y102.314
G1 F1500 X109.172 Y136.9 E1275.7071
G0 F9000 X108.606 Y136.9
G1 F1500 X143.758 Y101.749 E1277.36052
G0 F9000 X143.758 Y101.183
G1 F1500 X108.04 Y136.9 E1279.04056
G0 F9000 X107.475 Y136.9
G1 F1500 X143.758 Y100.617 E1280.7472
G0 F9000 X143.758 Y100.052
G1 F1500 X106.909 Y136.9 E1282.48044
G0 F9000 X106.343 Y136.9
G1 F1500 X143.758 Y99.486 E1284.2403
G1 X143.796 Y99.448
G1 X145.146 Y98.098 E1284.3038
G0 F9000 X144.58 Y98.098
G1 F1500 X105.778 Y136.9 E1286.12893
G0 F9000 X105.212 Y136.9
G1 F1500 X144.015 Y98.098 E1287.95408
G0 F9000 X143.449 Y98.098
G1 F1500 X104.646 Y136.9 E1289.77923
G0 F9000 X104.081 Y136.9
G1 F1500 X142.883 Y98.098 E1291.60436
G0 F9000 X142.317 Y98.098
G1 F1500 X103.515 Y136.9 E1293.42949
G0 F9000 X102.949 Y136.9
G1 F1500 X141.752 Y98.098 E1295.25464
G0 F9000 X141.186 Y98.098
G1 F1500 X102.384 Y136.9 E1297.07976
G0 F9000 X101.818 Y136.9
G1 F1500 X140.62 Y98.098 E1298.90489
G0 F9000 X140.055 Y98.098
G1 F1500 X101.252 Y136.9 E1300.73004
G0 F9000 X100.687 Y136.9
G1 F1500 X139.489 Y98.098 E1302.55517
G0 F9000 X138.923 Y98.098
G1 F1500 X100.121 Y136.9 E1304.3803
G0 F9000 X99.555 Y136.9
G1 F1500 X138.358 Y98.098 E1306.20545
G0 F9000 X137.792 Y98.098
G1 F1500 X98.989 Y136.9 E1308.0306
G0 F9000 X98.424 Y136.9
G1 F1500 X137.226 Y98.098 E1309.85572
G0 F9000 X136.661 Y98.098
G1 F1500 X97.858 Y136.9 E1311.68087
G0 F9000 X97.292 Y136.9
G1 F1500 X136.095 Y98.098 E1313.50603
G0 F9000 X135.529 Y98.098
G1 F1500 X96.727 Y136.9 E1315.33115
G0 F9000 X96.161 Y136.9
G1 F1500 X134.964 Y98.098 E1317.1563
G0 F9000 X134.398 Y98.098
G1 F1500 X95.595 Y136.9 E1318.98145
G0 F9000 X95.03 Y136.9
G1 F1500 X133.832 Y98.098 E1320.80658
G0 F9000 X133.267 Y98.098
G1 F1500 X94.464 Y136.9 E1322.63173
G0 F9000 X93.898 Y136.9
G1 F1500 X132.701 Y98.098 E1324.45688
G0 F9000 X132.135 Y98.098
G1 F1500 X93.333 Y136.9 E1326.28201
G0 F9000 X92.767 Y136.9
G1 F1500 X131.569 Y98.098 E1328.10714
G0 F9000 X131.004 Y98.098
G1 F1500 X92.201 Y136.9 E1329.93229
G0 F9000 X91.636 Y136.9
G1 F1500 X130.438 Y98.098 E1331.75741
G0 F9000 X129.872 Y98.098
G1 F1500 X91.07 Y136.9 E1333.58254
G0 F9000 X90.504 Y136.9
G1 F1500 X129.307 Y98.098 E1335.40769
G0 F9000 X128.741 Y98.098
G1 F1500 X89.939 Y136.9 E1337.23282
G0 F9000 X89.373 Y136.9
G1 F1500 X90.723 Y135.55 E1337.29632
G0 F9000 X90.157 Y135.55
G1 F1500 X88.807 Y136.9 E1337.35982
G0 F9000 X88.241 Y136.9
G1 F1500 X89.591 Y135.55 E1337.42332
G0 F9000 X89.026 Y135.55
G1 F1500 X87.676 Y136.9 E1337.48682
G0 F9000 X87.11 Y136.9
G1 F1500 X88.46 Y135.55 E1337.55032
G0 F9000 X87.894 Y135.55
G1 F1500 X86.544 Y136.9 E1337.61382
G0 F9000 X85.979 Y136.9
G1 F1500 X87.329 Y135.55 E1337.67732
G0 F9000 X86.763 Y135.55
G1 F1500 X85.579 Y136.734 E1337.73301
G0 F9000 X85.579 Y136.168
G1 F1500 X86.197 Y135.55 E1337.76208
G0 F9000 X86.197 Y135.112
G0 X90.801 Y135.033
G0 X91.24 Y135.033
G1 F1500 X128.175 Y98.098 E1339.49939
G0 F9000 X127.61 Y98.098
G1 F1500 X91.24 Y134.467 E1341.2101
G0 F9000 X91.24 Y133.901
G1 F1500 X127.044 Y98.098 E1342.89418
G0 F9000 X126.478 Y98.098
G1 F1500 X91.24 Y133.336 E1344.55167
G0 F9000 X91.24 Y132.77
G1 F1500 X125.913 Y98.098 E1346.18256
G0 F9000 X125.347 Y98.098
G1 F1500 X91.24 Y132.204 E1347.78683
G0 F9000 X91.24 Y131.639
G1 F1500 X124.781 Y98.098 E1349.36449
G0 F9000 X124.216 Y98.098
G1 F1500 X91.24 Y131.073 E1350.91556
G0 F9000 X91.24 Y130.507
G1 F1500 X123.65 Y98.098 E1352.44
G0 F9000 X123.084 Y98.098
G1 F1500 X91.24 Y129.942 E1353.93785
G0 F9000 X91.24 Y129.376
G1 F1500 X122.518 Y98.098 E1355.40907
G0 F9000 X121.953 Y98.098
G1 F1500 X91.24 Y128.81 E1356.85369
G0 F9000 X91.24 Y128.245
G1 F1500 X121.387 Y98.098 E1358.27171
G0 F9000 X120.821 Y98.098
G1 F1500 X91.24 Y127.679 E1359.66311
G0 F9000 X91.24 Y127.113
G1 F1500 X120.256 Y98.098 E1361.02791
G0 F9000 X119.69 Y98.098
G1 F1500 X91.24 Y126.548 E1362.36611
G0 F9000 X91.24 Y125.982
G1 F1500 X119.124 Y98.098 E1363.67769
G0 F9000 X118.559 Y98.098
G1 F1500 X91.24 Y125.416 E1364.96267
G0 F9000 X91.24 Y124.851
G1 F1500 X117.993 Y98.098 E1366.22105
G0 F9000 X117.427 Y98.098
G1 F1500 X91.24 Y124.285 E1367.4528
G0 F9000 X91.24 Y123.719
G1 F1500 X116.862 Y98.098 E1368.65796
G0 F9000 X116.296 Y98.098
G1 F1500 X91.24 Y123.153 E1369.83649
G0 F9000 X91.24 Y122.588
G1 F1500 X115.73 Y98.098 E1370.98843
G0 F9000 X115.165 Y98.098
G1 F1500 X91.24 Y122.022 E1372.11376
G0 F9000 X91.24 Y121.456
G1 F1500 X114.599 Y98.098 E1373.21248
G0 F9000 X114.033 Y98.098
G1 F1500 X91.24 Y120.891 E1374.28459
G0 F9000 X91.24 Y120.325
G1 F1500 X113.468 Y98.098 E1375.3301
G0 F9000 X112.902 Y98.098
G1 F1500 X91.24 Y119.759 E1376.34899
G0 F9000 X91.24 Y119.194
G1 F1500 X112.336 Y98.098 E1377.34128
G0 F9000 X111.77 Y98.098
G1 F1500 X91.24 Y118.628 E1378.30695
G0 F9000 X91.24 Y118.062
G1 F1500 X111.205 Y98.098 E1379.24602
G0 F9000 X110.639 Y98.098
G1 F1500 X91.24 Y117.497 E1380.15849
G0 F9000 X91.24 Y116.931
G1 F1500 X110.073 Y98.098 E1381.04434
G0 F9000 X109.508 Y98.098
G1 F1500 X91.24 Y116.365 E1381.90358
G0 F9000 X91.24 Y115.8
G1 F1500 X108.942 Y98.098 E1382.73623
G0 F9000 X108.376 Y98.098
G1 F1500 X91.24 Y115.234 E1383.54226
G0 F9000 X91.24 Y114.668
G1 F1500 X107.811 Y98.098 E1384.32168
G0 F9000 X107.245 Y98.098
G1 F1500 X91.24 Y114.102 E1385.07448
G0 F9000 X91.24 Y113.537
G1 F1500 X106.679 Y98.098 E1385.80069
G0 F9000 X106.114 Y98.098
G1 F1500 X91.24 Y112.971 E1386.50029
G0 F9000 X91.24 Y112.405
G1 F1500 X105.548 Y98.098 E1387.17327
G0 F9000 X104.982 Y98.098
G1 F1500 X91.24 Y111.84 E1387.81965
G0 F9000 X91.24 Y111.274
G1 F1500 X104.417 Y98.098 E1388.43944
G0 F9000 X103.851 Y98.098
G1 F1500 X91.24 Y110.708 E1389.0326
G0 F9000 X91.24 Y110.143
G1 F1500 X103.285 Y98.098 E1389.59916
G0 F9000 X102.719 Y98.098
G1 F1500 X91.24 Y109.577 E1390.13909
G0 F9000 X91.24 Y109.011
G1 F1500 X102.154 Y98.098 E1390.65243
G0 F9000 X101.588 Y98.098
G1 F1500 X91.24 Y108.446 E1391.13917
G0 F9000 X91.24 Y107.88
G1 F1500 X101.022 Y98.098 E1391.59928
G0 F9000 X100.457 Y98.098
G1 F1500 X91.24 Y107.314 E1392.0328
G0 F9000 X91.24 Y106.749
G1 F1500 X99.891 Y98.098 E1392.43972
G0 F9000 X99.325 Y98.098
G1 F1500 X91.24 Y106.183 E1392.82001
G0 F9000 X91.24 Y105.617
G1 F1500 X98.76 Y98.098 E1393.1737
G0 F9000 X98.194 Y98.098
G1 F1500 X91.24 Y105.052 E1393.5008
G0 F9000 X91.24 Y104.486
G1 F1500 X97.628 Y98.098 E1393.80127
G0 F9000 X97.063 Y98.098
G1 F1500 X91.24 Y103.92 E1394.07514
G0 F9000 X91.24 Y103.354
G1 F1500 X96.497 Y98.098 E1394.32239
G0 F9000 X95.931 Y98.098
G1 F1500 X91.24 Y102.789 E1394.54304
G0 F9000 X91.24 Y102.223
G1 F1500 X95.366 Y98.098 E1394.73709
G0 F9000 X94.8 Y98.098
G1 F1500 X91.24 Y101.657 E1394.90452
G0 F9000 X91.24 Y101.092
G1 F1500 X94.234 Y98.098 E1395.04535
G0 F9000 X93.669 Y98.098
G1 F1500 X91.24 Y100.526 E1395.15958
G0 F9000 X91.24 Y99.96
G1 F1500 X93.103 Y98.098 E1395.24719
G0 F9000 X92.537 Y98.098
G1 F1500 X91.188 Y99.447 E1395.31064
G0 F9000 X90.622 Y99.447
G1 F1500 X91.971 Y98.098 E1395.37409
G0 F9000 X91.406 Y98.098
G1 F1500 X90.057 Y99.447 E1395.43754
G0 F9000 X89.491 Y99.447
G1 F1500 X90.84 Y98.098 E1395.501
G0 F9000 X90.274 Y98.098
G1 F1500 X88.925 Y99.447 E1395.56445
G0 F9000 X88.36 Y99.447
G1 F1500 X89.709 Y98.098 E1395.6279
G0 F9000 X89.143 Y98.098
G1 F1500 X87.794 Y99.447 E1395.69136
G0 F9000 X87.228 Y99.447
G1 F1500 X88.577 Y98.098 E1395.75481
G0 F9000 X88.012 Y98.098
G1 F1500 X86.663 Y99.447 E1395.81826
G0 F9000 X86.097 Y99.447
G1 F1500 X87.446 Y98.098 E1395.88171
G0 F9000 X86.88 Y98.098
G1 F1500 X85.579 Y99.399 E1395.94291
G0 F9000 X85.579 Y98.833
G1 F1500 X86.315 Y98.098 E1395.9775
G0 F9000 X85.749 Y98.098
G1 F1500 X85.579 Y98.268 E1395.9855
G1 F2700 E1390.9855
G0 F9000 X85.13 Y98.268
G0 X85.202 Y97.721
G0 X149.798 Y97.721
G0 X149.798 Y99.816
G0 X144.362 Y99.888
G1 F2700 E1395.9855
G0 F9000 X144.362 Y99.448
G1 F1500 X145.712 Y98.098 E1396.049
G0 F9000 X146.277 Y98.098
G1 F1500 X144.927 Y99.448 E1396.1125
G0 F9000 X145.493 Y99.448
G1 F1500 X146.843 Y98.098 E1396.176
G0 F9000 X147.409 Y98.098
G1 F1500 X146.059 Y99.448 E1396.2395
G0 F9000 X146.624 Y99.448
G1 F1500 X147.974 Y98.098 E1396.303
G0 F9000 X148.54 Y98.098
G1 F1500 X147.19 Y99.448 E1396.3665
G0 F9000 X147.756 Y99.448
G1 F1500 X149.106 Y98.098 E1396.43
G0 F9000 X149.419 Y98.35
G1 F1500 X148.322 Y99.448 E1396.48162
G0 F9000 X148.887 Y99.448
G1 F1500 X149.419 Y98.916 E1396.50665
G0 F9000 X150.17 Y98.916
G1 F2700 E1391.50665
;MESH:NONMESH
G0 F300 X150.17 Y98.916 Z1.8
G0 F9000 X149.398 Y134.83
G0 X144.309 Y135.002
;TIME_ELAPSED:1935.499818
;LAYER:8
;TYPE:WALL-INNER
;MESH:2inch-tft-holder.obj
G1 F2700 E1396.50665
G1 F1500 X149.57 Y135.002 E1396.68163
G1 X149.57 Y99.998 E1397.84587
G1 X144.309 Y99.998 E1398.02085
G1 X144.309 Y135.002 E1399.18509
G0 F9000 X144.709 Y134.602
;TYPE:WALL-OUTER
G1 F1500 X149.17 Y134.602 E1399.33346
G1 X149.17 Y100.398 E1400.47109
G1 X144.709 Y100.398 E1400.61946
G1 X144.709 Y134.602 E1401.75709
G1 F2700 E1396.75709
G0 F9000 X144.409 Y134.602
G0 X144.127 Y135.184
G0 X149.798 Y135.184
G0 X149.798 Y137.279
G0 X85.202 Y137.279
G0 X85.202 Y135.184
G0 X90.691 Y135.002
;TYPE:WALL-INNER
G1 F2700 E1401.75709
G1 F1500 X90.691 Y99.998 E1402.92133
G1 X85.43 Y99.998 E1403.09631
G1 X85.43 Y135.002 E1404.26055
G1 X90.691 Y135.002 E1404.43553
G0 F9000 X90.291 Y134.602
;TYPE:WALL-OUTER
G1 F1500 X90.291 Y100.398 E1405.57316
G1 X85.83 Y100.398 E1405.72153
G1 X85.83 Y134.602 E1406.85916
G1 X90.291 Y134.602 E1407.00754
G1 F2700 E1402.00754
G0 F9000 X90.591 Y134.602
G0 X90.873 Y135.184
G0 X85.202 Y135.184
G0 X85.202 Y137.279
G0 X150.4 Y137.9
;TYPE:WALL-INNER
G1 F2700 E1407.00754
G1 F1500 X84.6 Y137.9 E1409.19605
G1 X84.6 Y97.1 E1410.55307
G1 X150.4 Y97.1 E1412.74158
G1 X150.4 Y137.9 E1414.0986
G0 F9000 X150.8 Y138.3
;TYPE:WALL-OUTER
G1 F1500 X84.2 Y138.3 E1416.31372
G1 X84.2 Y96.7 E1417.69734
G1 X150.8 Y96.7 E1419.91247
G1 X150.8 Y138.3 E1421.29609
G0 F9000 X150.53 Y138.03
G0 X148.103 Y137.819
;TYPE:FILL
G1 F3000 X147.414 Y137.13 E1421.3285
G0 F9000 X148.192 Y137.13
G1 F3000 X148.007 Y137.82 E1421.35226
G0 F9000 X149.798 Y137.279
G0 X149.798 Y135.184
G0 X149.649 Y135.048
G1 F3000 X150.318 Y134.869 E1421.37529
G0 F9000 X149.649 Y131.693
G1 F3000 X150.319 Y129.191 E1421.46144
G0 F9000 X150.319 Y128.657
G1 F3000 X149.649 Y128.836 E1421.48451
G0 F9000 X149.649 Y130.879
G1 F3000 X150.318 Y131.549 E1421.516
G0 F9000 X150.318 Y123.064
G1 F3000 X149.649 Y122.394 E1421.54749
G0 F9000 X149.649 Y122.625
G1 F3000 X150.318 Y122.445 E1421.57053
G0 F9000 X149.65 Y116.413
G1 F3000 X150.318 Y116.234 E1421.59353
G0 F9000 X150.318 Y114.578
G1 F3000 X149.649 Y113.909 E1421.625
G0 F9000 X149.649 Y110.201
G1 F3000 X150.318 Y110.022 E1421.64804
G0 F9000 X149.649 Y108.509
G1 F3000 X150.319 Y106.008 E1421.73415
G1 X150.318 Y106.093
G1 X149.649 Y105.423 E1421.76564
G0 F9000 X149.649 Y103.99
G1 F3000 X150.318 Y103.811 E1421.78868
G0 F9000 X149.798 Y97.721
G0 X149.313 Y97.649
G0 X149.313 Y97.868
G1 F3000 X150.318 Y97.599 E1421.82328
G1 X150.318 Y97.608
G1 X149.89 Y97.179 E1421.84344
G0 F9000 X146.474 Y97.178
G1 F3000 X146.289 Y97.868 E1421.8672
G0 F9000 X146.289 Y97.649
G0 X142.093 Y97.649
G0 X142.093 Y97.868
G1 F3000 X141.405 Y97.179 E1421.89958
G0 F9000 X140.262 Y97.178
G1 F3000 X140.077 Y97.868 E1421.92334
G0 F9000 X140.077 Y97.649
G0 X134.051 Y97.178
G1 F3000 X133.866 Y97.868 E1421.9471
G0 F9000 X133.608 Y97.868
G1 F3000 X132.919 Y97.179 E1421.97951
G0 F9000 X128.702 Y97.179
G1 F3000 X126.13 Y97.868 E1422.06807
G0 F9000 X126.13 Y97.649
G0 X125.123 Y97.649
G0 X125.123 Y97.868
G1 F3000 X124.434 Y97.179 E1422.10048
G0 F9000 X121.627 Y97.178
G1 F3000 X121.442 Y97.868 E1422.12424
G0 F9000 X121.442 Y97.649
G0 X116.637 Y97.649
G0 X116.637 Y97.868
G1 F3000 X115.949 Y97.179 E1422.15662
G0 F9000 X115.416 Y97.178
G1 F3000 X115.231 Y97.868 E1422.18038
G0 F9000 X115.231 Y97.649
G0 X109.204 Y97.178
G1 F3000 X109.019 Y97.868 E1422.20414
G0 F9000 X108.152 Y97.868
G1 F3000 X107.463 Y97.179 E1422.23655
G0 F9000 X105.52 Y97.179
G1 F3000 X102.948 Y97.868 E1422.32511
G1 X102.807 Y97.868
G1 X102.992 Y97.178 E1422.34887
G0 F9000 X99.667 Y97.649
G0 X99.667 Y97.868
G1 F3000 X98.978 Y97.179 E1422.38128
G0 F9000 X96.781 Y97.178
G1 F3000 X96.596 Y97.868 E1422.40504
G0 F9000 X96.596 Y97.649
G0 X91.182 Y97.649
G0 X91.182 Y97.868
G1 F3000 X90.493 Y97.179 E1422.43745
G1 X90.569 Y97.178
G1 X90.384 Y97.868 E1422.46121
G0 F9000 X90.384 Y97.649
G0 X85.202 Y97.721
G0 X85.202 Y99.816
G0 X85.349 Y100.521
G1 F3000 X84.68 Y99.851 E1422.4927
G0 F9000 X85.349 Y102.584
G1 F3000 X84.679 Y102.763 E1422.51577
G0 F9000 X84.68 Y108.337
G1 F3000 X85.349 Y109.006 E1422.54724
G0 F9000 X85.348 Y108.796
G1 F3000 X84.68 Y108.975 E1422.57024
G0 F9000 X85.348 Y115.008
G1 F3000 X84.68 Y115.187 E1422.59324
G0 F9000 X85.349 Y116.659
G1 F3000 X84.68 Y119.158 E1422.67928
G0 F9000 X85.349 Y117.492
G1 F3000 X84.68 Y116.822 E1422.71077
G0 F9000 X85.349 Y121.219
G1 F3000 X84.679 Y121.398 E1422.73384
G0 F9000 X84.68 Y125.307
G1 F3000 X85.349 Y125.977 E1422.76533
G0 F9000 X85.348 Y127.431
G1 F3000 X84.68 Y127.61 E1422.78833
G0 F9000 X85.348 Y133.642
G1 F3000 X84.68 Y133.822 E1422.81134
G1 X84.68 Y133.793
G1 X85.349 Y134.462 E1422.84281
G0 F9000 X85.202 Y135.184
G0 X85.202 Y137.279
G0 X86.076 Y137.351
G0 X86.076 Y137.129
G1 F3000 X85.891 Y137.82 E1422.8666
G0 F9000 X88.017 Y137.351
G0 X88.017 Y137.13
G1 F3000 X88.706 Y137.819 E1422.89901
G0 F9000 X92.102 Y137.82
G1 F3000 X92.287 Y137.13 E1422.92277
G0 F9000 X92.943 Y137.819
G1 F3000 X95.515 Y137.13 E1423.01133
G0 F9000 X96.503 Y137.13
G1 F3000 X97.191 Y137.819 E1423.04372
G0 F9000 X98.314 Y137.82
G1 F3000 X98.499 Y137.13 E1423.06748
G0 F9000 X98.499 Y137.351
G0 X104.526 Y137.82
G1 F3000 X104.711 Y137.129 E1423.09127
G0 F9000 X104.988 Y137.13
G1 F3000 X105.677 Y137.819 E1423.12368
G0 F9000 X110.737 Y137.82
G1 F3000 X110.922 Y137.13 E1423.14744
G0 F9000 X110.922 Y137.351
G0 X113.473 Y137.351
G0 X113.473 Y137.13
G1 F3000 X114.162 Y137.819 E1423.17985
G0 F9000 X116.125 Y137.819
G1 F3000 X118.697 Y137.13 E1423.26841
G0 F9000 X118.697 Y137.351
G0 X117.134 Y137.351
G0 X117.134 Y137.13
G1 F3000 X116.949 Y137.819 E1423.29214
G0 F9000 X121.958 Y137.351
G0 X121.958 Y137.13
G1 F3000 X122.647 Y137.819 E1423.32454
G0 F9000 X123.161 Y137.82
G1 F3000 X123.346 Y137.129 E1423.34834
G0 F9000 X123.346 Y137.351
G0 X129.372 Y137.82
G1 F3000 X129.557 Y137.13 E1423.3721
G0 F9000 X130.444 Y137.13
G1 F3000 X131.132 Y137.819 E1423.40448
G0 F9000 X135.584 Y137.819
G1 F3000 X135.769 Y137.13 E1423.42821
G0 F9000 X135.769 Y137.351
G0 X138.929 Y137.351
G0 X138.929 Y137.13
G1 F3000 X139.618 Y137.819 E1423.46062
G0 F9000 X139.307 Y137.819
G1 F3000 X141.879 Y137.13 E1423.54918
G1 X141.981 Y137.129
G1 X141.795 Y137.82 E1423.57298
G1 F2700 E1418.57298
G0 F9000 X149.798 Y137.279
G0 X149.798 Y97.721
G0 X127.654 Y97.649
G1 F2700 E1423.57298
G0 F9000 X127.654 Y97.868
G1 F3000 X127.839 Y97.178 E1423.59674
G1 F2700 E1418.59674
G0 F9000 X149.798 Y97.721
G0 X149.798 Y99.816
G0 X144.169 Y99.858
G1 F2700 E1423.59674
G0 F9000 X143.919 Y99.608
;TYPE:SKIN
G1 F1500 X143.919 Y135.392 E1424.78692
G1 X149.58 Y135.392 E1424.97521
G1 X149.58 Y137.061 E1425.03072
G1 X85.42 Y137.061 E1427.16469
G1 X85.42 Y135.392 E1427.2202
G1 X91.081 Y135.392 E1427.40849
G1 X91.081 Y99.608 E1428.59867
G1 X85.42 Y99.608 E1428.78695
G1 X85.42 Y97.939 E1428.84246
G1 X149.58 Y97.939 E1430.97643
G1 X149.58 Y99.608 E1431.03194
G1 X143.919 Y99.608 E1431.22023
G0 F9000 X144.169 Y99.858
G0 X149.798 Y99.816
G0 X149.87 Y98.507
G0 X149.419 Y98.507
G1 F1500 X149.01 Y98.099 E1431.23944
G0 F9000 X148.445 Y98.099
G1 F1500 X149.419 Y99.073 E1431.28526
G0 F9000 X149.228 Y99.448
G1 F1500 X147.879 Y98.099 E1431.34871
G0 F9000 X147.313 Y98.099
G1 F1500 X148.662 Y99.448 E1431.41216
G0 F9000 X148.097 Y99.448
G1 F1500 X146.747 Y98.099 E1431.47564
G0 F9000 X146.182 Y98.099
G1 F1500 X147.531 Y99.448 E1431.53909
G0 F9000 X146.965 Y99.448
G1 F1500 X145.616 Y98.099 E1431.60255
G0 F9000 X145.05 Y98.099
G1 F1500 X146.4 Y99.448 E1431.66602
G0 F9000 X145.834 Y99.448
G1 F1500 X144.485 Y98.099 E1431.72948
G0 F9000 X143.919 Y98.099
G1 F1500 X145.268 Y99.448 E1431.79293
G0 F9000 X144.703 Y99.448
G1 F1500 X143.353 Y98.099 E1431.8564
G0 F9000 X142.788 Y98.099
G1 F1500 X144.137 Y99.448 E1431.91986
G0 F9000 X143.758 Y99.634
G1 F1500 X142.222 Y98.099 E1431.99208
G0 F9000 X141.656 Y98.099
G1 F1500 X143.758 Y100.2 E1432.09093
G0 F9000 X143.758 Y100.766
G1 F1500 X141.091 Y98.099 E1432.21638
G0 F9000 X140.525 Y98.099
G1 F1500 X143.758 Y101.331 E1432.36842
G0 F9000 X143.758 Y101.897
G1 F1500 X139.959 Y98.099 E1432.54709
G0 F9000 X139.394 Y98.099
G1 F1500 X143.758 Y102.463 E1432.75236
G0 F9000 X143.758 Y103.028
G1 F1500 X138.828 Y98.099 E1432.98423
G0 F9000 X138.262 Y98.099
G1 F1500 X143.758 Y103.594 E1433.24272
G0 F9000 X143.758 Y104.16
G1 F1500 X137.697 Y98.099 E1433.52781
G0 F9000 X137.131 Y98.099
G1 F1500 X143.758 Y104.726 E1433.83953
G0 F9000 X143.758 Y105.291
G1 F1500 X136.565 Y98.099 E1434.17784
G0 F9000 X135.999 Y98.099
G1 F1500 X143.758 Y105.857 E1434.54278
G0 F9000 X143.758 Y106.423
G1 F1500 X135.434 Y98.099 E1434.93431
G0 F9000 X134.868 Y98.099
G1 F1500 X143.758 Y106.988 E1435.35245
G0 F9000 X143.758 Y107.554
G1 F1500 X134.302 Y98.099 E1435.79721
G0 F9000 X133.737 Y98.099
G1 F1500 X143.758 Y108.12 E1436.26856
G0 F9000 X143.758 Y108.685
G1 F1500 X133.171 Y98.099 E1436.76652
G0 F9000 X132.605 Y98.099
G1 F1500 X143.758 Y109.251 E1437.2911
G0 F9000 X143.758 Y109.817
G1 F1500 X132.04 Y98.099 E1437.84228
G0 F9000 X131.474 Y98.099
G1 F1500 X143.758 Y110.382 E1438.42006
G0 F9000 X143.758 Y110.948
G1 F1500 X130.908 Y98.099 E1439.02446
G0 F9000 X130.343 Y98.099
G1 F1500 X143.758 Y111.514 E1439.65546
G0 F9000 X143.758 Y112.079
G1 F1500 X129.777 Y98.099 E1440.31306
G0 F9000 X129.211 Y98.099
G1 F1500 X143.758 Y112.645 E1440.99728
G0 F9000 X143.758 Y113.211
G1 F1500 X128.646 Y98.099 E1441.7081
G0 F9000 X128.08 Y98.099
G1 F1500 X143.758 Y113.777 E1442.44555
G0 F9000 X143.758 Y114.342
G1 F1500 X127.514 Y98.099 E1443.20959
G0 F9000 X126.949 Y98.099
G1 F1500 X143.758 Y114.908 E1444.00024
G0 F9000 X143.758 Y115.474
G1 F1500 X126.383 Y98.099 E1444.8175
G0 F9000 X125.817 Y98.099
G1 F1500 X143.758 Y116.039 E1445.66137
G0 F9000 X143.758 Y116.605
G1 F1500 X125.251 Y98.099 E1446.53186
G0 F9000 X124.686 Y98.099
G1 F1500 X143.758 Y117.171 E1447.42895
G0 F9000 X143.758 Y117.736
G1 F1500 X124.12 Y98.099 E1448.35263
G0 F9000 X123.554 Y98.099
G1 F1500 X143.758 Y118.302 E1449.30294
G0 F9000 X143.758 Y118.868
G1 F1500 X122.989 Y98.099 E1450.27985
G0 F9000 X122.423 Y98.099
G1 F1500 X143.758 Y119.433 E1451.28336
G0 F9000 X143.758 Y119.999
G1 F1500 X121.857 Y98.099 E1452.3135
G0 F9000 X121.292 Y98.099
G1 F1500 X143.758 Y120.565 E1453.37023
G0 F9000 X143.758 Y121.13
G1 F1500 X120.726 Y98.099 E1454.45356
G0 F9000 X120.16 Y98.099
G1 F1500 X143.758 Y121.696 E1455.56351
G0 F9000 X143.758 Y122.262
G1 F1500 X119.595 Y98.099 E1456.70007
G0 F9000 X119.029 Y98.099
G1 F1500 X143.758 Y122.827 E1457.86322
G0 F9000 X143.758 Y123.393
G1 F1500 X118.463 Y98.099 E1459.053
G0 F9000 X117.898 Y98.099
G1 F1500 X143.758 Y123.959 E1460.26937
G0 F9000 X143.758 Y124.525
G1 F1500 X117.332 Y98.099 E1461.51237
G0 F9000 X116.766 Y98.099
G1 F1500 X143.758 Y125.09 E1462.78197
G0 F9000 X143.758 Y125.656
G1 F1500 X116.2 Y98.099 E1464.07819
G0 F9000 X115.635 Y98.099
G1 F1500 X143.758 Y126.222 E1465.40101
G0 F9000 X143.758 Y126.787
G1 F1500 X115.069 Y98.099 E1466.75042
G0 F9000 X114.503 Y98.099
G1 F1500 X143.758 Y127.353 E1468.12647
G0 F9000 X143.758 Y127.919
G1 F1500 X113.938 Y98.099 E1469.52911
G0 F9000 X113.372 Y98.099
G1 F1500 X143.758 Y128.484 E1470.95835
G0 F9000 X143.758 Y129.05
G1 F1500 X112.806 Y98.099 E1472.41421
G0 F9000 X112.241 Y98.099
G1 F1500 X143.758 Y129.616 E1473.89668
G0 F9000 X143.758 Y130.181
G1 F1500 X111.675 Y98.099 E1475.40574
G0 F9000 X111.109 Y98.099
G1 F1500 X143.758 Y130.747 E1476.94142
G0 F9000 X143.758 Y131.313
G1 F1500 X110.544 Y98.099 E1478.50371
G0 F9000 X109.978 Y98.099
G1 F1500 X143.758 Y131.878 E1480.09259
G0 F9000 X143.758 Y132.444
G1 F1500 X109.412 Y98.099 E1481.7081
G0 F9000 X108.847 Y98.099
G1 F1500 X143.758 Y133.01 E1483.35021
G0 F9000 X143.758 Y133.576
G1 F1500 X108.281 Y98.099 E1485.01893
G0 F9000 X107.715 Y98.099
G1 F1500 X143.758 Y134.141 E1486.71426
G0 F9000 X143.758 Y134.707
G1 F1500 X107.15 Y98.099 E1488.43619
G0 F9000 X106.584 Y98.099
G1 F1500 X143.758 Y135.273 E1490.18474
G0 F9000 X144.036 Y135.551
G1 F1500 X145.385 Y136.9 E1490.2482
G0 F9000 X145.951 Y136.9
G1 F1500 X144.602 Y135.551 E1490.31165
G0 F9000 X145.168 Y135.551
G1 F1500 X146.516 Y136.9 E1490.37508
G0 F9000 X147.082 Y136.9
G1 F1500 X145.734 Y135.551 E1490.43851
G0 F9000 X146.299 Y135.551
G1 F1500 X147.648 Y136.9 E1490.50196
G0 F9000 X148.213 Y136.9
G1 F1500 X146.865 Y135.551 E1490.56539
G0 F9000 X147.431 Y135.551
G1 F1500 X148.779 Y136.9 E1490.62882
G0 F9000 X149.345 Y136.9
G1 F1500 X147.996 Y135.551 E1490.69227
G0 F9000 X148.562 Y135.551
G1 F1500 X149.419 Y136.408 E1490.73258
G0 F9000 X149.419 Y135.842
G1 F1500 X149.128 Y135.551 E1490.74627
G0 F9000 X149.128 Y135.112
G0 X149.798 Y135.184
G0 X149.798 Y137.279
G0 X144.819 Y137.351
G0 X144.819 Y136.9
G1 F1500 X106.018 Y98.099 E1492.57135
G0 F9000 X105.452 Y98.099
G1 F1500 X144.254 Y136.9 E1494.39645
G0 F9000 X143.688 Y136.9
G1 F1500 X104.887 Y98.099 E1496.22153
G0 F9000 X104.321 Y98.099
G1 F1500 X143.122 Y136.9 E1498.04661
G0 F9000 X142.556 Y136.9
G1 F1500 X103.755 Y98.099 E1499.87169
G0 F9000 X103.19 Y98.099
G1 F1500 X141.991 Y136.9 E1501.69677
G0 F9000 X141.425 Y136.9
G1 F1500 X102.624 Y98.099 E1503.52185
G0 F9000 X102.058 Y98.099
G1 F1500 X140.859 Y136.9 E1505.34693
G0 F9000 X140.294 Y136.9
G1 F1500 X101.493 Y98.099 E1507.17201
G0 F9000 X100.927 Y98.099
G1 F1500 X139.728 Y136.9 E1508.99709
G0 F9000 X139.162 Y136.9
G1 F1500 X100.361 Y98.099 E1510.82217
G0 F9000 X99.796 Y98.099
G1 F1500 X138.597 Y136.9 E1512.64725
G0 F9000 X138.031 Y136.9
G1 F1500 X99.23 Y98.099 E1514.47233
G0 F9000 X98.664 Y98.099
G1 F1500 X137.465 Y136.9 E1516.29741
G0 F9000 X136.9 Y136.9
G1 F1500 X98.099 Y98.099 E1518.12249
G0 F9000 X97.533 Y98.099
G1 F1500 X136.334 Y136.9 E1519.94757
G0 F9000 X135.768 Y136.9
G1 F1500 X96.967 Y98.099 E1521.77265
G0 F9000 X96.401 Y98.099
G1 F1500 X135.203 Y136.9 E1523.59776
G0 F9000 X134.637 Y136.9
G1 F1500 X95.836 Y98.099 E1525.42284
G0 F9000 X95.27 Y98.099
G1 F1500 X134.071 Y136.9 E1527.24792
G0 F9000 X133.506 Y136.9
G1 F1500 X94.704 Y98.099 E1529.07302
G0 F9000 X94.139 Y98.099
G1 F1500 X132.94 Y136.9 E1530.8981
G0 F9000 X132.374 Y136.9
G1 F1500 X93.573 Y98.099 E1532.72318
G0 F9000 X93.007 Y98.099
G1 F1500 X131.808 Y136.9 E1534.54826
G0 F9000 X131.243 Y136.9
G1 F1500 X92.442 Y98.099 E1536.37334
G0 F9000 X91.876 Y98.099
G1 F1500 X130.677 Y136.9 E1538.19842
G0 F9000 X130.111 Y136.9
G1 F1500 X91.31 Y98.099 E1540.0235
G0 F9000 X90.745 Y98.099
G1 F1500 X129.546 Y136.9 E1541.84858
G0 F9000 X128.98 Y136.9
G1 F1500 X90.179 Y98.099 E1543.67366
G0 F9000 X89.613 Y98.099
G1 F1500 X90.962 Y99.447 E1543.73709
G0 F9000 X91.24 Y99.726
G1 F1500 X128.414 Y136.9 E1545.48564
G0 F9000 X127.849 Y136.9
G1 F1500 X91.24 Y100.291 E1547.20762
G0 F9000 X91.24 Y100.857
G1 F1500 X127.283 Y136.9 E1548.90297
G0 F9000 X126.717 Y136.9
G1 F1500 X91.24 Y101.423 E1550.5717
G0 F9000 X91.24 Y101.988
G1 F1500 X126.152 Y136.9 E1552.21385
G0 F9000 X125.586 Y136.9
G1 F1500 X91.24 Y102.554 E1553.82938
G0 F9000 X91.24 Y103.12
G1 F1500 X125.02 Y136.9 E1555.41829
G0 F9000 X124.455 Y136.9
G1 F1500 X91.24 Y103.685 E1556.98062
G0 F9000 X91.24 Y104.251
G1 F1500 X123.889 Y136.9 E1558.51633
G0 F9000 X123.323 Y136.9
G1 F1500 X91.24 Y104.817 E1560.02542
G0 F9000 X91.24 Y105.382
G1 F1500 X122.757 Y136.9 E1561.5079
G0 F9000 X122.192 Y136.9
G1 F1500 X91.24 Y105.948 E1562.96379
G0 F9000 X91.24 Y106.514
G1 F1500 X121.626 Y136.9 E1564.39306
G0 F9000 X121.06 Y136.9
G1 F1500 X91.24 Y107.08 E1565.7957
G0 F9000 X91.24 Y107.645
G1 F1500 X120.495 Y136.9 E1567.17176
G0 F9000 X119.929 Y136.9
G1 F1500 X91.24 Y108.211 E1568.52121
G0 F9000 X91.24 Y108.777
G1 F1500 X119.363 Y136.9 E1569.84402
G0 F9000 X118.798 Y136.9
G1 F1500 X91.24 Y109.342 E1571.14027
G0 F9000 X91.24 Y109.908
G1 F1500 X118.232 Y136.9 E1572.40989
G0 F9000 X117.666 Y136.9
G1 F1500 X91.24 Y110.474 E1573.65289
G0 F9000 X91.24 Y111.039
G1 F1500 X117.101 Y136.9 E1574.86931
G0 F9000 X116.535 Y136.9
G1 F1500 X91.24 Y111.605 E1576.05911
G0 F9000 X91.24 Y112.171
G1 F1500 X115.969 Y136.9 E1577.22229
G0 F9000 X115.404 Y136.9
G1 F1500 X91.24 Y112.736 E1578.35889
G0 F9000 X91.24 Y113.302
G1 F1500 X114.838 Y136.9 E1579.46886
G0 F9000 X114.272 Y136.9
G1 F1500 X91.24 Y113.868 E1580.55222
G0 F9000 X91.24 Y114.433
G1 F1500 X113.707 Y136.9 E1581.609
G0 F9000 X113.141 Y136.9
G1 F1500 X91.24 Y114.999 E1582.63915
G0 F9000 X91.24 Y115.565
G1 F1500 X112.575 Y136.9 E1583.64269
G0 F9000 X112.009 Y136.9
G1 F1500 X91.24 Y116.13 E1584.61962
G0 F9000 X91.24 Y116.696
G1 F1500 X111.444 Y136.9 E1585.56995
G0 F9000 X110.878 Y136.9
G1 F1500 X91.24 Y117.262 E1586.49366
G0 F9000 X91.24 Y117.828
G1 F1500 X110.312 Y136.9 E1587.39075
G0 F9000 X109.747 Y136.9
G1 F1500 X91.24 Y118.393 E1588.26127
G0 F9000 X91.24 Y118.959
G1 F1500 X109.181 Y136.9 E1589.10516
G0 F9000 X108.615 Y136.9
G1 F1500 X91.24 Y119.525 E1589.92242
G0 F9000 X91.24 Y120.09
G1 F1500 X108.05 Y136.9 E1590.71311
G0 F9000 X107.484 Y136.9
G1 F1500 X91.24 Y120.656 E1591.47718
G0 F9000 X91.24 Y121.222
G1 F1500 X106.918 Y136.9 E1592.21463
G0 F9000 X106.353 Y136.9
G1 F1500 X91.24 Y121.787 E1592.9255
G0 F9000 X91.24 Y122.353
G1 F1500 X105.787 Y136.9 E1593.60974
G0 F9000 X105.221 Y136.9
G1 F1500 X91.24 Y122.919 E1594.26736
G0 F9000 X91.24 Y123.484
G1 F1500 X104.656 Y136.9 E1594.89841
G0 F9000 X104.09 Y136.9
G1 F1500 X91.24 Y124.05 E1595.50284
G0 F9000 X91.24 Y124.616
G1 F1500 X103.524 Y136.9 E1596.08064
G0 F9000 X102.958 Y136.9
G1 F1500 X91.24 Y125.181 E1596.63184
G0 F9000 X91.24 Y125.747
G1 F1500 X102.393 Y136.9 E1597.15644
G0 F9000 X101.827 Y136.9
G1 F1500 X91.24 Y126.313 E1597.65442
G0 F9000 X91.24 Y126.878
G1 F1500 X101.261 Y136.9 E1598.1258
G0 F9000 X100.696 Y136.9
G1 F1500 X91.24 Y127.444 E1598.57059
G0 F9000 X91.24 Y128.01
G1 F1500 X100.13 Y136.9 E1598.98874
G0 F9000 X99.564 Y136.9
G1 F1500 X91.24 Y128.576 E1599.38028
G0 F9000 X91.24 Y129.141
G1 F1500 X98.999 Y136.9 E1599.74524
G0 F9000 X98.433 Y136.9
G1 F1500 X91.24 Y129.707 E1600.08358
G0 F9000 X91.24 Y130.273
G1 F1500 X97.867 Y136.9 E1600.39529
G0 F9000 X97.302 Y136.9
G1 F1500 X91.24 Y130.838 E1600.68043
G0 F9000 X91.24 Y131.404
G1 F1500 X96.736 Y136.9 E1600.93894
G0 F9000 X96.17 Y136.9
G1 F1500 X91.24 Y131.97 E1601.17083
G0 F9000 X91.24 Y132.535
G1 F1500 X95.605 Y136.9 E1601.37615
G0 F9000 X95.039 Y136.9
G1 F1500 X91.24 Y133.101 E1601.55484
G0 F9000 X91.24 Y133.667
G1 F1500 X94.473 Y136.9 E1601.70691
G0 F9000 X93.908 Y136.9
G1 F1500 X91.24 Y134.232 E1601.83241
G0 F9000 X91.24 Y134.798
G1 F1500 X93.342 Y136.9 E1601.93128
G0 F9000 X92.776 Y136.9
G1 F1500 X91.24 Y135.364 E1602.00353
G0 F9000 X90.861 Y135.55
G1 F1500 X92.21 Y136.9 E1602.06701
G0 F9000 X91.645 Y136.9
G1 F1500 X90.296 Y135.55 E1602.13048
G0 F9000 X89.73 Y135.55
G1 F1500 X91.079 Y136.9 E1602.19396
G0 F9000 X90.513 Y136.9
G1 F1500 X89.164 Y135.55 E1602.25743
G0 F9000 X88.599 Y135.55
G1 F1500 X89.948 Y136.9 E1602.32091
G0 F9000 X89.382 Y136.9
G1 F1500 X88.033 Y135.55 E1602.38439
G0 F9000 X87.467 Y135.55
G1 F1500 X88.816 Y136.9 E1602.44786
G0 F9000 X88.251 Y136.9
G1 F1500 X86.902 Y135.55 E1602.51134
G0 F9000 X86.336 Y135.55
G1 F1500 X87.685 Y136.9 E1602.57482
G0 F9000 X87.119 Y136.9
G1 F1500 X85.77 Y135.55 E1602.63829
G0 F9000 X85.579 Y135.925
G1 F1500 X86.554 Y136.9 E1602.68415
G0 F9000 X85.988 Y136.9
G1 F1500 X85.579 Y136.491 E1602.70339
G1 F2700 E1597.70339
G0 F9000 X85.13 Y136.491
G0 X85.602 Y100.17
G0 X85.871 Y99.888
G1 F2700 E1602.70339
G0 F9000 X85.871 Y99.447
G1 F1500 X85.579 Y99.156 E1602.7171
G0 F9000 X85.579 Y98.59
G1 F1500 X86.436 Y99.447 E1602.75741
G0 F9000 X87.002 Y99.447
G1 F1500 X85.653 Y98.099 E1602.82084
G0 F9000 X86.219 Y98.099
G1 F1500 X87.568 Y99.447 E1602.88427
G0 F9000 X88.133 Y99.447
G1 F1500 X86.785 Y98.099 E1602.94768
G0 F9000 X87.351 Y98.099
G1 F1500 X88.699 Y99.447 E1603.01108
G0 F9000 X89.265 Y99.447
G1 F1500 X87.916 Y98.099 E1603.07451
G0 F9000 X88.482 Y98.099
G1 F1500 X89.83 Y99.447 E1603.13792
G0 F9000 X90.396 Y99.447
G1 F1500 X89.048 Y98.099 E1603.20132
G0 F9000 X89.048 Y97.349
G1 F2700 E1598.20132
;MESH:NONMESH
G0 F300 X89.048 Y97.349 Z2
G0 F9000 X149.798 Y97.721
G0 X149.798 Y99.816
G0 X144.127 Y99.816
G0 X144.309 Y135.002
;TIME_ELAPSED:2220.418751
;LAYER:9
;TYPE:WALL-INNER
;MESH:2inch-tft-holder.obj
G1 F2700 E1603.20132
G1 F1500 X149.57 Y135.002 E1603.37631
G1 X149.57 Y99.998 E1604.54054
G1 X144.309 Y99.998 E1604.71553
G1 X144.309 Y135.002 E1605.87976
G0 F9000 X144.709 Y134.602
;TYPE:WALL-OUTER
G1 F1500 X149.17 Y134.602 E1606.02814
G1 X149.17 Y100.398 E1607.16577
G1 X144.709 Y100.398 E1607.31414
G1 X144.709 Y134.602 E1608.45177
G1 F2700 E1603.45177
G0 F9000 X144.409 Y134.602
G0 X144.127 Y135.184
G0 X149.798 Y135.184
G0 X149.798 Y137.279
G0 X85.202 Y137.279
G0 X85.202 Y135.184
G0 X90.691 Y135.002
;TYPE:WALL-INNER
G1 F2700 E1608.45177
G1 F1500 X90.691 Y99.998 E1609.61601
G1 X85.43 Y99.998 E1609.79099
G1 X85.43 Y135.002 E1610.95523
G1 X90.691 Y135.002 E1611.13021
G0 F9000 X90.291 Y134.602
;TYPE:WALL-OUTER
G1 F1500 X90.291 Y100.398 E1612.26784
G1 X85.83 Y100.398 E1612.41621
G1 X85.83 Y134.602 E1613.55384
G1 X90.291 Y134.602 E1613.70221
G1 F2700 E1608.70221
G0 F9000 X90.591 Y134.602
G0 X90.873 Y135.184
G0 X85.202 Y135.184
G0 X85.202 Y137.279
G0 X150.4 Y137.9
;TYPE:WALL-INNER
G1 F2700 E1613.70221
G1 F1500 X84.6 Y137.9 E1615.89073
G1 X84.6 Y97.1 E1617.24775
G1 X150.4 Y97.1 E1619.43626
G1 X150.4 Y137.9 E1620.79328
G0 F9000 X150.8 Y138.3
;TYPE:WALL-OUTER
G1 F1500 X84.2 Y138.3 E1623.0084
G1 X84.2 Y96.7 E1624.39202
G1 X150.8 Y96.7 E1626.60715
G1 X150.8 Y138.3 E1627.99077
G0 F9000 X150.53 Y138.03
G0 X148.304 Y137.819
;TYPE:FILL
G1 F3000 X147.615 Y137.13 E1628.02318
G0 F9000 X148.045 Y137.13
G1 F3000 X147.86 Y137.82 E1628.04694
G0 F9000 X149.798 Y137.279
G0 X149.798 Y135.184
G0 X149.649 Y135.195
G1 F3000 X150.318 Y135.016 E1628.06997
G0 F9000 X150.318 Y131.348
G1 F3000 X149.649 Y130.678 E1628.10146
G0 F9000 X149.649 Y131.144
G1 F3000 X150.319 Y128.643 E1628.18758
G1 X150.319 Y128.804
G1 X149.649 Y128.983 E1628.21064
G0 F9000 X150.318 Y122.863
G1 F3000 X149.649 Y122.193 E1628.24214
G0 F9000 X149.649 Y122.772
G1 F3000 X150.318 Y122.592 E1628.26518
G0 F9000 X149.65 Y116.56
G1 F3000 X150.318 Y116.381 E1628.28818
G0 F9000 X150.318 Y114.378
G1 F3000 X149.649 Y113.708 E1628.31967
G0 F9000 X149.649 Y110.348
G1 F3000 X150.318 Y110.169 E1628.34271
G0 F9000 X149.649 Y107.96
G1 F3000 X150.319 Y105.46 E1628.42879
G0 F9000 X150.318 Y105.892
G1 F3000 X149.649 Y105.223 E1628.46026
G0 F9000 X149.649 Y104.137
G1 F3000 X150.318 Y103.958 E1628.48329
G0 F9000 X149.87 Y97.925
G0 X149.65 Y97.925
G1 F3000 X150.318 Y97.746 E1628.50629
G0 F9000 X150.318 Y97.407
G1 F3000 X150.091 Y97.179 E1628.51699
G0 F9000 X146.327 Y97.178
G1 F3000 X146.142 Y97.868 E1628.54075
G0 F9000 X146.142 Y97.649
G0 X142.294 Y97.649
G0 X142.294 Y97.868
G1 F3000 X141.605 Y97.179 E1628.57316
G0 F9000 X140.115 Y97.178
G1 F3000 X139.93 Y97.868 E1628.59692
G0 F9000 X139.93 Y97.649
G0 X133.904 Y97.178
G1 F3000 X133.719 Y97.868 E1628.62068
G1 X133.809 Y97.868
G1 X133.12 Y97.179 E1628.65309
G0 F9000 X129.251 Y97.179
G1 F3000 X126.678 Y97.868 E1628.74168
G0 F9000 X127.507 Y97.868
G1 F3000 X127.692 Y97.178 E1628.76544
G0 F9000 X125.324 Y97.649
G0 X125.324 Y97.868
G1 F3000 X124.635 Y97.179 E1628.79785
G0 F9000 X121.48 Y97.178
G1 F3000 X121.295 Y97.868 E1628.82161
G0 F9000 X121.295 Y97.649
G0 X116.838 Y97.649
G0 X116.838 Y97.868
G1 F3000 X116.15 Y97.179 E1628.854
G0 F9000 X115.269 Y97.178
G1 F3000 X115.084 Y97.868 E1628.87776
G0 F9000 X115.084 Y97.649
G0 X109.057 Y97.178
G1 F3000 X108.872 Y97.868 E1628.90152
G0 F9000 X108.353 Y97.868
G1 F3000 X107.664 Y97.179 E1628.93393
G0 F9000 X106.069 Y97.179
G1 F3000 X103.496 Y97.868 E1629.02252
G0 F9000 X102.66 Y97.868
G1 F3000 X102.845 Y97.178 E1629.04628
G0 F9000 X99.868 Y97.649
G0 X99.868 Y97.868
G1 F3000 X99.179 Y97.179 E1629.07869
G0 F9000 X96.634 Y97.178
G1 F3000 X96.449 Y97.868 E1629.10245
G0 F9000 X96.449 Y97.649
G0 X91.382 Y97.649
G0 X91.382 Y97.868
G1 F3000 X90.694 Y97.179 E1629.13483
G0 F9000 X90.422 Y97.178
G1 F3000 X90.237 Y97.868 E1629.15859
G0 F9000 X90.237 Y97.649
G0 X85.202 Y97.721
G0 X85.202 Y99.816
G0 X85.349 Y100.32
G1 F3000 X84.68 Y99.651 E1629.19006
G0 F9000 X85.349 Y102.731
G1 F3000 X84.679 Y102.91 E1629.21313
G0 F9000 X84.68 Y108.136
G1 F3000 X85.349 Y108.806 E1629.24462
G1 X85.348 Y108.943
G1 X84.68 Y109.122 E1629.26762
G0 F9000 X85.348 Y115.154
G1 F3000 X84.68 Y115.334 E1629.29063
G0 F9000 X85.349 Y116.11
G1 F3000 X84.68 Y118.609 E1629.37667
G0 F9000 X85.349 Y117.291
G1 F3000 X84.68 Y116.621 E1629.40817
G0 F9000 X85.349 Y121.366
G1 F3000 X84.679 Y121.545 E1629.43123
G0 F9000 X84.68 Y125.106
G1 F3000 X85.349 Y125.776 E1629.46272
G0 F9000 X85.348 Y127.578
G1 F3000 X84.68 Y127.757 E1629.48572
G0 F9000 X84.68 Y133.592
G1 F3000 X85.349 Y134.261 E1629.51719
G0 F9000 X85.348 Y133.789
G1 F3000 X84.68 Y133.969 E1629.5402
G0 F9000 X85.202 Y137.279
G0 X85.929 Y137.351
G0 X85.929 Y137.129
G1 F3000 X85.744 Y137.82 E1629.56399
G0 F9000 X88.218 Y137.351
G0 X88.218 Y137.13
G1 F3000 X88.907 Y137.819 E1629.5964
G0 F9000 X91.955 Y137.82
G1 F3000 X92.14 Y137.13 E1629.62016
G0 F9000 X92.14 Y137.351
G0 X93.491 Y137.819
G1 F3000 X96.064 Y137.13 E1629.70876
G0 F9000 X96.703 Y137.13
G1 F3000 X97.392 Y137.819 E1629.74116
G0 F9000 X98.167 Y137.82
G1 F3000 X98.352 Y137.13 E1629.76492
G0 F9000 X98.352 Y137.351
G0 X104.379 Y137.82
G1 F3000 X104.564 Y137.129 E1629.78872
G0 F9000 X105.189 Y137.13
G1 F3000 X105.877 Y137.819 E1629.8211
G0 F9000 X110.59 Y137.82
G1 F3000 X110.775 Y137.13 E1629.84486
G0 F9000 X110.775 Y137.351
G0 X113.674 Y137.351
G0 X113.674 Y137.13
G1 F3000 X114.363 Y137.819 E1629.87727
G0 F9000 X116.673 Y137.819
G1 F3000 X119.246 Y137.13 E1629.96586
G0 F9000 X119.246 Y137.351
G0 X116.987 Y137.351
G0 X116.987 Y137.13
G1 F3000 X116.802 Y137.819 E1629.98959
G0 F9000 X122.159 Y137.351
G0 X122.159 Y137.13
G1 F3000 X122.848 Y137.819 E1630.022
G1 X123.014 Y137.82
G1 X123.199 Y137.129 E1630.04579
G0 F9000 X123.199 Y137.351
G0 X129.225 Y137.82
G1 F3000 X129.41 Y137.13 E1630.06955
G0 F9000 X129.41 Y137.351
G0 X130.645 Y137.351
G0 X130.645 Y137.13
G1 F3000 X131.333 Y137.819 E1630.10194
G0 F9000 X135.437 Y137.819
G1 F3000 X135.622 Y137.13 E1630.12567
G0 F9000 X135.622 Y137.351
G0 X139.13 Y137.351
G0 X139.13 Y137.13
G1 F3000 X139.819 Y137.819 E1630.15807
G1 X139.855 Y137.819
G1 X142.428 Y137.13 E1630.24667
G0 F9000 X141.834 Y137.129
G1 F3000 X141.648 Y137.82 E1630.27047
G0 F9000 X149.798 Y137.279
G0 X149.798 Y135.184
G0 X144.169 Y135.142
G0 X143.919 Y135.392
;TYPE:SKIN
G1 F1500 X149.58 Y135.392 E1630.45875
G1 X149.58 Y137.061 E1630.51426
G1 X85.42 Y137.061 E1632.64823
G1 X85.42 Y135.392 E1632.70375
G1 X91.081 Y135.392 E1632.89203
G1 X91.081 Y99.608 E1634.08221
G1 X85.42 Y99.608 E1634.2705
G1 X85.42 Y97.939 E1634.32601
G1 X149.58 Y97.939 E1636.45998
G1 X149.58 Y99.608 E1636.51549
G1 X143.919 Y99.608 E1636.70378
G1 X143.919 Y135.392 E1637.89396
G0 F9000 X144.169 Y135.142
G0 X149.798 Y135.184
G0 X149.798 Y137.279
G0 X149.336 Y137.351
G0 X149.336 Y136.9
G1 F1500 X149.419 Y136.817 E1637.89786
G0 F9000 X149.419 Y136.251
G1 F1500 X148.77 Y136.9 E1637.92839
G0 F9000 X148.204 Y136.9
G1 F1500 X149.419 Y135.686 E1637.98551
G0 F9000 X148.988 Y135.551
G1 F1500 X147.638 Y136.9 E1638.04899
G0 F9000 X147.073 Y136.9
G1 F1500 X148.422 Y135.551 E1638.11244
G0 F9000 X147.856 Y135.551
G1 F1500 X146.507 Y136.9 E1638.1759
G0 F9000 X145.941 Y136.9
G1 F1500 X147.291 Y135.551 E1638.23937
G0 F9000 X146.725 Y135.551
G1 F1500 X145.376 Y136.9 E1638.30283
G0 F9000 X144.81 Y136.9
G1 F1500 X146.159 Y135.551 E1638.36628
G0 F9000 X145.593 Y135.551
G1 F1500 X144.244 Y136.9 E1638.42973
G0 F9000 X143.679 Y136.9
G1 F1500 X145.028 Y135.551 E1638.49318
G0 F9000 X144.462 Y135.551
G1 F1500 X143.113 Y136.9 E1638.55664
G0 F9000 X142.547 Y136.9
G1 F1500 X143.896 Y135.551 E1638.62009
G0 F9000 X143.758 Y135.124
G1 F1500 X141.982 Y136.9 E1638.70363
G0 F9000 X141.416 Y136.9
G1 F1500 X143.758 Y134.558 E1638.81379
G0 F9000 X143.758 Y133.993
G1 F1500 X140.85 Y136.9 E1638.95055
G0 F9000 X140.285 Y136.9
G1 F1500 X143.758 Y133.427 E1639.11391
G0 F9000 X143.758 Y132.861
G1 F1500 X139.719 Y136.9 E1639.30389
G0 F9000 X139.153 Y136.9
G1 F1500 X143.758 Y132.296 E1639.52047
G0 F9000 X143.758 Y131.73
G1 F1500 X138.587 Y136.9 E1639.76368
G0 F9000 X138.022 Y136.9
G1 F1500 X143.758 Y131.164 E1640.03348
G0 F9000 X143.758 Y130.599
G1 F1500 X137.456 Y136.9 E1640.32988
G0 F9000 X136.89 Y136.9
G1 F1500 X143.758 Y130.033 E1640.65291
G0 F9000 X143.758 Y129.467
G1 F1500 X136.325 Y136.9 E1641.00253
G0 F9000 X135.759 Y136.9
G1 F1500 X143.758 Y128.902 E1641.37876
G0 F9000 X143.758 Y128.336
G1 F1500 X135.193 Y136.9 E1641.78161
G0 F9000 X134.628 Y136.9
G1 F1500 X143.758 Y127.77 E1642.21105
G0 F9000 X143.758 Y127.204
G1 F1500 X134.062 Y136.9 E1642.66712
G0 F9000 X133.496 Y136.9
G1 F1500 X143.758 Y126.639 E1643.14979
G0 F9000 X143.758 Y126.073
G1 F1500 X132.931 Y136.9 E1643.65906
G0 F9000 X132.365 Y136.9
G1 F1500 X143.758 Y125.507 E1644.19495
G0 F9000 X143.758 Y124.942
G1 F1500 X131.799 Y136.9 E1644.75745
G0 F9000 X131.234 Y136.9
G1 F1500 X143.758 Y124.376 E1645.34654
G0 F9000 X143.758 Y123.81
G1 F1500 X130.668 Y136.9 E1645.96225
G0 F9000 X130.102 Y136.9
G1 F1500 X143.758 Y123.245 E1646.60456
G0 F9000 X143.758 Y122.679
G1 F1500 X129.537 Y136.9 E1647.27347
G0 F9000 X128.971 Y136.9
G1 F1500 X143.758 Y122.113 E1647.96901
G0 F9000 X143.758 Y121.548
G1 F1500 X128.405 Y136.9 E1648.69114
G0 F9000 X127.839 Y136.9
G1 F1500 X143.758 Y120.982 E1649.4399
G0 F9000 X143.758 Y120.416
G1 F1500 X127.274 Y136.9 E1650.21526
G0 F9000 X126.708 Y136.9
G1 F1500 X143.758 Y119.851 E1651.01721
G0 F9000 X143.758 Y119.285
G1 F1500 X126.142 Y136.9 E1651.84579
G0 F9000 X125.577 Y136.9
G1 F1500 X143.758 Y118.719 E1652.70097
G0 F9000 X143.758 Y118.154
G1 F1500 X125.011 Y136.9 E1653.58275
G0 F9000 X124.445 Y136.9
G1 F1500 X143.758 Y117.588 E1654.49115
G0 F9000 X143.758 Y117.022
G1 F1500 X123.88 Y136.9 E1655.42615
G0 F9000 X123.314 Y136.9
G1 F1500 X143.758 Y116.456 E1656.38777
G0 F9000 X143.758 Y115.891
G1 F1500 X122.748 Y136.9 E1657.376
G0 F9000 X122.183 Y136.9
G1 F1500 X143.758 Y115.325 E1658.39082
G0 F9000 X143.758 Y114.759
G1 F1500 X121.617 Y136.9 E1659.43226
G0 F9000 X121.051 Y136.9
G1 F1500 X143.758 Y114.194 E1660.50031
G0 F9000 X143.758 Y113.628
G1 F1500 X120.486 Y136.9 E1661.59495
G0 F9000 X119.92 Y136.9
G1 F1500 X143.758 Y113.062 E1662.71622
G0 F9000 X143.758 Y112.497
G1 F1500 X119.354 Y136.9 E1663.86408
G0 F9000 X118.788 Y136.9
G1 F1500 X143.758 Y111.931 E1665.03857
G0 F9000 X143.758 Y111.365
G1 F1500 X118.223 Y136.9 E1666.23966
G0 F9000 X117.657 Y136.9
G1 F1500 X143.758 Y110.8 E1667.46735
G0 F9000 X143.758 Y110.234
G1 F1500 X117.091 Y136.9 E1668.72166
G0 F9000 X116.526 Y136.9
G1 F1500 X143.758 Y109.668 E1670.00257
G0 F9000 X143.758 Y109.103
G1 F1500 X115.96 Y136.9 E1671.31008
G0 F9000 X115.394 Y136.9
G1 F1500 X143.758 Y108.537 E1672.64421
G0 F9000 X143.758 Y107.971
G1 F1500 X114.829 Y136.9 E1674.00494
G0 F9000 X114.263 Y136.9
G1 F1500 X143.758 Y107.405 E1675.39229
G0 F9000 X143.758 Y106.84
G1 F1500 X113.697 Y136.9 E1676.80625
G0 F9000 X113.132 Y136.9
G1 F1500 X143.758 Y106.274 E1678.2468
G0 F9000 X143.758 Y105.708
G1 F1500 X112.566 Y136.9 E1679.71398
G0 F9000 X112 Y136.9
G1 F1500 X143.758 Y105.143 E1681.20775
G0 F9000 X143.758 Y104.577
G1 F1500 X111.435 Y136.9 E1682.72813
G0 F9000 X110.869 Y136.9
G1 F1500 X143.758 Y104.011 E1684.27513
G0 F9000 X143.758 Y103.446
G1 F1500 X110.303 Y136.9 E1685.84872
G0 F9000 X109.738 Y136.9
G1 F1500 X143.758 Y102.88 E1687.44892
G0 F9000 X143.758 Y102.314
G1 F1500 X109.172 Y136.9 E1689.07574
G0 F9000 X108.606 Y136.9
G1 F1500 X143.758 Y101.749 E1690.72916
G0 F9000 X143.758 Y101.183
G1 F1500 X108.04 Y136.9 E1692.4092
G0 F9000 X107.475 Y136.9
G1 F1500 X143.758 Y100.617 E1694.11584
G0 F9000 X143.758 Y100.052
G1 F1500 X106.909 Y136.9 E1695.84908
G0 F9000 X106.343 Y136.9
G1 F1500 X143.758 Y99.486 E1697.60894
G1 X143.796 Y99.448
G1 X145.146 Y98.098 E1697.67244
G0 F9000 X144.58 Y98.098
G1 F1500 X105.778 Y136.9 E1699.49757
G0 F9000 X105.212 Y136.9
G1 F1500 X144.015 Y98.098 E1701.32272
G0 F9000 X143.449 Y98.098
G1 F1500 X104.646 Y136.9 E1703.14787
G0 F9000 X104.081 Y136.9
G1 F1500 X142.883 Y98.098 E1704.973
G0 F9000 X142.317 Y98.098
G1 F1500 X103.515 Y136.9 E1706.79813
G0 F9000 X102.949 Y136.9
G1 F1500 X141.752 Y98.098 E1708.62328
G0 F9000 X141.186 Y98.098
G1 F1500 X102.384 Y136.9 E1710.4484
G0 F9000 X101.818 Y136.9
G1 F1500 X140.62 Y98.098 E1712.27353
G0 F9000 X140.055 Y98.098
G1 F1500 X101.252 Y136.9 E1714.09868
G0 F9000 X100.687 Y136.9
G1 F1500 X139.489 Y98.098 E1715.92381
G0 F9000 X138.923 Y98.098
G1 F1500 X100.121 Y136.9 E1717.74894
G0 F9000 X99.555 Y136.9
G1 F1500 X138.358 Y98.098 E1719.57409
G0 F9000 X137.792 Y98.098
G1 F1500 X98.989 Y136.9 E1721.39924
G0 F9000 X98.424 Y136.9
G1 F1500 X137.226 Y98.098 E1723.22436
G0 F9000 X136.661 Y98.098
G1 F1500 X97.858 Y136.9 E1725.04952
G0 F9000 X97.292 Y136.9
G1 F1500 X136.095 Y98.098 E1726.87467
G0 F9000 X135.529 Y98.098
G1 F1500 X96.727 Y136.9 E1728.69979
G0 F9000 X96.161 Y136.9
G1 F1500 X134.964 Y98.098 E1730.52494
G0 F9000 X134.398 Y98.098
G1 F1500 X95.595 Y136.9 E1732.35009
G0 F9000 X95.03 Y136.9
G1 F1500 X133.832 Y98.098 E1734.17522
G0 F9000 X133.267 Y98.098
G1 F1500 X94.464 Y136.9 E1736.00037
G0 F9000 X93.898 Y136.9
G1 F1500 X132.701 Y98.098 E1737.82552
G0 F9000 X132.135 Y98.098
G1 F1500 X93.333 Y136.9 E1739.65065
G0 F9000 X92.767 Y136.9
G1 F1500 X131.569 Y98.098 E1741.47578
G0 F9000 X131.004 Y98.098
G1 F1500 X92.201 Y136.9 E1743.30093
G0 F9000 X91.636 Y136.9
G1 F1500 X130.438 Y98.098 E1745.12605
G0 F9000 X129.872 Y98.098
G1 F1500 X91.07 Y136.9 E1746.95118
G0 F9000 X90.504 Y136.9
G1 F1500 X129.307 Y98.098 E1748.77633
G0 F9000 X128.741 Y98.098
G1 F1500 X89.939 Y136.9 E1750.60146
G0 F9000 X89.373 Y136.9
G1 F1500 X90.723 Y135.55 E1750.66496
G0 F9000 X90.157 Y135.55
G1 F1500 X88.807 Y136.9 E1750.72846
G0 F9000 X88.241 Y136.9
G1 F1500 X89.591 Y135.55 E1750.79196
G0 F9000 X89.026 Y135.55
G1 F1500 X87.676 Y136.9 E1750.85546
G0 F9000 X87.11 Y136.9
G1 F1500 X88.46 Y135.55 E1750.91896
G0 F9000 X87.894 Y135.55
G1 F1500 X86.544 Y136.9 E1750.98246
G0 F9000 X85.979 Y136.9
G1 F1500 X87.329 Y135.55 E1751.04596
G0 F9000 X86.763 Y135.55
G1 F1500 X85.579 Y136.734 E1751.10165
G0 F9000 X85.579 Y136.168
G1 F1500 X86.197 Y135.55 E1751.13072
G0 F9000 X86.197 Y135.112
G0 X90.801 Y135.033
G0 X91.24 Y135.033
G1 F1500 X128.175 Y98.098 E1752.86803
G0 F9000 X127.61 Y98.098
G1 F1500 X91.24 Y134.467 E1754.57874
G0 F9000 X91.24 Y133.901
G1 F1500 X127.044 Y98.098 E1756.26282
G0 F9000 X126.478 Y98.098
G1 F1500 X91.24 Y133.336 E1757.92031
G0 F9000 X91.24 Y132.77
G1 F1500 X125.913 Y98.098 E1759.5512
G0 F9000 X125.347 Y98.098
G1 F1500 X91.24 Y132.204 E1761.15547
G0 F9000 X91.24 Y131.639
G1 F1500 X124.781 Y98.098 E1762.73313
G0 F9000 X124.216 Y98.098
G1 F1500 X91.24 Y131.073 E1764.2842
G0 F9000 X91.24 Y130.507
G1 F1500 X123.65 Y98.098 E1765.80864
G0 F9000 X123.084 Y98.098
G1 F1500 X91.24 Y129.942 E1767.30649
G0 F9000 X91.24 Y129.376
G1 F1500 X122.518 Y98.098 E1768.77771
G0 F9000 X121.953 Y98.098
G1 F1500 X91.24 Y128.81 E1770.22233
G0 F9000 X91.24 Y128.245
G1 F1500 X121.387 Y98.098 E1771.64035
G0 F9000 X120.821 Y98.098
G1 F1500 X91.24 Y127.679 E1773.03175
G0 F9000 X91.24 Y127.113
G1 F1500 X120.256 Y98.098 E1774.39655
G0 F9000 X119.69 Y98.098
G1 F1500 X91.24 Y126.548 E1775.73475
G0 F9000 X91.24 Y125.982
G1 F1500 X119.124 Y98.098 E1777.04633
G0 F9000 X118.559 Y98.098
G1 F1500 X91.24 Y125.416 E1778.33131
G0 F9000 X91.24 Y124.851
G1 F1500 X117.993 Y98.098 E1779.58969
G0 F9000 X117.427 Y98.098
G1 F1500 X91.24 Y124.285 E1780.82144
G0 F9000 X91.24 Y123.719
G1 F1500 X116.862 Y98.098 E1782.0266
G0 F9000 X116.296 Y98.098
G1 F1500 X91.24 Y123.153 E1783.20513
G0 F9000 X91.24 Y122.588
G1 F1500 X115.73 Y98.098 E1784.35707
G0 F9000 X115.165 Y98.098
G1 F1500 X91.24 Y122.022 E1785.4824
G0 F9000 X91.24 Y121.456
G1 F1500 X114.599 Y98.098 E1786.58112
G0 F9000 X114.033 Y98.098
G1 F1500 X91.24 Y120.891 E1787.65323
G0 F9000 X91.24 Y120.325
G1 F1500 X113.468 Y98.098 E1788.69874
G0 F9000 X112.902 Y98.098
G1 F1500 X91.24 Y119.759 E1789.71763
G0 F9000 X91.24 Y119.194
G1 F1500 X112.336 Y98.098 E1790.70992
G0 F9000 X111.77 Y98.098
G1 F1500 X91.24 Y118.628 E1791.67559
G0 F9000 X91.24 Y118.062
G1 F1500 X111.205 Y98.098 E1792.61466
G0 F9000 X110.639 Y98.098
G1 F1500 X91.24 Y117.497 E1793.52713
G0 F9000 X91.24 Y116.931
G1 F1500 X110.073 Y98.098 E1794.41298
G0 F9000 X109.508 Y98.098
G1 F1500 X91.24 Y116.365 E1795.27222
G0 F9000 X91.24 Y115.8
G1 F1500 X108.942 Y98.098 E1796.10487
G0 F9000 X108.376 Y98.098
G1 F1500 X91.24 Y115.234 E1796.9109
G0 F9000 X91.24 Y114.668
G1 F1500 X107.811 Y98.098 E1797.69032
G0 F9000 X107.245 Y98.098
G1 F1500 X91.24 Y114.102 E1798.44312
G0 F9000 X91.24 Y113.537
G1 F1500 X106.679 Y98.098 E1799.16933
G0 F9000 X106.114 Y98.098
G1 F1500 X91.24 Y112.971 E1799.86893
G0 F9000 X91.24 Y112.405
G1 F1500 X105.548 Y98.098 E1800.54191
G0 F9000 X104.982 Y98.098
G1 F1500 X91.24 Y111.84 E1801.18829
G0 F9000 X91.24 Y111.274
G1 F1500 X104.417 Y98.098 E1801.80808
G0 F9000 X103.851 Y98.098
G1 F1500 X91.24 Y110.708 E1802.40124
G0 F9000 X91.24 Y110.143
G1 F1500 X103.285 Y98.098 E1802.9678
G0 F9000 X102.719 Y98.098
G1 F1500 X91.24 Y109.577 E1803.50773
G0 F9000 X91.24 Y109.011
G1 F1500 X102.154 Y98.098 E1804.02107
G0 F9000 X101.588 Y98.098
G1 F1500 X91.24 Y108.446 E1804.50781
G0 F9000 X91.24 Y107.88
G1 F1500 X101.022 Y98.098 E1804.96792
G0 F9000 X100.457 Y98.098
G1 F1500 X91.24 Y107.314 E1805.40144
G0 F9000 X91.24 Y106.749
G1 F1500 X99.891 Y98.098 E1805.80836
G0 F9000 X99.325 Y98.098
G1 F1500 X91.24 Y106.183 E1806.18865
G0 F9000 X91.24 Y105.617
G1 F1500 X98.76 Y98.098 E1806.54234
G0 F9000 X98.194 Y98.098
G1 F1500 X91.24 Y105.052 E1806.86944
G0 F9000 X91.24 Y104.486
G1 F1500 X97.628 Y98.098 E1807.16991
G0 F9000 X97.063 Y98.098
G1 F1500 X91.24 Y103.92 E1807.44378
G0 F9000 X91.24 Y103.354
G1 F1500 X96.497 Y98.098 E1807.69103
G0 F9000 X95.931 Y98.098
G1 F1500 X91.24 Y102.789 E1807.91168
G0 F9000 X91.24 Y102.223
G1 F1500 X95.366 Y98.098 E1808.10573
G0 F9000 X94.8 Y98.098
G1 F1500 X91.24 Y101.657 E1808.27316
G0 F9000 X91.24 Y101.092
G1 F1500 X94.234 Y98.098 E1808.41399
G0 F9000 X93.669 Y98.098
G1 F1500 X91.24 Y100.526 E1808.52822
G0 F9000 X91.24 Y99.96
G1 F1500 X93.103 Y98.098 E1808.61583
G0 F9000 X92.537 Y98.098
G1 F1500 X91.188 Y99.447 E1808.67928
G0 F9000 X90.622 Y99.447
G1 F1500 X91.971 Y98.098 E1808.74273
G0 F9000 X91.406 Y98.098
G1 F1500 X90.057 Y99.447 E1808.80618
G0 F9000 X89.491 Y99.447
G1 F1500 X90.84 Y98.098 E1808.86964
G0 F9000 X90.274 Y98.098
G1 F1500 X88.925 Y99.447 E1808.93309
G0 F9000 X88.36 Y99.447
G1 F1500 X89.709 Y98.098 E1808.99654
G0 F9000 X89.143 Y98.098
G1 F1500 X87.794 Y99.447 E1809.06
G0 F9000 X87.228 Y99.447
G1 F1500 X88.577 Y98.098 E1809.12345
G0 F9000 X88.012 Y98.098
G1 F1500 X86.663 Y99.447 E1809.1869
G0 F9000 X86.097 Y99.447
G1 F1500 X87.446 Y98.098 E1809.25035
G0 F9000 X86.88 Y98.098
G1 F1500 X85.579 Y99.399 E1809.31155
G0 F9000 X85.579 Y98.833
G1 F1500 X86.315 Y98.098 E1809.34615
G0 F9000 X85.749 Y98.098
G1 F1500 X85.579 Y98.268 E1809.35414
G1 F2700 E1804.35414
G0 F9000 X85.13 Y98.268
G0 X85.202 Y97.721
G0 X149.798 Y97.721
G0 X149.798 Y99.816
G0 X144.362 Y99.888
G1 F2700 E1809.35414
G0 F9000 X144.362 Y99.448
G1 F1500 X145.712 Y98.098 E1809.41764
G0 F9000 X146.277 Y98.098
G1 F1500 X144.927 Y99.448 E1809.48114
G0 F9000 X145.493 Y99.448
G1 F1500 X146.843 Y98.098 E1809.54464
G0 F9000 X147.409 Y98.098
G1 F1500 X146.059 Y99.448 E1809.60814
G0 F9000 X146.624 Y99.448
G1 F1500 X147.974 Y98.098 E1809.67164
G0 F9000 X148.54 Y98.098
G1 F1500 X147.19 Y99.448 E1809.73514
G0 F9000 X147.756 Y99.448
G1 F1500 X149.106 Y98.098 E1809.79864
G0 F9000 X149.419 Y98.35
G1 F1500 X148.322 Y99.448 E1809.85026
G0 F9000 X148.887 Y99.448
G1 F1500 X149.419 Y98.916 E1809.87529
G0 F9000 X150.17 Y98.916
G1 F2700 E1804.87529
;MESH:NONMESH
G0 F300 X150.17 Y98.916 Z2.2
G0 F9000 X149.798 Y99.816
G0 X149.798 Y137.279
G0 X85.202 Y137.279
G1 F2700 E1809.87529
G0 F9000 X85.43 Y137.051
;TIME_ELAPSED:2503.696026
;LAYER:10
;TYPE:WALL-INNER
;MESH:2inch-tft-holder.obj
G1 F1500 X149.57 Y137.051 E1812.00859
G1 X149.57 Y97.949 E1813.30913
G1 X85.43 Y97.949 E1815.44244
G1 X85.43 Y137.051 E1816.74297
G0 F9000 X85.83 Y136.651
;TYPE:WALL-OUTER
G1 F1500 X149.17 Y136.651 E1818.84967
G1 X149.17 Y98.349 E1820.1236
G1 X85.83 Y98.349 E1822.2303
G1 X85.83 Y136.651 E1823.50423
G1 F2700 E1818.50423
G0 F9000 X85.53 Y136.651
G0 X150.4 Y137.9
;TYPE:WALL-INNER
G1 F2700 E1823.50423
G1 F1500 X84.6 Y137.9 E1825.69274
G1 X84.6 Y97.1 E1827.04976
G1 X150.4 Y97.1 E1829.23827
G1 X150.4 Y137.9 E1830.59529
G0 F9000 X150.8 Y138.3
;TYPE:WALL-OUTER
G1 F1500 X84.2 Y138.3 E1832.81041
G1 X84.2 Y96.7 E1834.19403
G1 X150.8 Y96.7 E1836.40916
G1 X150.8 Y138.3 E1837.79278
G0 F9000 X150.53 Y138.03
G0 X148.503 Y137.819
;TYPE:FILL
G1 F3000 X147.815 Y137.13 E1837.82517
G1 X147.899 Y137.129
G1 X147.714 Y137.82 E1837.84896
G0 F9000 X149.398 Y136.879
G0 X149.65 Y135.341
G1 F3000 X150.318 Y135.162 E1837.87196
G0 F9000 X150.318 Y131.149
G1 F3000 X149.649 Y130.479 E1837.90345
G1 X149.649 Y130.6
G1 X150.319 Y128.098 E1837.9896
G0 F9000 X150.318 Y128.95
G1 F3000 X149.649 Y129.129 E1838.01263
G0 F9000 X149.649 Y122.918
G1 F3000 X150.319 Y122.738 E1838.03571
G1 X150.318 Y122.663
G1 X149.649 Y121.994 E1838.06717
G0 F9000 X149.65 Y116.706
G1 F3000 X150.318 Y116.527 E1838.09018
G0 F9000 X150.318 Y114.178
G1 F3000 X149.649 Y113.509 E1838.12164
G0 F9000 X149.649 Y110.494
G1 F3000 X150.318 Y110.315 E1838.14468
G0 F9000 X149.65 Y107.415
G1 F3000 X150.319 Y104.915 E1838.23075
G0 F9000 X149.649 Y105.023
G1 F3000 X150.318 Y105.693 E1838.26225
G0 F9000 X149.649 Y104.283
G1 F3000 X150.319 Y104.103 E1838.28532
G0 F9000 X149.649 Y98.071
G1 F3000 X150.318 Y97.892 E1838.30835
G0 F9000 X146.181 Y97.178
G1 F3000 X145.996 Y97.868 E1838.33211
G0 F9000 X142.494 Y97.868
G1 F3000 X141.805 Y97.179 E1838.36452
G0 F9000 X139.969 Y97.178
G1 F3000 X139.784 Y97.868 E1838.38828
G0 F9000 X134.008 Y97.868
G1 F3000 X133.32 Y97.179 E1838.42067
G0 F9000 X133.758 Y97.178
G1 F3000 X133.573 Y97.868 E1838.44443
G0 F9000 X129.795 Y97.179
G1 F3000 X127.224 Y97.868 E1838.53296
G1 X127.361 Y97.868
G1 X127.546 Y97.178 E1838.55672
G0 F9000 X125.523 Y97.868
G1 F3000 X124.834 Y97.179 E1838.58912
G0 F9000 X121.334 Y97.178
G1 F3000 X121.149 Y97.868 E1838.61288
G0 F9000 X117.038 Y97.868
G1 F3000 X116.349 Y97.179 E1838.64529
G0 F9000 X115.123 Y97.178
G1 F3000 X114.938 Y97.868 E1838.66905
G0 F9000 X108.911 Y97.178
G1 F3000 X108.726 Y97.868 E1838.69281
G1 X108.552 Y97.868
G1 X107.864 Y97.179 E1838.7252
G0 F9000 X106.613 Y97.179
G1 F3000 X104.041 Y97.868 E1838.81376
G0 F9000 X102.699 Y97.178
G1 F3000 X102.514 Y97.868 E1838.83752
G0 F9000 X100.067 Y97.868
G1 F3000 X99.378 Y97.179 E1838.86993
G0 F9000 X96.488 Y97.178
G1 F3000 X96.303 Y97.868 E1838.89369
G0 F9000 X91.582 Y97.868
G1 F3000 X90.893 Y97.179 E1838.9261
G0 F9000 X90.276 Y97.178
G1 F3000 X90.091 Y97.868 E1838.94986
G0 F9000 X85.602 Y98.121
G0 X85.349 Y100.121
G1 F3000 X84.68 Y99.451 E1838.98135
G0 F9000 X85.348 Y102.877
G1 F3000 X84.679 Y103.056 E1839.00438
G0 F9000 X84.68 Y107.937
G1 F3000 X85.349 Y108.606 E1839.03585
G0 F9000 X85.348 Y109.089
G1 F3000 X84.68 Y109.268 E1839.05885
G0 F9000 X85.349 Y115.3
G1 F3000 X84.679 Y115.48 E1839.08193
G0 F9000 X85.349 Y115.565
G1 F3000 X84.679 Y118.064 E1839.16798
G0 F9000 X85.349 Y117.091
G1 F3000 X84.68 Y116.422 E1839.19945
G0 F9000 X85.348 Y121.512
G1 F3000 X84.679 Y121.691 E1839.22248
G0 F9000 X84.68 Y124.907
G1 F3000 X85.349 Y125.577 E1839.25397
G0 F9000 X85.348 Y127.724
G1 F3000 X84.68 Y127.903 E1839.27697
G0 F9000 X84.68 Y133.392
G1 F3000 X85.349 Y134.062 E1839.30846
G1 X85.348 Y133.935
G1 X84.679 Y134.115 E1839.33151
G0 F9000 X85.602 Y136.879
G0 X85.783 Y137.129
G1 F3000 X85.598 Y137.82 E1839.3553
G0 F9000 X88.418 Y137.13
G1 F3000 X89.106 Y137.819 E1839.38768
G0 F9000 X91.809 Y137.82
G1 F3000 X91.994 Y137.13 E1839.41144
G0 F9000 X94.036 Y137.819
G1 F3000 X96.608 Y137.13 E1839.5
G0 F9000 X96.903 Y137.13
G1 F3000 X97.592 Y137.819 E1839.53241
G0 F9000 X98.021 Y137.819
G1 F3000 X98.206 Y137.13 E1839.55614
G0 F9000 X104.233 Y137.82
G1 F3000 X104.418 Y137.129 E1839.57993
G0 F9000 X105.388 Y137.13
G1 F3000 X106.077 Y137.819 E1839.61234
G0 F9000 X110.444 Y137.82
G1 F3000 X110.629 Y137.129 E1839.63613
G0 F9000 X113.873 Y137.13
G1 F3000 X114.562 Y137.819 E1839.66854
G0 F9000 X116.656 Y137.82
G1 F3000 X116.841 Y137.13 E1839.6923
G0 F9000 X117.218 Y137.819
G1 F3000 X119.79 Y137.13 E1839.78086
G0 F9000 X122.359 Y137.13
G1 F3000 X123.047 Y137.819 E1839.81325
G1 X122.868 Y137.82
G1 X123.053 Y137.13 E1839.83701
G0 F9000 X129.079 Y137.82
G1 F3000 X129.264 Y137.129 E1839.8608
G0 F9000 X130.844 Y137.13
G1 F3000 X131.533 Y137.819 E1839.89321
G0 F9000 X135.291 Y137.82
G1 F3000 X135.476 Y137.13 E1839.91697
G0 F9000 X139.329 Y137.13
G1 F3000 X140.018 Y137.819 E1839.94938
G0 F9000 X140.4 Y137.819
G1 F3000 X142.972 Y137.13 E1840.03794
G0 F9000 X141.688 Y137.13
G1 F3000 X141.503 Y137.819 E1840.06167
G0 F9000 X141.503 Y137.7
G1 F2700 E1835.06167
;MESH:NONMESH
G0 F300 X141.503 Y137.7 Z2.4
G0 F9000 X85.43 Y137.051
;TIME_ELAPSED:2551.589830
;LAYER:11
;TYPE:WALL-INNER
;MESH:2inch-tft-holder.obj
G1 F2700 E1840.06167
G1 F1500 X149.57 Y137.051 E1842.19497
G1 X149.57 Y97.949 E1843.49551
G1 X85.43 Y97.949 E1845.62881
G1 X85.43 Y137.051 E1846.92935
G0 F9000 X85.83 Y136.651
;TYPE:WALL-OUTER
G1 F1500 X149.17 Y136.651 E1849.03605
G1 X149.17 Y98.349 E1850.30998
G1 X85.83 Y98.349 E1852.41668
G1 X85.83 Y136.651 E1853.69061
G1 F2700 E1848.69061
G0 F9000 X85.53 Y136.651
G0 X150.4 Y137.9
;TYPE:WALL-INNER
G1 F2700 E1853.69061
G1 F1500 X84.6 Y137.9 E1855.87912
G1 X84.6 Y97.1 E1857.23614
G1 X150.4 Y97.1 E1859.42465
G1 X150.4 Y137.9 E1860.78167
G0 F9000 X150.8 Y138.3
;TYPE:WALL-OUTER
G1 F1500 X84.2 Y138.3 E1862.99679
G1 X84.2 Y96.7 E1864.38041
G1 X150.8 Y96.7 E1866.59554
G1 X150.8 Y138.3 E1867.97916
G0 F9000 X150.53 Y138.03
G0 X148.704 Y137.819
;TYPE:FILL
G1 F3000 X148.015 Y137.13 E1868.01157
G0 F9000 X147.752 Y137.129
G1 F3000 X147.567 Y137.82 E1868.03536
G0 F9000 X149.398 Y136.879
G0 X149.649 Y135.488
G1 F3000 X150.318 Y135.309 E1868.05839
G0 F9000 X150.318 Y130.948
G1 F3000 X149.649 Y130.278 E1868.08989
G0 F9000 X149.649 Y130.051
G1 F3000 X150.319 Y127.549 E1868.17603
G0 F9000 X150.318 Y129.097
G1 F3000 X149.649 Y129.276 E1868.19907
G0 F9000 X149.649 Y123.065
G1 F3000 X150.319 Y122.885 E1868.22214
G0 F9000 X150.318 Y122.463
G1 F3000 X149.649 Y121.793 E1868.25363
G0 F9000 X149.65 Y116.853
G1 F3000 X150.318 Y116.674 E1868.27664
G0 F9000 X150.318 Y113.977
G1 F3000 X149.649 Y113.308 E1868.3081
G0 F9000 X149.649 Y110.641
G1 F3000 X150.318 Y110.462 E1868.33114
G0 F9000 X149.65 Y106.866
G1 F3000 X150.319 Y104.366 E1868.41721
G1 X150.318 Y104.251
G1 X149.649 Y104.43 E1868.44025
G0 F9000 X149.649 Y104.822
G1 F3000 X150.318 Y105.492 E1868.47174
G0 F9000 X149.65 Y98.218
G1 F3000 X150.318 Y98.039 E1868.49474
G0 F9000 X146.034 Y97.178
G1 F3000 X145.849 Y97.868 E1868.5185
G0 F9000 X142.694 Y97.868
G1 F3000 X142.006 Y97.179 E1868.55088
G0 F9000 X139.822 Y97.178
G1 F3000 X139.637 Y97.868 E1868.57464
G0 F9000 X134.209 Y97.868
G1 F3000 X133.52 Y97.179 E1868.60705
G1 X133.611 Y97.178
G1 X133.426 Y97.869 E1868.63085
G0 F9000 X130.344 Y97.179
G1 F3000 X127.773 Y97.868 E1868.71937
G0 F9000 X127.214 Y97.868
G1 F3000 X127.399 Y97.178 E1868.74313
G0 F9000 X125.724 Y97.868
G1 F3000 X125.035 Y97.179 E1868.77554
G0 F9000 X121.187 Y97.178
G1 F3000 X121.002 Y97.868 E1868.7993
G0 F9000 X117.239 Y97.868
G1 F3000 X116.55 Y97.179 E1868.83171
G0 F9000 X114.976 Y97.178
G1 F3000 X114.791 Y97.868 E1868.85547
G0 F9000 X108.753 Y97.868
G1 F3000 X108.065 Y97.179 E1868.88786
G0 F9000 X108.764 Y97.178
G1 F3000 X108.579 Y97.868 E1868.91162
G0 F9000 X107.162 Y97.179
G1 F3000 X104.59 Y97.868 E1869.00018
G0 F9000 X102.552 Y97.178
G1 F3000 X102.367 Y97.868 E1869.02394
G0 F9000 X100.268 Y97.868
G1 F3000 X99.579 Y97.179 E1869.05635
G0 F9000 X96.341 Y97.178
G1 F3000 X96.156 Y97.868 E1869.08011
G0 F9000 X91.783 Y97.868
G1 F3000 X91.094 Y97.179 E1869.11251
G0 F9000 X90.129 Y97.178
G1 F3000 X89.944 Y97.868 E1869.13628
G0 F9000 X85.602 Y98.121
G0 X85.349 Y99.92
G1 F3000 X84.68 Y99.25 E1869.16777
G0 F9000 X85.348 Y103.024
G1 F3000 X84.679 Y103.203 E1869.1908
G0 F9000 X84.68 Y107.736
G1 F3000 X85.349 Y108.405 E1869.22227
G0 F9000 X85.348 Y109.236
G1 F3000 X84.68 Y109.415 E1869.24527
G0 F9000 X85.349 Y115.017
G1 F3000 X84.68 Y117.516 E1869.33131
G0 F9000 X85.349 Y116.891
G1 F3000 X84.68 Y116.221 E1869.3628
G0 F9000 X84.679 Y115.627
G1 F3000 X85.349 Y115.447 E1869.38588
G0 F9000 X85.348 Y121.659
G1 F3000 X84.679 Y121.838 E1869.40891
G0 F9000 X84.68 Y124.706
G1 F3000 X85.349 Y125.376 E1869.4404
G0 F9000 X85.348 Y127.871
G1 F3000 X84.68 Y128.05 E1869.46341
G0 F9000 X84.68 Y133.192
G1 F3000 X85.349 Y133.861 E1869.49487
G0 F9000 X85.348 Y134.082
G1 F3000 X84.679 Y134.262 E1869.51792
G0 F9000 X85.636 Y137.129
G1 F3000 X85.451 Y137.82 E1869.54171
G0 F9000 X88.618 Y137.13
G1 F3000 X89.307 Y137.819 E1869.57412
G0 F9000 X91.662 Y137.82
G1 F3000 X91.847 Y137.13 E1869.59788
G0 F9000 X94.585 Y137.819
G1 F3000 X97.157 Y137.13 E1869.68644
G1 X97.104 Y137.13
G1 X97.792 Y137.819 E1869.71882
G1 X97.874 Y137.819
G1 X98.059 Y137.13 E1869.74255
G0 F9000 X104.086 Y137.82
G1 F3000 X104.271 Y137.129 E1869.76634
G0 F9000 X105.589 Y137.13
G1 F3000 X106.278 Y137.819 E1869.79875
G0 F9000 X110.297 Y137.82
G1 F3000 X110.482 Y137.13 E1869.82251
G0 F9000 X114.074 Y137.13
G1 F3000 X114.763 Y137.819 E1869.85492
G0 F9000 X116.509 Y137.819
G1 F3000 X116.694 Y137.13 E1869.87865
G0 F9000 X117.767 Y137.819
G1 F3000 X120.339 Y137.13 E1869.96721
G0 F9000 X122.559 Y137.13
G1 F3000 X123.248 Y137.819 E1869.99962
G0 F9000 X122.721 Y137.82
G1 F3000 X122.906 Y137.13 E1870.02338
G0 F9000 X128.932 Y137.82
G1 F3000 X129.117 Y137.129 E1870.04717
G0 F9000 X131.045 Y137.13
G1 F3000 X131.733 Y137.819 E1870.07955
G0 F9000 X135.144 Y137.82
G1 F3000 X135.329 Y137.13 E1870.10331
G0 F9000 X139.53 Y137.13
G1 F3000 X140.219 Y137.819 E1870.13572
G0 F9000 X140.949 Y137.819
G1 F3000 X143.521 Y137.13 E1870.22428
G0 F9000 X141.541 Y137.13
G1 F3000 X141.356 Y137.819 E1870.24801
G0 F9000 X141.356 Y137.7
G1 F2700 E1865.24801
;MESH:NONMESH
G0 F300 X141.356 Y137.7 Z2.6
G0 F9000 X85.43 Y137.051
;TIME_ELAPSED:2599.788724
;LAYER:12
;TYPE:WALL-INNER
;MESH:2inch-tft-holder.obj
G1 F2700 E1870.24801
G1 F1500 X149.57 Y137.051 E1872.38132
G1 X149.57 Y97.949 E1873.68186
G1 X85.43 Y97.949 E1875.81516
G1 X85.43 Y137.051 E1877.1157
G0 F9000 X85.83 Y136.651
;TYPE:WALL-OUTER
G1 F1500 X149.17 Y136.651 E1879.2224
G1 X149.17 Y98.349 E1880.49632
G1 X85.83 Y98.349 E1882.60302
G1 X85.83 Y136.651 E1883.87695
G1 F2700 E1878.87695
G0 F9000 X85.53 Y136.651
G0 X150.4 Y137.9
;TYPE:WALL-INNER
G1 F2700 E1883.87695
G1 F1500 X84.6 Y137.9 E1886.06547
G1 X84.6 Y97.1 E1887.42248
G1 X150.4 Y97.1 E1889.611
G1 X150.4 Y137.9 E1890.96801
G0 F9000 X150.8 Y138.3
;TYPE:WALL-OUTER
G1 F1500 X84.2 Y138.3 E1893.18314
G1 X84.2 Y96.7 E1894.56676
G1 X150.8 Y96.7 E1896.78188
G1 X150.8 Y138.3 E1898.16551
G0 F9000 X150.53 Y138.03
G0 X148.903 Y137.819
;TYPE:FILL
G1 F3000 X148.215 Y137.13 E1898.19789
G0 F9000 X147.606 Y137.13
G1 F3000 X147.421 Y137.819 E1898.22162
G0 F9000 X149.398 Y136.879
G0 X149.649 Y135.634
G1 F3000 X150.318 Y135.455 E1898.24465
G0 F9000 X150.318 Y130.748
G1 F3000 X149.649 Y130.079 E1898.27612
G0 F9000 X149.649 Y129.505
G1 F3000 X150.319 Y127.005 E1898.3622
G0 F9000 X150.318 Y129.243
G1 F3000 X149.649 Y129.422 E1898.38524
G0 F9000 X149.649 Y123.211
G1 F3000 X150.318 Y123.031 E1898.40828
G0 F9000 X150.318 Y122.263
G1 F3000 X149.649 Y121.594 E1898.43975
G0 F9000 X149.649 Y116.999
G1 F3000 X150.318 Y116.82 E1898.46278
G0 F9000 X150.318 Y113.778
G1 F3000 X149.649 Y113.108 E1898.49427
G0 F9000 X149.65 Y110.787
G1 F3000 X150.318 Y110.608 E1898.51727
G0 F9000 X149.65 Y106.322
G1 F3000 X150.32 Y103.821 E1898.60339
G0 F9000 X150.318 Y104.396
G1 F3000 X149.649 Y104.576 E1898.62643
G1 X149.649 Y104.623
G1 X150.318 Y105.293 E1898.65793
G0 F9000 X149.649 Y98.364
G1 F3000 X150.318 Y98.185 E1898.68096
G0 F9000 X145.888 Y97.178
G1 F3000 X145.703 Y97.868 E1898.70472
G0 F9000 X142.894 Y97.868
G1 F3000 X142.205 Y97.179 E1898.73713
G0 F9000 X139.676 Y97.178
G1 F3000 X139.491 Y97.868 E1898.76089
G0 F9000 X134.408 Y97.868
G1 F3000 X133.72 Y97.179 E1898.79327
G0 F9000 X133.465 Y97.178
G1 F3000 X133.28 Y97.868 E1898.81703
G0 F9000 X130.888 Y97.179
G1 F3000 X128.317 Y97.868 E1898.90556
G0 F9000 X127.068 Y97.868
G1 F3000 X127.253 Y97.178 E1898.92932
G0 F9000 X125.923 Y97.868
G1 F3000 X125.234 Y97.179 E1898.96173
G0 F9000 X121.041 Y97.178
G1 F3000 X120.856 Y97.868 E1898.98549
G0 F9000 X117.438 Y97.868
G1 F3000 X116.749 Y97.179 E1899.0179
G0 F9000 X114.83 Y97.178
G1 F3000 X114.645 Y97.868 E1899.04166
G0 F9000 X108.953 Y97.868
G1 F3000 X108.264 Y97.179 E1899.07407
G0 F9000 X108.618 Y97.178
G1 F3000 X108.433 Y97.868 E1899.09783
G0 F9000 X107.706 Y97.179
G1 F3000 X105.134 Y97.868 E1899.18639
G0 F9000 X102.406 Y97.178
G1 F3000 X102.221 Y97.868 E1899.21015
G0 F9000 X100.467 Y97.868
G1 F3000 X99.779 Y97.179 E1899.24253
G0 F9000 X96.195 Y97.178
G1 F3000 X96.01 Y97.868 E1899.26629
G0 F9000 X91.982 Y97.868
G1 F3000 X91.293 Y97.179 E1899.2987
G0 F9000 X89.983 Y97.178
G1 F3000 X89.798 Y97.868 E1899.32246
G0 F9000 X85.602 Y98.121
G0 X85.349 Y99.721
G1 F3000 X84.68 Y99.051 E1899.35395
G0 F9000 X85.348 Y103.17
G1 F3000 X84.68 Y103.349 E1899.37695
G0 F9000 X84.68 Y107.536
G1 F3000 X85.349 Y108.206 E1899.40845
G0 F9000 X85.349 Y109.382
G1 F3000 X84.679 Y109.561 E1899.43151
G0 F9000 X85.349 Y114.472
G1 F3000 X84.679 Y116.971 E1899.51756
G0 F9000 X85.349 Y116.691
G1 F3000 X84.68 Y116.022 E1899.54903
G0 F9000 X84.679 Y115.773
G1 F3000 X85.349 Y115.593 E1899.57211
G0 F9000 X85.348 Y121.805
G1 F3000 X84.68 Y121.984 E1899.59511
G0 F9000 X84.68 Y124.507
G1 F3000 X85.349 Y125.176 E1899.62658
G0 F9000 X85.348 Y128.017
G1 F3000 X84.68 Y128.196 E1899.64958
G0 F9000 X84.68 Y132.992
G1 F3000 X85.349 Y133.662 E1899.68107
G0 F9000 X85.349 Y134.228
G1 F3000 X84.679 Y134.408 E1899.70414
G0 F9000 X85.49 Y137.13
G1 F3000 X85.305 Y137.82 E1899.7279
G0 F9000 X88.818 Y137.13
G1 F3000 X89.506 Y137.819 E1899.76029
G0 F9000 X91.516 Y137.82
G1 F3000 X91.701 Y137.129 E1899.78408
G0 F9000 X95.13 Y137.819
G1 F3000 X97.702 Y137.13 E1899.87264
G0 F9000 X97.913 Y137.13
G1 F3000 X97.728 Y137.82 E1899.8964
G0 F9000 X97.992 Y137.819
G1 F3000 X97.303 Y137.13 E1899.92881
G0 F9000 X103.94 Y137.82
G1 F3000 X104.125 Y137.13 E1899.95257
G0 F9000 X105.788 Y137.13
G1 F3000 X106.477 Y137.819 E1899.98498
G0 F9000 X110.151 Y137.82
G1 F3000 X110.336 Y137.129 E1900.00877
G0 F9000 X114.274 Y137.13
G1 F3000 X114.962 Y137.819 E1900.04116
G0 F9000 X116.363 Y137.82
G1 F3000 X116.548 Y137.13 E1900.06492
G0 F9000 X118.312 Y137.819
G1 F3000 X120.884 Y137.13 E1900.15348
G0 F9000 X122.575 Y137.819
G1 F3000 X122.76 Y137.13 E1900.17721
G1 X122.759 Y137.13
G1 X123.448 Y137.819 E1900.20961
G0 F9000 X128.786 Y137.82
G1 F3000 X128.971 Y137.129 E1900.23341
G0 F9000 X131.244 Y137.13
G1 F3000 X131.933 Y137.819 E1900.26581
G0 F9000 X134.998 Y137.82
G1 F3000 X135.183 Y137.13 E1900.28957
G0 F9000 X139.729 Y137.13
G1 F3000 X140.418 Y137.819 E1900.32198
G0 F9000 X141.21 Y137.819
G1 F3000 X141.394 Y137.13 E1900.3457
G0 F9000 X141.494 Y137.819
G1 F3000 X144.066 Y137.13 E1900.43426
G0 F9000 X144.066 Y137.251
G1 F2700 E1895.43426
;MESH:NONMESH
G0 F300 X144.066 Y137.251 Z2.8
G0 F9000 X85.43 Y137.051
;TIME_ELAPSED:2648.048754
;LAYER:13
;TYPE:WALL-INNER
;MESH:2inch-tft-holder.obj
G1 F2700 E1900.43426
G1 F1500 X149.57 Y137.051 E1902.56757
G1 X149.57 Y97.949 E1903.86811
G1 X85.43 Y97.949 E1906.00141
G1 X85.43 Y137.051 E1907.30195
G0 F9000 X85.83 Y136.651
;TYPE:WALL-OUTER
G1 F1500 X149.17 Y136.651 E1909.40865
G1 X149.17 Y98.349 E1910.68258
G1 X85.83 Y98.349 E1912.78927
G1 X85.83 Y136.651 E1914.0632
G1 F2700 E1909.0632
G0 F9000 X85.53 Y136.651
G0 X150.4 Y137.9
;TYPE:WALL-INNER
G1 F2700 E1914.0632
G1 F1500 X84.6 Y137.9 E1916.25172
G1 X84.6 Y97.1 E1917.60873
G1 X150.4 Y97.1 E1919.79725
G1 X150.4 Y137.9 E1921.15426
G0 F9000 X150.8 Y138.3
;TYPE:WALL-OUTER
G1 F1500 X84.2 Y138.3 E1923.36939
G1 X84.2 Y96.7 E1924.75301
G1 X150.8 Y96.7 E1926.96814
G1 X150.8 Y138.3 E1928.35176
G0 F9000 X150.53 Y138.03
G0 X149.103 Y137.819
;TYPE:FILL
G1 F3000 X148.414 Y137.13 E1928.38417
G0 F9000 X147.46 Y137.13
G1 F3000 X147.275 Y137.819 E1928.40789
G0 F9000 X144.611 Y137.13
G1 F3000 X142.039 Y137.819 E1928.49645
G0 F9000 X141.064 Y137.82
G1 F3000 X141.248 Y137.13 E1928.52021
G0 F9000 X140.618 Y137.819
G1 F3000 X139.929 Y137.13 E1928.55261
G0 F9000 X135.037 Y137.129
G1 F3000 X134.852 Y137.82 E1928.57641
G0 F9000 X132.132 Y137.819
G1 F3000 X131.444 Y137.13 E1928.60879
G0 F9000 X128.825 Y137.13
G1 F3000 X128.64 Y137.819 E1928.63252
G0 F9000 X123.647 Y137.819
G1 F3000 X122.958 Y137.13 E1928.66493
G0 F9000 X122.613 Y137.13
G1 F3000 X122.429 Y137.82 E1928.68868
G0 F9000 X121.429 Y137.13
G1 F3000 X118.857 Y137.819 E1928.77724
G0 F9000 X116.402 Y137.129
G1 F3000 X116.217 Y137.82 E1928.80103
G0 F9000 X115.162 Y137.819
G1 F3000 X114.473 Y137.13 E1928.83344
G0 F9000 X110.19 Y137.13
G1 F3000 X110.005 Y137.82 E1928.8572
G0 F9000 X106.676 Y137.819
G1 F3000 X105.988 Y137.13 E1928.88959
G0 F9000 X103.979 Y137.13
G1 F3000 X103.794 Y137.82 E1928.91335
G0 F9000 X98.246 Y137.13
G1 F3000 X95.675 Y137.819 E1929.00188
G0 F9000 X97.582 Y137.82
G1 F3000 X97.767 Y137.129 E1929.02567
G0 F9000 X97.502 Y137.13
G1 F3000 X98.191 Y137.819 E1929.05808
G0 F9000 X91.555 Y137.129
G1 F3000 X91.37 Y137.82 E1929.08187
G0 F9000 X89.706 Y137.819
G1 F3000 X89.017 Y137.13 E1929.11428
G0 F9000 X85.349 Y137.111
G1 F3000 X85.159 Y137.819 E1929.13866
G0 F9000 X84.68 Y134.553
G1 F3000 X85.348 Y134.374 E1929.16166
G0 F9000 X85.349 Y133.462
G1 F3000 X84.68 Y132.793 E1929.19313
G0 F9000 X84.679 Y128.342
G1 F3000 X85.349 Y128.163 E1929.21619
G0 F9000 X85.349 Y124.977
G1 F3000 X84.68 Y124.307 E1929.24768
G0 F9000 X84.68 Y122.13
G1 F3000 X85.348 Y121.951 E1929.27069
G0 F9000 X85.349 Y116.492
G1 F3000 X84.68 Y115.822 E1929.30218
G1 X84.68 Y115.918
G1 X85.348 Y115.739 E1929.32518
G0 F9000 X84.679 Y116.426
G1 F3000 X85.349 Y113.927 E1929.41123
G0 F9000 X84.679 Y109.707
G1 F3000 X85.349 Y109.528 E1929.4343
G0 F9000 X85.349 Y108.007
G1 F3000 X84.68 Y107.337 E1929.46579
G0 F9000 X84.68 Y103.495
G1 F3000 X85.349 Y103.316 E1929.48882
G0 F9000 X85.349 Y99.521
G1 F3000 X84.68 Y98.852 E1929.52029
G0 F9000 X84.679 Y97.284
G1 F3000 X85.069 Y97.179 E1929.53372
G0 F9000 X89.652 Y97.868
G1 F3000 X89.837 Y97.178 E1929.55748
G0 F9000 X91.493 Y97.179
G1 F3000 X92.181 Y97.868 E1929.58987
G0 F9000 X95.864 Y97.868
G1 F3000 X96.049 Y97.178 E1929.61363
G0 F9000 X99.978 Y97.179
G1 F3000 X100.667 Y97.868 E1929.64604
G0 F9000 X102.075 Y97.868
G1 F3000 X102.26 Y97.178 E1929.6698
G0 F9000 X105.68 Y97.868
G1 F3000 X108.251 Y97.179 E1929.75833
G0 F9000 X108.463 Y97.179
G1 F3000 X109.152 Y97.868 E1929.79073
G0 F9000 X108.287 Y97.868
G1 F3000 X108.472 Y97.178 E1929.81449
G0 F9000 X114.499 Y97.868
G1 F3000 X114.684 Y97.178 E1929.83825
G0 F9000 X116.949 Y97.179
G1 F3000 X117.637 Y97.868 E1929.87064
G0 F9000 X120.711 Y97.868
G1 F3000 X120.895 Y97.178 E1929.89439
G0 F9000 X125.434 Y97.179
G1 F3000 X126.123 Y97.868 E1929.9268
G0 F9000 X126.922 Y97.868
G1 F3000 X127.107 Y97.178 E1929.95056
G0 F9000 X128.862 Y97.868
G1 F3000 X131.433 Y97.179 E1930.03909
G0 F9000 X133.134 Y97.868
G1 F3000 X133.319 Y97.178 E1930.06285
G0 F9000 X133.919 Y97.179
G1 F3000 X134.608 Y97.868 E1930.09526
G0 F9000 X139.345 Y97.868
G1 F3000 X139.53 Y97.178 E1930.11902
G0 F9000 X142.404 Y97.179
G1 F3000 X143.093 Y97.868 E1930.15143
G0 F9000 X145.557 Y97.868
G1 F3000 X145.742 Y97.178 E1930.17519
G0 F9000 X149.398 Y98.121
G0 X149.649 Y98.51
G1 F3000 X150.318 Y98.331 E1930.19822
G0 F9000 X150.32 Y103.276
G1 F3000 X149.649 Y105.777 E1930.28435
G0 F9000 X150.318 Y105.093
G1 F3000 X149.649 Y104.424 E1930.31581
G0 F9000 X149.65 Y104.721
G1 F3000 X150.318 Y104.542 E1930.33881
G0 F9000 X150.318 Y110.754
G1 F3000 X149.649 Y110.933 E1930.36185
G0 F9000 X149.649 Y112.909
G1 F3000 X150.318 Y113.579 E1930.39334
G0 F9000 X150.319 Y116.966
G1 F3000 X149.649 Y117.145 E1930.41641
G0 F9000 X149.649 Y121.394
G1 F3000 X150.318 Y122.064 E1930.4479
G0 F9000 X150.318 Y123.177
G1 F3000 X149.649 Y123.357 E1930.47094
G0 F9000 X150.319 Y126.46
G1 F3000 X149.649 Y128.961 E1930.55706
G0 F9000 X149.65 Y129.568
G1 F3000 X150.318 Y129.389 E1930.58006
G0 F9000 X149.649 Y129.879
G1 F3000 X150.318 Y130.549 E1930.61155
G0 F9000 X150.319 Y135.601
G1 F3000 X149.649 Y135.78 E1930.63461
G0 F9000 X149.77 Y135.78
G1 F2700 E1925.63461
;MESH:NONMESH
G0 F300 X149.77 Y135.78 Z3
G0 F9000 X149.398 Y136.879
G0 X85.43 Y137.051
;TIME_ELAPSED:2696.479961
;LAYER:14
;TYPE:WALL-INNER
;MESH:2inch-tft-holder.obj
G1 F2700 E1930.63461
G1 F1500 X149.57 Y137.051 E1932.76792
G1 X149.57 Y97.949 E1934.06846
G1 X85.43 Y97.949 E1936.20176
G1 X85.43 Y137.051 E1937.5023
G0 F9000 X85.83 Y136.651
;TYPE:WALL-OUTER
G1 F1500 X149.17 Y136.651 E1939.609
G1 X149.17 Y98.349 E1940.88293
G1 X85.83 Y98.349 E1942.98962
G1 X85.83 Y136.651 E1944.26355
G1 F2700 E1939.26355
G0 F9000 X85.53 Y136.651
G0 X150.4 Y137.9
;TYPE:WALL-INNER
G1 F2700 E1944.26355
G1 F1500 X84.6 Y137.9 E1946.45207
G1 X84.6 Y97.1 E1947.80908
G1 X150.4 Y97.1 E1949.9976
G1 X150.4 Y137.9 E1951.35461
G0 F9000 X150.8 Y138.3
;TYPE:WALL-OUTER
G1 F1500 X84.2 Y138.3 E1953.56974
G1 X84.2 Y96.7 E1954.95336
G1 X150.8 Y96.7 E1957.16849
G1 X150.8 Y138.3 E1958.55211
G0 F9000 X150.53 Y138.03
G0 X149.304 Y137.819
;TYPE:FILL
G1 F3000 X148.615 Y137.13 E1958.58452
G0 F9000 X147.313 Y137.13
G1 F3000 X147.128 Y137.819 E1958.60824
G0 F9000 X145.16 Y137.13
G1 F3000 X142.587 Y137.819 E1958.69684
G0 F9000 X141.101 Y137.13
G1 F3000 X140.917 Y137.82 E1958.72059
G1 X140.818 Y137.819
G1 X140.13 Y137.13 E1958.75297
G0 F9000 X134.89 Y137.129
G1 F3000 X134.705 Y137.82 E1958.77677
G0 F9000 X132.333 Y137.819
G1 F3000 X131.644 Y137.13 E1958.80917
G0 F9000 X128.678 Y137.13
G1 F3000 X128.493 Y137.819 E1958.8329
G0 F9000 X123.848 Y137.819
G1 F3000 X123.159 Y137.13 E1958.86531
G0 F9000 X122.467 Y137.13
G1 F3000 X122.282 Y137.82 E1958.88907
G0 F9000 X121.977 Y137.13
G1 F3000 X119.405 Y137.819 E1958.97763
G0 F9000 X116.255 Y137.129
G1 F3000 X116.07 Y137.82 E1959.00142
G0 F9000 X115.363 Y137.819
G1 F3000 X114.674 Y137.13 E1959.03383
G0 F9000 X110.043 Y137.13
G1 F3000 X109.858 Y137.82 E1959.05759
G0 F9000 X106.877 Y137.819
G1 F3000 X106.189 Y137.13 E1959.08998
G0 F9000 X103.832 Y137.13
G1 F3000 X103.647 Y137.819 E1959.11371
G0 F9000 X98.795 Y137.13
G1 F3000 X96.224 Y137.819 E1959.20223
G0 F9000 X97.435 Y137.82
G1 F3000 X97.62 Y137.13 E1959.22599
G1 X97.703 Y137.13
G1 X98.392 Y137.819 E1959.2584
G0 F9000 X91.408 Y137.129
G1 F3000 X91.223 Y137.82 E1959.2822
G0 F9000 X89.907 Y137.819
G1 F3000 X89.218 Y137.13 E1959.3146
G0 F9000 X85.602 Y136.879
G0 X85.349 Y136.563
G1 F3000 X85.012 Y137.819 E1959.35786
G0 F9000 X84.68 Y134.7
G1 F3000 X85.348 Y134.521 E1959.38086
G0 F9000 X85.349 Y133.262
G1 F3000 X84.68 Y132.592 E1959.41235
G0 F9000 X84.679 Y128.489
G1 F3000 X85.348 Y128.31 E1959.43538
G0 F9000 X85.349 Y124.776
G1 F3000 X84.68 Y124.107 E1959.46685
G0 F9000 X84.68 Y122.277
G1 F3000 X85.348 Y122.098 E1959.48985
G0 F9000 X85.349 Y116.291
G1 F3000 X84.68 Y115.621 E1959.52134
G0 F9000 X84.679 Y115.878
G1 F3000 X85.349 Y113.378 E1959.60743
G0 F9000 X85.348 Y115.886
G1 F3000 X84.679 Y116.066 E1959.63047
G0 F9000 X84.679 Y109.854
G1 F3000 X85.349 Y109.675 E1959.65354
G0 F9000 X85.349 Y107.806
G1 F3000 X84.68 Y107.136 E1959.68503
G0 F9000 X84.68 Y103.642
G1 F3000 X85.348 Y103.463 E1959.70803
G0 F9000 X85.349 Y99.32
G1 F3000 X84.68 Y98.651 E1959.7395
G0 F9000 X84.679 Y97.431
G1 F3000 X85.618 Y97.179 E1959.77183
G0 F9000 X89.505 Y97.868
G1 F3000 X89.69 Y97.178 E1959.79559
G0 F9000 X91.694 Y97.179
G1 F3000 X92.382 Y97.868 E1959.82798
G0 F9000 X95.717 Y97.868
G1 F3000 X95.902 Y97.178 E1959.85174
G0 F9000 X100.179 Y97.179
G1 F3000 X100.868 Y97.868 E1959.88415
G0 F9000 X101.928 Y97.868
G1 F3000 X102.113 Y97.178 E1959.90791
G0 F9000 X106.228 Y97.868
G1 F3000 X108.8 Y97.179 E1959.99647
G1 X108.664 Y97.179
G1 X109.353 Y97.868 E1960.02888
G0 F9000 X108.14 Y97.868
G1 F3000 X108.325 Y97.178 E1960.05264
G0 F9000 X114.352 Y97.868
G1 F3000 X114.537 Y97.178 E1960.0764
G0 F9000 X117.149 Y97.179
G1 F3000 X117.838 Y97.868 E1960.10881
G0 F9000 X120.563 Y97.868
G1 F3000 X120.748 Y97.178 E1960.13257
G0 F9000 X125.635 Y97.179
G1 F3000 X126.323 Y97.868 E1960.16495
G0 F9000 X126.775 Y97.868
G1 F3000 X126.96 Y97.178 E1960.18871
G0 F9000 X129.41 Y97.868
G1 F3000 X131.982 Y97.179 E1960.27727
G0 F9000 X133.172 Y97.178
G1 F3000 X132.987 Y97.868 E1960.30103
G0 F9000 X134.12 Y97.179
G1 F3000 X134.809 Y97.868 E1960.33344
G0 F9000 X139.198 Y97.868
G1 F3000 X139.383 Y97.178 E1960.3572
G0 F9000 X142.605 Y97.179
G1 F3000 X143.294 Y97.868 E1960.38961
G0 F9000 X145.41 Y97.868
G1 F3000 X145.595 Y97.178 E1960.41337
G0 F9000 X149.398 Y98.121
G0 X149.649 Y98.657
G1 F3000 X150.319 Y98.478 E1960.43643
G0 F9000 X150.32 Y102.728
G1 F3000 X149.649 Y105.228 E1960.52253
G0 F9000 X149.65 Y104.868
G1 F3000 X150.318 Y104.689 E1960.54553
G0 F9000 X150.318 Y104.892
G1 F3000 X149.649 Y104.223 E1960.577
G0 F9000 X150.318 Y110.901
G1 F3000 X149.65 Y111.08 E1960.6
G0 F9000 X149.649 Y112.708
G1 F3000 X150.318 Y113.378 E1960.63149
G0 F9000 X150.319 Y117.113
G1 F3000 X149.649 Y117.292 E1960.65456
G0 F9000 X149.649 Y121.193
G1 F3000 X150.318 Y121.863 E1960.68605
G0 F9000 X150.318 Y123.324
G1 F3000 X149.649 Y123.504 E1960.70909
G0 F9000 X150.319 Y125.911
G1 F3000 X149.649 Y128.412 E1960.79521
G0 F9000 X149.649 Y129.679
G1 F3000 X150.318 Y130.348 E1960.82667
G0 F9000 X150.318 Y129.536
G1 F3000 X149.65 Y129.715 E1960.84968
G0 F9000 X150.319 Y135.748
G1 F3000 X149.649 Y135.927 E1960.87274
G0 F9000 X149.77 Y135.927
G1 F2700 E1955.87274
;MESH:NONMESH
G0 F300 X149.77 Y135.927 Z3.2
G0 F9000 X149.398 Y136.879
G0 X85.43 Y137.051
;TIME_ELAPSED:2745.026321
;LAYER:15
;TYPE:WALL-INNER
;MESH:2inch-tft-holder.obj
G1 F2700 E1960.87274
G1 F1500 X149.57 Y137.051 E1963.00605
G1 X149.57 Y97.949 E1964.30658
G1 X85.43 Y97.949 E1966.43989
G1 X85.43 Y137.051 E1967.74043
G0 F9000 X85.83 Y136.651
;TYPE:WALL-OUTER
G1 F1500 X149.17 Y136.651 E1969.84712
G1 X149.17 Y98.349 E1971.12105
G1 X85.83 Y98.349 E1973.22775
G1 X85.83 Y136.651 E1974.50168
G1 F2700 E1969.50168
G0 F9000 X85.53 Y136.651
G0 X150.4 Y137.9
;TYPE:WALL-INNER
G1 F2700 E1974.50168
G1 F1500 X84.6 Y137.9 E1976.6902
G1 X84.6 Y97.1 E1978.04721
G1 X150.4 Y97.1 E1980.23573
G1 X150.4 Y137.9 E1981.59274
G0 F9000 X150.8 Y138.3
;TYPE:WALL-OUTER
G1 F1500 X84.2 Y138.3 E1983.80787
G1 X84.2 Y96.7 E1985.19149
G1 X150.8 Y96.7 E1987.40661
G1 X150.8 Y138.3 E1988.79023
G0 F9000 X150.53 Y138.03
G0 X149.503 Y137.819
;TYPE:FILL
G1 F3000 X148.814 Y137.13 E1988.82264
G0 F9000 X149.398 Y136.879
G0 X149.649 Y136.073
G1 F3000 X150.318 Y135.894 E1988.84568
G0 F9000 X149.398 Y136.879
G0 X147.167 Y137.13
G1 F3000 X146.982 Y137.82 E1988.86944
G0 F9000 X145.704 Y137.13
G1 F3000 X143.132 Y137.819 E1988.958
G0 F9000 X141.018 Y137.819
G1 F3000 X140.329 Y137.13 E1988.99041
G0 F9000 X140.956 Y137.129
G1 F3000 X140.771 Y137.82 E1989.0142
G0 F9000 X134.744 Y137.13
G1 F3000 X134.559 Y137.82 E1989.03796
G0 F9000 X132.533 Y137.819
G1 F3000 X131.844 Y137.13 E1989.07037
G0 F9000 X128.532 Y137.13
G1 F3000 X128.347 Y137.819 E1989.0941
G0 F9000 X124.047 Y137.819
G1 F3000 X123.359 Y137.13 E1989.12648
G0 F9000 X122.522 Y137.13
G1 F3000 X119.95 Y137.819 E1989.21504
G0 F9000 X122.136 Y137.82
G1 F3000 X122.32 Y137.13 E1989.23879
G0 F9000 X116.109 Y137.129
G1 F3000 X115.924 Y137.82 E1989.26259
G0 F9000 X115.562 Y137.819
G1 F3000 X114.873 Y137.13 E1989.29499
G0 F9000 X109.897 Y137.13
G1 F3000 X109.712 Y137.819 E1989.31872
G0 F9000 X107.077 Y137.819
G1 F3000 X106.388 Y137.13 E1989.35113
G0 F9000 X103.686 Y137.13
G1 F3000 X103.501 Y137.82 E1989.37489
G0 F9000 X99.339 Y137.13
G1 F3000 X96.768 Y137.819 E1989.46342
G0 F9000 X97.289 Y137.82
G1 F3000 X97.474 Y137.129 E1989.48721
G0 F9000 X97.903 Y137.13
G1 F3000 X98.591 Y137.819 E1989.5196
G0 F9000 X91.262 Y137.13
G1 F3000 X91.077 Y137.82 E1989.54336
G0 F9000 X90.106 Y137.819
G1 F3000 X89.417 Y137.13 E1989.57576
G0 F9000 X85.602 Y136.879
G0 X85.348 Y136.018
G1 F3000 X84.866 Y137.82 E1989.63781
G0 F9000 X84.68 Y134.846
G1 F3000 X85.348 Y134.667 E1989.66081
G0 F9000 X85.349 Y133.062
G1 F3000 X84.68 Y132.393 E1989.69228
G0 F9000 X84.679 Y128.635
G1 F3000 X85.349 Y128.456 E1989.71534
G0 F9000 X85.349 Y124.577
G1 F3000 X84.68 Y123.907 E1989.74683
G0 F9000 X84.679 Y122.423
G1 F3000 X85.348 Y122.244 E1989.76987
G0 F9000 X84.68 Y116.211
G1 F3000 X85.348 Y116.032 E1989.79287
G1 X85.349 Y116.092
G1 X84.68 Y115.422 E1989.82436
G1 X84.679 Y115.333
G1 X85.349 Y112.833 E1989.91044
G0 F9000 X84.679 Y110
G1 F3000 X85.348 Y109.821 E1989.93348
G0 F9000 X85.349 Y107.606
G1 F3000 X84.68 Y106.937 E1989.96495
G0 F9000 X84.679 Y103.788
G1 F3000 X85.349 Y103.609 E1989.98801
G0 F9000 X85.349 Y99.121
G1 F3000 X84.68 Y98.451 E1990.0195
G0 F9000 X84.68 Y97.577
G1 F3000 X86.163 Y97.179 E1990.07057
G0 F9000 X89.359 Y97.868
G1 F3000 X89.544 Y97.178 E1990.09433
G0 F9000 X91.893 Y97.179
G1 F3000 X92.582 Y97.868 E1990.12674
G0 F9000 X95.571 Y97.868
G1 F3000 X95.756 Y97.178 E1990.1505
G0 F9000 X100.378 Y97.179
G1 F3000 X101.067 Y97.868 E1990.18291
G0 F9000 X101.783 Y97.868
G1 F3000 X101.967 Y97.178 E1990.20666
G0 F9000 X106.773 Y97.868
G1 F3000 X109.345 Y97.179 E1990.29522
G0 F9000 X108.864 Y97.179
G1 F3000 X109.552 Y97.868 E1990.32761
G0 F9000 X108.179 Y97.178
G1 F3000 X107.994 Y97.868 E1990.35137
G0 F9000 X114.206 Y97.868
G1 F3000 X114.391 Y97.178 E1990.37513
G0 F9000 X117.349 Y97.179
G1 F3000 X118.038 Y97.868 E1990.40754
G0 F9000 X120.417 Y97.868
G1 F3000 X120.602 Y97.178 E1990.4313
G0 F9000 X125.834 Y97.179
G1 F3000 X126.523 Y97.868 E1990.4637
G1 X126.629 Y97.868
G1 X126.814 Y97.178 E1990.48746
G0 F9000 X129.955 Y97.868
G1 F3000 X132.527 Y97.179 E1990.57603
G0 F9000 X133.025 Y97.178
G1 F3000 X132.841 Y97.868 E1990.59978
G0 F9000 X134.319 Y97.179
G1 F3000 X135.008 Y97.868 E1990.63219
G0 F9000 X139.052 Y97.868
G1 F3000 X139.237 Y97.178 E1990.65595
G0 F9000 X142.805 Y97.179
G1 F3000 X143.493 Y97.868 E1990.68833
G0 F9000 X145.264 Y97.868
G1 F3000 X145.449 Y97.178 E1990.71209
G0 F9000 X149.398 Y98.121
G0 X149.65 Y98.803
G1 F3000 X150.318 Y98.624 E1990.73509
G0 F9000 X150.319 Y102.183
G1 F3000 X149.65 Y104.683 E1990.82117
G0 F9000 X149.65 Y105.015
G1 F3000 X150.318 Y104.835 E1990.84418
G1 X150.318 Y104.693
G1 X149.649 Y104.023 E1990.87567
G0 F9000 X150.318 Y111.047
G1 F3000 X149.649 Y111.226 E1990.8987
G0 F9000 X149.649 Y112.509
G1 F3000 X150.318 Y113.178 E1990.93017
G0 F9000 X150.318 Y117.259
G1 F3000 X149.649 Y117.438 E1990.95321
G0 F9000 X149.649 Y120.994
G1 F3000 X150.318 Y121.664 E1990.9847
G0 F9000 X150.318 Y123.47
G1 F3000 X149.65 Y123.649 E1991.0077
G0 F9000 X150.319 Y125.366
G1 F3000 X149.649 Y127.868 E1991.09385
G0 F9000 X149.649 Y129.479
G1 F3000 X150.318 Y130.149 E1991.12534
G0 F9000 X150.319 Y129.682
G1 F3000 X149.649 Y129.861 E1991.1484
G0 F9000 X149.77 Y129.861
G1 F2700 E1986.1484
;MESH:NONMESH
G0 F300 X149.77 Y129.861 Z3.4
G0 F9000 X149.398 Y136.879
G0 X85.43 Y137.051
;TIME_ELAPSED:2793.648337
;LAYER:16
;TYPE:WALL-INNER
;MESH:2inch-tft-holder.obj
G1 F2700 E1991.1484
G1 F1500 X149.57 Y137.051 E1993.28171
G1 X149.57 Y97.949 E1994.58225
G1 X85.43 Y97.949 E1996.71555
G1 X85.43 Y137.051 E1998.01609
G0 F9000 X85.83 Y136.651
;TYPE:WALL-OUTER
G1 F1500 X149.17 Y136.651 E2000.12279
G1 X149.17 Y98.349 E2001.39672
G1 X85.83 Y98.349 E2003.50341
G1 X85.83 Y136.651 E2004.77734
G1 F2700 E1999.77734
G0 F9000 X85.53 Y136.651
G0 X150.4 Y137.9
;TYPE:WALL-INNER
G1 F2700 E2004.77734
G1 F1500 X84.6 Y137.9 E2006.96586
G1 X84.6 Y97.1 E2008.32287
G1 X150.4 Y97.1 E2010.51139
G1 X150.4 Y137.9 E2011.8684
G0 F9000 X150.8 Y138.3
;TYPE:WALL-OUTER
G1 F1500 X84.2 Y138.3 E2014.08353
G1 X84.2 Y96.7 E2015.46715
G1 X150.8 Y96.7 E2017.68228
G1 X150.8 Y138.3 E2019.0659
G0 F9000 X150.53 Y138.03
G0 X149.704 Y137.819
;TYPE:FILL
G1 F3000 X149.015 Y137.13 E2019.09831
G0 F9000 X149.359 Y136.905
G0 X149.649 Y136.22
G1 F3000 X150.319 Y136.041 E2019.12137
G0 F9000 X149.398 Y136.879
G0 X147.02 Y137.13
G1 F3000 X146.835 Y137.82 E2019.14513
G0 F9000 X146.253 Y137.13
G1 F3000 X143.681 Y137.819 E2019.23369
G0 F9000 X141.219 Y137.819
G1 F3000 X140.53 Y137.13 E2019.2661
G0 F9000 X140.808 Y137.13
G1 F3000 X140.624 Y137.82 E2019.28985
G0 F9000 X134.597 Y137.129
G1 F3000 X134.412 Y137.82 E2019.31365
G0 F9000 X132.733 Y137.819
G1 F3000 X132.045 Y137.13 E2019.34603
G0 F9000 X128.385 Y137.13
G1 F3000 X128.2 Y137.819 E2019.36976
G0 F9000 X124.248 Y137.819
G1 F3000 X123.559 Y137.13 E2019.40217
G0 F9000 X123.071 Y137.13
G1 F3000 X120.499 Y137.819 E2019.49073
G0 F9000 X121.989 Y137.82
G1 F3000 X122.173 Y137.13 E2019.51448
G0 F9000 X115.962 Y137.129
G1 F3000 X115.777 Y137.82 E2019.53827
G1 X115.763 Y137.819
G1 X115.074 Y137.13 E2019.57068
G0 F9000 X109.75 Y137.13
G1 F3000 X109.565 Y137.819 E2019.59441
G0 F9000 X107.277 Y137.819
G1 F3000 X106.589 Y137.13 E2019.62679
G0 F9000 X103.539 Y137.13
G1 F3000 X103.354 Y137.82 E2019.65055
G0 F9000 X99.888 Y137.13
G1 F3000 X97.317 Y137.819 E2019.73908
G1 X97.142 Y137.82
G1 X97.327 Y137.129 E2019.76287
G0 F9000 X98.103 Y137.13
G1 F3000 X98.792 Y137.819 E2019.79528
G0 F9000 X91.115 Y137.13
G1 F3000 X90.93 Y137.82 E2019.81904
G0 F9000 X90.307 Y137.819
G1 F3000 X89.618 Y137.13 E2019.85145
G0 F9000 X85.602 Y136.879
G0 X85.348 Y135.469
G1 F3000 X84.719 Y137.82 E2019.9324
G0 F9000 X84.68 Y134.993
G1 F3000 X85.348 Y134.814 E2019.9554
G0 F9000 X85.349 Y132.861
G1 F3000 X84.68 Y132.192 E2019.98687
G0 F9000 X84.679 Y128.782
G1 F3000 X85.349 Y128.603 E2020.00993
G0 F9000 X85.349 Y124.376
G1 F3000 X84.68 Y123.706 E2020.04142
G0 F9000 X84.68 Y122.57
G1 F3000 X85.348 Y122.391 E2020.06442
G0 F9000 X84.68 Y116.358
G1 F3000 X85.348 Y116.179 E2020.08743
G0 F9000 X85.349 Y115.891
G1 F3000 X84.68 Y115.221 E2020.11892
G0 F9000 X84.679 Y114.784
G1 F3000 X85.349 Y112.285 E2020.20497
G0 F9000 X84.679 Y110.147
G1 F3000 X85.349 Y109.968 E2020.22804
G0 F9000 X85.349 Y107.405
G1 F3000 X84.68 Y106.736 E2020.2595
G0 F9000 X84.679 Y103.935
G1 F3000 X85.349 Y103.756 E2020.28257
G0 F9000 X85.349 Y98.92
G1 F3000 X84.68 Y98.251 E2020.31404
G0 F9000 X84.68 Y97.724
G1 F3000 X86.712 Y97.179 E2020.38401
G0 F9000 X89.212 Y97.868
G1 F3000 X89.397 Y97.178 E2020.40777
G0 F9000 X92.094 Y97.179
G1 F3000 X92.783 Y97.868 E2020.44018
G0 F9000 X95.424 Y97.868
G1 F3000 X95.609 Y97.178 E2020.46394
G0 F9000 X100.579 Y97.179
G1 F3000 X101.268 Y97.868 E2020.49635
G0 F9000 X101.636 Y97.868
G1 F3000 X101.82 Y97.178 E2020.5201
G0 F9000 X107.322 Y97.868
G1 F3000 X109.894 Y97.179 E2020.60866
G0 F9000 X109.753 Y97.868
G1 F3000 X109.064 Y97.179 E2020.64107
G0 F9000 X108.032 Y97.178
G1 F3000 X107.847 Y97.868 E2020.66483
G0 F9000 X114.059 Y97.868
G1 F3000 X114.244 Y97.178 E2020.68859
G0 F9000 X117.55 Y97.179
G1 F3000 X118.238 Y97.868 E2020.72097
G0 F9000 X120.27 Y97.868
G1 F3000 X120.455 Y97.178 E2020.74473
G0 F9000 X126.035 Y97.179
G1 F3000 X126.724 Y97.868 E2020.77714
G0 F9000 X126.482 Y97.868
G1 F3000 X126.667 Y97.178 E2020.8009
G0 F9000 X130.504 Y97.868
G1 F3000 X133.076 Y97.179 E2020.88946
G1 X132.878 Y97.178
G1 X132.694 Y97.868 E2020.91321
G0 F9000 X134.52 Y97.179
G1 F3000 X135.209 Y97.868 E2020.94562
G0 F9000 X138.905 Y97.868
G1 F3000 X139.09 Y97.178 E2020.96938
G0 F9000 X143.005 Y97.179
G1 F3000 X143.694 Y97.868 E2021.00179
G0 F9000 X145.117 Y97.868
G1 F3000 X145.302 Y97.178 E2021.02555
G0 F9000 X149.398 Y98.121
G0 X149.649 Y98.95
G1 F3000 X150.318 Y98.771 E2021.04859
G0 F9000 X150.32 Y101.634
G1 F3000 X149.65 Y104.134 E2021.13467
G0 F9000 X149.649 Y103.823
G1 F3000 X150.318 Y104.492 E2021.16614
G0 F9000 X150.318 Y104.982
G1 F3000 X149.65 Y105.162 E2021.18915
G0 F9000 X150.318 Y111.194
G1 F3000 X149.649 Y111.373 E2021.21218
G0 F9000 X149.649 Y112.308
G1 F3000 X150.318 Y112.977 E2021.24365
G0 F9000 X150.318 Y117.406
G1 F3000 X149.649 Y117.585 E2021.26668
G0 F9000 X149.649 Y120.793
G1 F3000 X150.318 Y121.463 E2021.29817
G0 F9000 X150.318 Y123.617
G1 F3000 X149.65 Y123.796 E2021.32118
G0 F9000 X150.319 Y124.817
G1 F3000 X149.649 Y127.319 E2021.40732
G0 F9000 X149.649 Y129.278
G1 F3000 X150.318 Y129.948 E2021.43882
G1 X150.318 Y129.829
G1 X149.649 Y130.008 E2021.46185
G0 F9000 X149.77 Y130.008
G1 F2700 E2016.46185
;MESH:NONMESH
G0 F300 X149.77 Y130.008 Z3.6
G0 F9000 X149.398 Y136.879
G0 X85.43 Y137.051
;TIME_ELAPSED:2842.144423
;LAYER:17
;TYPE:WALL-INNER
;MESH:2inch-tft-holder.obj
G1 F2700 E2021.46185
G1 F1500 X149.57 Y137.051 E2023.59515
G1 X149.57 Y97.949 E2024.89569
G1 X85.43 Y97.949 E2027.029
G1 X85.43 Y137.051 E2028.32954
G0 F9000 X85.83 Y136.651
;TYPE:WALL-OUTER
G1 F1500 X149.17 Y136.651 E2030.43623
G1 X149.17 Y98.349 E2031.71016
G1 X85.83 Y98.349 E2033.81686
G1 X85.83 Y136.651 E2035.09079
G1 F2700 E2030.09079
G0 F9000 X85.53 Y136.651
G0 X150.4 Y137.9
;TYPE:WALL-INNER
G1 F2700 E2035.09079
G1 F1500 X84.6 Y137.9 E2037.27931
G1 X84.6 Y97.1 E2038.63632
G1 X150.4 Y97.1 E2040.82484
G1 X150.4 Y137.9 E2042.18185
G0 F9000 X150.8 Y138.3
;TYPE:WALL-OUTER
G1 F1500 X84.2 Y138.3 E2044.39697
G1 X84.2 Y96.7 E2045.7806
G1 X150.8 Y96.7 E2047.99572
G1 X150.8 Y138.3 E2049.37934
G0 F9000 X150.53 Y138.03
G0 X149.903 Y137.819
;TYPE:FILL
G1 F3000 X149.215 Y137.13 E2049.41173
G0 F9000 X149.649 Y136.366
G1 F3000 X150.318 Y136.187 E2049.43476
G0 F9000 X149.398 Y136.879
G0 X146.874 Y137.13
G1 F3000 X146.689 Y137.82 E2049.45852
G0 F9000 X146.798 Y137.13
G1 F3000 X144.225 Y137.819 E2049.54712
G0 F9000 X141.418 Y137.819
G1 F3000 X140.729 Y137.13 E2049.57952
G1 X140.663 Y137.129
G1 X140.478 Y137.82 E2049.60332
G0 F9000 X134.451 Y137.13
G1 F3000 X134.266 Y137.819 E2049.62704
G0 F9000 X132.933 Y137.819
G1 F3000 X132.244 Y137.13 E2049.65945
G0 F9000 X128.239 Y137.13
G1 F3000 X128.054 Y137.82 E2049.68321
G0 F9000 X124.447 Y137.819
G1 F3000 X123.759 Y137.13 E2049.7156
G1 X123.616 Y137.13
G1 X121.043 Y137.819 E2049.80419
G0 F9000 X121.843 Y137.82
G1 F3000 X122.028 Y137.129 E2049.82798
G0 F9000 X115.962 Y137.819
G1 F3000 X115.273 Y137.13 E2049.86039
G0 F9000 X115.816 Y137.13
G1 F3000 X115.631 Y137.82 E2049.88415
G0 F9000 X109.604 Y137.13
G1 F3000 X109.419 Y137.82 E2049.90791
G0 F9000 X107.477 Y137.819
G1 F3000 X106.788 Y137.13 E2049.94032
G0 F9000 X103.393 Y137.129
G1 F3000 X103.208 Y137.82 E2049.96411
G0 F9000 X100.433 Y137.13
G1 F3000 X97.861 Y137.819 E2050.05267
G0 F9000 X98.303 Y137.13
G1 F3000 X98.992 Y137.819 E2050.08508
G0 F9000 X97.181 Y137.13
G1 F3000 X96.996 Y137.82 E2050.10884
G0 F9000 X90.969 Y137.13
G1 F3000 X90.784 Y137.819 E2050.13257
G0 F9000 X90.506 Y137.819
G1 F3000 X89.818 Y137.13 E2050.16495
G0 F9000 X85.602 Y136.879
G0 X85.348 Y134.96
G1 F3000 X84.68 Y135.139 E2050.18796
G0 F9000 X85.349 Y134.924
G1 F3000 X84.68 Y137.421 E2050.27394
G0 F9000 X85.349 Y132.662
G1 F3000 X84.68 Y131.992 E2050.30543
G0 F9000 X84.68 Y128.928
G1 F3000 X85.348 Y128.749 E2050.32843
G0 F9000 X85.349 Y124.177
G1 F3000 X84.68 Y123.507 E2050.35992
G0 F9000 X84.679 Y122.716
G1 F3000 X85.349 Y122.537 E2050.38299
G0 F9000 X84.68 Y116.504
G1 F3000 X85.348 Y116.325 E2050.40599
G0 F9000 X85.349 Y115.691
G1 F3000 X84.68 Y115.022 E2050.43746
G0 F9000 X84.679 Y114.24
G1 F3000 X85.349 Y111.74 E2050.52354
G0 F9000 X84.679 Y110.293
G1 F3000 X85.348 Y110.114 E2050.54657
G0 F9000 X85.349 Y107.206
G1 F3000 X84.68 Y106.536 E2050.57806
G0 F9000 X84.679 Y104.081
G1 F3000 X85.349 Y103.902 E2050.60113
G0 F9000 X85.349 Y98.721
G1 F3000 X84.68 Y98.051 E2050.63262
G1 X84.68 Y97.87
G1 X87.257 Y97.179 E2050.72136
G0 F9000 X89.066 Y97.868
G1 F3000 X89.251 Y97.178 E2050.74512
G0 F9000 X92.293 Y97.179
G1 F3000 X92.982 Y97.868 E2050.77753
G0 F9000 X95.278 Y97.868
G1 F3000 X95.463 Y97.178 E2050.80129
G0 F9000 X100.778 Y97.179
G1 F3000 X101.467 Y97.868 E2050.8337
G1 X101.49 Y97.868
G1 X101.674 Y97.178 E2050.85745
G0 F9000 X107.701 Y97.868
G1 F3000 X107.886 Y97.178 E2050.88121
G0 F9000 X107.866 Y97.868
G1 F3000 X110.439 Y97.179 E2050.9698
G0 F9000 X109.952 Y97.868
G1 F3000 X109.264 Y97.179 E2051.00219
G0 F9000 X113.913 Y97.868
G1 F3000 X114.098 Y97.178 E2051.02595
G0 F9000 X117.749 Y97.179
G1 F3000 X118.438 Y97.868 E2051.05836
G0 F9000 X120.124 Y97.868
G1 F3000 X120.309 Y97.178 E2051.08212
G0 F9000 X126.234 Y97.179
G1 F3000 X126.923 Y97.868 E2051.11453
G0 F9000 X126.336 Y97.868
G1 F3000 X126.521 Y97.178 E2051.13829
G0 F9000 X131.048 Y97.868
G1 F3000 X133.62 Y97.179 E2051.22685
G0 F9000 X132.733 Y97.178
G1 F3000 X132.548 Y97.868 E2051.25061
G0 F9000 X134.72 Y97.179
G1 F3000 X135.408 Y97.868 E2051.28299
G0 F9000 X138.759 Y97.868
G1 F3000 X138.944 Y97.178 E2051.30675
G0 F9000 X143.205 Y97.179
G1 F3000 X143.894 Y97.868 E2051.33916
G0 F9000 X144.971 Y97.868
G1 F3000 X145.156 Y97.178 E2051.36292
G0 F9000 X149.398 Y98.121
G0 X149.65 Y99.096
G1 F3000 X150.318 Y98.917 E2051.38592
G0 F9000 X150.319 Y101.09
G1 F3000 X149.65 Y103.59 E2051.472
G1 X149.649 Y103.623
G1 X150.318 Y104.293 E2051.50349
G0 F9000 X150.318 Y105.128
G1 F3000 X149.649 Y105.308 E2051.52653
G0 F9000 X150.319 Y111.34
G1 F3000 X149.649 Y111.519 E2051.5496
G0 F9000 X149.649 Y112.108
G1 F3000 X150.318 Y112.778 E2051.58109
G0 F9000 X150.318 Y117.552
G1 F3000 X149.649 Y117.731 E2051.60412
G0 F9000 X149.649 Y120.594
G1 F3000 X150.318 Y121.263 E2051.63559
G0 F9000 X150.318 Y123.763
G1 F3000 X149.65 Y123.942 E2051.65859
G0 F9000 X150.319 Y124.273
G1 F3000 X149.649 Y126.774 E2051.74471
G0 F9000 X149.649 Y129.079
G1 F3000 X150.318 Y129.749 E2051.7762
G0 F9000 X150.319 Y129.975
G1 F3000 X149.649 Y130.154 E2051.79927
G0 F9000 X149.77 Y130.154
G1 F2700 E2046.79927
;MESH:NONMESH
G0 F300 X149.77 Y130.154 Z3.8
G0 F9000 X149.398 Y136.879
G0 X85.43 Y137.051
;TIME_ELAPSED:2890.599274
;LAYER:18
;TYPE:WALL-INNER
;MESH:2inch-tft-holder.obj
G1 F2700 E2051.79927
G1 F1500 X149.57 Y137.051 E2053.93257
G1 X149.57 Y97.949 E2055.23311
G1 X85.43 Y97.949 E2057.36641
G1 X85.43 Y137.051 E2058.66695
G0 F9000 X85.83 Y136.651
;TYPE:WALL-OUTER
G1 F1500 X149.17 Y136.651 E2060.77365
G1 X149.17 Y98.349 E2062.04758
G1 X85.83 Y98.349 E2064.15427
G1 X85.83 Y136.651 E2065.4282
G1 F2700 E2060.4282
G0 F9000 X85.53 Y136.651
G0 X150.4 Y137.9
;TYPE:WALL-INNER
G1 F2700 E2065.4282
G1 F1500 X84.6 Y137.9 E2067.61672
G1 X84.6 Y97.1 E2068.97373
G1 X150.4 Y97.1 E2071.16225
G1 X150.4 Y137.9 E2072.51927
G0 F9000 X150.8 Y138.3
;TYPE:WALL-OUTER
G1 F1500 X84.2 Y138.3 E2074.73439
G1 X84.2 Y96.7 E2076.11801
G1 X150.8 Y96.7 E2078.33314
G1 X150.8 Y138.3 E2079.71676
G0 F9000 X150.104 Y137.819
;TYPE:FILL
G1 F3000 X149.415 Y137.13 E2079.74917
G0 F9000 X149.649 Y136.513
G1 F3000 X150.318 Y136.334 E2079.7722
G0 F9000 X149.398 Y136.879
G0 X147.346 Y137.13
G1 F3000 X144.774 Y137.819 E2079.86076
G0 F9000 X146.542 Y137.82
G1 F3000 X146.727 Y137.13 E2079.88452
G0 F9000 X141.619 Y137.819
G1 F3000 X140.93 Y137.13 E2079.91693
G0 F9000 X140.516 Y137.129
G1 F3000 X140.331 Y137.82 E2079.94072
G0 F9000 X134.304 Y137.13
G1 F3000 X134.119 Y137.819 E2079.96445
G0 F9000 X133.134 Y137.819
G1 F3000 X132.445 Y137.13 E2079.99686
G0 F9000 X128.092 Y137.13
G1 F3000 X127.907 Y137.82 E2080.02062
G0 F9000 X124.648 Y137.819
G1 F3000 X123.96 Y137.13 E2080.053
G0 F9000 X124.164 Y137.13
G1 F3000 X121.592 Y137.819 E2080.14157
G1 X121.696 Y137.82
G1 X121.881 Y137.129 E2080.16536
G0 F9000 X116.163 Y137.819
G1 F3000 X115.474 Y137.13 E2080.19777
G1 X115.669 Y137.13
G1 X115.484 Y137.82 E2080.22153
G0 F9000 X109.457 Y137.13
G1 F3000 X109.272 Y137.82 E2080.24529
G0 F9000 X107.678 Y137.819
G1 F3000 X106.989 Y137.13 E2080.27769
G0 F9000 X103.246 Y137.129
G1 F3000 X103.061 Y137.82 E2080.30149
G0 F9000 X100.981 Y137.13
G1 F3000 X98.41 Y137.819 E2080.39002
G0 F9000 X98.504 Y137.13
G1 F3000 X99.192 Y137.819 E2080.4224
G0 F9000 X97.034 Y137.129
G1 F3000 X96.849 Y137.82 E2080.44619
G0 F9000 X90.822 Y137.13
G1 F3000 X90.637 Y137.819 E2080.46992
G1 X90.707 Y137.819
G1 X90.018 Y137.13 E2080.50233
G0 F9000 X85.602 Y136.879
G0 X85.348 Y135.107
G1 F3000 X84.68 Y135.286 E2080.52533
G0 F9000 X85.349 Y134.375
G1 F3000 X84.68 Y136.872 E2080.61131
G0 F9000 X85.349 Y132.461
G1 F3000 X84.68 Y131.791 E2080.6428
G0 F9000 X84.68 Y129.075
G1 F3000 X85.348 Y128.896 E2080.6658
G0 F9000 X85.349 Y123.976
G1 F3000 X84.68 Y123.306 E2080.69729
G0 F9000 X84.679 Y122.863
G1 F3000 X85.349 Y122.684 E2080.72036
G0 F9000 X84.68 Y116.651
G1 F3000 X85.348 Y116.472 E2080.74336
G0 F9000 X85.349 Y115.491
G1 F3000 X84.68 Y114.821 E2080.77485
G0 F9000 X84.679 Y113.691
G1 F3000 X85.349 Y111.191 E2080.86094
G0 F9000 X85.348 Y110.261
G1 F3000 X84.679 Y110.44 E2080.88397
G0 F9000 X85.349 Y107.005
G1 F3000 X84.68 Y106.336 E2080.91544
G0 F9000 X84.679 Y104.228
G1 F3000 X85.349 Y104.049 E2080.93851
G0 F9000 X85.349 Y98.52
G1 F3000 X84.68 Y97.85 E2080.97
G1 X84.68 Y98.017
G1 X87.805 Y97.179 E2081.07761
G0 F9000 X89.104 Y97.178
G1 F3000 X88.919 Y97.868 E2081.10137
G0 F9000 X92.494 Y97.179
G1 F3000 X93.183 Y97.868 E2081.13378
G0 F9000 X95.131 Y97.868
G1 F3000 X95.316 Y97.178 E2081.15754
G0 F9000 X100.979 Y97.179
G1 F3000 X101.668 Y97.868 E2081.18994
G0 F9000 X101.343 Y97.868
G1 F3000 X101.527 Y97.178 E2081.2137
G0 F9000 X107.554 Y97.868
G1 F3000 X107.739 Y97.178 E2081.23746
G0 F9000 X108.415 Y97.868
G1 F3000 X110.987 Y97.179 E2081.32602
G0 F9000 X110.153 Y97.868
G1 F3000 X109.465 Y97.179 E2081.3584
G0 F9000 X113.766 Y97.868
G1 F3000 X113.951 Y97.178 E2081.38216
G0 F9000 X117.95 Y97.179
G1 F3000 X118.639 Y97.868 E2081.41457
G0 F9000 X119.977 Y97.868
G1 F3000 X120.162 Y97.178 E2081.43833
G0 F9000 X126.189 Y97.868
G1 F3000 X126.374 Y97.178 E2081.46209
G1 X126.435 Y97.179
G1 X127.124 Y97.868 E2081.4945
G0 F9000 X131.597 Y97.868
G1 F3000 X134.169 Y97.179 E2081.58306
G0 F9000 X134.92 Y97.179
G1 F3000 X135.609 Y97.868 E2081.61547
G0 F9000 X138.612 Y97.868
G1 F3000 X138.797 Y97.178 E2081.63923
G0 F9000 X143.406 Y97.179
G1 F3000 X144.094 Y97.868 E2081.67161
G0 F9000 X144.824 Y97.868
G1 F3000 X145.009 Y97.178 E2081.69537
G0 F9000 X149.398 Y98.121
G0 X149.65 Y99.243
G1 F3000 X150.318 Y99.064 E2081.71838
G0 F9000 X150.319 Y100.541
G1 F3000 X149.65 Y103.041 E2081.80445
G0 F9000 X149.649 Y103.422
G1 F3000 X150.318 Y104.092 E2081.83594
G0 F9000 X150.318 Y105.275
G1 F3000 X149.649 Y105.455 E2081.85898
G0 F9000 X150.319 Y111.487
G1 F3000 X149.649 Y111.666 E2081.88205
G0 F9000 X149.649 Y111.908
G1 F3000 X150.318 Y112.577 E2081.91352
G0 F9000 X150.318 Y117.699
G1 F3000 X149.649 Y117.878 E2081.93655
G0 F9000 X149.649 Y120.393
G1 F3000 X150.318 Y121.063 E2081.96804
G0 F9000 X150.319 Y123.724
G1 F3000 X149.649 Y126.226 E2082.05419
G0 F9000 X149.65 Y124.089
G1 F3000 X150.318 Y123.91 E2082.07719
G0 F9000 X149.649 Y128.878
G1 F3000 X150.318 Y129.548 E2082.10869
G0 F9000 X150.319 Y130.122
G1 F3000 X149.649 Y130.301 E2082.13175
G1 F2700 E2077.13175
G0 F9000 X149.398 Y98.121
G0 X132.401 Y97.868
G1 F2700 E2082.13175
G1 F3000 X132.586 Y97.178 E2082.15551
G0 F9000 X132.586 Y97.3
G1 F2700 E2077.15551
;MESH:NONMESH
G0 F300 X132.586 Y97.3 Z4
G0 F9000 X85.602 Y98.121
G0 X85.43 Y137.051
;TIME_ELAPSED:2940.501246
;LAYER:19
;TYPE:WALL-INNER
;MESH:2inch-tft-holder.obj
G1 F2700 E2082.15551
G1 F1500 X149.57 Y137.051 E2084.28882
G1 X149.57 Y97.949 E2085.58935
G1 X85.43 Y97.949 E2087.72266
G1 X85.43 Y137.051 E2089.0232
G0 F9000 X85.83 Y136.651
;TYPE:WALL-OUTER
G1 F1500 X149.17 Y136.651 E2091.12989
G1 X149.17 Y98.349 E2092.40382
G1 X85.83 Y98.349 E2094.51052
G1 X85.83 Y136.651 E2095.78445
G1 F2700 E2090.78445
G0 F9000 X85.53 Y136.651
G0 X150.4 Y137.9
;TYPE:WALL-INNER
G1 F2700 E2095.78445
G1 F1500 X84.6 Y137.9 E2097.97297
G1 X84.6 Y97.1 E2099.32998
G1 X150.4 Y97.1 E2101.5185
G1 X150.4 Y137.9 E2102.87551
G0 F9000 X150.8 Y138.3
;TYPE:WALL-OUTER
G1 F1500 X84.2 Y138.3 E2105.09064
G1 X84.2 Y96.7 E2106.47426
G1 X150.8 Y96.7 E2108.68938
G1 X150.8 Y138.3 E2110.073
G0 F9000 X150.304 Y137.819
;TYPE:FILL
G1 F3000 X149.615 Y137.13 E2110.10541
G0 F9000 X149.649 Y136.659
G1 F3000 X150.318 Y136.48 E2110.12845
G0 F9000 X149.49 Y136.839
G0 X147.891 Y137.13
G1 F3000 X145.319 Y137.819 E2110.21701
G0 F9000 X146.396 Y137.82
G1 F3000 X146.581 Y137.129 E2110.2408
G0 F9000 X141.818 Y137.819
G1 F3000 X141.13 Y137.13 E2110.27318
G0 F9000 X140.37 Y137.13
G1 F3000 X140.185 Y137.819 E2110.29691
G0 F9000 X134.158 Y137.13
G1 F3000 X133.973 Y137.82 E2110.32067
G0 F9000 X133.333 Y137.819
G1 F3000 X132.644 Y137.13 E2110.35308
G0 F9000 X127.946 Y137.129
G1 F3000 X127.761 Y137.82 E2110.37687
G0 F9000 X124.848 Y137.819
G1 F3000 X124.159 Y137.13 E2110.40928
G0 F9000 X124.709 Y137.13
G1 F3000 X122.137 Y137.819 E2110.49784
G0 F9000 X121.55 Y137.82
G1 F3000 X121.735 Y137.129 E2110.52164
G0 F9000 X116.362 Y137.819
G1 F3000 X115.674 Y137.13 E2110.55402
G1 X115.523 Y137.13
G1 X115.338 Y137.819 E2110.57775
G0 F9000 X109.311 Y137.13
G1 F3000 X109.126 Y137.82 E2110.60151
G0 F9000 X107.877 Y137.819
G1 F3000 X107.188 Y137.13 E2110.63392
G0 F9000 X103.1 Y137.129
G1 F3000 X102.915 Y137.82 E2110.65771
G0 F9000 X101.527 Y137.13
G1 F3000 X98.955 Y137.819 E2110.74627
G0 F9000 X99.392 Y137.819
G1 F3000 X98.703 Y137.13 E2110.77868
G0 F9000 X96.888 Y137.13
G1 F3000 X96.703 Y137.819 E2110.80241
G0 F9000 X90.907 Y137.819
G1 F3000 X90.218 Y137.13 E2110.83482
G0 F9000 X90.676 Y137.13
G1 F3000 X90.491 Y137.82 E2110.85858
G0 F9000 X85.602 Y136.879
G0 X85.348 Y135.253
G1 F3000 X84.68 Y135.432 E2110.88158
G0 F9000 X84.68 Y136.328
G1 F3000 X85.349 Y133.831 E2110.96756
G0 F9000 X85.349 Y132.262
G1 F3000 X84.68 Y131.592 E2110.99905
G0 F9000 X84.68 Y129.221
G1 F3000 X85.348 Y129.042 E2111.02205
G0 F9000 X85.349 Y123.776
G1 F3000 X84.68 Y123.107 E2111.05352
G1 X84.679 Y123.009
G1 X85.349 Y122.83 E2111.07658
G0 F9000 X84.679 Y116.798
G1 F3000 X85.349 Y116.618 E2111.09966
G0 F9000 X85.349 Y115.291
G1 F3000 X84.68 Y114.622 E2111.13113
G0 F9000 X84.68 Y113.146
G1 F3000 X85.349 Y110.647 E2111.21717
G0 F9000 X85.348 Y110.407
G1 F3000 X84.68 Y110.586 E2111.24017
G0 F9000 X85.349 Y106.806
G1 F3000 X84.68 Y106.136 E2111.27166
G0 F9000 X84.679 Y104.374
G1 F3000 X85.348 Y104.195 E2111.2947
G0 F9000 X85.349 Y98.321
G1 F3000 X84.68 Y97.651 E2111.32619
G0 F9000 X84.679 Y98.163
G1 F3000 X85.349 Y97.983 E2111.34926
G0 F9000 X85.778 Y97.868
G1 F3000 X88.35 Y97.179 E2111.43782
G0 F9000 X88.958 Y97.178
G1 F3000 X88.773 Y97.868 E2111.46158
G0 F9000 X92.693 Y97.179
G1 F3000 X93.382 Y97.868 E2111.49399
G0 F9000 X94.985 Y97.868
G1 F3000 X95.17 Y97.178 E2111.51775
G0 F9000 X101.179 Y97.179
G1 F3000 X101.867 Y97.868 E2111.55014
G0 F9000 X101.196 Y97.868
G1 F3000 X101.381 Y97.178 E2111.5739
G0 F9000 X107.408 Y97.868
G1 F3000 X107.593 Y97.178 E2111.59766
G0 F9000 X108.96 Y97.868
G1 F3000 X111.532 Y97.179 E2111.68622
G0 F9000 X110.353 Y97.868
G1 F3000 X109.664 Y97.179 E2111.71863
G0 F9000 X113.62 Y97.868
G1 F3000 X113.805 Y97.178 E2111.74239
G0 F9000 X118.149 Y97.179
G1 F3000 X118.838 Y97.868 E2111.77479
G0 F9000 X119.831 Y97.868
G1 F3000 X120.016 Y97.178 E2111.79855
G0 F9000 X126.043 Y97.868
G1 F3000 X126.228 Y97.178 E2111.82231
G0 F9000 X126.635 Y97.179
G1 F3000 X127.323 Y97.868 E2111.8547
G0 F9000 X132.142 Y97.868
G1 F3000 X134.714 Y97.179 E2111.94326
G0 F9000 X135.12 Y97.179
G1 F3000 X135.809 Y97.868 E2111.97567
G0 F9000 X138.466 Y97.868
G1 F3000 X138.651 Y97.178 E2111.99943
G0 F9000 X143.605 Y97.179
G1 F3000 X144.294 Y97.868 E2112.03184
G0 F9000 X144.678 Y97.868
G1 F3000 X144.863 Y97.178 E2112.0556
G0 F9000 X149.398 Y98.121
G0 X149.65 Y99.389
G1 F3000 X150.318 Y99.21 E2112.0786
G0 F9000 X150.32 Y99.996
G1 F3000 X149.65 Y102.496 E2112.16468
G0 F9000 X149.649 Y103.223
G1 F3000 X150.318 Y103.893 E2112.19618
G0 F9000 X150.318 Y105.421
G1 F3000 X149.649 Y105.601 E2112.21922
G0 F9000 X150.318 Y111.633
G1 F3000 X149.649 Y111.812 E2112.24225
G1 X149.649 Y111.708
G1 X150.318 Y112.378 E2112.27374
G0 F9000 X150.318 Y117.845
G1 F3000 X149.65 Y118.024 E2112.29674
G0 F9000 X149.649 Y120.194
G1 F3000 X150.318 Y120.863 E2112.32821
G0 F9000 X150.319 Y123.179
G1 F3000 X149.649 Y125.68 E2112.41433
G0 F9000 X149.649 Y124.236
G1 F3000 X150.318 Y124.056 E2112.43737
G0 F9000 X149.649 Y128.679
G1 F3000 X150.318 Y129.348 E2112.46884
G0 F9000 X150.318 Y130.268
G1 F3000 X149.649 Y130.447 E2112.49187
G1 F2700 E2107.49187
G0 F9000 X149.398 Y98.121
G0 X132.255 Y97.868
G1 F2700 E2112.49187
G1 F3000 X132.44 Y97.178 E2112.51563
G0 F9000 X132.44 Y97.3
G1 F2700 E2107.51563
;MESH:NONMESH
G0 F300 X132.44 Y97.3 Z4.2
G0 F9000 X85.602 Y98.121
G0 X85.43 Y137.051
;TIME_ELAPSED:2990.265819
;LAYER:20
;TYPE:WALL-INNER
;MESH:2inch-tft-holder.obj
G1 F2700 E2112.51563
G1 F1500 X149.57 Y137.051 E2114.64894
G1 X149.57 Y97.949 E2115.94948
G1 X85.43 Y97.949 E2118.08278
G1 X85.43 Y137.051 E2119.38332
G0 F9000 X85.83 Y136.651
;TYPE:WALL-OUTER
G1 F1500 X149.17 Y136.651 E2121.49002
G1 X149.17 Y98.349 E2122.76395
G1 X85.83 Y98.349 E2124.87064
G1 X85.83 Y136.651 E2126.14457
G1 F2700 E2121.14457
G0 F9000 X85.53 Y136.651
G0 X150.4 Y137.9
;TYPE:WALL-INNER
G1 F2700 E2126.14457
G1 F1500 X84.6 Y137.9 E2128.33309
G1 X84.6 Y97.1 E2129.6901
G1 X150.4 Y97.1 E2131.87862
G1 X150.4 Y137.9 E2133.23563
G0 F9000 X150.8 Y138.3
;TYPE:WALL-OUTER
G1 F1500 X84.2 Y138.3 E2135.45076
G1 X84.2 Y96.7 E2136.83438
G1 X150.8 Y96.7 E2139.0495
G1 X150.8 Y138.3 E2140.43313
G0 F9000 X150.318 Y137.634
;TYPE:FILL
G1 F3000 X149.649 Y136.965 E2140.46459
G1 X149.65 Y136.805
G1 X150.318 Y136.626 E2140.4876
G0 F9000 X148.436 Y137.13
G1 F3000 X145.864 Y137.819 E2140.57616
G0 F9000 X146.25 Y137.82
G1 F3000 X146.435 Y137.129 E2140.59995
G0 F9000 X142.018 Y137.819
G1 F3000 X141.329 Y137.13 E2140.63236
G0 F9000 X140.224 Y137.13
G1 F3000 X140.039 Y137.819 E2140.65609
G0 F9000 X134.012 Y137.13
G1 F3000 X133.827 Y137.82 E2140.67985
G0 F9000 X133.532 Y137.819
G1 F3000 X132.844 Y137.13 E2140.71223
G0 F9000 X127.8 Y137.129
G1 F3000 X127.615 Y137.82 E2140.73602
G0 F9000 X125.253 Y137.13
G1 F3000 X122.681 Y137.819 E2140.82458
G0 F9000 X121.404 Y137.819
G1 F3000 X121.589 Y137.13 E2140.84831
G0 F9000 X124.358 Y137.13
G1 F3000 X125.047 Y137.819 E2140.88072
G0 F9000 X116.562 Y137.819
G1 F3000 X115.873 Y137.13 E2140.91313
G0 F9000 X115.377 Y137.13
G1 F3000 X115.192 Y137.82 E2140.93689
G0 F9000 X109.165 Y137.129
G1 F3000 X108.98 Y137.82 E2140.96068
G0 F9000 X108.077 Y137.819
G1 F3000 X107.388 Y137.13 E2140.99309
G0 F9000 X102.954 Y137.13
G1 F3000 X102.769 Y137.82 E2141.01685
G0 F9000 X102.071 Y137.13
G1 F3000 X99.499 Y137.819 E2141.10541
G1 X99.591 Y137.819
G1 X98.903 Y137.13 E2141.1378
G0 F9000 X96.742 Y137.13
G1 F3000 X96.557 Y137.82 E2141.16156
G0 F9000 X91.106 Y137.819
G1 F3000 X90.417 Y137.13 E2141.19396
G1 X90.53 Y137.129
G1 X90.345 Y137.82 E2141.21776
G0 F9000 X85.602 Y136.879
G0 X85.349 Y135.399
G1 F3000 X84.679 Y135.578 E2141.24082
G0 F9000 X84.68 Y135.783
G1 F3000 X85.349 Y133.286 E2141.3268
G0 F9000 X85.349 Y132.062
G1 F3000 X84.68 Y131.393 E2141.35827
G0 F9000 X84.68 Y129.367
G1 F3000 X85.348 Y129.188 E2141.38127
G0 F9000 X85.349 Y123.577
G1 F3000 X84.68 Y122.907 E2141.41276
G0 F9000 X84.68 Y123.155
G1 F3000 X85.348 Y122.976 E2141.43576
G0 F9000 X84.679 Y116.944
G1 F3000 X85.349 Y116.764 E2141.45884
G0 F9000 X85.349 Y115.092
G1 F3000 X84.68 Y114.422 E2141.49033
G0 F9000 X84.679 Y112.601
G1 F3000 X85.349 Y110.101 E2141.57641
G0 F9000 X85.348 Y110.553
G1 F3000 X84.68 Y110.732 E2141.59942
G0 F9000 X85.349 Y106.606
G1 F3000 X84.68 Y105.937 E2141.63088
G0 F9000 X84.68 Y104.52
G1 F3000 X85.348 Y104.341 E2141.65389
G0 F9000 X84.679 Y98.309
G1 F3000 X85.349 Y98.129 E2141.67696
G1 X85.349 Y98.121
G1 X84.68 Y97.452 E2141.70843
G0 F9000 X86.322 Y97.868
G1 F3000 X88.894 Y97.179 E2141.79699
G1 X88.812 Y97.178
G1 X88.627 Y97.868 E2141.82075
G0 F9000 X92.893 Y97.179
G1 F3000 X93.582 Y97.868 E2141.85316
G0 F9000 X94.839 Y97.868
G1 F3000 X95.024 Y97.178 E2141.87692
G0 F9000 X101.05 Y97.868
G1 F3000 X101.235 Y97.178 E2141.90068
G1 X101.378 Y97.179
G1 X102.067 Y97.868 E2141.93309
G0 F9000 X107.262 Y97.868
G1 F3000 X107.447 Y97.178 E2141.95685
G0 F9000 X109.504 Y97.868
G1 F3000 X112.076 Y97.179 E2142.04541
G0 F9000 X113.474 Y97.868
G1 F3000 X113.659 Y97.178 E2142.06917
G0 F9000 X110.552 Y97.868
G1 F3000 X109.863 Y97.179 E2142.10158
G0 F9000 X118.349 Y97.179
G1 F3000 X119.037 Y97.868 E2142.13396
G0 F9000 X119.685 Y97.868
G1 F3000 X119.87 Y97.178 E2142.15772
G0 F9000 X125.897 Y97.868
G1 F3000 X126.082 Y97.178 E2142.18148
G0 F9000 X126.834 Y97.179
G1 F3000 X127.523 Y97.868 E2142.21389
G0 F9000 X132.109 Y97.868
G1 F3000 X132.294 Y97.178 E2142.23765
G0 F9000 X132.687 Y97.868
G1 F3000 X135.258 Y97.179 E2142.32618
G1 X135.319 Y97.179
G1 X136.008 Y97.868 E2142.35859
G0 F9000 X138.32 Y97.868
G1 F3000 X138.505 Y97.178 E2142.38235
G0 F9000 X143.805 Y97.179
G1 F3000 X144.493 Y97.868 E2142.41473
G1 X144.532 Y97.868
G1 X144.717 Y97.178 E2142.43849
G0 F9000 X149.398 Y98.121
G0 X149.649 Y99.535
G1 F3000 X150.318 Y99.356 E2142.46153
G1 X150.32 Y99.451
G1 X149.65 Y101.952 E2142.54764
G0 F9000 X149.649 Y103.024
G1 F3000 X150.318 Y103.693 E2142.57911
G0 F9000 X150.318 Y105.567
G1 F3000 X149.649 Y105.747 E2142.60215
G0 F9000 X149.649 Y111.509
G1 F3000 X150.318 Y112.178 E2142.63362
G0 F9000 X150.318 Y111.779
G1 F3000 X149.65 Y111.958 E2142.65662
G0 F9000 X150.318 Y117.991
G1 F3000 X149.649 Y118.17 E2142.67966
G0 F9000 X149.649 Y119.994
G1 F3000 X150.318 Y120.664 E2142.71115
G0 F9000 X150.319 Y122.635
G1 F3000 X149.649 Y125.136 E2142.79726
G0 F9000 X149.649 Y124.382
G1 F3000 X150.319 Y124.202 E2142.82034
G0 F9000 X149.649 Y128.479
G1 F3000 X150.318 Y129.149 E2142.85183
G0 F9000 X150.318 Y130.414
G1 F3000 X149.649 Y130.593 E2142.87486
G0 F9000 X149.77 Y130.593
G1 F2700 E2137.87486
;MESH:NONMESH
G0 F300 X149.77 Y130.593 Z4.4
G0 F9000 X149.398 Y136.879
G0 X85.43 Y137.051
;TIME_ELAPSED:3038.587088
;LAYER:21
;TYPE:WALL-INNER
;MESH:2inch-tft-holder.obj
G1 F2700 E2142.87486
G1 F1500 X149.57 Y137.051 E2145.00817
G1 X149.57 Y97.949 E2146.30871
G1 X85.43 Y97.949 E2148.44201
G1 X85.43 Y137.051 E2149.74255
G0 F9000 X85.83 Y136.651
;TYPE:WALL-OUTER
G1 F1500 X149.17 Y136.651 E2151.84925
G1 X149.17 Y98.349 E2153.12318
G1 X85.83 Y98.349 E2155.22987
G1 X85.83 Y136.651 E2156.5038
G1 F2700 E2151.5038
G0 F9000 X85.53 Y136.651
G0 X149.398 Y136.879
G0 X150.19 Y136.851
G0 X150.4 Y137.9
;TYPE:WALL-INNER
G1 F2700 E2156.5038
G1 F1500 X84.6 Y137.9 E2158.69232
G1 X84.6 Y97.1 E2160.04933
G1 X150.4 Y97.1 E2162.23785
G1 X150.4 Y137.9 E2163.59486
G0 F9000 X150.8 Y138.3
;TYPE:WALL-OUTER
G1 F1500 X84.2 Y138.3 E2165.80999
G1 X84.2 Y96.7 E2167.19361
G1 X150.8 Y96.7 E2169.40873
G1 X150.8 Y138.3 E2170.79236
G0 F9000 X150.53 Y138.03
G0 X150.29 Y137.51
G0 X150.01 Y137.51
;TYPE:SKIN
G1 F1500 X84.99 Y137.51 E2172.95493
G1 X84.99 Y97.49 E2174.286
G1 X150.01 Y97.49 E2176.44857
G1 X150.01 Y137.51 E2177.77965
G0 F9000 X149.96 Y137.441
G1 F1500 X149.96 Y97.559 E2179.10613
G1 X85.04 Y97.559 E2181.26537
G1 X85.04 Y137.441 E2182.59185
G1 X149.96 Y137.441 E2184.7511
G0 F9000 X150.2 Y137.441
G1 F2700 E2179.7511
;MESH:NONMESH
G0 F300 X150.2 Y137.441 Z4.6
G0 F9000 X150.29 Y137.441
G0 X150.218 Y137.718
G0 X84.782 Y137.718
G0 X84.81 Y137.051
G0 X85.24 Y137.051
G0 X85.43 Y137.051
;TIME_ELAPSED:3092.304076
;LAYER:22
;TYPE:WALL-INNER
;MESH:2inch-tft-holder.obj
G1 F2700 E2184.7511
G1 F1500 X149.57 Y137.051 E2186.88441
G1 X149.57 Y97.949 E2188.18495
G1 X85.43 Y97.949 E2190.31825
G1 X85.43 Y137.051 E2191.61879
G0 F9000 X85.83 Y136.651
;TYPE:WALL-OUTER
G1 F1500 X149.17 Y136.651 E2193.72549
G1 X149.17 Y98.349 E2194.99942
G1 X85.83 Y98.349 E2197.10611
G1 X85.83 Y136.651 E2198.38004
G1 F2700 E2193.38004
G0 F9000 X85.53 Y136.651
G0 X149.398 Y136.879
G0 X150.19 Y136.851
G0 X150.4 Y137.9
;TYPE:WALL-INNER
G1 F2700 E2198.38004
G1 F1500 X84.6 Y137.9 E2200.56856
G1 X84.6 Y97.1 E2201.92557
G1 X150.4 Y97.1 E2204.11409
G1 X150.4 Y137.9 E2205.4711
G0 F9000 X150.8 Y138.3
;TYPE:WALL-OUTER
G1 F1500 X84.2 Y138.3 E2207.68623
G1 X84.2 Y96.7 E2209.06985
G1 X150.8 Y96.7 E2211.28497
G1 X150.8 Y138.3 E2212.6686
G0 F9000 X150.53 Y138.03
G0 X150.29 Y137.51
G0 X150.01 Y137.51
;TYPE:SKIN
G1 F1500 X84.99 Y137.51 E2214.83117
G1 X84.99 Y97.49 E2216.16224
G1 X150.01 Y97.49 E2218.32481
G1 X150.01 Y137.51 E2219.65588
G0 F9000 X149.96 Y137.441
G1 F1500 X149.96 Y97.559 E2220.98237
G1 X85.04 Y97.559 E2223.14161
G1 X85.04 Y137.441 E2224.46809
G1 X149.96 Y137.441 E2226.62734
G0 F9000 X150.2 Y137.441
G1 F2700 E2221.62734
;MESH:NONMESH
G0 F300 X150.2 Y137.441 Z4.8
G0 F9000 X150.29 Y137.441
G0 X150.218 Y137.718
G0 X84.782 Y137.718
G0 X84.81 Y137.051
G0 X85.24 Y137.051
G0 X85.43 Y137.051
;TIME_ELAPSED:3146.021064
;LAYER:23
;TYPE:WALL-INNER
;MESH:2inch-tft-holder.obj
G1 F2700 E2226.62734
G1 F1500 X149.57 Y137.051 E2228.76065
G1 X149.57 Y97.949 E2230.06119
G1 X85.43 Y97.949 E2232.19449
G1 X85.43 Y137.051 E2233.49503
G0 F9000 X85.83 Y136.651
;TYPE:WALL-OUTER
G1 F1500 X149.17 Y136.651 E2235.60172
G1 X149.17 Y98.349 E2236.87565
G1 X85.83 Y98.349 E2238.98235
G1 X85.83 Y136.651 E2240.25628
G1 F2700 E2235.25628
G0 F9000 X85.53 Y136.651
G0 X149.398 Y136.879
G0 X150.19 Y136.851
G0 X150.4 Y137.9
;TYPE:WALL-INNER
G1 F2700 E2240.25628
G1 F1500 X84.6 Y137.9 E2242.4448
G1 X84.6 Y97.1 E2243.80181
G1 X150.4 Y97.1 E2245.99033
G1 X150.4 Y137.9 E2247.34734
G0 F9000 X150.8 Y138.3
;TYPE:WALL-OUTER
G1 F1500 X84.2 Y138.3 E2249.56247
G1 X84.2 Y96.7 E2250.94609
G1 X150.8 Y96.7 E2253.16121
G1 X150.8 Y138.3 E2254.54484
G0 F9000 X150.53 Y138.03
G0 X150.29 Y137.51
G0 X150.01 Y137.51
;TYPE:SKIN
G1 F1500 X84.99 Y137.51 E2256.70741
G1 X84.99 Y97.49 E2258.03848
G1 X150.01 Y97.49 E2260.20105
G1 X150.01 Y137.51 E2261.53212
G0 F9000 X149.96 Y137.441
G1 F1500 X149.96 Y97.559 E2262.85861
G1 X85.04 Y97.559 E2265.01785
G1 X85.04 Y137.441 E2266.34433
G1 X149.96 Y137.441 E2268.50358
G0 F9000 X150.2 Y137.441
G1 F2700 E2263.50358
;MESH:NONMESH
G0 F300 X150.2 Y137.441 Z5
G0 F9000 X150.29 Y137.441
G0 X150.218 Y137.718
G0 X84.782 Y137.718
G0 X84.81 Y137.051
G0 X85.24 Y137.051
G0 X85.43 Y137.051
;TIME_ELAPSED:3199.738053
;LAYER:24
;TYPE:WALL-INNER
;MESH:2inch-tft-holder.obj
G1 F2700 E2268.50358
G1 F1500 X149.57 Y137.051 E2270.63689
G1 X149.57 Y97.949 E2271.93742
G1 X85.43 Y97.949 E2274.07073
G1 X85.43 Y137.051 E2275.37127
G0 F9000 X85.83 Y136.651
;TYPE:WALL-OUTER
G1 F1500 X149.17 Y136.651 E2277.47796
G1 X149.17 Y98.349 E2278.75189
G1 X85.83 Y98.349 E2280.85859
G1 X85.83 Y136.651 E2282.13252
G1 F2700 E2277.13252
G0 F9000 X85.53 Y136.651
G0 X149.398 Y136.879
G0 X150.19 Y136.851
G0 X150.4 Y137.9
;TYPE:WALL-INNER
G1 F2700 E2282.13252
G1 F1500 X84.6 Y137.9 E2284.32104
G1 X84.6 Y97.1 E2285.67805
G1 X150.4 Y97.1 E2287.86657
G1 X150.4 Y137.9 E2289.22358
G0 F9000 X150.8 Y138.3
;TYPE:WALL-OUTER
G1 F1500 X84.2 Y138.3 E2291.43871
G1 X84.2 Y96.7 E2292.82233
G1 X150.8 Y96.7 E2295.03745
G1 X150.8 Y138.3 E2296.42107
G0 F9000 X150.53 Y138.03
G0 X150.29 Y137.51
G0 X150.01 Y137.51
;TYPE:SKIN
G1 F1500 X84.99 Y137.51 E2298.58365
G1 X84.99 Y97.49 E2299.91472
G1 X150.01 Y97.49 E2302.07729
G1 X150.01 Y137.51 E2303.40836
G0 F9000 X149.96 Y137.441
G1 F1500 X149.96 Y97.559 E2304.73484
G1 X85.04 Y97.559 E2306.89409
G1 X85.04 Y137.441 E2308.22057
G1 X149.96 Y137.441 E2310.37982
G0 F9000 X150.2 Y137.441
;TIME_ELAPSED:3252.349318
G1 F2700 E2305.37982
M140 S0
M107
G91 ;Relative positioning
G1 E-2 F2700 ;Retract a bit
G1 E-2 Z0.2 F2400 ;Retract and raise Z
G1 X5 Y5 F3000 ;Wipe out
G1 Z10 ;Raise Z more
G90 ;Absolute positioning

G1 X0 Y235 ;Present print
M106 S0 ;Turn-off fan
M104 S0 ;Turn-off hotend
M140 S0 ;Turn-off bed

M84 X Y E ;Disable all steppers but Z

M82 ;absolute extrusion mode
M104 S0
;End of Gcode
;SETTING_3 {"global_quality": "[general]\\nversion = 4\\nname = Standard Quality
;SETTING_3  #2\\ndefinition = creality_ender3\\n\\n[metadata]\\ntype = quality_c
;SETTING_3 hanges\\nquality_type = standard\\nsetting_version = 19\\n\\n[values]
;SETTING_3 \\nadhesion_type = none\\nsupport_enable = True\\nsupport_type = ever
;SETTING_3 ywhere\\n\\n", "extruder_quality": ["[general]\\nversion = 4\\nname =
;SETTING_3  Standard Quality #2\\ndefinition = creality_ender3\\n\\n[metadata]\\
;SETTING_3 ntype = quality_changes\\nquality_type = standard\\nsetting_version =
;SETTING_3  19\\nposition = 0\\n\\n[values]\\nsupport_angle = 65.0\\n\\n"]}
