;FLAVOR:Marlin
;TIME:4192
;Filament used: 2.98063m
;Layer height: 0.2
;MINX:92.335
;MINY:84.7
;MINZ:0.2
;MAXX:142.665
;MAXY:151.165
;MAXZ:6
;Generated with Cura_SteamEngine master
M140 S50
M105
M190 S50
M104 S200
M105
M109 S200
M82 ;absolute extrusion mode
; Ender 3 Custom Start G-code
G92 E0 ; Reset Extruder
G28 ; Home all axes
G1 Z2.0 F3000 ; Move Z Axis up little to prevent scratching of Heat Bed
G1 X0.1 Y20 Z0.3 F5000.0 ; Move to start position
G1 X0.1 Y200.0 Z0.3 F1500.0 E15 ; Draw the first line
G1 X0.4 Y200.0 Z0.3 F5000.0 ; Move to side a little
G1 X0.4 Y20 Z0.3 F1500.0 E30 ; Draw the second line
G92 E0 ; Reset Extruder
G1 Z2.0 F3000 ; Move Z Axis up little to prevent scratching of Heat Bed
G1 X5 Y20 Z0.3 F5000.0 ; Move over to prevent blob squish
G92 E0
G92 E0
G1 F2700 E-5
;LAYER_COUNT:30
;LAYER:0
M107
;MESH:esp32-s3-mount.obj
G0 F6000 X100.166 Y146.6 Z0.2
;TYPE:WALL-INNER
G1 F2700 E0
G1 F1200 X100.167 Y88.4 E1.93574
G1 X98.766 Y88.4 E1.98234
G1 X98.766 Y146.6 E3.91808
G1 X100.166 Y146.6 E3.96464
G0 F6000 X99.766 Y146.2
;TYPE:WALL-OUTER
G1 F1200 X99.767 Y88.8 E5.87377
G1 X99.166 Y88.8 E5.89376
G1 X99.166 Y146.2 E7.80289
G1 X99.766 Y146.2 E7.82285
G1 F2700 E2.82285
G0 F6000 X99.766 Y146.5
G0 X100.362 Y146.796
G0 X100.362 Y149.69
G0 X141.4 Y149.9
;TYPE:WALL-INNER
G1 F2700 E7.82285
G1 F1200 X93.6 Y149.9 E9.41268
G1 X93.6 Y85.1 E11.56794
G1 X141.4 Y85.1 E13.15778
G1 X141.4 Y149.9 E15.31303
G0 F6000 X141.8 Y150.3
;TYPE:WALL-OUTER
G1 F1200 X93.2 Y150.3 E16.92948
G1 X93.2 Y84.7 E19.11134
G1 X141.8 Y84.7 E20.72778
G1 X141.8 Y150.3 E22.90965
G0 F6000 X141.53 Y150.03
G0 X141.29 Y149.51
G0 X141.01 Y149.51
;TYPE:SKIN
G1 F1200 X93.99 Y149.51 E24.47354
G1 X93.99 Y85.49 E26.60285
G1 X141.01 Y85.49 E28.16674
G1 X141.01 Y149.51 E30.29606
G1 F2700 E25.29606
G0 F6000 X141.29 Y149.51
G0 X141.19 Y146.71
G0 X142.665 Y146.71
G0 X142.661 Y150.657
G0 X142.157 Y151.161
G0 X100.357 Y151.165
G0 X100.357 Y146.708
G1 F2700 E30.29606
G0 F6000 X100.556 Y146.99
G1 F1200 X100.557 Y88.01 E32.25774
G1 X98.376 Y88.01 E32.33028
G1 X98.376 Y146.99 E34.29196
G1 X100.556 Y146.99 E34.36447
G1 F2700 E29.36447
G0 F6000 X100.306 Y146.71
G0 X98.57 Y146.796
G0 X98.57 Y149.69
G0 X94.477 Y149.79
G1 F2700 E34.36447
G0 F6000 X94.477 Y149.349
G1 F1200 X94.149 Y149.02 E34.37992
G0 F6000 X94.149 Y148.454
G1 F1200 X95.043 Y149.349 E34.422
G0 F6000 X95.609 Y149.349
G1 F1200 X94.149 Y147.889 E34.49067
G0 F6000 X94.149 Y147.323
G1 F1200 X96.175 Y149.349 E34.58597
G0 F6000 X96.74 Y149.349
G1 F1200 X94.149 Y146.757 E34.70786
G0 F6000 X94.149 Y146.192
G1 F1200 X97.306 Y149.349 E34.85636
G0 F6000 X97.872 Y149.349
G1 F1200 X94.149 Y145.626 E35.03148
G0 F6000 X94.149 Y145.06
G1 F1200 X98.437 Y149.349 E35.2332
G0 F6000 X99.003 Y149.349
G1 F1200 X94.149 Y144.495 E35.46151
G0 F6000 X94.149 Y143.929
G1 F1200 X99.569 Y149.349 E35.71645
G0 F6000 X100.134 Y149.349
G1 F1200 X94.149 Y143.363 E35.99799
G0 F6000 X94.149 Y142.798
G1 F1200 X98.215 Y146.864 E36.18925
G0 F6000 X98.499 Y147.148
G1 F1200 X100.7 Y149.349 E36.29277
G0 F6000 X101.266 Y149.349
G1 F1200 X99.065 Y147.148 E36.3963
G0 F6000 X99.631 Y147.148
G1 F1200 X101.831 Y149.349 E36.49981
G0 F6000 X102.397 Y149.349
G1 F1200 X100.197 Y147.148 E36.60331
G0 F6000 X100.716 Y147.102
G1 F1200 X102.963 Y149.349 E36.709
G0 F6000 X103.528 Y149.349
G1 F1200 X100.716 Y146.536 E36.8413
G0 F6000 X100.716 Y145.97
G1 F1200 X104.094 Y149.349 E37.00021
G0 F6000 X104.66 Y149.349
G1 F1200 X100.716 Y145.405 E37.18572
G0 F6000 X100.716 Y144.839
G1 F1200 X105.225 Y149.349 E37.39784
G0 F6000 X105.791 Y149.349
G1 F1200 X100.716 Y144.273 E37.63657
G0 F6000 X100.716 Y143.708
G1 F1200 X106.357 Y149.349 E37.90191
G0 F6000 X106.923 Y149.349
G1 F1200 X100.716 Y143.142 E38.19387
G0 F6000 X100.716 Y142.576
G1 F1200 X107.488 Y149.349 E38.51242
G0 F6000 X108.054 Y149.349
G1 F1200 X100.716 Y142.011 E38.85758
G0 F6000 X100.716 Y141.445
G1 F1200 X108.62 Y149.349 E39.22936
G0 F6000 X109.185 Y149.349
G1 F1200 X100.716 Y140.879 E39.62774
G0 F6000 X100.716 Y140.314
G1 F1200 X109.751 Y149.349 E40.05272
G0 F6000 X110.317 Y149.349
G1 F1200 X100.716 Y139.748 E40.50432
G0 F6000 X100.716 Y139.182
G1 F1200 X110.882 Y149.349 E40.98252
G0 F6000 X111.448 Y149.349
G1 F1200 X100.716 Y138.616 E41.48734
G0 F6000 X100.716 Y138.051
G1 F1200 X112.014 Y149.349 E42.01877
G0 F6000 X112.579 Y149.349
G1 F1200 X100.716 Y137.485 E42.57679
G0 F6000 X100.716 Y136.919
G1 F1200 X113.145 Y149.349 E43.16144
G0 F6000 X113.711 Y149.349
G1 F1200 X100.716 Y136.354 E43.77268
G0 F6000 X100.716 Y135.788
G1 F1200 X114.276 Y149.349 E44.41053
G0 F6000 X114.842 Y149.349
G1 F1200 X100.716 Y135.222 E45.07499
G0 F6000 X100.716 Y134.657
G1 F1200 X115.408 Y149.349 E45.76606
G0 F6000 X115.973 Y149.349
G1 F1200 X100.716 Y134.091 E46.48373
G0 F6000 X100.716 Y133.525
G1 F1200 X116.539 Y149.349 E47.22801
G0 F6000 X117.105 Y149.349
G1 F1200 X100.716 Y132.96 E47.9989
G0 F6000 X100.716 Y132.394
G1 F1200 X117.671 Y149.349 E48.79641
G0 F6000 X118.236 Y149.349
G1 F1200 X100.716 Y131.828 E49.62052
G0 F6000 X100.716 Y131.263
G1 F1200 X118.802 Y149.349 E50.47123
G0 F6000 X119.368 Y149.349
G1 F1200 X100.716 Y130.697 E51.34857
G0 F6000 X100.716 Y130.131
G1 F1200 X119.933 Y149.349 E52.2525
G0 F6000 X120.499 Y149.349
G1 F1200 X100.716 Y129.566 E53.18303
G0 F6000 X100.716 Y129
G1 F1200 X121.065 Y149.349 E54.14019
G0 F6000 X121.63 Y149.349
G1 F1200 X100.716 Y128.434 E55.12394
G0 F6000 X100.716 Y127.868
G1 F1200 X122.196 Y149.349 E56.13432
G0 F6000 X122.762 Y149.349
G1 F1200 X100.716 Y127.303 E57.17129
G0 F6000 X100.716 Y126.737
G1 F1200 X123.327 Y149.349 E58.23487
G0 F6000 X123.893 Y149.349
G1 F1200 X100.716 Y126.171 E59.32507
G0 F6000 X100.716 Y125.606
G1 F1200 X124.459 Y149.349 E60.44187
G0 F6000 X125.024 Y149.349
G1 F1200 X100.716 Y125.04 E61.58526
G0 F6000 X100.716 Y124.474
G1 F1200 X125.59 Y149.349 E62.75528
G0 F6000 X126.156 Y149.349
G1 F1200 X100.716 Y123.909 E63.9519
G0 F6000 X100.716 Y123.343
G1 F1200 X126.722 Y149.349 E65.17514
G0 F6000 X127.287 Y149.349
G1 F1200 X100.716 Y122.777 E66.42499
G0 F6000 X100.716 Y122.212
G1 F1200 X127.853 Y149.349 E67.70143
G0 F6000 X128.419 Y149.349
G1 F1200 X100.716 Y121.646 E69.00449
G0 F6000 X100.716 Y121.08
G1 F1200 X128.984 Y149.349 E70.33416
G0 F6000 X129.55 Y149.349
G1 F1200 X100.716 Y120.515 E71.69042
G0 F6000 X100.716 Y119.949
G1 F1200 X130.116 Y149.349 E73.0733
G0 F6000 X130.681 Y149.349
G1 F1200 X100.716 Y119.383 E74.48279
G0 F6000 X100.716 Y118.817
G1 F1200 X131.247 Y149.349 E75.9189
G0 F6000 X131.813 Y149.349
G1 F1200 X100.716 Y118.252 E77.38161
G0 F6000 X100.716 Y117.686
G1 F1200 X132.378 Y149.349 E78.87091
G0 F6000 X132.944 Y149.349
G1 F1200 X100.716 Y117.12 E80.38684
G0 F6000 X100.716 Y116.555
G1 F1200 X133.51 Y149.349 E81.92937
G0 F6000 X134.075 Y149.349
G1 F1200 X100.716 Y115.989 E83.4985
G0 F6000 X100.716 Y115.423
G1 F1200 X134.641 Y149.349 E85.09425
G0 F6000 X135.207 Y149.349
G1 F1200 X100.716 Y114.858 E86.7166
G0 F6000 X100.716 Y114.292
G1 F1200 X135.772 Y149.349 E88.36555
G0 F6000 X136.338 Y149.349
G1 F1200 X100.716 Y113.726 E90.04113
G0 F6000 X100.716 Y113.161
G1 F1200 X136.904 Y149.349 E91.7433
G0 F6000 X137.47 Y149.349
G1 F1200 X100.716 Y112.595 E93.47209
G0 F6000 X100.716 Y112.029
G1 F1200 X138.035 Y149.349 E95.22749
G0 F6000 X138.601 Y149.349
G1 F1200 X100.716 Y111.464 E97.00948
G0 F6000 X100.716 Y110.898
G1 F1200 X139.167 Y149.349 E98.8181
G0 F6000 X139.732 Y149.349
G1 F1200 X100.716 Y110.332 E100.65332
G0 F6000 X100.716 Y109.767
G1 F1200 X140.298 Y149.349 E102.51513
G0 F6000 X140.85 Y149.335
G1 F1200 X100.716 Y109.201 E104.40291
G0 F6000 X100.716 Y108.635
G1 F1200 X140.85 Y148.769 E106.29069
G0 F6000 X140.85 Y148.203
G1 F1200 X100.716 Y108.069 E108.17847
G0 F6000 X100.716 Y107.504
G1 F1200 X140.85 Y147.638 E110.06625
G0 F6000 X140.85 Y147.072
G1 F1200 X100.716 Y106.938 E111.95403
G0 F6000 X100.716 Y106.372
G1 F1200 X140.85 Y146.506 E113.84181
G0 F6000 X140.85 Y145.941
G1 F1200 X100.716 Y105.807 E115.72959
G0 F6000 X100.716 Y105.241
G1 F1200 X140.85 Y145.375 E117.61738
G0 F6000 X140.85 Y144.809
G1 F1200 X100.716 Y104.675 E119.50516
G0 F6000 X100.716 Y104.11
G1 F1200 X140.85 Y144.244 E121.39294
G0 F6000 X140.85 Y143.678
G1 F1200 X100.716 Y103.544 E123.28072
G0 F6000 X100.716 Y102.978
G1 F1200 X140.85 Y143.112 E125.1685
G0 F6000 X140.85 Y142.547
G1 F1200 X100.716 Y102.413 E127.05628
G0 F6000 X100.716 Y101.847
G1 F1200 X140.85 Y141.981 E128.94406
G0 F6000 X140.85 Y141.415
G1 F1200 X100.716 Y101.281 E130.83184
G0 F6000 X100.716 Y100.716
G1 F1200 X140.85 Y140.85 E132.71962
G0 F6000 X140.85 Y140.284
G1 F1200 X100.716 Y100.15 E134.6074
G0 F6000 X100.716 Y99.584
G1 F1200 X140.85 Y139.718 E136.49518
G0 F6000 X140.85 Y139.152
G1 F1200 X100.716 Y99.018 E138.38296
G0 F6000 X100.716 Y98.453
G1 F1200 X140.85 Y138.587 E140.27074
G0 F6000 X140.85 Y138.021
G1 F1200 X100.716 Y97.887 E142.15852
G0 F6000 X100.716 Y97.321
G1 F1200 X140.85 Y137.455 E144.0463
G0 F6000 X140.85 Y136.89
G1 F1200 X100.716 Y96.756 E145.93408
G0 F6000 X100.716 Y96.19
G1 F1200 X140.85 Y136.324 E147.82186
G0 F6000 X140.85 Y135.758
G1 F1200 X100.716 Y95.624 E149.70964
G0 F6000 X100.716 Y95.059
G1 F1200 X140.85 Y135.193 E151.59742
G0 F6000 X140.85 Y134.627
G1 F1200 X100.716 Y94.493 E153.4852
G0 F6000 X100.716 Y93.927
G1 F1200 X140.85 Y134.061 E155.37298
G0 F6000 X140.85 Y133.496
G1 F1200 X100.716 Y93.362 E157.26076
G0 F6000 X100.716 Y92.796
G1 F1200 X140.85 Y132.93 E159.14854
G0 F6000 X140.85 Y132.364
G1 F1200 X100.716 Y92.23 E161.03632
G0 F6000 X100.716 Y91.665
G1 F1200 X140.85 Y131.799 E162.9241
G0 F6000 X140.85 Y131.233
G1 F1200 X100.716 Y91.099 E164.81188
G0 F6000 X100.716 Y90.533
G1 F1200 X140.85 Y130.667 E166.69966
G0 F6000 X140.85 Y130.101
G1 F1200 X100.716 Y89.968 E168.58742
G0 F6000 X100.716 Y89.402
G1 F1200 X140.85 Y129.536 E170.4752
G0 F6000 X140.85 Y128.97
G1 F1200 X100.716 Y88.836 E172.36298
G0 F6000 X100.716 Y88.27
G1 F1200 X140.85 Y128.404 E174.25076
G0 F6000 X140.85 Y127.839
G1 F1200 X98.66 Y85.649 E176.23525
G0 F6000 X99.226 Y85.649
G1 F1200 X140.85 Y127.273 E178.19311
G0 F6000 X140.85 Y126.707
G1 F1200 X99.791 Y85.649 E180.12438
G0 F6000 X100.357 Y85.649
G1 F1200 X140.85 Y126.142 E182.02905
G0 F6000 X140.85 Y125.576
G1 F1200 X100.923 Y85.649 E183.90709
G0 F6000 X101.488 Y85.649
G1 F1200 X140.85 Y125.01 E185.75854
G0 F6000 X140.85 Y124.445
G1 F1200 X102.054 Y85.649 E187.58338
G0 F6000 X102.62 Y85.649
G1 F1200 X140.85 Y123.879 E189.3816
G0 F6000 X140.85 Y123.313
G1 F1200 X103.185 Y85.649 E191.15322
G0 F6000 X103.751 Y85.649
G1 F1200 X140.85 Y122.748 E192.89825
G0 F6000 X140.85 Y122.182
G1 F1200 X104.317 Y85.649 E194.61665
G0 F6000 X104.883 Y85.649
G1 F1200 X140.85 Y121.616 E196.30843
G0 F6000 X140.85 Y121.051
G1 F1200 X105.448 Y85.649 E197.97363
G0 F6000 X106.014 Y85.649
G1 F1200 X140.85 Y120.485 E199.61221
G0 F6000 X140.85 Y119.919
G1 F1200 X106.58 Y85.649 E201.22416
G0 F6000 X107.145 Y85.649
G1 F1200 X140.85 Y119.353 E202.80952
G0 F6000 X140.85 Y118.788
G1 F1200 X107.711 Y85.649 E204.36827
G0 F6000 X108.277 Y85.649
G1 F1200 X140.85 Y118.222 E205.90041
G0 F6000 X140.85 Y117.656
G1 F1200 X108.842 Y85.649 E207.40594
G0 F6000 X109.408 Y85.649
G1 F1200 X140.85 Y117.091 E208.88488
G0 F6000 X140.85 Y116.525
G1 F1200 X109.974 Y85.649 E210.33719
G0 F6000 X110.539 Y85.649
G1 F1200 X140.85 Y115.959 E211.7629
G0 F6000 X140.85 Y115.394
G1 F1200 X111.105 Y85.649 E213.16202
G0 F6000 X111.671 Y85.649
G1 F1200 X140.85 Y114.828 E214.53451
G0 F6000 X140.85 Y114.262
G1 F1200 X112.236 Y85.649 E215.8804
G0 F6000 X112.802 Y85.649
G1 F1200 X140.85 Y113.697 E217.19969
G0 F6000 X140.85 Y113.131
G1 F1200 X113.368 Y85.649 E218.49236
G0 F6000 X113.933 Y85.649
G1 F1200 X140.85 Y112.565 E219.75843
G0 F6000 X140.85 Y112
G1 F1200 X114.499 Y85.649 E220.9979
G0 F6000 X115.065 Y85.649
G1 F1200 X140.85 Y111.434 E222.21075
G0 F6000 X140.85 Y110.868
G1 F1200 X115.631 Y85.649 E223.39697
G0 F6000 X116.196 Y85.649
G1 F1200 X140.85 Y110.303 E224.55662
G0 F6000 X140.85 Y109.737
G1 F1200 X116.762 Y85.649 E225.68965
G0 F6000 X117.328 Y85.649
G1 F1200 X140.85 Y109.171 E226.79605
G0 F6000 X140.85 Y108.605
G1 F1200 X117.893 Y85.649 E227.87585
G0 F6000 X118.459 Y85.649
G1 F1200 X140.85 Y108.04 E228.92906
G0 F6000 X140.85 Y107.474
G1 F1200 X119.025 Y85.649 E229.95564
G0 F6000 X119.59 Y85.649
G1 F1200 X140.85 Y106.908 E230.95562
G0 F6000 X140.85 Y106.343
G1 F1200 X120.156 Y85.649 E231.929
G0 F6000 X120.722 Y85.649
G1 F1200 X140.85 Y105.777 E232.87576
G0 F6000 X140.85 Y105.211
G1 F1200 X121.287 Y85.649 E233.79592
G0 F6000 X121.853 Y85.649
G1 F1200 X140.85 Y104.646 E234.68948
G0 F6000 X140.85 Y104.08
G1 F1200 X122.419 Y85.649 E235.55642
G0 F6000 X122.984 Y85.649
G1 F1200 X140.85 Y103.514 E236.39676
G0 F6000 X140.85 Y102.949
G1 F1200 X123.55 Y85.649 E237.2105
G0 F6000 X124.116 Y85.649
G1 F1200 X140.85 Y102.383 E237.99761
G0 F6000 X140.85 Y101.817
G1 F1200 X124.682 Y85.649 E238.75811
G0 F6000 X125.247 Y85.649
G1 F1200 X140.85 Y101.252 E239.49202
G0 F6000 X140.85 Y100.686
G1 F1200 X125.813 Y85.649 E240.19932
G0 F6000 X126.379 Y85.649
G1 F1200 X140.85 Y100.12 E240.87999
G0 F6000 X140.85 Y99.554
G1 F1200 X126.944 Y85.649 E241.53406
G0 F6000 X127.51 Y85.649
G1 F1200 X140.85 Y98.989 E242.16153
G0 F6000 X140.85 Y98.423
G1 F1200 X128.076 Y85.649 E242.76238
G0 F6000 X128.641 Y85.649
G1 F1200 X140.85 Y97.857 E243.33663
G0 F6000 X140.85 Y97.292
G1 F1200 X129.207 Y85.649 E243.88429
G0 F6000 X129.773 Y85.649
G1 F1200 X140.85 Y96.726 E244.40531
G0 F6000 X140.85 Y96.16
G1 F1200 X130.338 Y85.649 E244.89974
G0 F6000 X130.904 Y85.649
G1 F1200 X140.85 Y95.595 E245.36757
G0 F6000 X140.85 Y95.029
G1 F1200 X131.47 Y85.649 E245.80878
G0 F6000 X132.035 Y85.649
G1 F1200 X140.85 Y94.463 E246.22338
G0 F6000 X140.85 Y93.898
G1 F1200 X132.601 Y85.649 E246.61139
G0 F6000 X133.167 Y85.649
G1 F1200 X140.85 Y93.332 E246.97278
G0 F6000 X140.85 Y92.766
G1 F1200 X133.732 Y85.649 E247.30756
G0 F6000 X134.298 Y85.649
G1 F1200 X140.85 Y92.201 E247.61575
G0 F6000 X140.85 Y91.635
G1 F1200 X134.864 Y85.649 E247.89731
G0 F6000 X135.43 Y85.649
G1 F1200 X140.85 Y91.069 E248.15225
G0 F6000 X140.85 Y90.504
G1 F1200 X135.995 Y85.649 E248.38062
G0 F6000 X136.561 Y85.649
G1 F1200 X140.85 Y89.938 E248.58236
G0 F6000 X140.85 Y89.372
G1 F1200 X137.127 Y85.649 E248.75748
G0 F6000 X137.692 Y85.649
G1 F1200 X140.85 Y88.806 E248.906
G0 F6000 X140.85 Y88.241
G1 F1200 X138.258 Y85.649 E249.02792
G0 F6000 X138.824 Y85.649
G1 F1200 X140.85 Y87.675 E249.12321
G0 F6000 X140.85 Y87.109
G1 F1200 X139.389 Y85.649 E249.19191
G0 F6000 X139.955 Y85.649
G1 F1200 X140.85 Y86.544 E249.23401
G0 F6000 X140.85 Y85.978
G1 F1200 X140.521 Y85.649 E249.24948
G1 F2700 E244.24948
G0 F6000 X140.521 Y85.21
G0 X100.277 Y85.31
G0 X100.277 Y88.21
G1 F2700 E249.24948
G0 F6000 X100.295 Y87.85
G1 F1200 X98.094 Y85.649 E249.35301
G0 F6000 X97.529 Y85.649
G1 F1200 X99.729 Y87.85 E249.45652
G0 F6000 X99.163 Y87.85
G1 F1200 X96.963 Y85.649 E249.56002
G0 F6000 X96.397 Y85.649
G1 F1200 X98.598 Y87.85 E249.66355
G0 F6000 X98.215 Y88.033
G1 F1200 X95.832 Y85.649 E249.77566
G0 F6000 X95.266 Y85.649
G1 F1200 X98.215 Y88.599 E249.9144
G0 F6000 X98.215 Y89.164
G1 F1200 X94.7 Y85.649 E250.07973
G0 F6000 X94.149 Y85.663
G1 F1200 X98.215 Y89.73 E250.27101
G0 F6000 X98.215 Y90.296
G1 F1200 X94.149 Y86.229 E250.46228
G0 F6000 X94.149 Y86.795
G1 F1200 X98.215 Y90.861 E250.65354
G0 F6000 X98.215 Y91.427
G1 F1200 X94.149 Y87.36 E250.84481
G0 F6000 X94.149 Y87.926
G1 F1200 X98.215 Y91.993 E251.03609
G0 F6000 X98.215 Y92.558
G1 F1200 X94.149 Y88.492 E251.22734
G0 F6000 X94.149 Y89.057
G1 F1200 X98.215 Y93.124 E251.41861
G0 F6000 X98.215 Y93.69
G1 F1200 X94.149 Y89.623 E251.60989
G0 F6000 X94.149 Y90.189
G1 F1200 X98.215 Y94.255 E251.80114
G0 F6000 X98.215 Y94.821
G1 F1200 X94.149 Y90.755 E251.99239
G0 F6000 X94.149 Y91.32
G1 F1200 X98.215 Y95.387 E252.18367
G0 F6000 X98.215 Y95.952
G1 F1200 X94.149 Y91.886 E252.37492
G0 F6000 X94.149 Y92.452
G1 F1200 X98.215 Y96.518 E252.56617
G0 F6000 X98.215 Y97.084
G1 F1200 X94.149 Y93.017 E252.75745
G0 F6000 X94.149 Y93.583
G1 F1200 X98.215 Y97.65 E252.94873
G0 F6000 X98.215 Y98.215
G1 F1200 X94.149 Y94.149 E253.13998
G0 F6000 X94.149 Y94.714
G1 F1200 X98.215 Y98.781 E253.33125
G0 F6000 X98.215 Y99.347
G1 F1200 X94.149 Y95.28 E253.52253
G0 F6000 X94.149 Y95.846
G1 F1200 X98.215 Y99.912 E253.71378
G0 F6000 X98.215 Y100.478
G1 F1200 X94.149 Y96.411 E253.90506
G0 F6000 X94.149 Y96.977
G1 F1200 X98.215 Y101.044 E254.09633
G0 F6000 X98.215 Y101.609
G1 F1200 X94.149 Y97.543 E254.28759
G0 F6000 X94.149 Y98.108
G1 F1200 X98.215 Y102.175 E254.47886
G0 F6000 X98.215 Y102.741
G1 F1200 X94.149 Y98.674 E254.67014
G0 F6000 X94.149 Y99.24
G1 F1200 X98.215 Y103.306 E254.86139
G0 F6000 X98.215 Y103.872
G1 F1200 X94.149 Y99.806 E255.05264
G0 F6000 X94.149 Y100.371
G1 F1200 X98.215 Y104.438 E255.24392
G0 F6000 X98.215 Y105.003
G1 F1200 X94.149 Y100.937 E255.43517
G0 F6000 X94.149 Y101.503
G1 F1200 X98.215 Y105.569 E255.62642
G0 F6000 X98.215 Y106.135
G1 F1200 X94.149 Y102.068 E255.8177
G0 F6000 X94.149 Y102.634
G1 F1200 X98.215 Y106.7 E256.00895
G0 F6000 X98.215 Y107.266
G1 F1200 X94.149 Y103.2 E256.2002
G0 F6000 X94.149 Y103.765
G1 F1200 X98.215 Y107.832 E256.39148
G0 F6000 X98.215 Y108.398
G1 F1200 X94.149 Y104.331 E256.58275
G0 F6000 X94.149 Y104.897
G1 F1200 X98.215 Y108.963 E256.774
G0 F6000 X98.215 Y109.529
G1 F1200 X94.149 Y105.462 E256.96528
G0 F6000 X94.149 Y106.028
G1 F1200 X98.215 Y110.095 E257.15656
G0 F6000 X98.215 Y110.66
G1 F1200 X94.149 Y106.594 E257.34781
G0 F6000 X94.149 Y107.159
G1 F1200 X98.215 Y111.226 E257.53908
G0 F6000 X98.215 Y111.792
G1 F1200 X94.149 Y107.725 E257.73036
G0 F6000 X94.149 Y108.291
G1 F1200 X98.215 Y112.357 E257.92161
G0 F6000 X98.215 Y112.923
G1 F1200 X94.149 Y108.856 E258.11289
G0 F6000 X94.149 Y109.422
G1 F1200 X98.215 Y113.489 E258.30416
G0 F6000 X98.215 Y114.054
G1 F1200 X94.149 Y109.988 E258.49542
G0 F6000 X94.149 Y110.554
G1 F1200 X98.215 Y114.62 E258.68667
G0 F6000 X98.215 Y115.186
G1 F1200 X94.149 Y111.119 E258.87794
G0 F6000 X94.149 Y111.685
G1 F1200 X98.215 Y115.751 E259.0692
G0 F6000 X98.215 Y116.317
G1 F1200 X94.149 Y112.251 E259.26045
G0 F6000 X94.149 Y112.816
G1 F1200 X98.215 Y116.883 E259.45172
G0 F6000 X98.215 Y117.449
G1 F1200 X94.149 Y113.382 E259.643
G0 F6000 X94.149 Y113.948
G1 F1200 X98.215 Y118.014 E259.83425
G0 F6000 X98.215 Y118.58
G1 F1200 X94.149 Y114.513 E260.02553
G0 F6000 X94.149 Y115.079
G1 F1200 X98.215 Y119.146 E260.2168
G0 F6000 X98.215 Y119.711
G1 F1200 X94.149 Y115.645 E260.40805
G0 F6000 X94.149 Y116.21
G1 F1200 X98.215 Y120.277 E260.59933
G0 F6000 X98.215 Y120.843
G1 F1200 X94.149 Y116.776 E260.79061
G0 F6000 X94.149 Y117.342
G1 F1200 X98.215 Y121.408 E260.98186
G0 F6000 X98.215 Y121.974
G1 F1200 X94.149 Y117.907 E261.17313
G0 F6000 X94.149 Y118.473
G1 F1200 X98.215 Y122.54 E261.36441
G0 F6000 X98.215 Y123.105
G1 F1200 X94.149 Y119.039 E261.55566
G0 F6000 X94.149 Y119.604
G1 F1200 X98.215 Y123.671 E261.74694
G0 F6000 X98.215 Y124.237
G1 F1200 X94.149 Y120.17 E261.93821
G0 F6000 X94.149 Y120.736
G1 F1200 X98.215 Y124.802 E262.12947
G0 F6000 X98.215 Y125.368
G1 F1200 X94.149 Y121.302 E262.32072
G0 F6000 X94.149 Y121.867
G1 F1200 X98.215 Y125.934 E262.51199
G0 F6000 X98.215 Y126.499
G1 F1200 X94.149 Y122.433 E262.70325
G0 F6000 X94.149 Y122.999
G1 F1200 X98.215 Y127.065 E262.8945
G0 F6000 X98.215 Y127.631
G1 F1200 X94.149 Y123.564 E263.08577
G0 F6000 X94.149 Y124.13
G1 F1200 X98.215 Y128.197 E263.27705
G0 F6000 X98.215 Y128.762
G1 F1200 X94.149 Y124.696 E263.4683
G0 F6000 X94.149 Y125.261
G1 F1200 X98.215 Y129.328 E263.65958
G0 F6000 X98.215 Y129.894
G1 F1200 X94.149 Y125.827 E263.85085
G0 F6000 X94.149 Y126.393
G1 F1200 X98.215 Y130.459 E264.0421
G0 F6000 X98.215 Y131.025
G1 F1200 X94.149 Y126.958 E264.23338
G0 F6000 X94.149 Y127.524
G1 F1200 X98.215 Y131.591 E264.42466
G0 F6000 X98.215 Y132.156
G1 F1200 X94.149 Y128.09 E264.61591
G0 F6000 X94.149 Y128.655
G1 F1200 X98.215 Y132.722 E264.80718
G0 F6000 X98.215 Y133.288
G1 F1200 X94.149 Y129.221 E264.99846
G0 F6000 X94.149 Y129.787
G1 F1200 X98.215 Y133.853 E265.18971
G0 F6000 X98.215 Y134.419
G1 F1200 X94.149 Y130.353 E265.38096
G0 F6000 X94.149 Y130.918
G1 F1200 X98.215 Y134.985 E265.57224
G0 F6000 X98.215 Y135.55
G1 F1200 X94.149 Y131.484 E265.76349
G0 F6000 X94.149 Y132.05
G1 F1200 X98.215 Y136.116 E265.95474
G0 F6000 X98.215 Y136.682
G1 F1200 X94.149 Y132.615 E266.14602
G0 F6000 X94.149 Y133.181
G1 F1200 X98.215 Y137.248 E266.3373
G0 F6000 X98.215 Y137.813
G1 F1200 X94.149 Y133.747 E266.52855
G0 F6000 X94.149 Y134.312
G1 F1200 X98.215 Y138.379 E266.71982
G0 F6000 X98.215 Y138.945
G1 F1200 X94.149 Y134.878 E266.9111
G0 F6000 X94.149 Y135.444
G1 F1200 X98.215 Y139.51 E267.10235
G0 F6000 X98.215 Y140.076
G1 F1200 X94.149 Y136.009 E267.29363
G0 F6000 X94.149 Y136.575
G1 F1200 X98.215 Y140.642 E267.4849
G0 F6000 X98.215 Y141.207
G1 F1200 X94.149 Y137.141 E267.67615
G0 F6000 X94.149 Y137.706
G1 F1200 X98.215 Y141.773 E267.86743
G0 F6000 X98.215 Y142.339
G1 F1200 X94.149 Y138.272 E268.05871
G0 F6000 X94.149 Y138.838
G1 F1200 X98.215 Y142.904 E268.24996
G0 F6000 X98.215 Y143.47
G1 F1200 X94.149 Y139.403 E268.44123
G0 F6000 X94.149 Y139.969
G1 F1200 X98.215 Y144.036 E268.63251
G0 F6000 X98.215 Y144.601
G1 F1200 X94.149 Y140.535 E268.82376
G0 F6000 X94.149 Y141.101
G1 F1200 X98.215 Y145.167 E269.01501
G0 F6000 X98.215 Y145.733
G1 F1200 X94.149 Y141.666 E269.20629
G0 F6000 X94.149 Y142.232
G1 F1200 X98.215 Y146.298 E269.39754
G0 F6000 X98.566 Y146.298
;MESH:NONMESH
G0 F300 X98.566 Y146.298 Z0.4
G0 F6000 X98.656 Y146.298
G0 X98.883 Y146.403
G0 X100.277 Y146.6
G0 X100.366 Y146.6
;TIME_ELAPSED:436.112838
;LAYER:1
M106 S85
;TYPE:WALL-INNER
;MESH:esp32-s3-mount.obj
G1 F1350 X100.367 Y88.4 E271.33328
G1 X98.566 Y88.4 E271.39318
G1 X98.566 Y146.6 E273.32892
G1 X100.366 Y146.6 E273.38879
G0 F7500 X99.966 Y146.2
;TYPE:WALL-OUTER
G1 F1350 X99.967 Y88.8 E275.29792
G1 X98.966 Y88.8 E275.33122
G1 X98.966 Y146.2 E277.24035
G1 X99.966 Y146.2 E277.27361
G1 F2700 E272.27361
G0 F7500 X99.966 Y146.5
G0 X100.562 Y146.796
G0 X100.562 Y149.69
G0 X141.4 Y149.9
;TYPE:WALL-INNER
G1 F2700 E277.27361
G1 F1350 X93.6 Y149.9 E278.86344
G1 X93.6 Y85.1 E281.0187
G1 X141.4 Y85.1 E282.60853
G1 X141.4 Y149.9 E284.76379
G0 F7500 X141.8 Y150.3
;TYPE:WALL-OUTER
G1 F1350 X93.2 Y150.3 E286.38023
G1 X93.2 Y84.7 E288.5621
G1 X141.8 Y84.7 E290.17854
G1 X141.8 Y150.3 E292.36041
G0 F7500 X141.53 Y150.03
G0 X141.29 Y149.51
G0 X141.01 Y149.51
;TYPE:SKIN
G1 F1350 X93.99 Y149.51 E293.9243
G1 X93.99 Y85.49 E296.05361
G1 X141.01 Y85.49 E297.6175
G1 X141.01 Y149.51 E299.74682
G1 F2700 E294.74682
G0 F7500 X141.29 Y149.51
G0 X141.19 Y146.71
G0 X142.665 Y146.71
G0 X142.661 Y150.657
G0 X142.157 Y151.161
G0 X100.557 Y151.165
G0 X100.557 Y146.708
G1 F2700 E299.74682
G0 F7500 X100.756 Y146.99
G1 F1350 X100.757 Y88.01 E301.7085
G1 X98.176 Y88.01 E301.79434
G1 X98.176 Y146.99 E303.75603
G1 X100.756 Y146.99 E303.84184
G1 F2700 E298.84184
G0 F7500 X100.506 Y146.71
G0 X100.562 Y149.69
G0 X140.281 Y149.79
G1 F2700 E303.84184
G0 F7500 X140.281 Y149.349
G1 F1350 X140.849 Y148.781 E303.86855
G0 F7500 X140.849 Y148.215
G1 F1350 X139.715 Y149.349 E303.92189
G0 F7500 X139.15 Y149.349
G1 F1350 X140.849 Y147.65 E304.00181
G0 F7500 X140.849 Y147.084
G1 F1350 X138.584 Y149.349 E304.10835
G0 F7500 X138.018 Y149.349
G1 F1350 X140.849 Y146.518 E304.24151
G0 F7500 X140.849 Y145.953
G1 F1350 X137.453 Y149.349 E304.40125
G0 F7500 X136.887 Y149.349
G1 F1350 X140.849 Y145.387 E304.58761
G0 F7500 X140.849 Y144.821
G1 F1350 X136.321 Y149.349 E304.80059
G0 F7500 X135.756 Y149.349
G1 F1350 X140.849 Y144.256 E305.04015
G0 F7500 X140.849 Y143.69
G1 F1350 X135.19 Y149.349 E305.30633
G0 F7500 X134.624 Y149.349
G1 F1350 X140.849 Y143.124 E305.59914
G0 F7500 X140.849 Y142.559
G1 F1350 X134.058 Y149.349 E305.91854
G0 F7500 X133.493 Y149.349
G1 F1350 X140.849 Y141.993 E306.26455
G0 F7500 X140.849 Y141.427
G1 F1350 X132.927 Y149.349 E306.63717
G0 F7500 X132.361 Y149.349
G1 F1350 X140.849 Y140.862 E307.0364
G0 F7500 X140.849 Y140.296
G1 F1350 X131.796 Y149.349 E307.46222
G0 F7500 X131.23 Y149.349
G1 F1350 X140.849 Y139.73 E307.91467
G0 F7500 X140.849 Y139.164
G1 F1350 X130.664 Y149.349 E308.39374
G0 F7500 X130.099 Y149.349
G1 F1350 X140.849 Y138.599 E308.89939
G0 F7500 X140.849 Y138.033
G1 F1350 X129.533 Y149.349 E309.43166
G0 F7500 X128.967 Y149.349
G1 F1350 X140.849 Y137.467 E309.99055
G0 F7500 X140.849 Y136.902
G1 F1350 X128.402 Y149.349 E310.57602
G0 F7500 X127.836 Y149.349
G1 F1350 X140.849 Y136.336 E311.18811
G0 F7500 X140.849 Y135.77
G1 F1350 X127.27 Y149.349 E311.82683
G0 F7500 X126.705 Y149.349
G1 F1350 X140.849 Y135.205 E312.49212
G0 F7500 X140.849 Y134.639
G1 F1350 X126.139 Y149.349 E313.18403
G0 F7500 X125.573 Y149.349
G1 F1350 X140.849 Y134.073 E313.90257
G0 F7500 X140.849 Y133.508
G1 F1350 X125.007 Y149.349 E314.6477
G0 F7500 X124.442 Y149.349
G1 F1350 X140.849 Y132.942 E315.41944
G0 F7500 X140.849 Y132.376
G1 F1350 X123.876 Y149.349 E316.2178
G0 F7500 X123.31 Y149.349
G1 F1350 X140.849 Y131.811 E317.04275
G0 F7500 X140.849 Y131.245
G1 F1350 X122.745 Y149.349 E317.89431
G0 F7500 X122.179 Y149.349
G1 F1350 X140.849 Y130.679 E318.77249
G0 F7500 X140.849 Y130.114
G1 F1350 X121.613 Y149.349 E319.67727
G0 F7500 X121.048 Y149.349
G1 F1350 X140.849 Y129.548 E320.60865
G0 F7500 X140.849 Y128.982
G1 F1350 X120.482 Y149.349 E321.56665
G0 F7500 X119.916 Y149.349
G1 F1350 X140.849 Y128.416 E322.55127
G0 F7500 X140.849 Y127.851
G1 F1350 X119.351 Y149.349 E323.56247
G0 F7500 X118.785 Y149.349
G1 F1350 X140.849 Y127.285 E324.60029
G0 F7500 X140.849 Y126.719
G1 F1350 X118.219 Y149.349 E325.66474
G0 F7500 X117.654 Y149.349
G1 F1350 X140.849 Y126.154 E326.75576
G0 F7500 X140.849 Y125.588
G1 F1350 X117.088 Y149.349 E327.87341
G0 F7500 X116.522 Y149.349
G1 F1350 X140.849 Y125.022 E329.01767
G0 F7500 X140.849 Y124.457
G1 F1350 X115.957 Y149.349 E330.18852
G0 F7500 X115.391 Y149.349
G1 F1350 X140.849 Y123.891 E331.38598
G0 F7500 X140.849 Y123.325
G1 F1350 X114.825 Y149.349 E332.61007
G0 F7500 X114.259 Y149.349
G1 F1350 X140.849 Y122.76 E333.86076
G0 F7500 X140.849 Y122.194
G1 F1350 X113.694 Y149.349 E335.13805
G0 F7500 X113.128 Y149.349
G1 F1350 X140.849 Y121.628 E336.44196
G0 F7500 X140.849 Y121.063
G1 F1350 X112.562 Y149.349 E337.77247
G0 F7500 X111.997 Y149.349
G1 F1350 X140.849 Y120.497 E339.12958
G0 F7500 X140.849 Y119.931
G1 F1350 X111.431 Y149.349 E340.51331
G0 F7500 X110.865 Y149.349
G1 F1350 X140.849 Y119.365 E341.92367
G0 F7500 X140.849 Y118.8
G1 F1350 X110.3 Y149.349 E343.3606
G0 F7500 X109.734 Y149.349
G1 F1350 X140.849 Y118.234 E344.82415
G0 F7500 X140.849 Y117.668
G1 F1350 X109.168 Y149.349 E346.31433
G0 F7500 X108.603 Y149.349
G1 F1350 X140.849 Y117.103 E347.83108
G0 F7500 X140.849 Y116.537
G1 F1350 X108.037 Y149.349 E349.37446
G0 F7500 X107.471 Y149.349
G1 F1350 X140.849 Y115.971 E350.94446
G0 F7500 X140.849 Y115.406
G1 F1350 X106.906 Y149.349 E352.54103
G0 F7500 X106.34 Y149.349
G1 F1350 X140.849 Y114.84 E354.16423
G0 F7500 X140.849 Y114.274
G1 F1350 X105.774 Y149.349 E355.81405
G0 F7500 X105.209 Y149.349
G1 F1350 X140.849 Y113.709 E357.49045
G0 F7500 X140.849 Y113.143
G1 F1350 X104.643 Y149.349 E359.19347
G0 F7500 X104.077 Y149.349
G1 F1350 X140.849 Y112.577 E360.92311
G0 F7500 X140.849 Y112.012
G1 F1350 X103.511 Y149.349 E362.67935
G0 F7500 X102.946 Y149.349
G1 F1350 X140.849 Y111.446 E364.46219
G0 F7500 X140.849 Y110.88
G1 F1350 X102.38 Y149.349 E366.27166
G0 F7500 X101.814 Y149.349
G1 F1350 X140.849 Y110.315 E368.10772
G0 F7500 X140.849 Y109.749
G1 F1350 X101.249 Y149.349 E369.97038
G0 F7500 X100.683 Y149.349
G1 F1350 X140.849 Y109.183 E371.85967
G0 F7500 X140.849 Y108.617
G1 F1350 X100.117 Y149.349 E373.77557
G0 F7500 X99.552 Y149.349
G1 F1350 X140.849 Y108.052 E375.71806
G0 F7500 X140.849 Y107.486
G1 F1350 X98.986 Y149.349 E377.68717
G0 F7500 X98.42 Y149.349
G1 F1350 X100.621 Y147.148 E377.79069
G0 F7500 X100.916 Y146.854
G1 F1350 X140.849 Y106.92 E379.66904
G0 F7500 X140.849 Y106.355
G1 F1350 X100.916 Y146.288 E381.54737
G0 F7500 X100.916 Y145.722
G1 F1350 X140.849 Y105.789 E383.4257
G0 F7500 X140.849 Y105.223
G1 F1350 X100.916 Y145.157 E385.30405
G0 F7500 X100.916 Y144.591
G1 F1350 X140.849 Y104.658 E387.18237
G0 F7500 X140.849 Y104.092
G1 F1350 X100.916 Y144.025 E389.0607
G0 F7500 X100.916 Y143.459
G1 F1350 X140.849 Y103.526 E390.93902
G0 F7500 X140.849 Y102.961
G1 F1350 X100.916 Y142.894 E392.81735
G0 F7500 X100.916 Y142.328
G1 F1350 X140.849 Y102.395 E394.69567
G0 F7500 X140.849 Y101.829
G1 F1350 X100.916 Y141.762 E396.574
G0 F7500 X100.916 Y141.197
G1 F1350 X140.849 Y101.264 E398.45233
G0 F7500 X140.849 Y100.698
G1 F1350 X100.916 Y140.631 E400.33065
G0 F7500 X100.916 Y140.065
G1 F1350 X140.849 Y100.132 E402.20898
G0 F7500 X140.849 Y99.566
G1 F1350 X100.916 Y139.5 E404.08733
G0 F7500 X100.916 Y138.934
G1 F1350 X140.849 Y99.001 E405.96565
G0 F7500 X140.849 Y98.435
G1 F1350 X100.916 Y138.368 E407.84398
G0 F7500 X100.916 Y137.803
G1 F1350 X140.849 Y97.869 E409.72233
G0 F7500 X140.849 Y97.304
G1 F1350 X100.916 Y137.237 E411.60065
G0 F7500 X100.916 Y136.671
G1 F1350 X140.849 Y96.738 E413.47898
G0 F7500 X140.849 Y96.172
G1 F1350 X100.916 Y136.106 E415.35733
G0 F7500 X100.916 Y135.54
G1 F1350 X140.849 Y95.607 E417.23566
G0 F7500 X140.849 Y95.041
G1 F1350 X100.916 Y134.974 E419.11398
G0 F7500 X100.916 Y134.408
G1 F1350 X140.849 Y94.475 E420.99231
G0 F7500 X140.849 Y93.91
G1 F1350 X100.916 Y133.843 E422.87063
G0 F7500 X100.916 Y133.277
G1 F1350 X140.849 Y93.344 E424.74896
G0 F7500 X140.849 Y92.778
G1 F1350 X100.916 Y132.711 E426.62729
G0 F7500 X100.916 Y132.146
G1 F1350 X140.849 Y92.213 E428.50561
G0 F7500 X140.849 Y91.647
G1 F1350 X100.916 Y131.58 E430.38394
G0 F7500 X100.916 Y131.014
G1 F1350 X140.849 Y91.081 E432.26226
G0 F7500 X140.849 Y90.516
G1 F1350 X100.916 Y130.449 E434.14059
G0 F7500 X100.916 Y129.883
G1 F1350 X140.849 Y89.95 E436.01891
G0 F7500 X140.849 Y89.384
G1 F1350 X100.916 Y129.317 E437.89724
G0 F7500 X100.916 Y128.752
G1 F1350 X140.849 Y88.818 E439.77559
G0 F7500 X140.849 Y88.253
G1 F1350 X100.916 Y128.186 E441.65392
G0 F7500 X100.916 Y127.62
G1 F1350 X140.849 Y87.687 E443.53224
G0 F7500 X140.849 Y87.121
G1 F1350 X100.916 Y127.055 E445.41059
G0 F7500 X100.916 Y126.489
G1 F1350 X140.849 Y86.556 E447.28892
G0 F7500 X140.849 Y85.99
G1 F1350 X100.916 Y125.923 E449.16724
G0 F7500 X100.916 Y125.358
G1 F1350 X140.624 Y85.649 E451.03501
G0 F7500 X140.058 Y85.649
G1 F1350 X100.916 Y124.792 E452.87615
G0 F7500 X100.916 Y124.226
G1 F1350 X139.493 Y85.649 E454.6907
G0 F7500 X138.927 Y85.649
G1 F1350 X100.916 Y123.66 E456.47862
G0 F7500 X100.916 Y123.095
G1 F1350 X138.361 Y85.649 E458.23994
G0 F7500 X137.796 Y85.649
G1 F1350 X100.916 Y122.529 E459.97466
G0 F7500 X100.916 Y121.963
G1 F1350 X137.23 Y85.649 E461.68276
G0 F7500 X136.664 Y85.649
G1 F1350 X100.916 Y121.398 E463.36426
G0 F7500 X100.916 Y120.832
G1 F1350 X136.098 Y85.649 E465.01914
G0 F7500 X135.533 Y85.649
G1 F1350 X100.916 Y120.266 E466.64741
G0 F7500 X100.916 Y119.701
G1 F1350 X134.967 Y85.649 E468.24909
G0 F7500 X134.401 Y85.649
G1 F1350 X100.916 Y119.135 E469.82415
G0 F7500 X100.916 Y118.569
G1 F1350 X133.836 Y85.649 E471.3726
G0 F7500 X133.27 Y85.649
G1 F1350 X100.916 Y118.004 E472.89446
G0 F7500 X100.916 Y117.438
G1 F1350 X132.704 Y85.649 E474.38969
G0 F7500 X132.139 Y85.649
G1 F1350 X100.916 Y116.872 E475.85833
G0 F7500 X100.916 Y116.307
G1 F1350 X131.573 Y85.649 E477.30036
G0 F7500 X131.007 Y85.649
G1 F1350 X100.916 Y115.741 E478.71577
G0 F7500 X100.916 Y115.175
G1 F1350 X130.442 Y85.649 E480.10459
G0 F7500 X129.876 Y85.649
G1 F1350 X100.916 Y114.609 E481.46678
G0 F7500 X100.916 Y114.044
G1 F1350 X129.31 Y85.649 E482.80237
G0 F7500 X128.745 Y85.649
G1 F1350 X100.916 Y113.478 E484.11136
G0 F7500 X100.916 Y112.912
G1 F1350 X128.179 Y85.649 E485.39373
G0 F7500 X127.613 Y85.649
G1 F1350 X100.916 Y112.347 E486.64949
G0 F7500 X100.916 Y111.781
G1 F1350 X127.047 Y85.649 E487.87864
G0 F7500 X126.482 Y85.649
G1 F1350 X100.916 Y111.215 E489.08119
G0 F7500 X100.916 Y110.65
G1 F1350 X125.916 Y85.649 E490.25713
G0 F7500 X125.35 Y85.649
G1 F1350 X100.916 Y110.084 E491.40646
G0 F7500 X100.916 Y109.518
G1 F1350 X124.785 Y85.649 E492.52918
G0 F7500 X124.219 Y85.649
G1 F1350 X100.916 Y108.953 E493.62531
G0 F7500 X100.916 Y108.387
G1 F1350 X123.653 Y85.649 E494.69481
G0 F7500 X123.088 Y85.649
G1 F1350 X100.916 Y107.821 E495.73771
G0 F7500 X100.916 Y107.256
G1 F1350 X122.522 Y85.649 E496.75402
G0 F7500 X121.956 Y85.649
G1 F1350 X100.916 Y106.69 E497.7437
G0 F7500 X100.916 Y106.124
G1 F1350 X121.391 Y85.649 E498.70678
G0 F7500 X120.825 Y85.649
G1 F1350 X100.916 Y105.559 E499.64326
G0 F7500 X100.916 Y104.993
G1 F1350 X120.259 Y85.649 E500.55312
G0 F7500 X119.694 Y85.649
G1 F1350 X100.916 Y104.427 E501.43638
G0 F7500 X100.916 Y103.861
G1 F1350 X119.128 Y85.649 E502.29301
G0 F7500 X118.562 Y85.649
G1 F1350 X100.916 Y103.296 E503.12305
G0 F7500 X100.916 Y102.73
G1 F1350 X117.997 Y85.649 E503.92649
G0 F7500 X117.431 Y85.649
G1 F1350 X100.916 Y102.164 E504.7033
G0 F7500 X100.916 Y101.599
G1 F1350 X116.865 Y85.649 E505.45352
G0 F7500 X116.299 Y85.649
G1 F1350 X100.916 Y101.033 E506.17711
G0 F7500 X100.916 Y100.467
G1 F1350 X115.734 Y85.649 E506.87411
G0 F7500 X115.168 Y85.649
G1 F1350 X100.916 Y99.902 E507.5445
G0 F7500 X100.916 Y99.336
G1 F1350 X114.602 Y85.649 E508.18827
G0 F7500 X114.037 Y85.649
G1 F1350 X100.916 Y98.77 E508.80544
G0 F7500 X100.916 Y98.205
G1 F1350 X113.471 Y85.649 E509.39601
G0 F7500 X112.905 Y85.649
G1 F1350 X100.916 Y97.639 E509.95996
G0 F7500 X100.916 Y97.073
G1 F1350 X112.34 Y85.649 E510.49731
G0 F7500 X111.774 Y85.649
G1 F1350 X100.916 Y96.508 E511.00806
G0 F7500 X100.916 Y95.942
G1 F1350 X111.208 Y85.649 E511.49219
G0 F7500 X110.643 Y85.649
G1 F1350 X100.916 Y95.376 E511.94972
G0 F7500 X100.916 Y94.81
G1 F1350 X110.077 Y85.649 E512.38063
G0 F7500 X109.511 Y85.649
G1 F1350 X100.916 Y94.245 E512.78493
G0 F7500 X100.916 Y93.679
G1 F1350 X108.946 Y85.649 E513.16264
G0 F7500 X108.38 Y85.649
G1 F1350 X100.916 Y93.113 E513.51372
G0 F7500 X100.916 Y92.548
G1 F1350 X107.814 Y85.649 E513.83821
G0 F7500 X107.249 Y85.649
G1 F1350 X100.916 Y91.982 E514.13609
G0 F7500 X100.916 Y91.416
G1 F1350 X106.683 Y85.649 E514.40735
G0 F7500 X106.117 Y85.649
G1 F1350 X100.916 Y90.851 E514.65202
G0 F7500 X100.916 Y90.285
G1 F1350 X105.551 Y85.649 E514.87006
G0 F7500 X104.986 Y85.649
G1 F1350 X100.916 Y89.719 E515.0615
G0 F7500 X100.916 Y89.154
G1 F1350 X104.42 Y85.649 E515.22634
G0 F7500 X103.854 Y85.649
G1 F1350 X100.916 Y88.588 E515.36455
G0 F7500 X100.916 Y88.022
G1 F1350 X103.289 Y85.649 E515.47617
G0 F7500 X102.723 Y85.649
G1 F1350 X100.523 Y87.85 E515.57968
G0 F7500 X99.957 Y87.85
G1 F1350 X102.157 Y85.649 E515.68318
G0 F7500 X101.592 Y85.649
G1 F1350 X99.391 Y87.85 E515.78671
G0 F7500 X98.825 Y87.85
G1 F1350 X101.026 Y85.649 E515.89024
G0 F7500 X100.46 Y85.649
G1 F1350 X98.26 Y87.85 E515.99374
G0 F7500 X98.015 Y88.094
G1 F1350 X94.149 Y91.96 E516.17559
G0 F7500 X94.149 Y92.526
G1 F1350 X98.015 Y88.66 E516.35743
G0 F7500 X98.015 Y89.226
G1 F1350 X94.149 Y93.092 E516.53928
G0 F7500 X94.149 Y93.657
G1 F1350 X98.015 Y89.791 E516.72112
G0 F7500 X98.015 Y90.357
G1 F1350 X94.149 Y94.223 E516.90297
G0 F7500 X94.149 Y94.789
G1 F1350 X98.015 Y90.923 E517.08481
G0 F7500 X98.015 Y91.489
G1 F1350 X94.149 Y95.354 E517.26663
G0 F7500 X94.149 Y95.92
G1 F1350 X98.015 Y92.054 E517.44848
G0 F7500 X98.015 Y92.62
G1 F1350 X94.149 Y96.486 E517.63032
G0 F7500 X94.149 Y97.051
G1 F1350 X98.015 Y93.186 E517.81214
G0 F7500 X98.015 Y93.751
G1 F1350 X94.149 Y97.617 E517.99399
G0 F7500 X94.149 Y98.183
G1 F1350 X98.015 Y94.317 E518.17583
G0 F7500 X98.015 Y94.883
G1 F1350 X94.149 Y98.748 E518.35766
G0 F7500 X94.149 Y99.314
G1 F1350 X98.015 Y95.448 E518.5395
G0 F7500 X98.015 Y96.014
G1 F1350 X94.149 Y99.88 E518.72135
G0 F7500 X94.149 Y100.445
G1 F1350 X98.015 Y96.58 E518.90317
G0 F7500 X98.015 Y97.145
G1 F1350 X94.149 Y101.011 E519.08501
G0 F7500 X94.149 Y101.577
G1 F1350 X98.015 Y97.711 E519.26686
G0 F7500 X98.015 Y98.277
G1 F1350 X94.149 Y102.142 E519.44868
G0 F7500 X94.149 Y102.708
G1 F1350 X98.015 Y98.842 E519.63052
G0 F7500 X98.015 Y99.408
G1 F1350 X94.149 Y103.274 E519.81237
G0 F7500 X94.149 Y103.84
G1 F1350 X98.015 Y99.974 E519.99421
G0 F7500 X98.015 Y100.539
G1 F1350 X94.149 Y104.405 E520.17606
G0 F7500 X94.149 Y104.971
G1 F1350 X98.015 Y101.105 E520.3579
G0 F7500 X98.015 Y101.671
G1 F1350 X94.149 Y105.537 E520.53975
G0 F7500 X94.149 Y106.102
G1 F1350 X98.015 Y102.237 E520.72157
G0 F7500 X98.015 Y102.802
G1 F1350 X94.149 Y106.668 E520.90341
G0 F7500 X94.149 Y107.234
G1 F1350 X98.015 Y103.368 E521.08526
G0 F7500 X98.015 Y103.934
G1 F1350 X94.149 Y107.799 E521.26708
G0 F7500 X94.149 Y108.365
G1 F1350 X98.015 Y104.499 E521.44892
G0 F7500 X98.015 Y105.065
G1 F1350 X94.149 Y108.931 E521.63077
G0 F7500 X94.149 Y109.496
G1 F1350 X98.015 Y105.631 E521.81259
G0 F7500 X98.015 Y106.196
G1 F1350 X94.149 Y110.062 E521.99443
G0 F7500 X94.149 Y110.628
G1 F1350 X98.015 Y106.762 E522.17628
G0 F7500 X98.015 Y107.328
G1 F1350 X94.149 Y111.193 E522.3581
G0 F7500 X94.149 Y111.759
G1 F1350 X98.015 Y107.893 E522.53994
G0 F7500 X98.015 Y108.459
G1 F1350 X94.149 Y112.325 E522.72179
G0 F7500 X94.149 Y112.891
G1 F1350 X98.015 Y109.025 E522.90363
G0 F7500 X98.015 Y109.59
G1 F1350 X94.149 Y113.456 E523.08548
G0 F7500 X94.149 Y114.022
G1 F1350 X98.015 Y110.156 E523.26732
G0 F7500 X98.015 Y110.722
G1 F1350 X94.149 Y114.588 E523.44917
G0 F7500 X94.149 Y115.153
G1 F1350 X98.015 Y111.288 E523.63099
G0 F7500 X98.015 Y111.853
G1 F1350 X94.149 Y115.719 E523.81283
G0 F7500 X94.149 Y116.285
G1 F1350 X98.015 Y112.419 E523.99468
G0 F7500 X98.015 Y112.985
G1 F1350 X94.149 Y116.85 E524.1765
G0 F7500 X94.149 Y117.416
G1 F1350 X98.015 Y113.55 E524.35835
G0 F7500 X98.015 Y114.116
G1 F1350 X94.149 Y117.982 E524.54019
G0 F7500 X94.149 Y118.547
G1 F1350 X98.015 Y114.682 E524.72201
G0 F7500 X98.015 Y115.247
G1 F1350 X94.149 Y119.113 E524.90386
G0 F7500 X94.149 Y119.679
G1 F1350 X98.015 Y115.813 E525.0857
G0 F7500 X98.015 Y116.379
G1 F1350 X94.149 Y120.244 E525.26752
G0 F7500 X94.149 Y120.81
G1 F1350 X98.015 Y116.944 E525.44937
G0 F7500 X98.015 Y117.51
G1 F1350 X94.149 Y121.376 E525.63121
G0 F7500 X94.149 Y121.941
G1 F1350 X98.015 Y118.076 E525.81303
G0 F7500 X98.015 Y118.641
G1 F1350 X94.149 Y122.507 E525.99488
G0 F7500 X94.149 Y123.073
G1 F1350 X98.015 Y119.207 E526.17672
G0 F7500 X98.015 Y119.773
G1 F1350 X94.149 Y123.639 E526.35857
G0 F7500 X94.149 Y124.204
G1 F1350 X98.015 Y120.338 E526.54041
G0 F7500 X98.015 Y120.904
G1 F1350 X94.149 Y124.77 E526.72226
G0 F7500 X94.149 Y125.336
G1 F1350 X98.015 Y121.47 E526.9041
G0 F7500 X98.015 Y122.036
G1 F1350 X94.149 Y125.901 E527.08592
G0 F7500 X94.149 Y126.467
G1 F1350 X98.015 Y122.601 E527.26777
G0 F7500 X98.015 Y123.167
G1 F1350 X94.149 Y127.033 E527.44961
G0 F7500 X94.149 Y127.598
G1 F1350 X98.015 Y123.733 E527.63143
G0 F7500 X98.015 Y124.298
G1 F1350 X94.149 Y128.164 E527.81328
G0 F7500 X94.149 Y128.73
G1 F1350 X98.015 Y124.864 E527.99512
G0 F7500 X98.015 Y125.43
G1 F1350 X94.149 Y129.295 E528.17695
G0 F7500 X94.149 Y129.861
G1 F1350 X98.015 Y125.995 E528.35879
G0 F7500 X98.015 Y126.561
G1 F1350 X94.149 Y130.427 E528.54063
G0 F7500 X94.149 Y130.992
G1 F1350 X98.015 Y127.127 E528.72246
G0 F7500 X98.015 Y127.692
G1 F1350 X94.149 Y131.558 E528.9043
G0 F7500 X94.149 Y132.124
G1 F1350 X98.015 Y128.258 E529.08615
G0 F7500 X98.015 Y128.824
G1 F1350 X94.149 Y132.69 E529.26799
G0 F7500 X94.149 Y133.255
G1 F1350 X98.015 Y129.389 E529.44984
G0 F7500 X98.015 Y129.955
G1 F1350 X94.149 Y133.821 E529.63168
G0 F7500 X94.149 Y134.387
G1 F1350 X98.015 Y130.521 E529.81352
G0 F7500 X98.015 Y131.086
G1 F1350 X94.149 Y134.952 E529.99537
G0 F7500 X94.149 Y135.518
G1 F1350 X98.015 Y131.652 E530.17721
G0 F7500 X98.015 Y132.218
G1 F1350 X94.149 Y136.084 E530.35906
G0 F7500 X94.149 Y136.649
G1 F1350 X98.015 Y132.784 E530.54088
G0 F7500 X98.015 Y133.349
G1 F1350 X94.149 Y137.215 E530.72273
G0 F7500 X94.149 Y137.781
G1 F1350 X98.015 Y133.915 E530.90457
G0 F7500 X98.015 Y134.481
G1 F1350 X94.149 Y138.346 E531.08639
G0 F7500 X94.149 Y138.912
G1 F1350 X98.015 Y135.046 E531.26824
G0 F7500 X98.015 Y135.612
G1 F1350 X94.149 Y139.478 E531.45008
G0 F7500 X94.149 Y140.043
G1 F1350 X98.015 Y136.178 E531.6319
G0 F7500 X98.015 Y136.743
G1 F1350 X94.149 Y140.609 E531.81375
G0 F7500 X94.149 Y141.175
G1 F1350 X98.015 Y137.309 E531.99559
G0 F7500 X98.015 Y137.875
G1 F1350 X94.149 Y141.74 E532.17741
G0 F7500 X94.149 Y142.306
G1 F1350 X98.015 Y138.44 E532.35926
G0 F7500 X98.015 Y139.006
G1 F1350 X94.149 Y142.872 E532.5411
G0 F7500 X94.149 Y143.438
G1 F1350 X98.015 Y139.572 E532.72295
G0 F7500 X98.015 Y140.137
G1 F1350 X94.149 Y144.003 E532.90479
G0 F7500 X94.149 Y144.569
G1 F1350 X98.015 Y140.703 E533.08664
G0 F7500 X98.015 Y141.269
G1 F1350 X94.149 Y145.135 E533.26848
G0 F7500 X94.149 Y145.7
G1 F1350 X98.015 Y141.835 E533.4503
G0 F7500 X98.015 Y142.4
G1 F1350 X94.149 Y146.266 E533.63215
G0 F7500 X94.149 Y146.832
G1 F1350 X98.015 Y142.966 E533.81399
G0 F7500 X98.015 Y143.532
G1 F1350 X94.149 Y147.397 E533.99581
G0 F7500 X94.149 Y147.963
G1 F1350 X98.015 Y144.097 E534.17766
G0 F7500 X98.015 Y144.663
G1 F1350 X94.149 Y148.529 E534.3595
G0 F7500 X94.149 Y149.094
G1 F1350 X98.015 Y145.229 E534.54132
G0 F7500 X98.015 Y145.794
G1 F1350 X94.46 Y149.349 E534.70854
G0 F7500 X95.026 Y149.349
G1 F1350 X98.015 Y146.36 E534.84913
G0 F7500 X98.015 Y146.926
G1 F1350 X95.592 Y149.349 E534.9631
G0 F7500 X96.158 Y149.349
G1 F1350 X98.358 Y147.148 E535.06661
G0 F7500 X98.924 Y147.148
G1 F1350 X96.723 Y149.349 E535.17014
G0 F7500 X97.289 Y149.349
G1 F1350 X99.489 Y147.148 E535.27364
G0 F7500 X100.055 Y147.148
G1 F1350 X97.855 Y149.349 E535.37715
G1 F2700 E530.37715
G0 F7500 X97.855 Y149.79
G0 X93.782 Y149.718
G0 X93.71 Y91.394
G1 F2700 E535.37715
G0 F7500 X94.149 Y91.394
G1 F1350 X99.895 Y85.649 E535.6474
G0 F7500 X99.329 Y85.649
G1 F1350 X94.149 Y90.829 E535.89105
G0 F7500 X94.149 Y90.263
G1 F1350 X98.763 Y85.649 E536.10808
G0 F7500 X98.198 Y85.649
G1 F1350 X94.149 Y89.697 E536.29851
G0 F7500 X94.149 Y89.132
G1 F1350 X97.632 Y85.649 E536.46234
G0 F7500 X97.066 Y85.649
G1 F1350 X94.149 Y88.566 E536.59954
G0 F7500 X94.149 Y88
G1 F1350 X96.5 Y85.649 E536.71013
G0 F7500 X95.935 Y85.649
G1 F1350 X94.149 Y87.435 E536.79413
G0 F7500 X94.149 Y86.869
G1 F1350 X95.369 Y85.649 E536.85152
G0 F7500 X94.803 Y85.649
G1 F1350 X94.149 Y86.303 E536.88228
G0 F7500 X94.149 Y85.738
G1 F1350 X94.238 Y85.649 E536.88647
G0 F7500 X94.238 Y85.3
G1 F2700 E531.88647
;MESH:NONMESH
G0 F300 X94.238 Y85.3 Z0.6
G0 F7500 X94.238 Y85.21
G0 X93.782 Y85.282
G0 X93.806 Y140.444
G0 X93.81 Y146.6
G0 X98.376 Y146.6
G0 X100.477 Y146.6
G1 F2700 E536.88647
G0 F7500 X100.566 Y146.6
;TIME_ELAPSED:823.647821
;LAYER:2
M106 S170
;TYPE:WALL-INNER
;MESH:esp32-s3-mount.obj
G1 F1500 X100.567 Y88.4 E538.82221
G1 X98.366 Y88.4 E538.89541
G1 X98.366 Y146.6 E540.83115
G1 X100.566 Y146.6 E540.90433
G0 F9000 X100.166 Y146.2
;TYPE:WALL-OUTER
G1 F1500 X100.167 Y88.8 E542.81346
G1 X98.766 Y88.8 E542.86006
G1 X98.766 Y146.2 E544.76919
G1 X100.166 Y146.2 E544.81575
G1 F2700 E539.81575
G0 F9000 X100.166 Y146.5
G0 X100.762 Y146.796
G0 X100.762 Y149.69
G0 X141.4 Y149.9
;TYPE:WALL-INNER
G1 F2700 E544.81575
G1 F1500 X93.6 Y149.9 E546.40559
G1 X93.6 Y85.1 E548.56084
G1 X141.4 Y85.1 E550.15068
G1 X141.4 Y149.9 E552.30593
G0 F9000 X141.8 Y150.3
;TYPE:WALL-OUTER
G1 F1500 X93.2 Y150.3 E553.92238
G1 X93.2 Y84.7 E556.10424
G1 X141.8 Y84.7 E557.72068
G1 X141.8 Y150.3 E559.90255
G0 F9000 X141.53 Y150.03
G0 X141.29 Y149.51
G0 X141.01 Y149.51
;TYPE:SKIN
G1 F1500 X93.99 Y149.51 E561.46644
G1 X93.99 Y85.49 E563.59575
G1 X141.01 Y85.49 E565.15965
G1 X141.01 Y149.51 E567.28896
G1 F2700 E562.28896
G0 F9000 X141.29 Y149.51
G0 X141.19 Y146.71
G0 X142.665 Y146.71
G0 X142.661 Y150.657
G0 X142.157 Y151.161
G0 X100.757 Y151.165
G0 X100.757 Y146.708
G1 F2700 E567.28896
G0 F9000 X100.956 Y146.99
G1 F1500 X100.957 Y88.01 E569.25064
G1 X97.976 Y88.01 E569.34979
G1 X97.976 Y146.99 E571.31147
G1 X100.956 Y146.99 E571.41059
G1 F2700 E566.41059
G0 F9000 X100.706 Y146.71
G0 X98.17 Y146.796
G0 X98.17 Y149.69
G0 X94.477 Y149.79
G1 F2700 E571.41059
G0 F9000 X94.477 Y149.349
G1 F1500 X94.149 Y149.02 E571.42604
G0 F9000 X94.149 Y148.454
G1 F1500 X95.043 Y149.349 E571.46811
G0 F9000 X95.609 Y149.349
G1 F1500 X94.149 Y147.889 E571.53679
G0 F9000 X94.149 Y147.323
G1 F1500 X96.175 Y149.349 E571.63209
G0 F9000 X96.74 Y149.349
G1 F1500 X94.149 Y146.757 E571.75398
G0 F9000 X94.149 Y146.192
G1 F1500 X97.306 Y149.349 E571.90248
G0 F9000 X97.872 Y149.349
G1 F1500 X94.149 Y145.626 E572.0776
G0 F9000 X94.149 Y145.06
G1 F1500 X98.437 Y149.349 E572.27931
G0 F9000 X99.003 Y149.349
G1 F1500 X94.149 Y144.495 E572.50763
G0 F9000 X94.149 Y143.929
G1 F1500 X99.569 Y149.349 E572.76257
G0 F9000 X100.134 Y149.349
G1 F1500 X97.934 Y147.149 E572.86605
G1 X97.816 Y147.03
G1 X94.149 Y143.363 E573.03854
G0 F9000 X94.149 Y142.798
G1 F1500 X97.816 Y146.465 E573.21102
G0 F9000 X97.816 Y145.899
G1 F1500 X94.149 Y142.232 E573.38351
G0 F9000 X94.149 Y141.666
G1 F1500 X97.816 Y145.333 E573.55599
G0 F9000 X97.816 Y144.768
G1 F1500 X94.149 Y141.101 E573.72847
G0 F9000 X94.149 Y140.535
G1 F1500 X97.816 Y144.202 E573.90096
G0 F9000 X97.816 Y143.636
G1 F1500 X94.149 Y139.969 E574.07344
G0 F9000 X94.149 Y139.403
G1 F1500 X97.816 Y143.071 E574.24595
G0 F9000 X97.816 Y142.505
G1 F1500 X94.149 Y138.838 E574.41844
G0 F9000 X94.149 Y138.272
G1 F1500 X97.816 Y141.939 E574.59092
G0 F9000 X97.816 Y141.373
G1 F1500 X94.149 Y137.706 E574.7634
G0 F9000 X94.149 Y137.141
G1 F1500 X97.816 Y140.808 E574.93589
G0 F9000 X97.816 Y140.242
G1 F1500 X94.149 Y136.575 E575.10837
G0 F9000 X94.149 Y136.009
G1 F1500 X97.816 Y139.676 E575.28086
G0 F9000 X97.816 Y139.111
G1 F1500 X94.149 Y135.444 E575.45334
G0 F9000 X94.149 Y134.878
G1 F1500 X97.816 Y138.545 E575.62583
G0 F9000 X97.816 Y137.979
G1 F1500 X94.149 Y134.312 E575.79831
G0 F9000 X94.149 Y133.747
G1 F1500 X97.816 Y137.414 E575.9708
G0 F9000 X97.816 Y136.848
G1 F1500 X94.149 Y133.181 E576.14328
G0 F9000 X94.149 Y132.615
G1 F1500 X97.816 Y136.282 E576.31576
G0 F9000 X97.816 Y135.717
G1 F1500 X94.149 Y132.05 E576.48825
G0 F9000 X94.149 Y131.484
G1 F1500 X97.816 Y135.151 E576.66073
G0 F9000 X97.816 Y134.585
G1 F1500 X94.149 Y130.918 E576.83322
G0 F9000 X94.149 Y130.353
G1 F1500 X97.816 Y134.02 E577.0057
G0 F9000 X97.816 Y133.454
G1 F1500 X94.149 Y129.787 E577.17819
G0 F9000 X94.149 Y129.221
G1 F1500 X97.816 Y132.888 E577.35067
G0 F9000 X97.816 Y132.323
G1 F1500 X94.149 Y128.655 E577.52318
G0 F9000 X94.149 Y128.09
G1 F1500 X97.816 Y131.757 E577.69566
G0 F9000 X97.816 Y131.191
G1 F1500 X94.149 Y127.524 E577.86815
G0 F9000 X94.149 Y126.958
G1 F1500 X97.816 Y130.625 E578.04063
G0 F9000 X97.816 Y130.06
G1 F1500 X94.149 Y126.393 E578.21312
G0 F9000 X94.149 Y125.827
G1 F1500 X97.816 Y129.494 E578.3856
G0 F9000 X97.816 Y128.928
G1 F1500 X94.149 Y125.261 E578.55809
G0 F9000 X94.149 Y124.696
G1 F1500 X97.816 Y128.363 E578.73057
G0 F9000 X97.816 Y127.797
G1 F1500 X94.149 Y124.13 E578.90305
G0 F9000 X94.149 Y123.564
G1 F1500 X97.816 Y127.231 E579.07554
G0 F9000 X97.816 Y126.666
G1 F1500 X94.149 Y122.999 E579.24802
G0 F9000 X94.149 Y122.433
G1 F1500 X97.816 Y126.1 E579.42051
G0 F9000 X97.816 Y125.534
G1 F1500 X94.149 Y121.867 E579.59299
G0 F9000 X94.149 Y121.302
G1 F1500 X97.816 Y124.969 E579.76548
G0 F9000 X97.816 Y124.403
G1 F1500 X94.149 Y120.736 E579.93796
G0 F9000 X94.149 Y120.17
G1 F1500 X97.816 Y123.837 E580.11045
G0 F9000 X97.816 Y123.272
G1 F1500 X94.149 Y119.604 E580.28295
G0 F9000 X94.149 Y119.039
G1 F1500 X97.816 Y122.706 E580.45544
G0 F9000 X97.816 Y122.14
G1 F1500 X94.149 Y118.473 E580.62792
G0 F9000 X94.149 Y117.907
G1 F1500 X97.816 Y121.574 E580.80041
G0 F9000 X97.816 Y121.009
G1 F1500 X94.149 Y117.342 E580.97289
G0 F9000 X94.149 Y116.776
G1 F1500 X97.816 Y120.443 E581.14538
G0 F9000 X97.816 Y119.877
G1 F1500 X94.149 Y116.21 E581.31786
G0 F9000 X94.149 Y115.645
G1 F1500 X97.816 Y119.312 E581.49034
G0 F9000 X97.816 Y118.746
G1 F1500 X94.149 Y115.079 E581.66283
G0 F9000 X94.149 Y114.513
G1 F1500 X97.816 Y118.18 E581.83531
G0 F9000 X97.816 Y117.615
G1 F1500 X94.149 Y113.948 E582.0078
G0 F9000 X94.149 Y113.382
G1 F1500 X97.816 Y117.049 E582.18028
G0 F9000 X97.816 Y116.483
G1 F1500 X94.149 Y112.816 E582.35277
G0 F9000 X94.149 Y112.251
G1 F1500 X97.816 Y115.918 E582.52525
G0 F9000 X97.816 Y115.352
G1 F1500 X94.149 Y111.685 E582.69774
G0 F9000 X94.149 Y111.119
G1 F1500 X97.816 Y114.786 E582.87022
G0 F9000 X97.816 Y114.221
G1 F1500 X94.149 Y110.554 E583.0427
G0 F9000 X94.149 Y109.988
G1 F1500 X97.816 Y113.655 E583.21519
G0 F9000 X97.816 Y113.089
G1 F1500 X94.149 Y109.422 E583.38767
G0 F9000 X94.149 Y108.856
G1 F1500 X97.816 Y112.524 E583.56018
G0 F9000 X97.816 Y111.958
G1 F1500 X94.149 Y108.291 E583.73267
G0 F9000 X94.149 Y107.725
G1 F1500 X97.816 Y111.392 E583.90515
G0 F9000 X97.816 Y110.826
G1 F1500 X94.149 Y107.159 E584.07763
G0 F9000 X94.149 Y106.594
G1 F1500 X97.816 Y110.261 E584.25012
G0 F9000 X97.816 Y109.695
G1 F1500 X94.149 Y106.028 E584.4226
G0 F9000 X94.149 Y105.462
G1 F1500 X97.816 Y109.129 E584.59509
G0 F9000 X97.816 Y108.564
G1 F1500 X94.149 Y104.897 E584.76757
G0 F9000 X94.149 Y104.331
G1 F1500 X97.816 Y107.998 E584.94006
G0 F9000 X97.816 Y107.432
G1 F1500 X94.149 Y103.765 E585.11254
G0 F9000 X94.149 Y103.2
G1 F1500 X97.816 Y106.867 E585.28503
G0 F9000 X97.816 Y106.301
G1 F1500 X94.149 Y102.634 E585.45751
G0 F9000 X94.149 Y102.068
G1 F1500 X97.816 Y105.735 E585.62999
G0 F9000 X97.816 Y105.17
G1 F1500 X94.149 Y101.503 E585.80248
G0 F9000 X94.149 Y100.937
G1 F1500 X97.816 Y104.604 E585.97496
G0 F9000 X97.816 Y104.038
G1 F1500 X94.149 Y100.371 E586.14745
G0 F9000 X94.149 Y99.806
G1 F1500 X97.816 Y103.473 E586.31993
G0 F9000 X97.816 Y102.907
G1 F1500 X94.149 Y99.24 E586.49242
G0 F9000 X94.149 Y98.674
G1 F1500 X97.816 Y102.341 E586.6649
G0 F9000 X97.816 Y101.776
G1 F1500 X94.149 Y98.108 E586.83741
G0 F9000 X94.149 Y97.543
G1 F1500 X97.816 Y101.21 E587.00989
G0 F9000 X97.816 Y100.644
G1 F1500 X94.149 Y96.977 E587.18238
G0 F9000 X94.149 Y96.411
G1 F1500 X97.816 Y100.078 E587.35486
G0 F9000 X97.816 Y99.513
G1 F1500 X94.149 Y95.846 E587.52735
G0 F9000 X94.149 Y95.28
G1 F1500 X97.816 Y98.947 E587.69983
G0 F9000 X97.816 Y98.381
G1 F1500 X94.149 Y94.714 E587.87232
G0 F9000 X94.149 Y94.149
G1 F1500 X97.816 Y97.816 E588.0448
G0 F9000 X97.816 Y97.25
G1 F1500 X94.149 Y93.583 E588.21728
G0 F9000 X94.149 Y93.017
G1 F1500 X97.816 Y96.684 E588.38977
G0 F9000 X97.816 Y96.119
G1 F1500 X94.149 Y92.452 E588.56225
G0 F9000 X94.149 Y91.886
G1 F1500 X97.816 Y95.553 E588.73474
G0 F9000 X97.816 Y94.987
G1 F1500 X94.149 Y91.32 E588.90722
G0 F9000 X94.149 Y90.755
G1 F1500 X97.816 Y94.422 E589.07971
G0 F9000 X97.816 Y93.856
G1 F1500 X94.149 Y90.189 E589.25219
G0 F9000 X94.149 Y89.623
G1 F1500 X97.816 Y93.29 E589.42468
G0 F9000 X97.816 Y92.725
G1 F1500 X94.149 Y89.057 E589.59718
G0 F9000 X94.149 Y88.492
G1 F1500 X97.816 Y92.159 E589.76967
G0 F9000 X97.816 Y91.593
G1 F1500 X94.149 Y87.926 E589.94215
G0 F9000 X94.149 Y87.36
G1 F1500 X97.816 Y91.027 E590.11464
G0 F9000 X97.816 Y90.462
G1 F1500 X94.149 Y86.795 E590.28712
G0 F9000 X94.149 Y86.229
G1 F1500 X97.816 Y89.896 E590.45961
G0 F9000 X97.816 Y89.33
G1 F1500 X94.149 Y85.663 E590.63209
G0 F9000 X94.7 Y85.649
G1 F1500 X97.816 Y88.765 E590.77866
G0 F9000 X97.816 Y88.199
G1 F1500 X95.266 Y85.649 E590.8986
G0 F9000 X95.832 Y85.649
G1 F1500 X98.031 Y87.849 E591.00206
G0 F9000 X98.597 Y87.849
G1 F1500 X96.397 Y85.649 E591.10554
G0 F9000 X96.963 Y85.649
G1 F1500 X99.163 Y87.849 E591.20902
G0 F9000 X99.728 Y87.849
G1 F1500 X97.529 Y85.649 E591.31248
G0 F9000 X98.094 Y85.649
G1 F1500 X100.294 Y87.849 E591.41596
G0 F9000 X100.86 Y87.849
G1 F1500 X98.66 Y85.649 E591.51944
G0 F9000 X99.226 Y85.649
G1 F1500 X140.85 Y127.273 E593.47731
G0 F9000 X140.85 Y126.707
G1 F1500 X99.791 Y85.649 E595.40857
G0 F9000 X100.357 Y85.649
G1 F1500 X140.85 Y126.142 E597.31324
G0 F9000 X140.85 Y125.576
G1 F1500 X100.923 Y85.649 E599.19128
G0 F9000 X101.488 Y85.649
G1 F1500 X140.85 Y125.01 E601.04273
G0 F9000 X140.85 Y124.445
G1 F1500 X102.054 Y85.649 E602.86757
G0 F9000 X102.62 Y85.649
G1 F1500 X140.85 Y123.879 E604.66579
G0 F9000 X140.85 Y123.313
G1 F1500 X103.185 Y85.649 E606.43742
G0 F9000 X103.751 Y85.649
G1 F1500 X140.85 Y122.748 E608.18244
G0 F9000 X140.85 Y122.182
G1 F1500 X104.317 Y85.649 E609.90084
G0 F9000 X104.883 Y85.649
G1 F1500 X140.85 Y121.616 E611.59262
G0 F9000 X140.85 Y121.051
G1 F1500 X105.448 Y85.649 E613.25782
G0 F9000 X106.014 Y85.649
G1 F1500 X140.85 Y120.485 E614.8964
G0 F9000 X140.85 Y119.919
G1 F1500 X106.58 Y85.649 E616.50835
G0 F9000 X107.145 Y85.649
G1 F1500 X140.85 Y119.353 E618.09371
G0 F9000 X140.85 Y118.788
G1 F1500 X107.711 Y85.649 E619.65247
G0 F9000 X108.277 Y85.649
G1 F1500 X140.85 Y118.222 E621.1846
G0 F9000 X140.85 Y117.656
G1 F1500 X108.842 Y85.649 E622.69014
G0 F9000 X109.408 Y85.649
G1 F1500 X140.85 Y117.091 E624.16907
G0 F9000 X140.85 Y116.525
G1 F1500 X109.974 Y85.649 E625.62138
G0 F9000 X110.539 Y85.649
G1 F1500 X140.85 Y115.959 E627.0471
G0 F9000 X140.85 Y115.394
G1 F1500 X111.105 Y85.649 E628.44621
G0 F9000 X111.671 Y85.649
G1 F1500 X140.85 Y114.828 E629.8187
G0 F9000 X140.85 Y114.262
G1 F1500 X112.236 Y85.649 E631.16459
G0 F9000 X112.802 Y85.649
G1 F1500 X140.85 Y113.697 E632.48388
G0 F9000 X140.85 Y113.131
G1 F1500 X113.368 Y85.649 E633.77655
G0 F9000 X113.933 Y85.649
G1 F1500 X140.85 Y112.565 E635.04262
G0 F9000 X140.85 Y112
G1 F1500 X114.499 Y85.649 E636.28209
G0 F9000 X115.065 Y85.649
G1 F1500 X140.85 Y111.434 E637.49494
G0 F9000 X140.85 Y110.868
G1 F1500 X115.631 Y85.649 E638.68117
G0 F9000 X116.196 Y85.649
G1 F1500 X140.85 Y110.303 E639.84081
G0 F9000 X140.85 Y109.737
G1 F1500 X116.762 Y85.649 E640.97384
G0 F9000 X117.328 Y85.649
G1 F1500 X140.85 Y109.171 E642.08024
G0 F9000 X140.85 Y108.605
G1 F1500 X117.893 Y85.649 E643.16005
G0 F9000 X118.459 Y85.649
G1 F1500 X140.85 Y108.04 E644.21325
G0 F9000 X140.85 Y107.474
G1 F1500 X119.025 Y85.649 E645.23983
G0 F9000 X119.59 Y85.649
G1 F1500 X140.85 Y106.908 E646.23981
G0 F9000 X140.85 Y106.343
G1 F1500 X120.156 Y85.649 E647.21319
G0 F9000 X120.722 Y85.649
G1 F1500 X140.85 Y105.777 E648.15995
G0 F9000 X140.85 Y105.211
G1 F1500 X121.287 Y85.649 E649.08011
G0 F9000 X121.853 Y85.649
G1 F1500 X140.85 Y104.646 E649.97367
G0 F9000 X140.85 Y104.08
G1 F1500 X122.419 Y85.649 E650.84061
G0 F9000 X122.984 Y85.649
G1 F1500 X140.85 Y103.514 E651.68095
G0 F9000 X140.85 Y102.949
G1 F1500 X123.55 Y85.649 E652.49469
G0 F9000 X124.116 Y85.649
G1 F1500 X140.85 Y102.383 E653.28181
G0 F9000 X140.85 Y101.817
G1 F1500 X124.682 Y85.649 E654.0423
G0 F9000 X125.247 Y85.649
G1 F1500 X140.85 Y101.252 E654.77622
G0 F9000 X140.85 Y100.686
G1 F1500 X125.813 Y85.649 E655.48351
G0 F9000 X126.379 Y85.649
G1 F1500 X140.85 Y100.12 E656.16418
G0 F9000 X140.85 Y99.554
G1 F1500 X126.944 Y85.649 E656.81825
G0 F9000 X127.51 Y85.649
G1 F1500 X140.85 Y98.989 E657.44573
G0 F9000 X140.85 Y98.423
G1 F1500 X128.076 Y85.649 E658.04658
G0 F9000 X128.641 Y85.649
G1 F1500 X140.85 Y97.857 E658.62083
G0 F9000 X140.85 Y97.292
G1 F1500 X129.207 Y85.649 E659.16848
G0 F9000 X129.773 Y85.649
G1 F1500 X140.85 Y96.726 E659.68951
G0 F9000 X140.85 Y96.16
G1 F1500 X130.338 Y85.649 E660.18394
G0 F9000 X130.904 Y85.649
G1 F1500 X140.85 Y95.595 E660.65176
G0 F9000 X140.85 Y95.029
G1 F1500 X131.47 Y85.649 E661.09297
G0 F9000 X132.035 Y85.649
G1 F1500 X140.85 Y94.463 E661.50758
G0 F9000 X140.85 Y93.898
G1 F1500 X132.601 Y85.649 E661.89559
G0 F9000 X133.167 Y85.649
G1 F1500 X140.85 Y93.332 E662.25697
G0 F9000 X140.85 Y92.766
G1 F1500 X133.732 Y85.649 E662.59176
G0 F9000 X134.298 Y85.649
G1 F1500 X140.85 Y92.201 E662.89994
G0 F9000 X140.85 Y91.635
G1 F1500 X134.864 Y85.649 E663.1815
G0 F9000 X135.43 Y85.649
G1 F1500 X140.85 Y91.069 E663.43644
G0 F9000 X140.85 Y90.504
G1 F1500 X135.995 Y85.649 E663.66481
G0 F9000 X136.561 Y85.649
G1 F1500 X140.85 Y89.938 E663.86655
G0 F9000 X140.85 Y89.372
G1 F1500 X137.127 Y85.649 E664.04167
G0 F9000 X137.692 Y85.649
G1 F1500 X140.85 Y88.806 E664.19019
G0 F9000 X140.85 Y88.241
G1 F1500 X138.258 Y85.649 E664.31211
G0 F9000 X138.824 Y85.649
G1 F1500 X140.85 Y87.675 E664.4074
G0 F9000 X140.85 Y87.109
G1 F1500 X139.389 Y85.649 E664.4761
G0 F9000 X139.955 Y85.649
G1 F1500 X140.85 Y86.544 E664.5182
G0 F9000 X140.85 Y85.978
G1 F1500 X140.521 Y85.649 E664.53368
G1 F2700 E659.53368
G0 F9000 X140.521 Y85.21
G0 X100.707 Y85.31
G0 X100.707 Y88.21
G1 F2700 E664.53368
G0 F9000 X101.116 Y88.105
G1 F1500 X140.85 Y127.839 E666.40264
G0 F9000 X140.85 Y128.404
G1 F1500 X101.116 Y88.671 E668.27158
G0 F9000 X101.116 Y89.236
G1 F1500 X140.85 Y128.97 E670.14055
G0 F9000 X140.85 Y129.536
G1 F1500 X101.116 Y89.802 E672.00951
G0 F9000 X101.116 Y90.368
G1 F1500 X140.85 Y130.101 E673.87846
G0 F9000 X140.85 Y130.667
G1 F1500 X101.116 Y90.933 E675.74742
G0 F9000 X101.116 Y91.499
G1 F1500 X140.85 Y131.233 E677.61639
G0 F9000 X140.85 Y131.799
G1 F1500 X101.116 Y92.065 E679.48535
G0 F9000 X101.116 Y92.63
G1 F1500 X140.85 Y132.364 E681.35432
G0 F9000 X140.85 Y132.93
G1 F1500 X101.116 Y93.196 E683.22328
G0 F9000 X101.116 Y93.762
G1 F1500 X140.85 Y133.496 E685.09225
G0 F9000 X140.85 Y134.061
G1 F1500 X101.116 Y94.328 E686.96119
G0 F9000 X101.116 Y94.893
G1 F1500 X140.85 Y134.627 E688.83016
G0 F9000 X140.85 Y135.193
G1 F1500 X101.116 Y95.459 E690.69912
G0 F9000 X101.116 Y96.025
G1 F1500 X140.85 Y135.758 E692.56806
G0 F9000 X140.85 Y136.324
G1 F1500 X101.116 Y96.59 E694.43703
G0 F9000 X101.116 Y97.156
G1 F1500 X140.85 Y136.89 E696.306
G0 F9000 X140.85 Y137.455
G1 F1500 X101.116 Y97.722 E698.17494
G0 F9000 X101.116 Y98.287
G1 F1500 X140.85 Y138.021 E700.0439
G0 F9000 X140.85 Y138.587
G1 F1500 X101.116 Y98.853 E701.91287
G0 F9000 X101.116 Y99.419
G1 F1500 X140.85 Y139.152 E703.78181
G0 F9000 X140.85 Y139.718
G1 F1500 X101.116 Y99.984 E705.65078
G0 F9000 X101.116 Y100.55
G1 F1500 X140.85 Y140.284 E707.51974
G0 F9000 X140.85 Y140.85
G1 F1500 X101.116 Y101.116 E709.38871
G0 F9000 X101.116 Y101.681
G1 F1500 X140.85 Y141.415 E711.25767
G0 F9000 X140.85 Y141.981
G1 F1500 X101.116 Y102.247 E713.12664
G0 F9000 X101.116 Y102.813
G1 F1500 X140.85 Y142.547 E714.9956
G0 F9000 X140.85 Y143.112
G1 F1500 X101.116 Y103.379 E716.86455
G0 F9000 X101.116 Y103.944
G1 F1500 X140.85 Y143.678 E718.73351
G0 F9000 X140.85 Y144.244
G1 F1500 X101.116 Y104.51 E720.60248
G0 F9000 X101.116 Y105.076
G1 F1500 X140.85 Y144.809 E722.47142
G0 F9000 X140.85 Y145.375
G1 F1500 X101.116 Y105.641 E724.34038
G0 F9000 X101.116 Y106.207
G1 F1500 X140.85 Y145.941 E726.20935
G0 F9000 X140.85 Y146.506
G1 F1500 X101.116 Y106.773 E728.07829
G0 F9000 X101.116 Y107.338
G1 F1500 X140.85 Y147.072 E729.94726
G0 F9000 X140.85 Y147.638
G1 F1500 X101.116 Y107.904 E731.81622
G0 F9000 X101.116 Y108.47
G1 F1500 X140.85 Y148.203 E733.68517
G0 F9000 X140.85 Y148.769
G1 F1500 X101.116 Y109.035 E735.55413
G0 F9000 X101.116 Y109.601
G1 F1500 X140.85 Y149.335 E737.4231
G0 F9000 X140.298 Y149.349
G1 F1500 X101.116 Y110.167 E739.2661
G0 F9000 X101.116 Y110.732
G1 F1500 X139.732 Y149.349 E741.0825
G0 F9000 X139.167 Y149.349
G1 F1500 X101.116 Y111.298 E742.8723
G0 F9000 X101.116 Y111.864
G1 F1500 X138.601 Y149.349 E744.63548
G0 F9000 X138.035 Y149.349
G1 F1500 X101.116 Y112.429 E746.37206
G0 F9000 X101.116 Y112.995
G1 F1500 X137.47 Y149.349 E748.08204
G0 F9000 X136.904 Y149.349
G1 F1500 X101.116 Y113.561 E749.7654
G0 F9000 X101.116 Y114.127
G1 F1500 X136.338 Y149.349 E751.42213
G0 F9000 X135.772 Y149.349
G1 F1500 X101.116 Y114.692 E753.05227
G0 F9000 X101.116 Y115.258
G1 F1500 X135.207 Y149.349 E754.65581
G0 F9000 X134.641 Y149.349
G1 F1500 X101.116 Y115.824 E756.23272
G0 F9000 X101.116 Y116.389
G1 F1500 X134.075 Y149.349 E757.78303
G0 F9000 X133.51 Y149.349
G1 F1500 X101.116 Y116.955 E759.30675
G0 F9000 X101.116 Y117.521
G1 F1500 X132.944 Y149.349 E760.80384
G0 F9000 X132.378 Y149.349
G1 F1500 X101.116 Y118.086 E762.27433
G0 F9000 X101.116 Y118.652
G1 F1500 X131.813 Y149.349 E763.71822
G0 F9000 X131.247 Y149.349
G1 F1500 X101.116 Y119.218 E765.13549
G0 F9000 X101.116 Y119.783
G1 F1500 X130.681 Y149.349 E766.52616
G0 F9000 X130.116 Y149.349
G1 F1500 X101.116 Y120.349 E767.89024
G0 F9000 X101.116 Y120.915
G1 F1500 X129.55 Y149.349 E769.22768
G0 F9000 X128.984 Y149.349
G1 F1500 X101.116 Y121.48 E770.53853
G0 F9000 X101.116 Y122.046
G1 F1500 X128.419 Y149.349 E771.82278
G0 F9000 X127.853 Y149.349
G1 F1500 X101.116 Y122.612 E773.08041
G0 F9000 X101.116 Y123.178
G1 F1500 X127.287 Y149.349 E774.31141
G0 F9000 X126.722 Y149.349
G1 F1500 X101.116 Y123.743 E775.51584
G0 F9000 X101.116 Y124.309
G1 F1500 X126.156 Y149.349 E776.69364
G0 F9000 X125.59 Y149.349
G1 F1500 X101.116 Y124.875 E777.84483
G0 F9000 X101.116 Y125.44
G1 F1500 X125.024 Y149.349 E778.96941
G0 F9000 X124.459 Y149.349
G1 F1500 X101.116 Y126.006 E780.06739
G0 F9000 X101.116 Y126.572
G1 F1500 X123.893 Y149.349 E781.13875
G0 F9000 X123.327 Y149.349
G1 F1500 X101.116 Y127.137 E782.18351
G0 F9000 X101.116 Y127.703
G1 F1500 X122.762 Y149.349 E783.20167
G0 F9000 X122.196 Y149.349
G1 F1500 X101.116 Y128.269 E784.19321
G0 F9000 X101.116 Y128.834
G1 F1500 X121.63 Y149.349 E785.15815
G0 F9000 X121.065 Y149.349
G1 F1500 X101.116 Y129.4 E786.09649
G0 F9000 X101.116 Y129.966
G1 F1500 X120.499 Y149.349 E787.00821
G0 F9000 X119.933 Y149.349
G1 F1500 X101.116 Y130.531 E787.89333
G0 F9000 X101.116 Y131.097
G1 F1500 X119.368 Y149.349 E788.75184
G0 F9000 X118.802 Y149.349
G1 F1500 X101.116 Y131.663 E789.58374
G0 F9000 X101.116 Y132.228
G1 F1500 X118.236 Y149.349 E790.38904
G0 F9000 X117.671 Y149.349
G1 F1500 X101.116 Y132.794 E791.16773
G0 F9000 X101.116 Y133.36
G1 F1500 X117.105 Y149.349 E791.91981
G0 F9000 X116.539 Y149.349
G1 F1500 X101.116 Y133.926 E792.64526
G0 F9000 X101.116 Y134.491
G1 F1500 X115.973 Y149.349 E793.34411
G0 F9000 X115.408 Y149.349
G1 F1500 X101.116 Y135.057 E794.01636
G0 F9000 X101.116 Y135.623
G1 F1500 X114.842 Y149.349 E794.66199
G0 F9000 X114.276 Y149.349
G1 F1500 X101.116 Y136.188 E795.28102
G0 F9000 X101.116 Y136.754
G1 F1500 X113.711 Y149.349 E795.87345
G0 F9000 X113.145 Y149.349
G1 F1500 X101.116 Y137.32 E796.43926
G0 F9000 X101.116 Y137.885
G1 F1500 X112.579 Y149.349 E796.97846
G0 F9000 X112.014 Y149.349
G1 F1500 X101.116 Y138.451 E797.49107
G0 F9000 X101.116 Y139.017
G1 F1500 X111.448 Y149.349 E797.97706
G0 F9000 X110.882 Y149.349
G1 F1500 X101.116 Y139.582 E798.43644
G0 F9000 X101.116 Y140.148
G1 F1500 X110.317 Y149.349 E798.86923
G0 F9000 X109.751 Y149.349
G1 F1500 X101.116 Y140.714 E799.27539
G0 F9000 X101.116 Y141.279
G1 F1500 X109.185 Y149.349 E799.65496
G0 F9000 X108.62 Y149.349
G1 F1500 X101.116 Y141.845 E800.00792
G0 F9000 X101.116 Y142.411
G1 F1500 X108.054 Y149.349 E800.33427
G0 F9000 X107.488 Y149.349
G1 F1500 X101.116 Y142.976 E800.63401
G0 F9000 X101.116 Y143.542
G1 F1500 X106.923 Y149.349 E800.90715
G0 F9000 X106.357 Y149.349
G1 F1500 X101.116 Y144.108 E801.15367
G0 F9000 X101.116 Y144.674
G1 F1500 X105.791 Y149.349 E801.37357
G0 F9000 X105.225 Y149.349
G1 F1500 X101.116 Y145.239 E801.56687
G0 F9000 X101.116 Y145.805
G1 F1500 X104.66 Y149.349 E801.73357
G0 F9000 X104.094 Y149.349
G1 F1500 X101.116 Y146.371 E801.87364
G0 F9000 X101.116 Y146.936
G1 F1500 X103.528 Y149.349 E801.98712
G0 F9000 X102.963 Y149.349
G1 F1500 X100.763 Y147.149 E802.0906
G0 F9000 X100.197 Y147.149
G1 F1500 X102.397 Y149.349 E802.19408
G0 F9000 X101.831 Y149.349
G1 F1500 X99.632 Y147.149 E802.29754
G0 F9000 X99.066 Y147.149
G1 F1500 X101.266 Y149.349 E802.40102
G0 F9000 X100.7 Y149.349
G1 F1500 X98.5 Y147.149 E802.5045
G0 F9000 X98.284 Y146.682
;MESH:NONMESH
G0 F300 X98.284 Y146.682 Z0.8
G0 F9000 X100.677 Y146.6
G0 X100.766 Y146.6
;TIME_ELAPSED:1173.392401
;LAYER:3
M106 S255
;TYPE:WALL-INNER
;MESH:esp32-s3-mount.obj
G1 F1500 X100.767 Y88.4 E804.44024
G1 X98.166 Y88.4 E804.52675
G1 X98.166 Y146.6 E806.46249
G1 X100.766 Y146.6 E806.54897
G0 F9000 X100.366 Y146.2
;TYPE:WALL-OUTER
G1 F1500 X100.367 Y88.8 E808.4581
G1 X98.566 Y88.8 E808.518
G1 X98.566 Y146.2 E810.42713
G1 X100.366 Y146.2 E810.487
G1 F2700 E805.487
G0 F9000 X100.366 Y146.5
G0 X98.338 Y146.428
G0 X97.996 Y144.673
G0 X99.431 Y144.673
G0 X100.962 Y151.165
G0 X100.962 Y149.69
G0 X141.4 Y149.9
;TYPE:WALL-INNER
G1 F2700 E810.487
G1 F1500 X93.6 Y149.9 E812.07684
G1 X93.6 Y85.1 E814.23209
G1 X141.4 Y85.1 E815.82193
G1 X141.4 Y149.9 E817.97719
G0 F9000 X141.8 Y150.3
;TYPE:WALL-OUTER
G1 F1500 X93.2 Y150.3 E819.59363
G1 X93.2 Y84.7 E821.77549
G1 X141.8 Y84.7 E823.39194
G1 X141.8 Y150.3 E825.5738
G0 F9000 X141.53 Y150.03
G0 X141.29 Y149.51
G0 X141.01 Y149.51
;TYPE:SKIN
G1 F1500 X93.99 Y149.51 E827.13769
G1 X93.99 Y85.49 E829.26701
G1 X141.01 Y85.49 E830.8309
G1 X141.01 Y149.51 E832.96021
G1 F2700 E827.96021
G0 F9000 X141.29 Y149.51
G0 X141.19 Y146.71
G0 X142.665 Y146.71
G0 X99.513 Y145.347
G0 X100.957 Y146.708
G1 F2700 E832.96021
G0 F9000 X101.156 Y146.99
G1 F1500 X101.157 Y88.01 E834.92189
G1 X97.776 Y88.01 E835.03435
G1 X97.776 Y146.99 E836.99603
G1 X101.156 Y146.99 E837.10845
G1 F2700 E832.10845
G0 F9000 X100.906 Y146.71
G0 X98.338 Y146.428
G0 X97.996 Y144.673
G0 X99.431 Y144.673
G0 X100.962 Y151.165
G0 X100.962 Y149.69
G0 X140.281 Y149.79
G1 F2700 E837.10845
G0 F9000 X140.281 Y149.349
G1 F1500 X140.849 Y148.781 E837.13516
G0 F9000 X140.849 Y148.215
G1 F1500 X139.715 Y149.349 E837.1885
G0 F9000 X139.15 Y149.349
G1 F1500 X140.849 Y147.65 E837.26842
G0 F9000 X140.849 Y147.084
G1 F1500 X138.584 Y149.349 E837.37496
G0 F9000 X138.018 Y149.349
G1 F1500 X140.849 Y146.518 E837.50812
G0 F9000 X140.849 Y145.953
G1 F1500 X137.453 Y149.349 E837.66786
G0 F9000 X136.887 Y149.349
G1 F1500 X140.849 Y145.387 E837.85422
G0 F9000 X140.849 Y144.821
G1 F1500 X136.321 Y149.349 E838.0672
G0 F9000 X135.756 Y149.349
G1 F1500 X140.849 Y144.256 E838.30676
G0 F9000 X140.849 Y143.69
G1 F1500 X135.19 Y149.349 E838.57294
G0 F9000 X134.624 Y149.349
G1 F1500 X140.849 Y143.124 E838.86575
G0 F9000 X140.849 Y142.559
G1 F1500 X134.058 Y149.349 E839.18515
G0 F9000 X133.493 Y149.349
G1 F1500 X140.849 Y141.993 E839.53116
G0 F9000 X140.849 Y141.427
G1 F1500 X132.927 Y149.349 E839.90378
G0 F9000 X132.361 Y149.349
G1 F1500 X140.849 Y140.862 E840.30301
G0 F9000 X140.849 Y140.296
G1 F1500 X131.796 Y149.349 E840.72883
G0 F9000 X131.23 Y149.349
G1 F1500 X140.849 Y139.73 E841.18128
G0 F9000 X140.849 Y139.164
G1 F1500 X130.664 Y149.349 E841.66035
G0 F9000 X130.099 Y149.349
G1 F1500 X140.849 Y138.599 E842.166
G0 F9000 X140.849 Y138.033
G1 F1500 X129.533 Y149.349 E842.69827
G0 F9000 X128.967 Y149.349
G1 F1500 X140.849 Y137.467 E843.25716
G0 F9000 X140.849 Y136.902
G1 F1500 X128.402 Y149.349 E843.84263
G0 F9000 X127.836 Y149.349
G1 F1500 X140.849 Y136.336 E844.45472
G0 F9000 X140.849 Y135.77
G1 F1500 X127.27 Y149.349 E845.09344
G0 F9000 X126.705 Y149.349
G1 F1500 X140.849 Y135.205 E845.75873
G0 F9000 X140.849 Y134.639
G1 F1500 X126.139 Y149.349 E846.45064
G0 F9000 X125.573 Y149.349
G1 F1500 X140.849 Y134.073 E847.16918
G0 F9000 X140.849 Y133.508
G1 F1500 X125.007 Y149.349 E847.91431
G0 F9000 X124.442 Y149.349
G1 F1500 X140.849 Y132.942 E848.68605
G0 F9000 X140.849 Y132.376
G1 F1500 X123.876 Y149.349 E849.48441
G0 F9000 X123.31 Y149.349
G1 F1500 X140.849 Y131.811 E850.30936
G0 F9000 X140.849 Y131.245
G1 F1500 X122.745 Y149.349 E851.16092
G0 F9000 X122.179 Y149.349
G1 F1500 X140.849 Y130.679 E852.0391
G0 F9000 X140.849 Y130.114
G1 F1500 X121.613 Y149.349 E852.94388
G0 F9000 X121.048 Y149.349
G1 F1500 X140.849 Y129.548 E853.87526
G0 F9000 X140.849 Y128.982
G1 F1500 X120.482 Y149.349 E854.83326
G0 F9000 X119.916 Y149.349
G1 F1500 X140.849 Y128.416 E855.81788
G0 F9000 X140.849 Y127.851
G1 F1500 X119.351 Y149.349 E856.82908
G0 F9000 X118.785 Y149.349
G1 F1500 X140.849 Y127.285 E857.86691
G0 F9000 X140.849 Y126.719
G1 F1500 X118.219 Y149.349 E858.93135
G0 F9000 X117.654 Y149.349
G1 F1500 X140.849 Y126.154 E860.02237
G0 F9000 X140.849 Y125.588
G1 F1500 X117.088 Y149.349 E861.14002
G0 F9000 X116.522 Y149.349
G1 F1500 X140.849 Y125.022 E862.28428
G0 F9000 X140.849 Y124.457
G1 F1500 X115.957 Y149.349 E863.45513
G0 F9000 X115.391 Y149.349
G1 F1500 X140.849 Y123.891 E864.65259
G0 F9000 X140.849 Y123.325
G1 F1500 X114.825 Y149.349 E865.87668
G0 F9000 X114.259 Y149.349
G1 F1500 X140.849 Y122.76 E867.12737
G0 F9000 X140.849 Y122.194
G1 F1500 X113.694 Y149.349 E868.40466
G0 F9000 X113.128 Y149.349
G1 F1500 X140.849 Y121.628 E869.70857
G0 F9000 X140.849 Y121.063
G1 F1500 X112.562 Y149.349 E871.03908
G0 F9000 X111.997 Y149.349
G1 F1500 X140.849 Y120.497 E872.39619
G0 F9000 X140.849 Y119.931
G1 F1500 X111.431 Y149.349 E873.77992
G0 F9000 X110.865 Y149.349
G1 F1500 X140.849 Y119.365 E875.19028
G0 F9000 X140.849 Y118.8
G1 F1500 X110.3 Y149.349 E876.62721
G0 F9000 X109.734 Y149.349
G1 F1500 X140.849 Y118.234 E878.09076
G0 F9000 X140.849 Y117.668
G1 F1500 X109.168 Y149.349 E879.58094
G0 F9000 X108.603 Y149.349
G1 F1500 X140.849 Y117.103 E881.09769
G0 F9000 X140.849 Y116.537
G1 F1500 X108.037 Y149.349 E882.64107
G0 F9000 X107.471 Y149.349
G1 F1500 X140.849 Y115.971 E884.21107
G0 F9000 X140.849 Y115.406
G1 F1500 X106.906 Y149.349 E885.80764
G0 F9000 X106.34 Y149.349
G1 F1500 X140.849 Y114.84 E887.43084
G0 F9000 X140.849 Y114.274
G1 F1500 X105.774 Y149.349 E889.08066
G0 F9000 X105.209 Y149.349
G1 F1500 X140.849 Y113.709 E890.75706
G0 F9000 X140.849 Y113.143
G1 F1500 X104.643 Y149.349 E892.46008
G0 F9000 X104.077 Y149.349
G1 F1500 X140.849 Y112.577 E894.18972
G0 F9000 X140.849 Y112.012
G1 F1500 X103.511 Y149.349 E895.94596
G0 F9000 X102.946 Y149.349
G1 F1500 X140.849 Y111.446 E897.7288
G0 F9000 X140.849 Y110.88
G1 F1500 X102.38 Y149.349 E899.53827
G0 F9000 X101.814 Y149.349
G1 F1500 X140.849 Y110.315 E901.37433
G0 F9000 X140.849 Y109.749
G1 F1500 X101.249 Y149.349 E903.23699
G0 F9000 X100.683 Y149.349
G1 F1500 X140.849 Y109.183 E905.12628
G0 F9000 X140.849 Y108.617
G1 F1500 X100.117 Y149.349 E907.04219
G0 F9000 X99.552 Y149.349
G1 F1500 X140.849 Y108.052 E908.98467
G0 F9000 X140.849 Y107.486
G1 F1500 X101.316 Y147.019 E910.84418
G1 X101.186 Y147.148
G1 X98.986 Y149.349 E910.94769
G0 F9000 X98.42 Y149.349
G1 F1500 X100.621 Y147.148 E911.05121
G0 F9000 X100.055 Y147.148
G1 F1500 X97.855 Y149.349 E911.15472
G0 F9000 X97.289 Y149.349
G1 F1500 X99.489 Y147.148 E911.25822
G0 F9000 X98.924 Y147.148
G1 F1500 X96.723 Y149.349 E911.36175
G0 F9000 X96.158 Y149.349
G1 F1500 X98.358 Y147.148 E911.46526
G0 F9000 X97.792 Y147.148
G1 F1500 X95.592 Y149.349 E911.56876
G0 F9000 X95.026 Y149.349
G1 F1500 X97.615 Y146.76 E911.69054
G0 F9000 X97.615 Y146.195
G1 F1500 X94.46 Y149.349 E911.83892
G0 F9000 X94.149 Y149.094
G1 F1500 X97.615 Y145.629 E912.00192
G0 F9000 X97.615 Y145.063
G1 F1500 X94.149 Y148.529 E912.16495
G0 F9000 X94.149 Y147.963
G1 F1500 X97.615 Y144.497 E912.32798
G0 F9000 X97.615 Y143.932
G1 F1500 X94.149 Y147.397 E912.49099
G0 F9000 X94.149 Y146.832
G1 F1500 X97.615 Y143.366 E912.65402
G0 F9000 X97.615 Y142.8
G1 F1500 X94.149 Y146.266 E912.81705
G0 F9000 X94.149 Y145.7
G1 F1500 X97.615 Y142.235 E912.98006
G0 F9000 X97.615 Y141.669
G1 F1500 X94.149 Y145.135 E913.14309
G0 F9000 X94.149 Y144.569
G1 F1500 X97.615 Y141.103 E913.30612
G0 F9000 X97.615 Y140.538
G1 F1500 X94.149 Y144.003 E913.46912
G0 F9000 X94.149 Y143.438
G1 F1500 X97.615 Y139.972 E913.63215
G0 F9000 X97.615 Y139.406
G1 F1500 X94.149 Y142.872 E913.79518
G0 F9000 X94.149 Y142.306
G1 F1500 X97.615 Y138.841 E913.95819
G0 F9000 X97.615 Y138.275
G1 F1500 X94.149 Y141.74 E914.1212
G0 F9000 X94.149 Y141.175
G1 F1500 X97.615 Y137.709 E914.28423
G0 F9000 X97.615 Y137.144
G1 F1500 X94.149 Y140.609 E914.44723
G0 F9000 X94.149 Y140.043
G1 F1500 X97.615 Y136.578 E914.61024
G0 F9000 X97.615 Y136.012
G1 F1500 X94.149 Y139.478 E914.77327
G0 F9000 X94.149 Y138.912
G1 F1500 X97.615 Y135.447 E914.93628
G0 F9000 X97.615 Y134.881
G1 F1500 X94.149 Y138.346 E915.09928
G0 F9000 X94.149 Y137.781
G1 F1500 X97.615 Y134.315 E915.26231
G0 F9000 X97.615 Y133.749
G1 F1500 X94.149 Y137.215 E915.42534
G0 F9000 X94.149 Y136.649
G1 F1500 X97.615 Y133.184 E915.58835
G0 F9000 X97.615 Y132.618
G1 F1500 X94.149 Y136.084 E915.75138
G0 F9000 X94.149 Y135.518
G1 F1500 X97.615 Y132.052 E915.91441
G0 F9000 X97.615 Y131.487
G1 F1500 X94.149 Y134.952 E916.07742
G0 F9000 X94.149 Y134.387
G1 F1500 X97.615 Y130.921 E916.24045
G0 F9000 X97.615 Y130.355
G1 F1500 X94.149 Y133.821 E916.40348
G0 F9000 X94.149 Y133.255
G1 F1500 X97.615 Y129.79 E916.56648
G0 F9000 X97.615 Y129.224
G1 F1500 X94.149 Y132.69 E916.72951
G0 F9000 X94.149 Y132.124
G1 F1500 X97.615 Y128.658 E916.89254
G0 F9000 X97.615 Y128.093
G1 F1500 X94.149 Y131.558 E917.05555
G0 F9000 X94.149 Y130.992
G1 F1500 X97.615 Y127.527 E917.21856
G0 F9000 X97.615 Y126.961
G1 F1500 X94.149 Y130.427 E917.38159
G0 F9000 X94.149 Y129.861
G1 F1500 X97.615 Y126.396 E917.54459
G0 F9000 X97.615 Y125.83
G1 F1500 X94.149 Y129.295 E917.7076
G0 F9000 X94.149 Y128.73
G1 F1500 X97.615 Y125.264 E917.87063
G0 F9000 X97.615 Y124.698
G1 F1500 X94.149 Y128.164 E918.03366
G0 F9000 X94.149 Y127.598
G1 F1500 X97.615 Y124.133 E918.19667
G0 F9000 X97.615 Y123.567
G1 F1500 X94.149 Y127.033 E918.3597
G0 F9000 X94.149 Y126.467
G1 F1500 X97.615 Y123.001 E918.52273
G0 F9000 X97.615 Y122.436
G1 F1500 X94.149 Y125.901 E918.68573
G0 F9000 X94.149 Y125.336
G1 F1500 X97.615 Y121.87 E918.84876
G0 F9000 X97.615 Y121.304
G1 F1500 X94.149 Y124.77 E919.01179
G0 F9000 X94.149 Y124.204
G1 F1500 X97.615 Y120.739 E919.1748
G0 F9000 X97.615 Y120.173
G1 F1500 X94.149 Y123.639 E919.33783
G0 F9000 X94.149 Y123.073
G1 F1500 X97.615 Y119.607 E919.50086
G0 F9000 X97.615 Y119.042
G1 F1500 X94.149 Y122.507 E919.66386
G0 F9000 X94.149 Y121.941
G1 F1500 X97.615 Y118.476 E919.82687
G0 F9000 X97.615 Y117.91
G1 F1500 X94.149 Y121.376 E919.9899
G0 F9000 X94.149 Y120.81
G1 F1500 X97.615 Y117.345 E920.15291
G0 F9000 X97.615 Y116.779
G1 F1500 X94.149 Y120.244 E920.31591
G0 F9000 X94.149 Y119.679
G1 F1500 X97.615 Y116.213 E920.47894
G0 F9000 X97.615 Y115.648
G1 F1500 X94.149 Y119.113 E920.64195
G0 F9000 X94.149 Y118.547
G1 F1500 X97.615 Y115.082 E920.80496
G0 F9000 X97.615 Y114.516
G1 F1500 X94.149 Y117.982 E920.96799
G0 F9000 X94.149 Y117.416
G1 F1500 X97.615 Y113.95 E921.13102
G0 F9000 X97.615 Y113.385
G1 F1500 X94.149 Y116.85 E921.29402
G0 F9000 X94.149 Y116.285
G1 F1500 X97.615 Y112.819 E921.45705
G0 F9000 X97.615 Y112.253
G1 F1500 X94.149 Y115.719 E921.62008
G0 F9000 X94.149 Y115.153
G1 F1500 X97.615 Y111.688 E921.78309
G0 F9000 X97.615 Y111.122
G1 F1500 X94.149 Y114.588 E921.94612
G0 F9000 X94.149 Y114.022
G1 F1500 X97.615 Y110.556 E922.10915
G0 F9000 X97.615 Y109.991
G1 F1500 X94.149 Y113.456 E922.27216
G0 F9000 X94.149 Y112.891
G1 F1500 X97.615 Y109.425 E922.43519
G0 F9000 X97.615 Y108.859
G1 F1500 X94.149 Y112.325 E922.59822
G0 F9000 X94.149 Y111.759
G1 F1500 X97.615 Y108.294 E922.76122
G0 F9000 X97.615 Y107.728
G1 F1500 X94.149 Y111.193 E922.92423
G0 F9000 X94.149 Y110.628
G1 F1500 X97.615 Y107.162 E923.08726
G0 F9000 X97.615 Y106.597
G1 F1500 X94.149 Y110.062 E923.25027
G0 F9000 X94.149 Y109.496
G1 F1500 X97.615 Y106.031 E923.41327
G0 F9000 X97.615 Y105.465
G1 F1500 X94.149 Y108.931 E923.5763
G0 F9000 X94.149 Y108.365
G1 F1500 X97.615 Y104.899 E923.73933
G0 F9000 X97.615 Y104.334
G1 F1500 X94.149 Y107.799 E923.90234
G0 F9000 X94.149 Y107.234
G1 F1500 X97.615 Y103.768 E924.06537
G0 F9000 X97.615 Y103.202
G1 F1500 X94.149 Y106.668 E924.2284
G0 F9000 X94.149 Y106.102
G1 F1500 X97.615 Y102.637 E924.39141
G0 F9000 X97.615 Y102.071
G1 F1500 X94.149 Y105.537 E924.55444
G0 F9000 X94.149 Y104.971
G1 F1500 X97.615 Y101.505 E924.71747
G0 F9000 X97.615 Y100.94
G1 F1500 X94.149 Y104.405 E924.88047
G0 F9000 X94.149 Y103.84
G1 F1500 X97.615 Y100.374 E925.0435
G0 F9000 X97.615 Y99.808
G1 F1500 X94.149 Y103.274 E925.20653
G0 F9000 X94.149 Y102.708
G1 F1500 X97.615 Y99.243 E925.36954
G0 F9000 X97.615 Y98.677
G1 F1500 X94.149 Y102.142 E925.53255
G0 F9000 X94.149 Y101.577
G1 F1500 X97.615 Y98.111 E925.69558
G0 F9000 X97.615 Y97.546
G1 F1500 X94.149 Y101.011 E925.85858
G0 F9000 X94.149 Y100.445
G1 F1500 X97.615 Y96.98 E926.02159
G0 F9000 X97.615 Y96.414
G1 F1500 X94.149 Y99.88 E926.18462
G0 F9000 X94.149 Y99.314
G1 F1500 X97.615 Y95.849 E926.34762
G0 F9000 X97.615 Y95.283
G1 F1500 X94.149 Y98.748 E926.51063
G0 F9000 X94.149 Y98.183
G1 F1500 X97.615 Y94.717 E926.67366
G0 F9000 X97.615 Y94.151
G1 F1500 X94.149 Y97.617 E926.83669
G0 F9000 X94.149 Y97.051
G1 F1500 X97.615 Y93.586 E926.9997
G0 F9000 X97.615 Y93.02
G1 F1500 X94.149 Y96.486 E927.16273
G0 F9000 X94.149 Y95.92
G1 F1500 X97.615 Y92.454 E927.32576
G0 F9000 X97.615 Y91.889
G1 F1500 X94.149 Y95.354 E927.48876
G0 F9000 X94.149 Y94.789
G1 F1500 X97.615 Y91.323 E927.65179
G0 F9000 X97.615 Y90.757
G1 F1500 X94.149 Y94.223 E927.81482
G0 F9000 X94.149 Y93.657
G1 F1500 X97.615 Y90.192 E927.97783
G0 F9000 X97.615 Y89.626
G1 F1500 X94.149 Y93.092 E928.14086
G0 F9000 X94.149 Y92.526
G1 F1500 X97.615 Y89.06 E928.30389
G0 F9000 X97.615 Y88.495
G1 F1500 X94.149 Y91.96 E928.4669
G0 F9000 X94.149 Y91.394
G1 F1500 X97.615 Y87.929 E928.6299
G1 X97.694 Y87.85
G1 X99.895 Y85.649 E928.73343
G0 F9000 X100.46 Y85.649
G1 F1500 X98.26 Y87.85 E928.83694
G0 F9000 X98.825 Y87.85
G1 F1500 X101.026 Y85.649 E928.94047
G0 F9000 X101.592 Y85.649
G1 F1500 X99.391 Y87.85 E929.04399
G0 F9000 X99.957 Y87.85
G1 F1500 X102.157 Y85.649 E929.1475
G0 F9000 X102.723 Y85.649
G1 F1500 X100.523 Y87.85 E929.251
G0 F9000 X101.088 Y87.85
G1 F1500 X103.289 Y85.649 E929.35453
G0 F9000 X103.854 Y85.649
G1 F1500 X101.316 Y88.188 E929.47393
G0 F9000 X101.316 Y88.753
G1 F1500 X104.42 Y85.649 E929.61994
G0 F9000 X104.986 Y85.649
G1 F1500 X101.316 Y89.319 E929.79256
G0 F9000 X101.316 Y89.885
G1 F1500 X105.551 Y85.649 E929.99179
G0 F9000 X106.117 Y85.649
G1 F1500 X101.316 Y90.45 E930.21761
G0 F9000 X101.316 Y91.016
G1 F1500 X106.683 Y85.649 E930.47006
G0 F9000 X107.249 Y85.649
G1 F1500 X101.316 Y91.582 E930.74913
G0 F9000 X101.316 Y92.148
G1 F1500 X107.814 Y85.649 E931.0548
G0 F9000 X108.38 Y85.649
G1 F1500 X101.316 Y92.713 E931.38707
G0 F9000 X101.316 Y93.279
G1 F1500 X108.946 Y85.649 E931.74596
G0 F9000 X109.511 Y85.649
G1 F1500 X101.316 Y93.845 E932.13145
G0 F9000 X101.316 Y94.41
G1 F1500 X110.077 Y85.649 E932.54354
G0 F9000 X110.643 Y85.649
G1 F1500 X101.316 Y94.976 E932.98226
G0 F9000 X101.316 Y95.542
G1 F1500 X111.208 Y85.649 E933.44757
G0 F9000 X111.774 Y85.649
G1 F1500 X101.316 Y96.107 E933.93948
G0 F9000 X101.316 Y96.673
G1 F1500 X112.34 Y85.649 E934.45802
G0 F9000 X112.905 Y85.649
G1 F1500 X101.316 Y97.239 E935.00315
G0 F9000 X101.316 Y97.804
G1 F1500 X113.471 Y85.649 E935.57488
G0 F9000 X114.037 Y85.649
G1 F1500 X101.316 Y98.37 E936.17324
G0 F9000 X101.316 Y98.936
G1 F1500 X114.602 Y85.649 E936.7982
G0 F9000 X115.168 Y85.649
G1 F1500 X101.316 Y99.501 E937.44975
G0 F9000 X101.316 Y100.067
G1 F1500 X115.734 Y85.649 E938.12793
G0 F9000 X116.299 Y85.649
G1 F1500 X101.316 Y100.633 E938.83271
G0 F9000 X101.316 Y101.199
G1 F1500 X116.865 Y85.649 E939.56411
G0 F9000 X117.431 Y85.649
G1 F1500 X101.316 Y101.764 E940.32211
G0 F9000 X101.316 Y102.33
G1 F1500 X117.997 Y85.649 E941.10673
G0 F9000 X118.562 Y85.649
G1 F1500 X101.316 Y102.896 E941.91796
G0 F9000 X101.316 Y103.461
G1 F1500 X119.128 Y85.649 E942.75578
G0 F9000 X119.694 Y85.649
G1 F1500 X101.316 Y104.027 E943.62022
G0 F9000 X101.316 Y104.593
G1 F1500 X120.259 Y85.649 E944.51127
G0 F9000 X120.825 Y85.649
G1 F1500 X101.316 Y105.158 E945.42891
G0 F9000 X101.316 Y105.724
G1 F1500 X121.391 Y85.649 E946.37318
G0 F9000 X121.956 Y85.649
G1 F1500 X101.316 Y106.29 E947.34404
G0 F9000 X101.316 Y106.855
G1 F1500 X122.522 Y85.649 E948.34151
G0 F9000 X123.088 Y85.649
G1 F1500 X101.316 Y107.421 E949.3656
G0 F9000 X101.316 Y107.987
G1 F1500 X123.653 Y85.649 E950.41628
G0 F9000 X124.219 Y85.649
G1 F1500 X101.316 Y108.552 E951.49357
G0 F9000 X101.316 Y109.118
G1 F1500 X124.785 Y85.649 E952.59748
G0 F9000 X125.35 Y85.649
G1 F1500 X101.316 Y109.684 E953.72799
G0 F9000 X101.316 Y110.249
G1 F1500 X125.916 Y85.649 E954.8851
G0 F9000 X126.482 Y85.649
G1 F1500 X101.316 Y110.815 E956.06883
G0 F9000 X101.316 Y111.381
G1 F1500 X127.047 Y85.649 E957.27916
G0 F9000 X127.613 Y85.649
G1 F1500 X101.316 Y111.947 E958.51611
G0 F9000 X101.316 Y112.512
G1 F1500 X128.179 Y85.649 E959.77967
G0 F9000 X128.745 Y85.649
G1 F1500 X101.316 Y113.078 E961.06984
G0 F9000 X101.316 Y113.644
G1 F1500 X129.31 Y85.649 E962.38662
G0 F9000 X129.876 Y85.649
G1 F1500 X101.316 Y114.209 E963.72999
G0 F9000 X101.316 Y114.775
G1 F1500 X130.442 Y85.649 E965.09999
G0 F9000 X131.007 Y85.649
G1 F1500 X101.316 Y115.341 E966.49659
G0 F9000 X101.316 Y115.906
G1 F1500 X131.573 Y85.649 E967.91978
G0 F9000 X132.139 Y85.649
G1 F1500 X101.316 Y116.472 E969.3696
G0 F9000 X101.316 Y117.038
G1 F1500 X132.704 Y85.649 E970.84602
G0 F9000 X133.27 Y85.649
G1 F1500 X101.316 Y117.603 E972.34904
G0 F9000 X101.316 Y118.169
G1 F1500 X133.836 Y85.649 E973.87868
G0 F9000 X134.401 Y85.649
G1 F1500 X101.316 Y118.735 E975.43492
G0 F9000 X101.316 Y119.3
G1 F1500 X134.967 Y85.649 E977.01776
G0 F9000 X135.533 Y85.649
G1 F1500 X101.316 Y119.866 E978.62723
G0 F9000 X101.316 Y120.432
G1 F1500 X136.098 Y85.649 E980.26329
G0 F9000 X136.664 Y85.649
G1 F1500 X101.316 Y120.997 E981.92595
G0 F9000 X101.316 Y121.563
G1 F1500 X137.23 Y85.649 E983.61523
G0 F9000 X137.796 Y85.649
G1 F1500 X101.316 Y122.129 E985.33114
G0 F9000 X101.316 Y122.695
G1 F1500 X138.361 Y85.649 E987.07365
G0 F9000 X138.927 Y85.649
G1 F1500 X101.316 Y123.26 E988.84275
G0 F9000 X101.316 Y123.826
G1 F1500 X139.493 Y85.649 E990.63848
G0 F9000 X140.058 Y85.649
G1 F1500 X101.316 Y124.392 E992.46081
G0 F9000 X101.316 Y124.957
G1 F1500 X140.624 Y85.649 E994.30974
G0 F9000 X140.849 Y85.99
G1 F1500 X101.316 Y125.523 E996.16925
G0 F9000 X101.316 Y126.089
G1 F1500 X140.849 Y86.556 E998.02876
G0 F9000 X140.849 Y87.121
G1 F1500 X101.316 Y126.654 E999.88827
G0 F9000 X101.316 Y127.22
G1 F1500 X140.849 Y87.687 E1001.74778
G0 F9000 X140.849 Y88.253
G1 F1500 X101.316 Y127.786 E1003.60729
G0 F9000 X101.316 Y128.351
G1 F1500 X140.849 Y88.818 E1005.46681
G0 F9000 X140.849 Y89.384
G1 F1500 X101.316 Y128.917 E1007.32632
G0 F9000 X101.316 Y129.483
G1 F1500 X140.849 Y89.95 E1009.18583
G0 F9000 X140.849 Y90.516
G1 F1500 X101.316 Y130.048 E1011.04532
G0 F9000 X101.316 Y130.614
G1 F1500 X140.849 Y91.081 E1012.90483
G0 F9000 X140.849 Y91.647
G1 F1500 X101.316 Y131.18 E1014.76434
G0 F9000 X101.316 Y131.746
G1 F1500 X140.849 Y92.213 E1016.62385
G0 F9000 X140.849 Y92.778
G1 F1500 X101.316 Y132.311 E1018.48336
G0 F9000 X101.316 Y132.877
G1 F1500 X140.849 Y93.344 E1020.34287
G0 F9000 X140.849 Y93.91
G1 F1500 X101.316 Y133.443 E1022.20238
G0 F9000 X101.316 Y134.008
G1 F1500 X140.849 Y94.475 E1024.06189
G0 F9000 X140.849 Y95.041
G1 F1500 X101.316 Y134.574 E1025.9214
G0 F9000 X101.316 Y135.14
G1 F1500 X140.849 Y95.607 E1027.78092
G0 F9000 X140.849 Y96.172
G1 F1500 X101.316 Y135.705 E1029.64043
G0 F9000 X101.316 Y136.271
G1 F1500 X140.849 Y96.738 E1031.49994
G0 F9000 X140.849 Y97.304
G1 F1500 X101.316 Y136.837 E1033.35945
G0 F9000 X101.316 Y137.402
G1 F1500 X140.849 Y97.869 E1035.21896
G0 F9000 X140.849 Y98.435
G1 F1500 X101.316 Y137.968 E1037.07847
G0 F9000 X101.316 Y138.534
G1 F1500 X140.849 Y99.001 E1038.93798
G0 F9000 X140.849 Y99.566
G1 F1500 X101.316 Y139.099 E1040.79749
G0 F9000 X101.316 Y139.665
G1 F1500 X140.849 Y100.132 E1042.657
G0 F9000 X140.849 Y100.698
G1 F1500 X101.316 Y140.231 E1044.51652
G0 F9000 X101.316 Y140.796
G1 F1500 X140.849 Y101.264 E1046.376
G0 F9000 X140.849 Y101.829
G1 F1500 X101.316 Y141.362 E1048.23551
G0 F9000 X101.316 Y141.928
G1 F1500 X140.849 Y102.395 E1050.09503
G0 F9000 X140.849 Y102.961
G1 F1500 X101.316 Y142.494 E1051.95454
G0 F9000 X101.316 Y143.059
G1 F1500 X140.849 Y103.526 E1053.81405
G0 F9000 X140.849 Y104.092
G1 F1500 X101.316 Y143.625 E1055.67356
G0 F9000 X101.316 Y144.191
G1 F1500 X140.849 Y104.658 E1057.53307
G0 F9000 X140.849 Y105.223
G1 F1500 X101.316 Y144.756 E1059.39258
G0 F9000 X101.316 Y145.322
G1 F1500 X140.849 Y105.789 E1061.25209
G0 F9000 X140.849 Y106.355
G1 F1500 X101.316 Y145.888 E1063.1116
G0 F9000 X101.316 Y146.453
G1 F1500 X140.849 Y106.92 E1064.97111
G1 F2700 E1059.97111
G0 F9000 X141.29 Y106.92
G0 X141.218 Y85.282
G0 X99.329 Y85.21
G1 F2700 E1064.97111
G0 F9000 X99.329 Y85.649
G1 F1500 X94.149 Y90.829 E1065.21477
G0 F9000 X94.149 Y90.263
G1 F1500 X98.763 Y85.649 E1065.43179
G0 F9000 X98.198 Y85.649
G1 F1500 X94.149 Y89.697 E1065.62222
G0 F9000 X94.149 Y89.132
G1 F1500 X97.632 Y85.649 E1065.78605
G0 F9000 X97.066 Y85.649
G1 F1500 X94.149 Y88.566 E1065.92326
G0 F9000 X94.149 Y88
G1 F1500 X96.5 Y85.649 E1066.03384
G0 F9000 X95.935 Y85.649
G1 F1500 X94.149 Y87.435 E1066.11785
G0 F9000 X94.149 Y86.869
G1 F1500 X95.369 Y85.649 E1066.17524
G0 F9000 X94.803 Y85.649
G1 F1500 X94.149 Y86.303 E1066.206
G0 F9000 X94.149 Y85.738
G1 F1500 X94.238 Y85.649 E1066.21018
G0 F9000 X94.238 Y85.3
G1 F2700 E1061.21018
;MESH:NONMESH
G0 F300 X94.238 Y85.3 Z1
G0 F9000 X94.238 Y85.21
G0 X93.782 Y85.282
G0 X93.806 Y140.444
G0 X93.81 Y146.6
G0 X92.335 Y146.6
G0 X99.419 Y145.347
G0 X97.976 Y146.6
G0 X100.877 Y146.6
G1 F2700 E1066.21018
G0 F9000 X100.966 Y146.6
;TIME_ELAPSED:1523.087261
;LAYER:4
;TYPE:WALL-INNER
;MESH:esp32-s3-mount.obj
G1 F1500 X100.967 Y88.4 E1068.14592
G1 X97.966 Y88.4 E1068.24574
G1 X97.966 Y146.6 E1070.18148
G1 X100.966 Y146.6 E1070.28126
G0 F9000 X100.566 Y146.2
;TYPE:WALL-OUTER
G1 F1500 X100.567 Y88.8 E1072.19039
G1 X98.366 Y88.8 E1072.2636
G1 X98.366 Y146.2 E1074.17273
G1 X100.566 Y146.2 E1074.2459
G1 F2700 E1069.2459
G0 F9000 X100.566 Y146.5
G0 X141.4 Y149.9
;TYPE:WALL-INNER
G1 F2700 E1074.2459
G1 F1500 X93.6 Y149.9 E1075.83573
G1 X93.6 Y85.1 E1077.99099
G1 X141.4 Y85.1 E1079.58083
G1 X141.4 Y149.9 E1081.73608
G0 F9000 X141.8 Y150.3
;TYPE:WALL-OUTER
G1 F1500 X93.2 Y150.3 E1083.35252
G1 X93.2 Y84.7 E1085.53439
G1 X141.8 Y84.7 E1087.15083
G1 X141.8 Y150.3 E1089.3327
G0 F9000 X141.53 Y150.03
G0 X141.319 Y149.119
;TYPE:FILL
G1 F3000 X138.703 Y149.819 E1089.42277
G0 F9000 X139.165 Y149.819
G1 F3000 X141.319 Y141.783 E1089.69948
G0 F9000 X141.319 Y142.907
G1 F3000 X115.52 Y149.82 E1090.58783
G0 F9000 X114.319 Y149.819
G1 F3000 X131.639 Y85.179 E1092.8136
G0 F9000 X128.606 Y85.18
G1 F3000 X141.319 Y97.893 E1093.41158
G0 F9000 X141.318 Y99.425
G1 F3000 X101.047 Y110.216 E1094.79826
G0 F9000 X101.045 Y108.53
G1 F3000 X141.32 Y148.805 E1096.69267
G0 F9000 X133.848 Y149.818
G1 F3000 X101.045 Y117.016 E1098.2356
G0 F9000 X101.046 Y116.428
G1 F3000 X141.319 Y105.637 E1099.62233
G0 F9000 X141.319 Y106.378
G1 F3000 X120.121 Y85.18 E1100.61942
G0 F9000 X119.216 Y85.178
G1 F3000 X101.895 Y149.819 E1102.84524
G0 F9000 X99.907 Y149.818
G1 F3000 X93.679 Y143.591 E1103.13816
G0 F9000 X93.679 Y143.249
G1 F3000 X97.885 Y142.122 E1103.28299
G0 F9000 X97.885 Y141.603
G1 F3000 X95.684 Y149.819 E1103.56589
G0 F9000 X93.679 Y149.46
G1 F3000 X141.318 Y136.695 E1105.20626
G0 F9000 X141.32 Y140.32
G1 F3000 X101.045 Y100.045 E1107.10068
G0 F9000 X101.046 Y97.793
G1 F3000 X141.319 Y87.002 E1108.48741
G0 F9000 X141.319 Y89.407
G1 F3000 X137.091 Y85.18 E1108.68626
G0 F9000 X137.851 Y85.178
G1 F3000 X120.53 Y149.819 E1110.91208
G0 F9000 X116.877 Y149.818
G1 F3000 X101.045 Y133.986 E1111.65677
G0 F9000 X101.046 Y135.063
G1 F3000 X141.319 Y124.272 E1113.0435
G0 F9000 X141.32 Y123.349
G1 F3000 X103.15 Y85.18 E1114.83888
G0 F9000 X101.758 Y85.179
G1 F3000 X93.679 Y87.344 E1115.11707
G0 F9000 X93.68 Y87.752
G1 F3000 X94.369 Y85.179 E1115.20566
G0 F9000 X94.665 Y85.18
G1 F3000 X97.886 Y88.401 E1115.35717
G0 F9000 X99.739 Y88.319
G1 F3000 X100.581 Y85.178 E1115.46533
G0 F9000 X101.045 Y91.56
G1 F3000 X141.32 Y131.835 E1117.35974
G0 F9000 X141.319 Y130.484
G1 F3000 X101.045 Y141.275 E1118.74651
G0 F9000 X101.045 Y142.472
G1 F3000 X108.392 Y149.818 E1119.09206
G0 F9000 X108.107 Y149.819
G1 F3000 X125.427 Y85.179 E1121.31784
G0 F9000 X124.941 Y85.179
G1 F3000 X101.047 Y91.581 E1122.14059
G0 F9000 X100.795 Y88.572
G0 X98.138 Y88.572
G0 X97.884 Y92.429
G1 F3000 X93.68 Y93.555 E1122.28534
G0 F9000 X93.679 Y92.679
G1 F3000 X97.886 Y96.886 E1122.48323
G0 F9000 X97.885 Y95.239
G1 F3000 X93.68 Y110.934 E1123.02366
G0 F9000 X93.68 Y112.19
G1 F3000 X97.884 Y111.063 E1123.16842
G0 F9000 X97.886 Y113.856
G1 F3000 X93.679 Y109.65 E1123.36628
G0 F9000 X93.679 Y105.979
G1 F3000 X97.885 Y104.852 E1123.51111
G0 F9000 X97.886 Y105.371
G1 F3000 X93.679 Y101.165 E1123.70897
G0 F9000 X93.679 Y99.767
G1 F3000 X97.884 Y98.64 E1123.85376
G0 F9000 X98.138 Y88.572
G0 X100.795 Y88.572
G0 X101.046 Y104.005
G1 F3000 X141.318 Y93.214 E1125.24047
G0 F9000 X141.319 Y95.418
G1 F3000 X126.742 Y149.819 E1127.11368
G0 F9000 X125.362 Y149.818
G1 F3000 X101.045 Y125.501 E1128.25748
G0 F9000 X101.046 Y122.64
G1 F3000 X141.319 Y111.849 E1129.64421
G0 F9000 X141.319 Y114.863
G1 F3000 X111.635 Y85.18 E1131.04044
G0 F9000 X113.004 Y85.179
G1 F3000 X101.046 Y129.808 E1132.57716
G0 F9000 X101.046 Y128.851
G1 F3000 X141.318 Y118.06 E1133.96387
G0 F9000 X141.319 Y118.601
G1 F3000 X132.954 Y149.82 E1135.03884
G1 F2700 E1130.03884
G0 F9000 X98.138 Y146.428
G0 X97.886 Y139.312
G1 F2700 E1135.03884
G1 F3000 X93.679 Y135.106 E1135.2367
G0 F9000 X93.68 Y134.116
G1 F3000 X97.885 Y118.421 E1135.77713
G0 F9000 X97.885 Y117.275
G1 F3000 X93.679 Y118.402 E1135.92196
G0 F9000 X93.679 Y118.135
G1 F3000 X97.886 Y122.342 E1136.11984
G0 F9000 X97.885 Y123.487
G1 F3000 X93.679 Y124.614 E1136.26467
G0 F9000 X93.679 Y126.62
G1 F3000 X97.886 Y130.827 E1136.46256
G0 F9000 X97.884 Y129.698
G1 F3000 X93.68 Y130.825 E1136.60732
G0 F9000 X93.679 Y137.037
G1 F3000 X97.885 Y135.91 E1136.75214
G1 F2700 E1131.75214
G0 F9000 X98.138 Y146.428
G0 X100.794 Y146.428
G0 X101.046 Y106.625
G1 F2700 E1136.75214
G1 F3000 X106.792 Y85.179 E1137.4906
G0 F9000 X106.792 Y85.3
G1 F2700 E1132.4906
;MESH:NONMESH
G0 F300 X106.792 Y85.3 Z1.2
G0 F9000 X101.166 Y146.6
;TIME_ELAPSED:1594.518090
;LAYER:5
;TYPE:WALL-INNER
;MESH:esp32-s3-mount.obj
G1 F2700 E1137.4906
G1 F1500 X101.167 Y88.4 E1139.42634
G1 X97.766 Y88.4 E1139.53946
G1 X97.766 Y146.6 E1141.4752
G1 X101.166 Y146.6 E1141.58828
G0 F9000 X100.766 Y146.2
;TYPE:WALL-OUTER
G1 F1500 X100.767 Y88.8 E1143.49741
G1 X98.166 Y88.8 E1143.58392
G1 X98.166 Y146.2 E1145.49306
G1 X100.766 Y146.2 E1145.57953
G1 F2700 E1140.57953
G0 F9000 X100.766 Y146.5
G0 X141.4 Y149.9
;TYPE:WALL-INNER
G1 F2700 E1145.57953
G1 F1500 X93.6 Y149.9 E1147.16937
G1 X93.6 Y85.1 E1149.32462
G1 X141.4 Y85.1 E1150.91446
G1 X141.4 Y149.9 E1153.06971
G0 F9000 X141.8 Y150.3
;TYPE:WALL-OUTER
G1 F1500 X93.2 Y150.3 E1154.68616
G1 X93.2 Y84.7 E1156.86802
G1 X141.8 Y84.7 E1158.48446
G1 X141.8 Y150.3 E1160.66633
G0 F9000 X141.53 Y150.03
G0 X141.318 Y149.265
;TYPE:FILL
G1 F3000 X139.248 Y149.819 E1160.7376
G0 F9000 X139.019 Y149.819
G1 F3000 X141.319 Y141.238 E1161.03308
G0 F9000 X141.32 Y140.12
G1 F3000 X101.246 Y100.047 E1162.91801
G0 F9000 X101.246 Y97.885
G1 F3000 X141.319 Y87.148 E1164.29786
G0 F9000 X141.319 Y89.208
G1 F3000 X137.291 Y85.18 E1164.48733
G0 F9000 X137.705 Y85.179
G1 F3000 X120.384 Y149.819 E1166.71311
G0 F9000 X117.077 Y149.818
G1 F3000 X101.246 Y133.988 E1167.45773
G0 F9000 X101.245 Y135.155
G1 F3000 X141.319 Y124.418 E1168.83761
G0 F9000 X141.32 Y123.15
G1 F3000 X103.35 Y85.18 E1170.6236
G0 F9000 X102.303 Y85.179
G1 F3000 X93.679 Y87.49 E1170.92055
G0 F9000 X93.68 Y87.207
G1 F3000 X94.223 Y85.179 E1170.99038
G0 F9000 X94.864 Y85.18
G1 F3000 X98.004 Y88.32 E1171.13808
G0 F9000 X99.593 Y88.319
G1 F3000 X100.435 Y85.178 E1171.24624
G0 F9000 X106.647 Y85.178
G1 F3000 X101.246 Y105.334 E1171.94028
G0 F9000 X101.247 Y104.097
G1 F3000 X141.318 Y93.36 E1173.32006
G0 F9000 X141.319 Y94.873
G1 F3000 X126.596 Y149.819 E1175.21204
G0 F9000 X125.562 Y149.818
G1 F3000 X101.246 Y125.502 E1176.35579
G0 F9000 X101.246 Y122.732
G1 F3000 X141.318 Y111.995 E1177.7356
G0 F9000 X141.319 Y114.664
G1 F3000 X111.835 Y85.18 E1179.12244
G0 F9000 X112.858 Y85.179
G1 F3000 X101.245 Y128.518 E1180.61475
G0 F9000 X101.246 Y128.944
G1 F3000 X141.318 Y118.206 E1181.99458
G1 X141.319 Y118.055
G1 X132.808 Y149.819 E1183.08832
G0 F9000 X134.047 Y149.818
G1 F3000 X101.246 Y117.017 E1184.63118
G0 F9000 X101.246 Y116.52
G1 F3000 X141.319 Y105.783 E1186.01102
G0 F9000 X141.319 Y106.179
G1 F3000 X120.32 Y85.18 E1186.99875
G0 F9000 X119.07 Y85.179
G1 F3000 X101.749 Y149.819 E1189.22454
G0 F9000 X100.106 Y149.818
G1 F3000 X93.679 Y143.392 E1189.52682
G1 X93.679 Y143.395
G1 X97.684 Y142.321 E1189.66473
G0 F9000 X97.685 Y141.804
G1 F3000 X95.538 Y149.82 E1189.94074
G0 F9000 X93.68 Y149.606
G1 F3000 X141.318 Y136.841 E1191.58109
G0 F9000 X141.32 Y131.635
G1 F3000 X101.246 Y91.561 E1193.46604
G1 X101.246 Y91.674
G1 X125.485 Y85.179 E1194.30068
G0 F9000 X125.281 Y85.178
G1 F3000 X107.961 Y149.819 E1196.52648
G0 F9000 X108.591 Y149.818
G1 F3000 X101.246 Y142.473 E1196.87197
G0 F9000 X101.245 Y141.367
G1 F3000 X141.318 Y130.63 E1198.25182
G0 F9000 X141.319 Y143.053
G1 F3000 X116.065 Y149.82 E1199.1214
G0 F9000 X114.173 Y149.819
G1 F3000 X131.493 Y85.179 E1201.34717
G0 F9000 X128.805 Y85.18
G1 F3000 X141.319 Y97.693 E1201.93577
G0 F9000 X141.319 Y99.571
G1 F3000 X101.246 Y110.309 E1203.31563
G0 F9000 X101.246 Y108.532
G1 F3000 X141.32 Y148.606 E1205.20058
G1 F2700 E1200.20058
G0 F9000 X97.938 Y146.428
G0 X97.686 Y138.913
G1 F2700 E1205.20058
G1 F3000 X93.679 Y134.906 E1205.38906
G0 F9000 X93.68 Y133.571
G1 F3000 X97.685 Y118.622 E1205.9038
G0 F9000 X97.684 Y117.475
G1 F3000 X93.679 Y118.548 E1206.04171
G0 F9000 X93.679 Y117.936
G1 F3000 X97.686 Y121.942 E1206.23016
G0 F9000 X97.685 Y123.686
G1 F3000 X93.679 Y124.76 E1206.36811
G0 F9000 X93.679 Y126.421
G1 F3000 X97.686 Y130.427 E1206.55656
G0 F9000 X97.684 Y129.898
G1 F3000 X93.68 Y130.971 E1206.69443
G0 F9000 X93.679 Y137.183
G1 F3000 X97.684 Y136.11 E1206.83234
G0 F9000 X97.686 Y113.457
G1 F3000 X93.679 Y109.45 E1207.02081
G0 F9000 X93.68 Y110.389
G1 F3000 X97.685 Y95.44 E1207.53555
G0 F9000 X97.686 Y96.486
G1 F3000 X93.679 Y92.48 E1207.72401
G0 F9000 X93.679 Y93.701
G1 F3000 X97.684 Y92.628 E1207.86191
G0 F9000 X97.685 Y98.84
G1 F3000 X93.679 Y99.913 E1207.99985
G0 F9000 X93.679 Y100.965
G1 F3000 X97.686 Y104.972 E1208.18833
G1 X97.684 Y105.051
G1 X93.679 Y106.125 E1208.32624
G0 F9000 X93.679 Y112.336
G1 F3000 X97.684 Y111.263 E1208.46414
G0 F9000 X97.566 Y111.263
G1 F2700 E1203.46414
;MESH:NONMESH
G0 F300 X97.566 Y111.263 Z1.4
G0 F9000 X97.938 Y146.428
G0 X101.366 Y146.6
;TIME_ELAPSED:1664.028464
;LAYER:6
;TYPE:WALL-INNER
;MESH:esp32-s3-mount.obj
G1 F2700 E1208.46414
G1 F1500 X101.367 Y88.4 E1210.39988
G1 X97.566 Y88.4 E1210.5263
G1 X97.566 Y146.6 E1212.46204
G1 X101.366 Y146.6 E1212.58843
G0 F9000 X100.966 Y146.2
;TYPE:WALL-OUTER
G1 F1500 X100.967 Y88.8 E1214.49757
G1 X97.966 Y88.8 E1214.59738
G1 X97.966 Y146.2 E1216.50651
G1 X100.966 Y146.2 E1216.60629
G1 F2700 E1211.60629
G0 F9000 X100.966 Y146.5
G0 X110.234 Y149.318
G0 X113.338 Y149.718
G0 X141.4 Y149.9
;TYPE:WALL-INNER
G1 F2700 E1216.60629
G1 F1500 X93.6 Y149.9 E1218.19613
G1 X93.6 Y85.1 E1220.35138
G1 X141.4 Y85.1 E1221.94122
G1 X141.4 Y149.9 E1224.09647
G0 F9000 X141.8 Y150.3
;TYPE:WALL-OUTER
G1 F1500 X93.2 Y150.3 E1225.71292
G1 X93.2 Y84.7 E1227.89478
G1 X141.8 Y84.7 E1229.51122
G1 X141.8 Y150.3 E1231.69309
G0 F9000 X141.53 Y150.03
G0 X141.318 Y149.411
;TYPE:FILL
G1 F3000 X140.618 Y149.598 E1231.71719
G0 F9000 X141.32 Y148.406
G1 F3000 X140.617 Y147.703 E1231.75025
G0 F9000 X140.838 Y147.703
G0 X140.838 Y143.387
G0 X140.617 Y143.387
G1 F3000 X141.319 Y143.199 E1231.77443
G0 F9000 X140.617 Y143.312
G1 F3000 X141.319 Y140.693 E1231.86461
G0 F9000 X141.32 Y139.921
G1 F3000 X140.617 Y139.218 E1231.89768
G0 F9000 X140.838 Y139.218
G0 X140.838 Y137.175
G0 X140.618 Y137.175
G1 F3000 X141.319 Y136.987 E1231.92181
G0 F9000 X141.32 Y131.436
G1 F3000 X140.617 Y130.733 E1231.95488
G0 F9000 X140.618 Y130.963
G1 F3000 X141.318 Y130.776 E1231.97898
G0 F9000 X140.838 Y124.752
G0 X140.617 Y124.752
G1 F3000 X141.318 Y124.564 E1232.00312
G0 F9000 X141.32 Y122.951
G1 F3000 X140.617 Y122.248 E1232.03619
G0 F9000 X140.838 Y122.248
G0 X140.838 Y120.129
G0 X140.617 Y120.129
G1 F3000 X141.319 Y117.511 E1232.12634
G0 F9000 X141.319 Y118.352
G1 F3000 X140.617 Y118.54 E1232.15051
G0 F9000 X140.838 Y118.54
G0 X141.319 Y114.465
G1 F3000 X140.617 Y113.762 E1232.18355
G0 F9000 X140.838 Y113.762
G0 X140.838 Y112.328
G0 X140.618 Y112.328
G1 F3000 X141.318 Y112.141 E1232.20765
G0 F9000 X140.838 Y106.117
G0 X140.617 Y106.117
G1 F3000 X141.318 Y105.929 E1232.23179
G1 X141.319 Y105.979
G1 X140.617 Y105.277 E1232.26481
G0 F9000 X140.838 Y105.277
G0 X140.838 Y99.905
G0 X140.617 Y99.905
G1 F3000 X141.319 Y99.717 E1232.28898
G0 F9000 X141.319 Y97.494
G1 F3000 X140.617 Y96.792 E1232.322
G1 X140.617 Y96.946
G1 X141.319 Y94.329 E1232.41212
G0 F9000 X141.318 Y93.506
G1 F3000 X140.618 Y93.693 E1232.43622
G0 F9000 X140.838 Y93.693
G0 X141.319 Y89.009
G1 F3000 X140.617 Y88.307 E1232.46924
G0 F9000 X140.618 Y87.482
G1 F3000 X141.318 Y87.294 E1232.49335
G1 F2700 E1227.49335
G0 F9000 X140.766 Y85.682
G0 X137.662 Y85.282
G0 X113.338 Y85.282
G0 X110.234 Y85.682
G0 X110.162 Y89.372
G1 F2700 E1232.49335
G0 F9000 X110.38 Y89.372
G1 F3000 X101.446 Y91.766 E1232.80098
G0 F9000 X101.445 Y91.561
G1 F3000 X110.382 Y100.498 E1233.22134
G0 F9000 X110.162 Y100.498
G0 X110.162 Y101.795
G0 X110.38 Y101.795
G1 F3000 X101.447 Y104.189 E1233.52894
G1 X101.446 Y104.042
G1 X106.501 Y85.178 E1234.1785
G0 F9000 X103.549 Y85.18
G1 F3000 X110.382 Y92.012 E1234.49988
G0 F9000 X110.162 Y92.012
G0 X110.162 Y93.876
G0 X110.382 Y93.876
G1 F3000 X101.446 Y127.226 E1235.64823
G0 F9000 X101.445 Y125.502
G1 F3000 X110.382 Y134.439 E1236.0686
G0 F9000 X110.162 Y134.439
G0 X110.162 Y132.854
G0 X110.38 Y132.854
G1 F3000 X101.445 Y135.248 E1236.37626
G0 F9000 X101.445 Y133.988
G1 F3000 X110.382 Y142.924 E1236.79661
G0 F9000 X110.162 Y142.924
G0 X110.162 Y145.277
G0 X110.38 Y145.277
G1 F3000 X93.679 Y149.752 E1237.37168
G0 F9000 X95.392 Y149.819
G1 F3000 X97.485 Y142.007 E1237.64067
G0 F9000 X97.484 Y142.521
G1 F3000 X93.68 Y143.54 E1237.77165
G0 F9000 X93.679 Y143.192
G1 F3000 X100.305 Y149.818 E1238.08332
G0 F9000 X101.603 Y149.819
G1 F3000 X110.381 Y117.059 E1239.21136
G0 F9000 X110.382 Y117.468
G1 F3000 X101.445 Y108.532 E1239.63171
G0 F9000 X101.446 Y110.401
G1 F3000 X110.38 Y108.007 E1239.93933
G0 F9000 X110.382 Y108.983
G1 F3000 X101.445 Y100.047 E1240.35968
G0 F9000 X101.446 Y97.978
G1 F3000 X110.381 Y95.584 E1240.66734
G0 F9000 X110.162 Y95.584
G0 X102.847 Y85.179
G1 F3000 X93.679 Y87.635 E1240.98302
G0 F9000 X93.679 Y86.663
G1 F3000 X94.077 Y85.179 E1241.03413
G0 F9000 X95.064 Y85.18
G1 F3000 X98.203 Y88.319 E1241.18177
G0 F9000 X99.447 Y88.32
G1 F3000 X100.289 Y85.179 E1241.28993
G0 F9000 X97.738 Y88.572
G0 X97.485 Y92.827
G1 F3000 X93.679 Y93.847 E1241.42099
G0 F9000 X93.679 Y92.28
G1 F3000 X97.485 Y96.087 E1241.60003
G0 F9000 X97.485 Y95.642
G1 F3000 X93.68 Y109.845 E1242.08909
G0 F9000 X93.679 Y109.251
G1 F3000 X97.485 Y113.057 E1242.26811
G0 F9000 X97.484 Y111.463
G1 F3000 X93.679 Y112.482 E1242.39912
G0 F9000 X93.679 Y117.736
G1 F3000 X97.485 Y121.543 E1242.57817
G0 F9000 X97.484 Y123.886
G1 F3000 X93.68 Y124.905 E1242.70915
G0 F9000 X93.679 Y126.222
G1 F3000 X97.485 Y130.028 E1242.88817
G1 X97.484 Y130.098
G1 X93.679 Y131.117 E1243.01919
G0 F9000 X93.68 Y133.026
G1 F3000 X97.485 Y118.824 E1243.50821
G0 F9000 X97.485 Y117.674
G1 F3000 X93.679 Y118.694 E1243.63926
G1 F2700 E1238.63926
G0 F9000 X97.738 Y88.572
G0 X101.195 Y88.572
G0 X101.445 Y117.017
G1 F2700 E1243.63926
G1 F3000 X110.382 Y125.954 E1244.05963
G0 F9000 X110.38 Y126.642
G1 F3000 X101.445 Y129.036 E1244.36729
G0 F9000 X101.446 Y122.824
G1 F3000 X110.38 Y120.43 E1244.67492
G0 F9000 X110.162 Y120.43
G0 X110.162 Y114.219
G0 X110.38 Y114.219
G1 F3000 X101.446 Y116.613 E1244.98255
G1 F2700 E1239.98255
G0 F9000 X101.195 Y88.572
G0 X97.738 Y88.572
G0 X97.484 Y105.251
G1 F2700 E1244.98255
G1 F3000 X93.68 Y106.27 E1245.11354
G0 F9000 X97.485 Y104.572
G1 F3000 X93.679 Y100.766 E1245.29256
G0 F9000 X93.679 Y100.059
G1 F3000 X97.485 Y99.039 E1245.42361
G1 F2700 E1240.42361
G0 F9000 X93.679 Y134.707
G1 F2700 E1245.42361
G1 F3000 X97.485 Y138.513 E1245.60264
G0 F9000 X97.485 Y136.309
G1 F3000 X93.679 Y137.329 E1245.73369
G0 F9000 X97.738 Y146.428
G0 X101.194 Y146.428
G0 X101.446 Y141.459
G1 F3000 X110.381 Y139.065 E1246.04135
G0 F9000 X110.162 Y139.065
G0 X110.162 Y140.242
G0 X110.381 Y140.242
G1 F3000 X107.815 Y149.82 E1246.37115
G0 F9000 X108.791 Y149.818
G1 F3000 X101.445 Y142.473 E1246.71666
G0 F9000 X110.234 Y149.318
G0 X110.452 Y149.11
;TYPE:SKIN
G1 F1500 X110.452 Y85.89 E1248.81937
G1 X113.546 Y85.89 E1248.92227
G1 X113.546 Y85.49 E1248.93558
G1 X137.454 Y85.49 E1249.73076
G1 X137.454 Y85.89 E1249.74407
G1 X140.548 Y85.89 E1249.84697
G1 X140.548 Y149.11 E1251.94968
G1 X137.454 Y149.11 E1252.05259
G1 X137.454 Y149.51 E1252.06589
G1 X113.546 Y149.51 E1252.86107
G1 X113.546 Y149.11 E1252.87438
G1 X110.452 Y149.11 E1252.97728
G0 F9000 X111.048 Y148.949
G1 F1500 X110.611 Y148.512 E1252.99784
G0 F9000 X110.611 Y147.946
G1 F1500 X111.613 Y148.949 E1253.04499
G0 F9000 X112.179 Y148.949
G1 F1500 X110.611 Y147.38 E1253.11877
G0 F9000 X110.611 Y146.815
G1 F1500 X112.745 Y148.949 E1253.21915
G0 F9000 X113.311 Y148.949
G1 F1500 X110.611 Y146.249 E1253.34615
G0 F9000 X110.611 Y145.683
G1 F1500 X114.276 Y149.348 E1253.51854
G0 F9000 X114.841 Y149.348
G1 F1500 X110.611 Y145.118 E1253.7175
G0 F9000 X110.611 Y144.552
G1 F1500 X115.407 Y149.348 E1253.94309
G0 F9000 X115.973 Y149.348
G1 F1500 X110.611 Y143.986 E1254.19531
G0 F9000 X110.611 Y143.421
G1 F1500 X116.538 Y149.348 E1254.47409
G0 F9000 X117.104 Y149.348
G1 F1500 X110.611 Y142.855 E1254.7795
G0 F9000 X110.611 Y142.289
G1 F1500 X117.67 Y149.348 E1255.11154
G0 F9000 X118.236 Y149.348
G1 F1500 X110.611 Y141.723 E1255.47019
G0 F9000 X110.611 Y141.158
G1 F1500 X118.801 Y149.348 E1255.85543
G0 F9000 X119.367 Y149.348
G1 F1500 X110.611 Y140.592 E1256.26728
G0 F9000 X110.611 Y140.026
G1 F1500 X119.933 Y149.348 E1256.70576
G0 F9000 X120.498 Y149.348
G1 F1500 X110.611 Y139.461 E1257.17081
G0 F9000 X110.611 Y138.895
G1 F1500 X121.064 Y149.348 E1257.66249
G0 F9000 X121.63 Y149.348
G1 F1500 X110.611 Y138.329 E1258.18079
G0 F9000 X110.611 Y137.764
G1 F1500 X122.195 Y149.348 E1258.72567
G0 F9000 X122.761 Y149.348
G1 F1500 X110.611 Y137.198 E1259.29717
G0 F9000 X110.611 Y136.632
G1 F1500 X123.327 Y149.348 E1259.89529
G0 F9000 X123.892 Y149.348
G1 F1500 X110.611 Y136.067 E1260.51999
G0 F9000 X110.611 Y135.501
G1 F1500 X124.458 Y149.348 E1261.17131
G0 F9000 X125.024 Y149.348
G1 F1500 X110.611 Y134.935 E1261.84925
G0 F9000 X110.611 Y134.37
G1 F1500 X125.589 Y149.348 E1262.55377
G0 F9000 X126.155 Y149.348
G1 F1500 X110.611 Y133.804 E1263.28491
G0 F9000 X110.611 Y133.238
G1 F1500 X126.721 Y149.348 E1264.04268
G0 F9000 X127.286 Y149.348
G1 F1500 X110.611 Y132.673 E1264.82702
G0 F9000 X110.611 Y132.107
G1 F1500 X127.852 Y149.348 E1265.63798
G0 F9000 X128.418 Y149.348
G1 F1500 X110.611 Y131.541 E1266.47557
G0 F9000 X110.611 Y130.975
G1 F1500 X128.984 Y149.348 E1267.33978
G0 F9000 X129.549 Y149.348
G1 F1500 X110.611 Y130.41 E1268.23056
G0 F9000 X110.611 Y129.844
G1 F1500 X130.115 Y149.348 E1269.14797
G0 F9000 X130.681 Y149.348
G1 F1500 X110.611 Y129.278 E1270.092
G0 F9000 X110.611 Y128.713
G1 F1500 X131.246 Y149.348 E1271.06261
G0 F9000 X131.812 Y149.348
G1 F1500 X110.611 Y128.147 E1272.05984
G0 F9000 X110.611 Y127.581
G1 F1500 X132.378 Y149.348 E1273.08369
G0 F9000 X132.943 Y149.348
G1 F1500 X110.611 Y127.016 E1274.13412
G0 F9000 X110.611 Y126.45
G1 F1500 X133.509 Y149.348 E1275.21117
G0 F9000 X134.075 Y149.348
G1 F1500 X110.611 Y125.884 E1276.31485
G0 F9000 X110.611 Y125.319
G1 F1500 X134.64 Y149.348 E1277.4451
G0 F9000 X135.206 Y149.348
G1 F1500 X110.611 Y124.753 E1278.60197
G0 F9000 X110.611 Y124.187
G1 F1500 X135.772 Y149.348 E1279.78547
G0 F9000 X136.337 Y149.348
G1 F1500 X110.611 Y123.622 E1280.99554
G0 F9000 X110.611 Y123.056
G1 F1500 X136.903 Y149.348 E1282.23223
G0 F9000 X137.293 Y149.173
G1 F1500 X110.611 Y122.49 E1283.4873
G0 F9000 X110.611 Y121.925
G1 F1500 X137.635 Y148.949 E1284.75842
G0 F9000 X138.201 Y148.949
G1 F1500 X110.611 Y121.359 E1286.05617
G0 F9000 X110.611 Y120.793
G1 F1500 X138.766 Y148.949 E1287.38052
G0 F9000 X139.332 Y148.949
G1 F1500 X110.611 Y120.227 E1288.73149
G0 F9000 X110.611 Y119.662
G1 F1500 X139.898 Y148.949 E1290.10906
G0 F9000 X140.387 Y148.872
G1 F1500 X110.611 Y119.096 E1291.50963
G0 F9000 X110.611 Y118.53
G1 F1500 X140.387 Y148.307 E1292.91023
G0 F9000 X140.387 Y147.741
G1 F1500 X110.611 Y117.965 E1294.3108
G0 F9000 X110.611 Y117.399
G1 F1500 X140.387 Y147.175 E1295.71137
G0 F9000 X140.387 Y146.61
G1 F1500 X110.611 Y116.833 E1297.11197
G0 F9000 X110.611 Y116.268
G1 F1500 X140.387 Y146.044 E1298.51254
G0 F9000 X140.387 Y145.478
G1 F1500 X110.611 Y115.702 E1299.91311
G0 F9000 X110.611 Y115.136
G1 F1500 X140.387 Y144.913 E1301.31371
G0 F9000 X140.387 Y144.347
G1 F1500 X110.611 Y114.571 E1302.71428
G0 F9000 X110.611 Y114.005
G1 F1500 X140.387 Y143.781 E1304.11485
G0 F9000 X140.387 Y143.215
G1 F1500 X110.611 Y113.439 E1305.51542
G0 F9000 X110.611 Y112.874
G1 F1500 X140.387 Y142.65 E1306.91599
G0 F9000 X140.387 Y142.084
G1 F1500 X110.611 Y112.308 E1308.31657
G0 F9000 X110.611 Y111.742
G1 F1500 X140.387 Y141.518 E1309.71714
G0 F9000 X140.387 Y140.953
G1 F1500 X110.611 Y111.176 E1311.11773
G0 F9000 X110.611 Y110.611
G1 F1500 X140.387 Y140.387 E1312.5183
G0 F9000 X140.387 Y139.821
G1 F1500 X110.611 Y110.045 E1313.91888
G0 F9000 X110.611 Y109.479
G1 F1500 X140.387 Y139.256 E1315.31947
G0 F9000 X140.387 Y138.69
G1 F1500 X110.611 Y108.914 E1316.72004
G0 F9000 X110.611 Y108.348
G1 F1500 X140.387 Y138.124 E1318.12062
G0 F9000 X140.387 Y137.559
G1 F1500 X110.611 Y107.782 E1319.52121
G0 F9000 X110.611 Y107.217
G1 F1500 X140.387 Y136.993 E1320.92178
G0 F9000 X140.387 Y136.427
G1 F1500 X110.611 Y106.651 E1322.32235
G0 F9000 X110.611 Y106.085
G1 F1500 X140.387 Y135.862 E1323.72295
G0 F9000 X140.387 Y135.296
G1 F1500 X110.611 Y105.52 E1325.12352
G0 F9000 X110.611 Y104.954
G1 F1500 X140.387 Y134.73 E1326.52409
G0 F9000 X140.387 Y134.165
G1 F1500 X110.611 Y104.388 E1327.92469
G0 F9000 X110.611 Y103.823
G1 F1500 X140.387 Y133.599 E1329.32526
G0 F9000 X140.387 Y133.033
G1 F1500 X110.611 Y103.257 E1330.72583
G0 F9000 X110.611 Y102.691
G1 F1500 X140.387 Y132.467 E1332.1264
G0 F9000 X140.387 Y131.902
G1 F1500 X110.611 Y102.126 E1333.52698
G0 F9000 X110.611 Y101.56
G1 F1500 X140.387 Y131.336 E1334.92755
G0 F9000 X140.387 Y130.77
G1 F1500 X110.611 Y100.994 E1336.32812
G0 F9000 X110.611 Y100.428
G1 F1500 X140.387 Y130.205 E1337.72871
G0 F9000 X140.387 Y129.639
G1 F1500 X110.611 Y99.863 E1339.12929
G0 F9000 X110.611 Y99.297
G1 F1500 X140.387 Y129.073 E1340.52986
G0 F9000 X140.387 Y128.508
G1 F1500 X110.611 Y98.731 E1341.93045
G0 F9000 X110.611 Y98.166
G1 F1500 X140.387 Y127.942 E1343.33102
G0 F9000 X140.387 Y127.376
G1 F1500 X110.611 Y97.6 E1344.7316
G0 F9000 X110.611 Y97.034
G1 F1500 X140.387 Y126.811 E1346.13219
G0 F9000 X140.387 Y126.245
G1 F1500 X110.611 Y96.469 E1347.53276
G0 F9000 X110.611 Y95.903
G1 F1500 X140.387 Y125.679 E1348.93334
G0 F9000 X140.387 Y125.114
G1 F1500 X110.611 Y95.337 E1350.33393
G0 F9000 X110.611 Y94.772
G1 F1500 X140.387 Y124.548 E1351.7345
G0 F9000 X140.387 Y123.982
G1 F1500 X110.611 Y94.206 E1353.13507
G0 F9000 X110.611 Y93.64
G1 F1500 X140.387 Y123.417 E1354.53567
G0 F9000 X140.387 Y122.851
G1 F1500 X110.611 Y93.075 E1355.93624
G0 F9000 X110.611 Y92.509
G1 F1500 X140.387 Y122.285 E1357.33681
G0 F9000 X140.387 Y121.719
G1 F1500 X110.611 Y91.943 E1358.73738
G0 F9000 X110.611 Y91.377
G1 F1500 X140.387 Y121.154 E1360.13798
G0 F9000 X140.387 Y120.588
G1 F1500 X110.611 Y90.812 E1361.53855
G0 F9000 X110.611 Y90.246
G1 F1500 X140.387 Y120.022 E1362.93912
G0 F9000 X140.387 Y119.457
G1 F1500 X110.611 Y89.68 E1364.33972
G0 F9000 X110.611 Y89.115
G1 F1500 X140.387 Y118.891 E1365.74029
G0 F9000 X140.387 Y118.325
G1 F1500 X110.611 Y88.549 E1367.14086
G0 F9000 X110.611 Y87.983
G1 F1500 X140.387 Y117.76 E1368.54146
G0 F9000 X140.387 Y117.194
G1 F1500 X110.611 Y87.418 E1369.94203
G0 F9000 X110.611 Y86.852
G1 F1500 X140.387 Y116.628 E1371.3426
G0 F9000 X140.387 Y116.063
G1 F1500 X110.611 Y86.286 E1372.7432
G0 F9000 X110.94 Y86.05
G1 F1500 X140.387 Y115.497 E1374.12829
G0 F9000 X140.387 Y114.931
G1 F1500 X111.506 Y86.05 E1375.48677
G0 F9000 X112.072 Y86.05
G1 F1500 X140.387 Y114.366 E1376.81864
G0 F9000 X140.387 Y113.8
G1 F1500 X112.637 Y86.05 E1378.12392
G0 F9000 X113.203 Y86.05
G1 F1500 X140.387 Y113.234 E1379.40257
G0 F9000 X140.387 Y112.668
G1 F1500 X113.704 Y85.986 E1380.65763
G0 F9000 X113.934 Y85.65
G1 F1500 X140.387 Y112.103 E1381.9019
G0 F9000 X140.387 Y111.537
G1 F1500 X114.5 Y85.65 E1383.11954
G0 F9000 X115.066 Y85.65
G1 F1500 X140.387 Y110.971 E1384.31057
G0 F9000 X140.387 Y110.406
G1 F1500 X115.631 Y85.65 E1385.47501
G0 F9000 X116.197 Y85.65
G1 F1500 X140.387 Y109.84 E1386.61284
G0 F9000 X140.387 Y109.274
G1 F1500 X116.763 Y85.65 E1387.72404
G0 F9000 X117.328 Y85.65
G1 F1500 X140.387 Y108.709 E1388.80866
G0 F9000 X140.387 Y108.143
G1 F1500 X117.894 Y85.65 E1389.86666
G0 F9000 X118.46 Y85.65
G1 F1500 X140.387 Y107.577 E1390.89804
G0 F9000 X140.387 Y107.012
G1 F1500 X119.025 Y85.65 E1391.90284
G0 F9000 X119.591 Y85.65
G1 F1500 X140.387 Y106.446 E1392.88102
G0 F9000 X140.387 Y105.88
G1 F1500 X120.157 Y85.65 E1393.83258
G0 F9000 X120.722 Y85.65
G1 F1500 X140.387 Y105.315 E1394.75756
G0 F9000 X140.387 Y104.749
G1 F1500 X121.288 Y85.65 E1395.65592
G0 F9000 X121.854 Y85.65
G1 F1500 X140.387 Y104.183 E1396.52766
G0 F9000 X140.387 Y103.618
G1 F1500 X122.419 Y85.65 E1397.37282
G0 F9000 X122.985 Y85.65
G1 F1500 X140.387 Y103.052 E1398.19135
G0 F9000 X140.387 Y102.486
G1 F1500 X123.551 Y85.65 E1398.98327
G0 F9000 X124.117 Y85.65
G1 F1500 X140.387 Y101.92 E1399.74856
G0 F9000 X140.387 Y101.355
G1 F1500 X124.682 Y85.65 E1400.48727
G0 F9000 X125.248 Y85.65
G1 F1500 X140.387 Y100.789 E1401.19937
G0 F9000 X140.387 Y100.223
G1 F1500 X125.814 Y85.65 E1401.88483
G0 F9000 X126.379 Y85.65
G1 F1500 X140.387 Y99.658 E1402.54373
G0 F9000 X140.387 Y99.092
G1 F1500 X126.945 Y85.65 E1403.176
G0 F9000 X127.511 Y85.65
G1 F1500 X140.387 Y98.526 E1403.78165
G0 F9000 X140.387 Y97.961
G1 F1500 X128.076 Y85.65 E1404.36072
G0 F9000 X128.642 Y85.65
G1 F1500 X140.387 Y97.395 E1404.91317
G0 F9000 X140.387 Y96.829
G1 F1500 X129.208 Y85.65 E1405.43899
G0 F9000 X129.773 Y85.65
G1 F1500 X140.387 Y96.264 E1405.93824
G0 F9000 X140.387 Y95.698
G1 F1500 X130.339 Y85.65 E1406.41087
G0 F9000 X130.905 Y85.65
G1 F1500 X140.387 Y95.132 E1406.85687
G0 F9000 X140.387 Y94.567
G1 F1500 X131.47 Y85.65 E1407.2763
G0 F9000 X132.036 Y85.65
G1 F1500 X140.387 Y94.001 E1407.66911
G0 F9000 X140.387 Y93.435
G1 F1500 X132.602 Y85.65 E1408.03529
G0 F9000 X133.168 Y85.65
G1 F1500 X140.387 Y92.869 E1408.37485
G0 F9000 X140.387 Y92.304
G1 F1500 X133.733 Y85.65 E1408.68783
G0 F9000 X134.299 Y85.65
G1 F1500 X140.387 Y91.738 E1408.97419
G0 F9000 X140.387 Y91.172
G1 F1500 X134.865 Y85.65 E1409.23393
G0 F9000 X135.43 Y85.65
G1 F1500 X140.387 Y90.607 E1409.46709
G0 F9000 X140.387 Y90.041
G1 F1500 X135.996 Y85.65 E1409.67363
G0 F9000 X136.562 Y85.65
G1 F1500 X140.387 Y89.475 E1409.85355
G0 F9000 X140.387 Y88.91
G1 F1500 X137.528 Y86.05 E1409.98805
G0 F9000 X137.293 Y85.815
G1 F1500 X137.127 Y85.65 E1409.99584
G0 F9000 X137.127 Y85.21
G0 X137.608 Y85.274
G0 X138.093 Y85.61
G0 X138.093 Y86.05
G1 F1500 X140.387 Y88.344 E1410.10374
G0 F9000 X140.387 Y87.778
G1 F1500 X138.659 Y86.05 E1410.18502
G0 F9000 X139.225 Y86.05
G1 F1500 X140.387 Y87.213 E1410.2397
G0 F9000 X140.387 Y86.647
G1 F1500 X139.79 Y86.05 E1410.26778
G0 F9000 X139.53 Y85.507
;TYPE:SKIN
G1 F1500 X139.247 Y85.507 E1410.28112
G1 X137.834 Y85.508 E1410.3477
G1 X137.693 Y85.65 E1410.35712
G0 F9000 X137.783 Y85.61
G0 X139.58 Y85.274
G0 X139.813 Y85.507
G1 F1500 X140.095 Y85.507 E1410.37134
G1 X140.603 Y85.448 E1410.39712
G1 X140.744 Y85.307 E1410.40717
G0 F9000 X140.777 Y85.34
G0 X137.662 Y85.282
G0 X113.338 Y85.282
G0 X113.335 Y85.333
G1 F1500 X113.194 Y85.475 E1410.41499
G1 X111.245 Y85.507 E1410.49107
G1 X110.425 Y85.535 E1410.5231
G1 X110.284 Y85.677 E1410.53091
G1 F2700 E1405.53091
G0 F9000 X110.221 Y85.614
G0 X110.162 Y149.259
G1 F2700 E1410.53091
G0 F9000 X110.227 Y149.259
G1 F1500 X110.691 Y149.724 E1410.54183
G0 F9000 X110.315 Y149.63
G1 F1500 X110.742 Y149.491 E1410.55785
G1 X113.004 Y149.491 E1410.63855
G1 X113.366 Y149.287 E1410.65338
G0 F9000 X113.266 Y149.316
G0 X113.338 Y149.718
G0 X137.662 Y149.718
G0 X137.603 Y149.483
G1 F1500 X137.844 Y149.724 E1410.65905
G0 F9000 X137.895 Y149.491
G1 F1500 X138.177 Y149.491 E1410.67074
G1 X140.44 Y149.491 E1410.76456
G1 X140.634 Y149.402 E1410.77341
G0 F9000 X140.491 Y149.69
G1 F2700 E1405.77341
;MESH:NONMESH
G0 F300 X140.491 Y149.69 Z1.6
G0 F9000 X113.338 Y149.718
G0 X110.234 Y149.318
G0 X101.566 Y146.6
;TIME_ELAPSED:1933.550377
;LAYER:7
;TYPE:WALL-INNER
;MESH:esp32-s3-mount.obj
G1 F2700 E1410.77341
G1 F1500 X101.567 Y88.4 E1412.70915
G1 X97.366 Y88.4 E1412.84887
G1 X97.366 Y146.6 E1414.78461
G1 X101.566 Y146.6 E1414.92431
G0 F9000 X101.166 Y146.2
;TYPE:WALL-OUTER
G1 F1500 X101.167 Y88.8 E1416.83344
G1 X97.766 Y88.8 E1416.94656
G1 X97.766 Y146.2 E1418.85569
G1 X101.166 Y146.2 E1418.96877
G1 F2700 E1413.96877
G0 F9000 X101.166 Y146.5
G0 X110.234 Y149.318
G0 X113.338 Y149.718
G0 X141.4 Y149.9
;TYPE:WALL-INNER
G1 F2700 E1418.96877
G1 F1500 X93.6 Y149.9 E1420.55861
G1 X93.6 Y85.1 E1422.71386
G1 X141.4 Y85.1 E1424.3037
G1 X141.4 Y149.9 E1426.45895
G0 F9000 X141.8 Y150.3
;TYPE:WALL-OUTER
G1 F1500 X93.2 Y150.3 E1428.0754
G1 X93.2 Y84.7 E1430.25726
G1 X141.8 Y84.7 E1431.8737
G1 X141.8 Y150.3 E1434.05557
G0 F9000 X141.318 Y149.558
;TYPE:FILL
G1 F3000 X140.618 Y149.745 E1434.07967
G0 F9000 X141.32 Y148.206
G1 F3000 X140.617 Y147.503 E1434.11273
G0 F9000 X140.838 Y147.503
G0 X140.838 Y143.534
G0 X140.617 Y143.534
G1 F3000 X141.319 Y143.346 E1434.13691
G0 F9000 X140.617 Y142.764
G1 F3000 X141.319 Y140.144 E1434.22712
G0 F9000 X141.32 Y139.72
G1 F3000 X140.617 Y139.017 E1434.26019
G0 F9000 X140.838 Y139.017
G0 X140.838 Y137.322
G0 X140.618 Y137.322
G1 F3000 X141.319 Y137.134 E1434.28433
G0 F9000 X141.32 Y131.235
G1 F3000 X140.617 Y130.532 E1434.31739
G0 F9000 X140.618 Y131.11
G1 F3000 X141.318 Y130.923 E1434.34149
G0 F9000 X140.838 Y124.899
G0 X140.617 Y124.899
G1 F3000 X141.319 Y124.711 E1434.36566
G0 F9000 X141.32 Y122.75
G1 F3000 X140.617 Y122.047 E1434.39873
G0 F9000 X140.838 Y122.047
G0 X140.838 Y119.581
G0 X140.617 Y119.581
G1 F3000 X141.319 Y116.962 E1434.48891
G0 F9000 X141.319 Y118.499
G1 F3000 X140.618 Y118.687 E1434.51305
G0 F9000 X140.838 Y118.687
G0 X141.319 Y114.264
G1 F3000 X140.617 Y113.562 E1434.54607
G0 F9000 X140.838 Y113.562
G0 X140.838 Y112.475
G0 X140.618 Y112.475
G1 F3000 X141.318 Y112.288 E1434.57017
G0 F9000 X140.838 Y106.264
G0 X140.617 Y106.264
G1 F3000 X141.318 Y106.076 E1434.59431
G0 F9000 X141.319 Y105.778
G1 F3000 X140.617 Y105.076 E1434.62733
G0 F9000 X140.838 Y105.076
G0 X140.838 Y100.052
G0 X140.617 Y100.052
G1 F3000 X141.319 Y99.864 E1434.6515
G0 F9000 X141.319 Y97.293
G1 F3000 X140.617 Y96.591 E1434.68452
G1 X140.617 Y96.399
G1 X141.319 Y93.78 E1434.77471
G1 X141.318 Y93.653
G1 X140.618 Y93.84 E1434.7988
G0 F9000 X140.838 Y93.84
G0 X141.319 Y88.808
G1 F3000 X140.617 Y88.106 E1434.83182
G0 F9000 X140.618 Y87.629
G1 F3000 X141.318 Y87.441 E1434.85593
G1 F2700 E1429.85593
G0 F9000 X140.766 Y85.682
G0 X137.662 Y85.282
G0 X113.338 Y85.282
G0 X110.234 Y85.682
G0 X110.162 Y89.519
G1 F2700 E1434.85593
G0 F9000 X110.38 Y89.519
G1 F3000 X101.646 Y91.859 E1435.15667
G0 F9000 X101.645 Y91.561
G1 F3000 X110.382 Y100.297 E1435.56761
G0 F9000 X110.162 Y100.297
G0 X110.162 Y101.942
G0 X110.38 Y101.942
G1 F3000 X101.646 Y104.283 E1435.86836
G0 F9000 X101.646 Y102.747
G1 F3000 X106.354 Y85.178 E1436.47332
G0 F9000 X103.75 Y85.18
G1 F3000 X110.382 Y91.812 E1436.78527
G0 F9000 X110.162 Y91.812
G0 X110.162 Y93.328
G0 X110.382 Y93.328
G1 F3000 X101.646 Y125.929 E1437.90784
G0 F9000 X101.645 Y125.502
G1 F3000 X110.382 Y134.238 E1438.31878
G0 F9000 X110.162 Y134.238
G0 X110.162 Y133.001
G0 X110.38 Y133.001
G1 F3000 X101.645 Y135.341 E1438.61955
G0 F9000 X101.645 Y133.987
G1 F3000 X110.382 Y142.723 E1439.03049
G0 F9000 X110.162 Y142.723
G0 X110.162 Y145.424
G0 X110.38 Y145.424
G1 F3000 X93.976 Y149.82 E1439.59534
G0 F9000 X95.245 Y149.819
G1 F3000 X97.285 Y142.205 E1439.85751
G0 F9000 X97.285 Y142.721
G1 F3000 X93.68 Y143.687 E1439.98165
G0 F9000 X93.679 Y142.991
G1 F3000 X97.286 Y146.598 E1440.15131
G1 X97.367 Y146.679
G1 X100.506 Y149.818 E1440.29896
G0 F9000 X101.456 Y149.819
G1 F3000 X110.381 Y116.51 E1441.4459
G0 F9000 X110.382 Y117.268
G1 F3000 X101.645 Y108.531 E1441.85686
G0 F9000 X101.645 Y110.495
G1 F3000 X110.38 Y108.154 E1442.15764
G0 F9000 X110.382 Y108.782
G1 F3000 X101.645 Y100.046 E1442.56858
G0 F9000 X101.646 Y98.071
G1 F3000 X110.381 Y95.731 E1442.86935
G0 F9000 X110.162 Y95.731
G0 X103.396 Y85.179
G1 F3000 X93.679 Y87.782 E1443.20393
G0 F9000 X93.68 Y86.114
G1 F3000 X93.93 Y85.179 E1443.23612
G0 F9000 X95.264 Y85.18
G1 F3000 X98.404 Y88.319 E1443.3838
G0 F9000 X99.3 Y88.32
G1 F3000 X100.142 Y85.179 E1443.49195
G0 F9000 X97.538 Y88.572
G0 X97.285 Y93.028
G1 F3000 X93.679 Y93.994 E1443.61612
G0 F9000 X93.679 Y92.08
G1 F3000 X97.285 Y95.686 E1443.78574
G1 X97.284 Y95.842
G1 X93.68 Y109.296 E1444.24899
G0 F9000 X93.679 Y109.05
G1 F3000 X97.285 Y112.656 E1444.41861
G0 F9000 X97.285 Y111.663
G1 F3000 X93.679 Y112.629 E1444.54277
G0 F9000 X93.679 Y117.535
G1 F3000 X97.286 Y121.142 E1444.71244
G0 F9000 X97.285 Y119.023
G1 F3000 X93.68 Y132.478 E1445.17574
G0 F9000 X93.679 Y131.264
G1 F3000 X97.284 Y130.298 E1445.29987
G0 F9000 X97.286 Y129.628
G1 F3000 X93.679 Y126.021 E1445.46953
G0 F9000 X93.68 Y125.052
G1 F3000 X97.284 Y124.086 E1445.59363
G1 F2700 E1440.59363
G0 F9000 X97.538 Y146.428
G0 X101.394 Y146.428
G0 X101.646 Y122.918
G1 F2700 E1445.59363
G1 F3000 X110.38 Y120.577 E1445.89438
G0 F9000 X110.162 Y120.577
G0 X110.162 Y125.753
G0 X110.382 Y125.753
G1 F3000 X101.645 Y117.016 E1446.30534
G0 F9000 X101.646 Y116.706
G1 F3000 X110.38 Y114.366 E1446.60608
G0 F9000 X110.162 Y114.366
G0 X110.162 Y126.789
G0 X110.38 Y126.789
G1 F3000 X101.645 Y129.13 E1446.90686
G1 F2700 E1441.90686
G0 F9000 X101.394 Y146.428
G0 X97.538 Y146.428
G0 X97.285 Y136.51
G1 F2700 E1446.90686
G1 F3000 X93.679 Y137.476 E1447.03103
G0 F9000 X93.679 Y134.506
G1 F3000 X97.286 Y138.113 E1447.20069
G0 F9000 X97.538 Y146.428
G0 X101.394 Y146.428
G0 X101.645 Y141.553
G1 F3000 X110.381 Y139.212 E1447.5015
G0 F9000 X110.381 Y139.693
G1 F3000 X107.668 Y149.82 E1447.8502
G0 F9000 X108.992 Y149.818
G1 F3000 X101.645 Y142.472 E1448.19576
G1 F2700 E1443.19576
G0 F9000 X101.394 Y146.428
G0 X97.538 Y146.428
G0 X93.679 Y118.841
G1 F2700 E1448.19576
G1 F3000 X97.285 Y117.875 E1448.31992
G0 F9000 X93.68 Y106.417
G1 F3000 X97.284 Y105.452 E1448.44402
G0 F9000 X97.285 Y104.171
G1 F3000 X93.679 Y100.565 E1448.61363
G0 F9000 X93.679 Y100.206
G1 F3000 X97.285 Y99.24 E1448.7378
G0 F9000 X97.538 Y88.572
G0 X110.452 Y85.61
G0 X110.452 Y85.89
;TYPE:SKIN
G1 F1500 X113.546 Y85.89 E1448.8407
G1 X113.546 Y85.49 E1448.85401
G1 X137.454 Y85.49 E1449.64919
G1 X137.454 Y85.89 E1449.66249
G1 X140.548 Y85.89 E1449.7654
G1 X140.548 Y149.11 E1451.86811
G1 X137.454 Y149.11 E1451.97101
G1 X137.454 Y149.51 E1451.98432
G1 X113.546 Y149.51 E1452.7795
G1 X113.546 Y149.11 E1452.79281
G1 X110.452 Y149.11 E1452.89571
G1 X110.452 Y85.89 E1454.99842
G0 F9000 X110.612 Y86.246
G1 F1500 X110.808 Y86.049 E1455.00766
G0 F9000 X111.374 Y86.049
G1 F1500 X110.612 Y86.812 E1455.04353
G0 F9000 X110.612 Y87.377
G1 F1500 X111.939 Y86.049 E1455.10597
G0 F9000 X112.505 Y86.049
G1 F1500 X110.612 Y87.943 E1455.19503
G0 F9000 X110.612 Y88.509
G1 F1500 X113.071 Y86.049 E1455.31072
G0 F9000 X113.637 Y86.049
G1 F1500 X110.612 Y89.074 E1455.45301
G0 F9000 X110.612 Y89.64
G1 F1500 X114.602 Y85.649 E1455.64071
G0 F9000 X114.037 Y85.649
G1 F1500 X113.704 Y85.982 E1455.65637
G0 F9000 X113.296 Y85.64
G0 X113.338 Y85.282
G0 X115.168 Y85.21
G0 X115.168 Y85.649
G1 F1500 X110.612 Y90.206 E1455.87069
G0 F9000 X110.612 Y90.772
G1 F1500 X115.734 Y85.649 E1456.11164
G0 F9000 X116.299 Y85.649
G1 F1500 X110.612 Y91.337 E1456.37916
G0 F9000 X110.612 Y91.903
G1 F1500 X116.865 Y85.649 E1456.67331
G0 F9000 X117.431 Y85.649
G1 F1500 X110.612 Y92.469 E1456.99408
G0 F9000 X110.612 Y93.034
G1 F1500 X117.997 Y85.649 E1457.34145
G0 F9000 X118.562 Y85.649
G1 F1500 X110.612 Y93.6 E1457.71541
G0 F9000 X110.612 Y94.166
G1 F1500 X119.128 Y85.649 E1458.116
G0 F9000 X119.694 Y85.649
G1 F1500 X110.612 Y94.731 E1458.54319
G0 F9000 X110.612 Y95.297
G1 F1500 X120.259 Y85.649 E1458.99698
G0 F9000 X120.825 Y85.649
G1 F1500 X110.612 Y95.863 E1459.47739
G0 F9000 X110.612 Y96.428
G1 F1500 X121.391 Y85.649 E1459.9844
G0 F9000 X121.956 Y85.649
G1 F1500 X110.612 Y96.994 E1460.51801
G0 F9000 X110.612 Y97.56
G1 F1500 X122.522 Y85.649 E1461.07825
G0 F9000 X123.088 Y85.649
G1 F1500 X110.612 Y98.125 E1461.66508
G0 F9000 X110.612 Y98.691
G1 F1500 X123.653 Y85.649 E1462.27851
G0 F9000 X124.219 Y85.649
G1 F1500 X110.612 Y99.257 E1462.91857
G0 F9000 X110.612 Y99.822
G1 F1500 X124.785 Y85.649 E1463.58522
G0 F9000 X125.35 Y85.649
G1 F1500 X110.612 Y100.388 E1464.27848
G0 F9000 X110.612 Y100.954
G1 F1500 X125.916 Y85.649 E1464.99835
G0 F9000 X126.482 Y85.649
G1 F1500 X110.612 Y101.52 E1465.74485
G0 F9000 X110.612 Y102.085
G1 F1500 X127.047 Y85.649 E1466.51793
G0 F9000 X127.613 Y85.649
G1 F1500 X110.612 Y102.651 E1467.31763
G0 F9000 X110.612 Y103.217
G1 F1500 X128.179 Y85.649 E1468.14395
G0 F9000 X128.745 Y85.649
G1 F1500 X110.612 Y103.782 E1468.99687
G0 F9000 X110.612 Y104.348
G1 F1500 X129.31 Y85.649 E1469.87639
G0 F9000 X129.876 Y85.649
G1 F1500 X110.612 Y104.914 E1470.78253
G0 F9000 X110.612 Y105.479
G1 F1500 X130.442 Y85.649 E1471.71527
G0 F9000 X131.007 Y85.649
G1 F1500 X110.612 Y106.045 E1472.67462
G0 F9000 X110.612 Y106.611
G1 F1500 X131.573 Y85.649 E1473.66058
G0 F9000 X132.139 Y85.649
G1 F1500 X110.612 Y107.176 E1474.67314
G0 F9000 X110.612 Y107.742
G1 F1500 X132.704 Y85.649 E1475.71231
G0 F9000 X133.27 Y85.649
G1 F1500 X110.612 Y108.308 E1476.77809
G0 F9000 X110.612 Y108.873
G1 F1500 X133.836 Y85.649 E1477.87048
G0 F9000 X134.401 Y85.649
G1 F1500 X110.612 Y109.439 E1478.98947
G0 F9000 X110.612 Y110.005
G1 F1500 X134.967 Y85.649 E1480.13507
G0 F9000 X135.533 Y85.649
G1 F1500 X110.612 Y110.57 E1481.30728
G0 F9000 X110.612 Y111.136
G1 F1500 X136.098 Y85.649 E1482.50609
G0 F9000 X136.664 Y85.649
G1 F1500 X110.612 Y111.702 E1483.73152
G0 F9000 X110.612 Y112.268
G1 F1500 X137.23 Y85.649 E1484.98357
G0 F9000 X137.395 Y86.049
G1 F1500 X110.612 Y112.833 E1486.24338
G0 F9000 X110.612 Y113.399
G1 F1500 X137.961 Y86.049 E1487.52982
G0 F9000 X138.527 Y86.049
G1 F1500 X110.612 Y113.965 E1488.84288
G0 F9000 X110.612 Y114.53
G1 F1500 X139.092 Y86.049 E1490.18252
G0 F9000 X139.658 Y86.049
G1 F1500 X110.612 Y115.096 E1491.54877
G0 F9000 X110.612 Y115.662
G1 F1500 X140.224 Y86.049 E1492.94166
G0 F9000 X140.386 Y86.452
G1 F1500 X110.612 Y116.227 E1494.34216
G0 F9000 X110.612 Y116.793
G1 F1500 X140.386 Y87.018 E1495.74266
G0 F9000 X140.386 Y87.584
G1 F1500 X110.612 Y117.359 E1497.14316
G0 F9000 X110.612 Y117.924
G1 F1500 X140.386 Y88.15 E1498.54364
G0 F9000 X140.386 Y88.715
G1 F1500 X110.612 Y118.49 E1499.94414
G0 F9000 X110.612 Y119.056
G1 F1500 X140.386 Y89.281 E1501.34464
G0 F9000 X140.386 Y89.847
G1 F1500 X110.612 Y119.621 E1502.74512
G0 F9000 X110.612 Y120.187
G1 F1500 X140.386 Y90.412 E1504.14562
G0 F9000 X140.386 Y90.978
G1 F1500 X110.612 Y120.753 E1505.54612
G0 F9000 X110.612 Y121.319
G1 F1500 X140.386 Y91.544 E1506.94662
G0 F9000 X140.386 Y92.109
G1 F1500 X110.612 Y121.884 E1508.34712
G0 F9000 X110.612 Y122.45
G1 F1500 X140.386 Y92.675 E1509.74762
G0 F9000 X140.386 Y93.241
G1 F1500 X110.612 Y123.016 E1511.14812
G0 F9000 X110.612 Y123.581
G1 F1500 X140.386 Y93.806 E1512.54862
G0 F9000 X140.386 Y94.372
G1 F1500 X110.612 Y124.147 E1513.94913
G0 F9000 X110.612 Y124.713
G1 F1500 X140.386 Y94.938 E1515.34963
G0 F9000 X140.386 Y95.503
G1 F1500 X110.612 Y125.278 E1516.75013
G0 F9000 X110.612 Y125.844
G1 F1500 X140.386 Y96.069 E1518.15063
G0 F9000 X140.386 Y96.635
G1 F1500 X110.612 Y126.41 E1519.55113
G0 F9000 X110.612 Y126.975
G1 F1500 X140.386 Y97.201 E1520.95161
G0 F9000 X140.386 Y97.766
G1 F1500 X110.612 Y127.541 E1522.35211
G0 F9000 X110.612 Y128.107
G1 F1500 X140.386 Y98.332 E1523.75261
G0 F9000 X140.386 Y98.898
G1 F1500 X110.612 Y128.672 E1525.15309
G0 F9000 X110.612 Y129.238
G1 F1500 X140.386 Y99.463 E1526.55359
G0 F9000 X140.386 Y100.029
G1 F1500 X110.612 Y129.804 E1527.95409
G0 F9000 X110.612 Y130.369
G1 F1500 X140.386 Y100.595 E1529.35457
G0 F9000 X140.386 Y101.16
G1 F1500 X110.612 Y130.935 E1530.75507
G0 F9000 X110.612 Y131.501
G1 F1500 X140.386 Y101.726 E1532.15557
G0 F9000 X140.386 Y102.292
G1 F1500 X110.612 Y132.067 E1533.55607
G0 F9000 X110.612 Y132.632
G1 F1500 X140.386 Y102.857 E1534.95657
G0 F9000 X140.386 Y103.423
G1 F1500 X110.612 Y133.198 E1536.35707
G0 F9000 X110.612 Y133.764
G1 F1500 X140.386 Y103.989 E1537.75758
G0 F9000 X140.386 Y104.554
G1 F1500 X110.612 Y134.329 E1539.15808
G0 F9000 X110.612 Y134.895
G1 F1500 X140.386 Y105.12 E1540.55858
G0 F9000 X140.386 Y105.686
G1 F1500 X110.612 Y135.461 E1541.95908
G0 F9000 X110.612 Y136.026
G1 F1500 X140.386 Y106.251 E1543.35958
G0 F9000 X140.386 Y106.817
G1 F1500 X110.612 Y136.592 E1544.76008
G0 F9000 X110.612 Y137.158
G1 F1500 X140.386 Y107.383 E1546.16058
G0 F9000 X140.386 Y107.949
G1 F1500 X110.612 Y137.723 E1547.56106
G0 F9000 X110.612 Y138.289
G1 F1500 X140.386 Y108.514 E1548.96156
G0 F9000 X140.386 Y109.08
G1 F1500 X110.612 Y138.855 E1550.36206
G0 F9000 X110.612 Y139.42
G1 F1500 X140.386 Y109.646 E1551.76254
G0 F9000 X140.386 Y110.211
G1 F1500 X110.612 Y139.986 E1553.16304
G0 F9000 X110.612 Y140.552
G1 F1500 X140.386 Y110.777 E1554.56354
G0 F9000 X140.386 Y111.343
G1 F1500 X110.612 Y141.118 E1555.96404
G0 F9000 X110.612 Y141.683
G1 F1500 X140.386 Y111.908 E1557.36455
G0 F9000 X140.386 Y112.474
G1 F1500 X110.612 Y142.249 E1558.76505
G0 F9000 X110.612 Y142.815
G1 F1500 X140.386 Y113.04 E1560.16555
G0 F9000 X140.386 Y113.605
G1 F1500 X110.612 Y143.38 E1561.56605
G0 F9000 X110.612 Y143.946
G1 F1500 X140.386 Y114.171 E1562.96655
G0 F9000 X140.386 Y114.737
G1 F1500 X110.612 Y144.512 E1564.36705
G0 F9000 X110.612 Y145.077
G1 F1500 X140.386 Y115.302 E1565.76755
G0 F9000 X140.386 Y115.868
G1 F1500 X110.612 Y145.643 E1567.16805
G0 F9000 X110.612 Y146.209
G1 F1500 X140.386 Y116.434 E1568.56855
G0 F9000 X140.386 Y117
G1 F1500 X110.612 Y146.774 E1569.96903
G0 F9000 X110.612 Y147.34
G1 F1500 X140.386 Y117.565 E1571.36953
G0 F9000 X140.386 Y118.131
G1 F1500 X110.612 Y147.906 E1572.77003
G0 F9000 X110.612 Y148.471
G1 F1500 X140.386 Y118.697 E1574.17051
G0 F9000 X140.386 Y119.262
G1 F1500 X110.699 Y148.949 E1575.5669
G0 F9000 X111.265 Y148.949
G1 F1500 X140.386 Y119.828 E1576.93666
G0 F9000 X140.386 Y120.394
G1 F1500 X111.831 Y148.949 E1578.2798
G0 F9000 X112.396 Y148.949
G1 F1500 X140.386 Y120.959 E1579.59636
G0 F9000 X140.386 Y121.525
G1 F1500 X112.962 Y148.949 E1580.8863
G0 F9000 X113.528 Y148.949
G1 F1500 X140.386 Y122.091 E1582.14962
G0 F9000 X140.386 Y122.656
G1 F1500 X113.705 Y149.338 E1583.40464
G0 F9000 X114.259 Y149.349
G1 F1500 X140.386 Y123.222 E1584.63357
G0 F9000 X140.386 Y123.788
G1 F1500 X114.825 Y149.349 E1585.83588
G0 F9000 X115.391 Y149.349
G1 F1500 X140.386 Y124.353 E1587.0116
G0 F9000 X140.386 Y124.919
G1 F1500 X115.957 Y149.349 E1588.16068
G0 F9000 X116.522 Y149.349
G1 F1500 X140.386 Y125.485 E1589.28317
G0 F9000 X140.386 Y126.05
G1 F1500 X117.088 Y149.349 E1590.37906
G0 F9000 X117.654 Y149.349
G1 F1500 X140.386 Y126.616 E1591.44833
G0 F9000 X140.386 Y127.182
G1 F1500 X118.219 Y149.349 E1592.491
G0 F9000 X118.785 Y149.349
G1 F1500 X140.386 Y127.748 E1593.50704
G0 F9000 X140.386 Y128.313
G1 F1500 X119.351 Y149.349 E1594.49649
G0 F9000 X119.916 Y149.349
G1 F1500 X140.386 Y128.879 E1595.45933
G0 F9000 X140.386 Y129.445
G1 F1500 X120.482 Y149.349 E1596.39556
G0 F9000 X121.048 Y149.349
G1 F1500 X140.386 Y130.01 E1597.30518
G0 F9000 X140.386 Y130.576
G1 F1500 X121.613 Y149.349 E1598.18821
G0 F9000 X122.179 Y149.349
G1 F1500 X140.386 Y131.142 E1599.04461
G0 F9000 X140.386 Y131.707
G1 F1500 X122.745 Y149.349 E1599.87441
G0 F9000 X123.31 Y149.349
G1 F1500 X140.386 Y132.273 E1600.67761
G0 F9000 X140.386 Y132.839
G1 F1500 X123.876 Y149.349 E1601.45419
G0 F9000 X124.442 Y149.349
G1 F1500 X140.386 Y133.404 E1602.20417
G0 F9000 X140.386 Y133.97
G1 F1500 X125.007 Y149.349 E1602.92755
G0 F9000 X125.573 Y149.349
G1 F1500 X140.386 Y134.536 E1603.62431
G0 F9000 X140.386 Y135.101
G1 F1500 X126.139 Y149.349 E1604.29447
G0 F9000 X126.705 Y149.349
G1 F1500 X140.386 Y135.667 E1604.93801
G0 F9000 X140.386 Y136.233
G1 F1500 X127.27 Y149.349 E1605.55494
G0 F9000 X127.836 Y149.349
G1 F1500 X140.386 Y136.798 E1606.14528
G0 F9000 X140.386 Y137.364
G1 F1500 X128.402 Y149.349 E1606.70899
G0 F9000 X128.967 Y149.349
G1 F1500 X140.386 Y137.93 E1607.24611
G0 F9000 X140.386 Y138.496
G1 F1500 X129.533 Y149.349 E1607.7566
G0 F9000 X130.099 Y149.349
G1 F1500 X140.386 Y139.061 E1608.24049
G0 F9000 X140.386 Y139.627
G1 F1500 X130.664 Y149.349 E1608.69779
G0 F9000 X131.23 Y149.349
G1 F1500 X140.386 Y140.193 E1609.12846
G0 F9000 X140.386 Y140.758
G1 F1500 X131.796 Y149.349 E1609.53253
G0 F9000 X132.361 Y149.349
G1 F1500 X140.386 Y141.324 E1609.91
G0 F9000 X140.386 Y141.89
G1 F1500 X132.927 Y149.349 E1610.26085
G0 F9000 X133.493 Y149.349
G1 F1500 X140.386 Y142.455 E1610.5851
G0 F9000 X140.386 Y143.021
G1 F1500 X134.058 Y149.349 E1610.88275
G0 F9000 X134.624 Y149.349
G1 F1500 X140.386 Y143.587 E1611.15377
G0 F9000 X140.386 Y144.152
G1 F1500 X135.19 Y149.349 E1611.3982
G0 F9000 X135.756 Y149.349
G1 F1500 X140.386 Y144.718 E1611.616
G0 F9000 X140.386 Y145.284
G1 F1500 X136.321 Y149.349 E1611.80721
G0 F9000 X136.887 Y149.349
G1 F1500 X140.386 Y145.849 E1611.97182
G0 F9000 X140.386 Y146.415
G1 F1500 X137.852 Y148.949 E1612.09101
G0 F9000 X138.418 Y148.949
G1 F1500 X140.386 Y146.981 E1612.18358
G0 F9000 X140.386 Y147.547
G1 F1500 X138.983 Y148.949 E1612.24954
G0 F9000 X139.549 Y148.949
G1 F1500 X140.386 Y148.112 E1612.28891
G0 F9000 X140.386 Y148.678
G1 F1500 X140.115 Y148.949 E1612.30166
G0 F9000 X139.856 Y149.491
;TYPE:SKIN
G1 F1500 X139.573 Y149.491 E1612.31483
G1 X137.876 Y149.491 E1612.39379
G1 X137.715 Y149.369 E1612.40319
G0 F9000 X137.734 Y149.48
G0 X139.906 Y149.724
G0 X140.139 Y149.491
G1 F1500 X140.421 Y149.491 E1612.42158
G1 X140.624 Y149.571 E1612.43581
G0 F9000 X140.777 Y149.418
G0 X137.662 Y149.718
G0 X113.338 Y149.718
G0 X113.266 Y149.364
G0 X113.215 Y149.544
G1 F1500 X112.986 Y149.491 E1612.44601
G1 X110.447 Y149.484 E1612.55623
G1 X110.306 Y149.342 E1612.56492
G0 F9000 X110.39 Y149.39
G0 X113.296 Y149.76
G0 X113.319 Y149.724
G1 F1500 X113.395 Y149.647 E1612.56672
G1 F2700 E1607.56672
G0 F9000 X113.266 Y149.647
G0 X110.234 Y149.318
G0 X110.234 Y85.682
G0 X113.098 Y85.61
G1 F2700 E1612.56672
G0 F9000 X113.098 Y85.74
G1 F1500 X113.395 Y85.443 E1612.5737
G0 F9000 X113.047 Y85.507
G1 F1500 X112.764 Y85.507 E1612.58647
G1 X110.502 Y85.507 E1612.68855
G1 X110.336 Y85.389 E1612.69774
G0 F9000 X110.221 Y85.505
G0 X113.338 Y85.282
G0 X137.662 Y85.282
G0 X137.734 Y85.559
G0 X137.603 Y85.559
G1 F1500 X137.887 Y85.274 E1612.70443
G0 F9000 X137.937 Y85.507
G1 F1500 X138.22 Y85.507 E1612.71612
G1 X140.483 Y85.507 E1612.80955
G1 X140.655 Y85.618 E1612.81801
G0 F9000 X140.533 Y85.31
G1 F2700 E1607.81801
;MESH:NONMESH
G0 F300 X140.533 Y85.31 Z1.8
G0 F9000 X113.338 Y85.282
G0 X110.234 Y85.682
G0 X101.766 Y146.6
;TIME_ELAPSED:2204.437623
;LAYER:8
;TYPE:WALL-INNER
;MESH:esp32-s3-mount.obj
G1 F2700 E1612.81801
G1 F1500 X101.767 Y88.4 E1614.75375
G1 X97.166 Y88.4 E1614.90678
G1 X97.166 Y146.6 E1616.84252
G1 X101.766 Y146.6 E1616.99551
G0 F9000 X101.366 Y146.2
;TYPE:WALL-OUTER
G1 F1500 X101.367 Y88.8 E1618.90465
G1 X97.566 Y88.8 E1619.03107
G1 X97.566 Y146.2 E1620.9402
G1 X101.366 Y146.2 E1621.06659
G1 F2700 E1616.06659
G0 F9000 X101.366 Y146.5
G0 X110.234 Y149.318
G0 X113.338 Y149.718
G0 X141.4 Y149.9
;TYPE:WALL-INNER
G1 F2700 E1621.06659
G1 F1500 X93.6 Y149.9 E1622.65642
G1 X93.6 Y85.1 E1624.81168
G1 X141.4 Y85.1 E1626.40151
G1 X141.4 Y149.9 E1628.55677
G0 F9000 X141.8 Y150.3
;TYPE:WALL-OUTER
G1 F1500 X93.2 Y150.3 E1630.17321
G1 X93.2 Y84.7 E1632.35508
G1 X141.8 Y84.7 E1633.97152
G1 X141.8 Y150.3 E1636.15338
G0 F9000 X141.319 Y149.703
;TYPE:FILL
G1 F3000 X140.886 Y149.819 E1636.16829
G0 F9000 X141.32 Y148.006
G1 F3000 X140.617 Y147.303 E1636.20136
G0 F9000 X140.838 Y147.303
G0 X140.838 Y143.68
G0 X140.617 Y143.68
G1 F3000 X141.318 Y143.492 E1636.2255
G0 F9000 X140.838 Y142.218
G0 X140.617 Y142.218
G1 F3000 X141.319 Y139.599 E1636.31568
G1 X141.32 Y139.521
G1 X140.617 Y138.818 E1636.34875
G0 F9000 X140.838 Y138.818
G0 X140.838 Y137.468
G0 X140.617 Y137.468
G1 F3000 X141.319 Y137.28 E1636.37292
G0 F9000 X140.838 Y131.256
G0 X140.618 Y131.256
G1 F3000 X141.319 Y131.068 E1636.39706
G1 X141.32 Y131.036
G1 X140.617 Y130.333 E1636.43013
G0 F9000 X140.838 Y130.333
G0 X140.838 Y125.045
G0 X140.618 Y125.045
G1 F3000 X141.318 Y124.857 E1636.45424
G0 F9000 X141.32 Y122.55
G1 F3000 X140.617 Y121.847 E1636.4873
G0 F9000 X140.838 Y121.847
G0 X140.838 Y119.036
G0 X140.617 Y119.036
G1 F3000 X141.319 Y116.417 E1636.57749
G0 F9000 X141.319 Y118.645
G1 F3000 X140.617 Y118.833 E1636.60166
G0 F9000 X140.838 Y118.833
G0 X141.319 Y114.064
G1 F3000 X140.617 Y113.362 E1636.63468
G0 F9000 X140.618 Y112.621
G1 F3000 X141.319 Y112.433 E1636.65882
G0 F9000 X140.838 Y106.41
G0 X140.618 Y106.41
G1 F3000 X141.318 Y106.222 E1636.68292
G0 F9000 X141.319 Y105.579
G1 F3000 X140.617 Y104.877 E1636.71594
G0 F9000 X140.838 Y104.877
G0 X140.838 Y100.198
G0 X140.617 Y100.198
G1 F3000 X141.319 Y100.01 E1636.74011
G0 F9000 X141.319 Y97.094
G1 F3000 X140.617 Y96.392 E1636.77313
G0 F9000 X140.617 Y95.853
G1 F3000 X141.319 Y93.236 E1636.86325
G0 F9000 X141.319 Y93.798
G1 F3000 X140.618 Y93.986 E1636.88739
G0 F9000 X140.838 Y93.986
G0 X141.319 Y88.608
G1 F3000 X140.617 Y87.906 E1636.92041
G1 X140.618 Y87.775
G1 X141.318 Y87.587 E1636.94452
G1 F2700 E1631.94452
G0 F9000 X140.766 Y85.682
G0 X137.662 Y85.282
G0 X113.338 Y85.282
G0 X110.234 Y85.682
G0 X110.162 Y89.665
G1 F2700 E1636.94452
G0 F9000 X110.38 Y89.665
G1 F3000 X101.846 Y91.952 E1637.23838
G0 F9000 X101.846 Y91.561
G1 F3000 X110.382 Y100.098 E1637.63991
G0 F9000 X110.162 Y100.098
G0 X110.162 Y102.088
G0 X110.38 Y102.088
G1 F3000 X101.846 Y104.375 E1637.93377
G0 F9000 X101.846 Y101.455
G1 F3000 X106.207 Y85.179 E1638.4942
G0 F9000 X103.949 Y85.18
G1 F3000 X110.382 Y91.612 E1638.79677
G0 F9000 X110.162 Y91.612
G0 X110.162 Y92.783
G0 X110.382 Y92.783
G1 F3000 X101.846 Y124.639 E1639.89368
G0 F9000 X101.846 Y125.502
G1 F3000 X110.382 Y134.039 E1640.29521
G0 F9000 X110.381 Y133.147
G1 F3000 X101.846 Y135.434 E1640.5891
G0 F9000 X101.846 Y133.988
G1 F3000 X110.382 Y142.524 E1640.99061
G0 F9000 X110.162 Y142.524
G0 X110.162 Y145.57
G0 X110.38 Y145.57
G1 F3000 X94.521 Y149.82 E1641.53669
G0 F9000 X95.099 Y149.819
G1 F3000 X97.085 Y142.406 E1641.79195
G0 F9000 X97.084 Y142.921
G1 F3000 X93.68 Y143.833 E1641.90916
G0 F9000 X93.679 Y142.792
G1 F3000 X97.085 Y146.198 E1642.06936
G0 F9000 X97.566 Y146.679
G1 F3000 X100.706 Y149.818 E1642.21704
G0 F9000 X101.31 Y149.82
G1 F3000 X110.381 Y115.966 E1643.38274
G0 F9000 X110.162 Y115.966
G0 X110.162 Y117.068
G0 X110.382 Y117.068
G1 F3000 X101.846 Y108.532 E1643.78425
G0 F9000 X101.846 Y110.587
G1 F3000 X110.38 Y108.3 E1644.07811
G0 F9000 X110.382 Y108.583
G1 F3000 X101.846 Y100.047 E1644.47962
G0 F9000 X101.846 Y98.164
G1 F3000 X110.38 Y95.877 E1644.77347
G0 F9000 X110.162 Y95.877
G0 X103.94 Y85.179
G1 F3000 X93.679 Y87.929 E1645.1268
G0 F9000 X93.68 Y85.568
G1 F3000 X93.784 Y85.178 E1645.14023
G0 F9000 X95.464 Y85.18
G1 F3000 X98.603 Y88.319 E1645.28787
G0 F9000 X99.154 Y88.319
G1 F3000 X99.996 Y85.179 E1645.396
G0 F9000 X97.338 Y88.572
G0 X97.084 Y93.228
G1 F3000 X93.679 Y94.14 E1645.51324
G0 F9000 X93.679 Y91.88
G1 F3000 X97.085 Y95.286 E1645.67345
G0 F9000 X97.085 Y96.043
G1 F3000 X93.68 Y108.751 E1646.11103
G1 X93.679 Y108.851
G1 X97.085 Y112.257 E1646.27124
G0 F9000 X97.084 Y111.863
G1 F3000 X93.679 Y112.775 E1646.38848
G0 F9000 X93.679 Y117.336
G1 F3000 X97.085 Y120.742 E1646.54869
G0 F9000 X97.085 Y119.225
G1 F3000 X93.68 Y131.933 E1646.98627
G0 F9000 X93.679 Y131.41
G1 F3000 X97.084 Y130.498 E1647.10351
G0 F9000 X97.085 Y129.228
G1 F3000 X93.679 Y125.821 E1647.26374
G0 F9000 X93.679 Y125.198
G1 F3000 X97.084 Y124.286 E1647.38098
G1 F2700 E1642.38098
G0 F9000 X97.338 Y146.428
G0 X101.594 Y146.428
G0 X101.846 Y123.01
G1 F2700 E1647.38098
G1 F3000 X110.38 Y120.723 E1647.67484
G0 F9000 X110.162 Y120.723
G0 X110.162 Y125.553
G0 X110.382 Y125.553
G1 F3000 X101.846 Y117.017 E1648.07635
G0 F9000 X101.846 Y116.799
G1 F3000 X110.381 Y114.512 E1648.37024
G0 F9000 X110.162 Y114.512
G0 X110.162 Y126.935
G0 X110.38 Y126.935
G1 F3000 X101.846 Y129.222 E1648.6641
G1 F2700 E1643.6641
G0 F9000 X101.594 Y146.428
G0 X97.338 Y146.428
G0 X97.085 Y136.709
G1 F2700 E1648.6641
G1 F3000 X93.679 Y137.622 E1648.78138
G0 F9000 X93.679 Y134.307
G1 F3000 X97.085 Y137.713 E1648.94159
G0 F9000 X97.338 Y146.428
G0 X101.594 Y146.428
G0 X101.845 Y141.645
G1 F3000 X110.38 Y139.358 E1649.23548
G0 F9000 X110.381 Y139.148
G1 F3000 X107.522 Y149.819 E1649.60291
G0 F9000 X109.191 Y149.818
G1 F3000 X101.846 Y142.473 E1649.9484
G1 F2700 E1644.9484
G0 F9000 X101.594 Y146.428
G0 X97.338 Y146.428
G0 X97.085 Y118.074
G1 F2700 E1649.9484
G1 F3000 X93.679 Y118.987 E1650.06568
G0 F9000 X93.679 Y106.563
G1 F3000 X97.084 Y105.651 E1650.18293
G0 F9000 X97.085 Y103.772
G1 F3000 X93.679 Y100.366 E1650.34313
G1 X93.679 Y100.352
G1 X97.085 Y99.439 E1650.46042
G0 F9000 X97.338 Y88.572
G0 X110.452 Y85.61
G0 X110.452 Y85.89
;TYPE:SKIN
G1 F1500 X113.546 Y85.89 E1650.56332
G1 X113.546 Y85.49 E1650.57663
G1 X137.454 Y85.49 E1651.37181
G1 X137.454 Y85.89 E1651.38512
G1 X140.548 Y85.89 E1651.48802
G1 X140.548 Y149.11 E1653.59073
G1 X137.454 Y149.11 E1653.69364
G1 X137.454 Y149.51 E1653.70694
G1 X113.546 Y149.51 E1654.50212
G1 X113.546 Y149.11 E1654.51543
G1 X110.452 Y149.11 E1654.61833
G1 X110.452 Y85.89 E1656.72104
G1 F2700 E1651.72104
G0 F9000 X110.452 Y85.61
G0 X113.338 Y85.282
G0 X137.662 Y85.282
G0 X140.766 Y85.682
G0 X140.838 Y86.647
G1 F2700 E1656.72104
G0 F9000 X140.387 Y86.647
G1 F1500 X139.79 Y86.05 E1656.74912
G0 F9000 X139.225 Y86.05
G1 F1500 X140.387 Y87.213 E1656.8038
G0 F9000 X140.387 Y87.778
G1 F1500 X138.659 Y86.05 E1656.88508
G0 F9000 X138.093 Y86.05
G1 F1500 X140.387 Y88.344 E1656.99298
G0 F9000 X140.387 Y88.91
G1 F1500 X137.528 Y86.05 E1657.12749
G0 F9000 X137.293 Y85.815
G1 F1500 X137.127 Y85.65 E1657.13527
G0 F9000 X136.562 Y85.65
G1 F1500 X140.387 Y89.475 E1657.31519
G0 F9000 X140.387 Y90.041
G1 F1500 X135.996 Y85.65 E1657.52173
G0 F9000 X135.43 Y85.65
G1 F1500 X140.387 Y90.607 E1657.75489
G0 F9000 X140.387 Y91.172
G1 F1500 X134.865 Y85.65 E1658.01463
G0 F9000 X134.299 Y85.65
G1 F1500 X140.387 Y91.738 E1658.30099
G0 F9000 X140.387 Y92.304
G1 F1500 X133.733 Y85.65 E1658.61397
G0 F9000 X133.168 Y85.65
G1 F1500 X140.387 Y92.869 E1658.95353
G0 F9000 X140.387 Y93.435
G1 F1500 X132.602 Y85.65 E1659.31971
G0 F9000 X132.036 Y85.65
G1 F1500 X140.387 Y94.001 E1659.71252
G0 F9000 X140.387 Y94.567
G1 F1500 X131.47 Y85.65 E1660.13195
G0 F9000 X130.905 Y85.65
G1 F1500 X140.387 Y95.132 E1660.57795
G0 F9000 X140.387 Y95.698
G1 F1500 X130.339 Y85.65 E1661.05058
G0 F9000 X129.773 Y85.65
G1 F1500 X140.387 Y96.264 E1661.54983
G0 F9000 X140.387 Y96.829
G1 F1500 X129.208 Y85.65 E1662.07565
G0 F9000 X128.642 Y85.65
G1 F1500 X140.387 Y97.395 E1662.6281
G0 F9000 X140.387 Y97.961
G1 F1500 X128.076 Y85.65 E1663.20717
G0 F9000 X127.511 Y85.65
G1 F1500 X140.387 Y98.526 E1663.81282
G0 F9000 X140.387 Y99.092
G1 F1500 X126.945 Y85.65 E1664.44509
G0 F9000 X126.379 Y85.65
G1 F1500 X140.387 Y99.658 E1665.10399
G0 F9000 X140.387 Y100.223
G1 F1500 X125.814 Y85.65 E1665.78945
G0 F9000 X125.248 Y85.65
G1 F1500 X140.387 Y100.789 E1666.50155
G0 F9000 X140.387 Y101.355
G1 F1500 X124.682 Y85.65 E1667.24026
G0 F9000 X124.117 Y85.65
G1 F1500 X140.387 Y101.92 E1668.00555
G0 F9000 X140.387 Y102.486
G1 F1500 X123.551 Y85.65 E1668.79747
G0 F9000 X122.985 Y85.65
G1 F1500 X140.387 Y103.052 E1669.616
G0 F9000 X140.387 Y103.618
G1 F1500 X122.419 Y85.65 E1670.46116
G0 F9000 X121.854 Y85.65
G1 F1500 X140.387 Y104.183 E1671.3329
G0 F9000 X140.387 Y104.749
G1 F1500 X121.288 Y85.65 E1672.23126
G0 F9000 X120.722 Y85.65
G1 F1500 X140.387 Y105.315 E1673.15624
G0 F9000 X140.387 Y105.88
G1 F1500 X120.157 Y85.65 E1674.1078
G0 F9000 X119.591 Y85.65
G1 F1500 X140.387 Y106.446 E1675.08598
G0 F9000 X140.387 Y107.012
G1 F1500 X119.025 Y85.65 E1676.09078
G0 F9000 X118.46 Y85.65
G1 F1500 X140.387 Y107.577 E1677.12216
G0 F9000 X140.387 Y108.143
G1 F1500 X117.894 Y85.65 E1678.18016
G0 F9000 X117.328 Y85.65
G1 F1500 X140.387 Y108.709 E1679.26478
G0 F9000 X140.387 Y109.274
G1 F1500 X116.763 Y85.65 E1680.37598
G0 F9000 X116.197 Y85.65
G1 F1500 X140.387 Y109.84 E1681.51381
G0 F9000 X140.387 Y110.406
G1 F1500 X115.631 Y85.65 E1682.67825
G0 F9000 X115.066 Y85.65
G1 F1500 X140.387 Y110.971 E1683.86928
G0 F9000 X140.387 Y111.537
G1 F1500 X114.5 Y85.65 E1685.08692
G0 F9000 X113.934 Y85.65
G1 F1500 X140.387 Y112.103 E1686.33119
G0 F9000 X140.387 Y112.668
G1 F1500 X113.704 Y85.986 E1687.58625
G0 F9000 X113.203 Y86.05
G1 F1500 X140.387 Y113.234 E1688.8649
G0 F9000 X140.387 Y113.8
G1 F1500 X112.637 Y86.05 E1690.17018
G0 F9000 X112.072 Y86.05
G1 F1500 X140.387 Y114.366 E1691.50205
G0 F9000 X140.387 Y114.931
G1 F1500 X111.506 Y86.05 E1692.86053
G0 F9000 X110.94 Y86.05
G1 F1500 X140.387 Y115.497 E1694.24562
G0 F9000 X140.387 Y116.063
G1 F1500 X110.611 Y86.286 E1695.64622
G0 F9000 X110.611 Y86.852
G1 F1500 X140.387 Y116.628 E1697.04679
G0 F9000 X140.387 Y117.194
G1 F1500 X110.611 Y87.418 E1698.44736
G0 F9000 X110.611 Y87.983
G1 F1500 X140.387 Y117.76 E1699.84796
G0 F9000 X140.387 Y118.325
G1 F1500 X110.611 Y88.549 E1701.24853
G0 F9000 X110.611 Y89.115
G1 F1500 X140.387 Y118.891 E1702.6491
G0 F9000 X140.387 Y119.457
G1 F1500 X110.611 Y89.68 E1704.0497
G0 F9000 X110.611 Y90.246
G1 F1500 X140.387 Y120.022 E1705.45027
G0 F9000 X140.387 Y120.588
G1 F1500 X110.611 Y90.812 E1706.85084
G0 F9000 X110.611 Y91.377
G1 F1500 X140.387 Y121.154 E1708.25144
G0 F9000 X140.387 Y121.719
G1 F1500 X110.611 Y91.943 E1709.65201
G0 F9000 X110.611 Y92.509
G1 F1500 X140.387 Y122.285 E1711.05258
G0 F9000 X140.387 Y122.851
G1 F1500 X110.611 Y93.075 E1712.45315
G0 F9000 X110.611 Y93.64
G1 F1500 X140.387 Y123.417 E1713.85375
G0 F9000 X140.387 Y123.982
G1 F1500 X110.611 Y94.206 E1715.25432
G0 F9000 X110.611 Y94.772
G1 F1500 X140.387 Y124.548 E1716.65489
G0 F9000 X140.387 Y125.114
G1 F1500 X110.611 Y95.337 E1718.05548
G0 F9000 X110.611 Y95.903
G1 F1500 X140.387 Y125.679 E1719.45606
G0 F9000 X140.387 Y126.245
G1 F1500 X110.611 Y96.469 E1720.85663
G0 F9000 X110.611 Y97.034
G1 F1500 X140.387 Y126.811 E1722.25722
G0 F9000 X140.387 Y127.376
G1 F1500 X110.611 Y97.6 E1723.6578
G0 F9000 X110.611 Y98.166
G1 F1500 X140.387 Y127.942 E1725.05837
G0 F9000 X140.387 Y128.508
G1 F1500 X110.611 Y98.731 E1726.45896
G0 F9000 X110.611 Y99.297
G1 F1500 X140.387 Y129.073 E1727.85953
G0 F9000 X140.387 Y129.639
G1 F1500 X110.611 Y99.863 E1729.26011
G0 F9000 X110.611 Y100.428
G1 F1500 X140.387 Y130.205 E1730.6607
G0 F9000 X140.387 Y130.77
G1 F1500 X110.611 Y100.994 E1732.06127
G0 F9000 X110.611 Y101.56
G1 F1500 X140.387 Y131.336 E1733.46184
G0 F9000 X140.387 Y131.902
G1 F1500 X110.611 Y102.126 E1734.86242
G0 F9000 X110.611 Y102.691
G1 F1500 X140.387 Y132.467 E1736.26299
G0 F9000 X140.387 Y133.033
G1 F1500 X110.611 Y103.257 E1737.66356
G0 F9000 X110.611 Y103.823
G1 F1500 X140.387 Y133.599 E1739.06413
G0 F9000 X140.387 Y134.165
G1 F1500 X110.611 Y104.388 E1740.46473
G0 F9000 X110.611 Y104.954
G1 F1500 X140.387 Y134.73 E1741.8653
G0 F9000 X140.387 Y135.296
G1 F1500 X110.611 Y105.52 E1743.26587
G0 F9000 X110.611 Y106.085
G1 F1500 X140.387 Y135.862 E1744.66647
G0 F9000 X140.387 Y136.427
G1 F1500 X110.611 Y106.651 E1746.06704
G0 F9000 X110.611 Y107.217
G1 F1500 X140.387 Y136.993 E1747.46761
G0 F9000 X140.387 Y137.559
G1 F1500 X110.611 Y107.782 E1748.8682
G0 F9000 X110.611 Y108.348
G1 F1500 X140.387 Y138.124 E1750.26878
G0 F9000 X140.387 Y138.69
G1 F1500 X110.611 Y108.914 E1751.66935
G0 F9000 X110.611 Y109.479
G1 F1500 X140.387 Y139.256 E1753.06994
G0 F9000 X140.387 Y139.821
G1 F1500 X110.611 Y110.045 E1754.47051
G0 F9000 X110.611 Y110.611
G1 F1500 X140.387 Y140.387 E1755.87109
G0 F9000 X140.387 Y140.953
G1 F1500 X110.611 Y111.176 E1757.27168
G0 F9000 X110.611 Y111.742
G1 F1500 X140.387 Y141.518 E1758.67225
G0 F9000 X140.387 Y142.084
G1 F1500 X110.611 Y112.308 E1760.07283
G0 F9000 X110.611 Y112.874
G1 F1500 X140.387 Y142.65 E1761.4734
G0 F9000 X140.387 Y143.215
G1 F1500 X110.611 Y113.439 E1762.87397
G0 F9000 X110.611 Y114.005
G1 F1500 X140.387 Y143.781 E1764.27454
G0 F9000 X140.387 Y144.347
G1 F1500 X110.611 Y114.571 E1765.67511
G0 F9000 X110.611 Y115.136
G1 F1500 X140.387 Y144.913 E1767.07571
G0 F9000 X140.387 Y145.478
G1 F1500 X110.611 Y115.702 E1768.47628
G0 F9000 X110.611 Y116.268
G1 F1500 X140.387 Y146.044 E1769.87685
G0 F9000 X140.387 Y146.61
G1 F1500 X110.611 Y116.833 E1771.27745
G0 F9000 X110.611 Y117.399
G1 F1500 X140.387 Y147.175 E1772.67802
G0 F9000 X140.387 Y147.741
G1 F1500 X110.611 Y117.965 E1774.07859
G0 F9000 X110.611 Y118.53
G1 F1500 X140.387 Y148.307 E1775.47919
G0 F9000 X140.387 Y148.872
G1 F1500 X110.611 Y119.096 E1776.87976
G0 F9000 X110.611 Y119.662
G1 F1500 X139.898 Y148.949 E1778.25733
G0 F9000 X139.332 Y148.949
G1 F1500 X110.611 Y120.227 E1779.6083
G0 F9000 X110.611 Y120.793
G1 F1500 X138.766 Y148.949 E1780.93265
G0 F9000 X138.201 Y148.949
G1 F1500 X110.611 Y121.359 E1782.2304
G0 F9000 X110.611 Y121.925
G1 F1500 X137.635 Y148.949 E1783.50152
G0 F9000 X137.293 Y149.173
G1 F1500 X110.611 Y122.49 E1784.75659
G0 F9000 X110.611 Y123.056
G1 F1500 X136.903 Y149.348 E1785.99328
G0 F9000 X136.337 Y149.348
G1 F1500 X110.611 Y123.622 E1787.20335
G0 F9000 X110.611 Y124.187
G1 F1500 X135.772 Y149.348 E1788.38685
G0 F9000 X135.206 Y149.348
G1 F1500 X110.611 Y124.753 E1789.54372
G0 F9000 X110.611 Y125.319
G1 F1500 X134.64 Y149.348 E1790.67397
G0 F9000 X134.075 Y149.348
G1 F1500 X110.611 Y125.884 E1791.77765
G0 F9000 X110.611 Y126.45
G1 F1500 X133.509 Y149.348 E1792.8547
G0 F9000 X132.943 Y149.348
G1 F1500 X110.611 Y127.016 E1793.90513
G0 F9000 X110.611 Y127.581
G1 F1500 X132.378 Y149.348 E1794.92898
G0 F9000 X131.812 Y149.348
G1 F1500 X110.611 Y128.147 E1795.92621
G0 F9000 X110.611 Y128.713
G1 F1500 X131.246 Y149.348 E1796.89682
G0 F9000 X130.681 Y149.348
G1 F1500 X110.611 Y129.278 E1797.84085
G0 F9000 X110.611 Y129.844
G1 F1500 X130.115 Y149.348 E1798.75826
G0 F9000 X129.549 Y149.348
G1 F1500 X110.611 Y130.41 E1799.64904
G0 F9000 X110.611 Y130.975
G1 F1500 X128.984 Y149.348 E1800.51325
G0 F9000 X128.418 Y149.348
G1 F1500 X110.611 Y131.541 E1801.35084
G0 F9000 X110.611 Y132.107
G1 F1500 X127.852 Y149.348 E1802.1618
G0 F9000 X127.286 Y149.348
G1 F1500 X110.611 Y132.673 E1802.94614
G0 F9000 X110.611 Y133.238
G1 F1500 X126.721 Y149.348 E1803.70391
G0 F9000 X126.155 Y149.348
G1 F1500 X110.611 Y133.804 E1804.43505
G0 F9000 X110.611 Y134.37
G1 F1500 X125.589 Y149.348 E1805.13957
G0 F9000 X125.024 Y149.348
G1 F1500 X110.611 Y134.935 E1805.81751
G0 F9000 X110.611 Y135.501
G1 F1500 X124.458 Y149.348 E1806.46883
G0 F9000 X123.892 Y149.348
G1 F1500 X110.611 Y136.067 E1807.09353
G0 F9000 X110.611 Y136.632
G1 F1500 X123.327 Y149.348 E1807.69165
G0 F9000 X122.761 Y149.348
G1 F1500 X110.611 Y137.198 E1808.26315
G0 F9000 X110.611 Y137.764
G1 F1500 X122.195 Y149.348 E1808.80803
G0 F9000 X121.63 Y149.348
G1 F1500 X110.611 Y138.329 E1809.32633
G0 F9000 X110.611 Y138.895
G1 F1500 X121.064 Y149.348 E1809.818
G0 F9000 X120.498 Y149.348
G1 F1500 X110.611 Y139.461 E1810.28306
G0 F9000 X110.611 Y140.026
G1 F1500 X119.933 Y149.348 E1810.72154
G0 F9000 X119.367 Y149.348
G1 F1500 X110.611 Y140.592 E1811.13339
G0 F9000 X110.611 Y141.158
G1 F1500 X118.801 Y149.348 E1811.51863
G0 F9000 X118.236 Y149.348
G1 F1500 X110.611 Y141.723 E1811.87728
G0 F9000 X110.611 Y142.289
G1 F1500 X117.67 Y149.348 E1812.20932
G0 F9000 X117.104 Y149.348
G1 F1500 X110.611 Y142.855 E1812.51473
G0 F9000 X110.611 Y143.421
G1 F1500 X116.538 Y149.348 E1812.79351
G0 F9000 X115.973 Y149.348
G1 F1500 X110.611 Y143.986 E1813.04573
G0 F9000 X110.611 Y144.552
G1 F1500 X115.407 Y149.348 E1813.27132
G0 F9000 X114.841 Y149.348
G1 F1500 X110.611 Y145.118 E1813.47028
G0 F9000 X110.611 Y145.683
G1 F1500 X114.276 Y149.348 E1813.64267
G0 F9000 X114.276 Y149.79
G0 X113.338 Y149.718
G0 X113.311 Y149.39
G0 X113.311 Y148.949
G1 F1500 X110.611 Y146.249 E1813.76967
G0 F9000 X110.611 Y146.815
G1 F1500 X112.745 Y148.949 E1813.87005
G0 F9000 X112.179 Y148.949
G1 F1500 X110.611 Y147.38 E1813.94383
G0 F9000 X110.611 Y147.946
G1 F1500 X111.613 Y148.949 E1813.99098
G0 F9000 X111.048 Y148.949
G1 F1500 X110.611 Y148.512 E1814.01154
G0 F9000 X110.742 Y149.491
;TYPE:SKIN
G1 F1500 X111.025 Y149.491 E1814.02384
G1 X113.004 Y149.491 E1814.10988
G1 X113.366 Y149.287 E1814.12795
G0 F9000 X113.266 Y149.316
G0 X110.691 Y149.724
G1 F1500 X110.227 Y149.259 E1814.13887
G0 F9000 X110.221 Y149.536
G1 F1500 X110.409 Y149.724 E1814.14329
G0 F9000 X137.662 Y149.718
G0 X137.603 Y149.483
G1 F1500 X137.844 Y149.724 E1814.14896
G0 F9000 X137.895 Y149.491
G1 F1500 X138.177 Y149.491 E1814.16065
G1 X140.44 Y149.491 E1814.25447
G1 X140.634 Y149.402 E1814.26332
G1 F2700 E1809.26332
G0 F9000 X140.491 Y149.39
G0 X140.766 Y149.318
G0 X140.766 Y85.682
G1 F2700 E1814.26332
G0 F9000 X140.378 Y85.507
G1 F1500 X140.095 Y85.507 E1814.27599
G1 X137.834 Y85.508 E1814.3772
G1 X137.693 Y85.65 E1814.38616
G0 F9000 X137.734 Y85.56
G0 X140.429 Y85.274
G0 X140.603 Y85.448
G1 F1500 X140.744 Y85.307 E1814.39589
G0 F9000 X140.712 Y85.274
G0 X113.338 Y85.282
G0 X113.335 Y85.333
G1 F1500 X113.194 Y85.475 E1814.4037
G1 X111.245 Y85.507 E1814.47979
G1 X110.425 Y85.535 E1814.51182
G1 X110.284 Y85.677 E1814.51963
G0 F9000 X109.98 Y85.428
G1 F2700 E1809.51963
;MESH:NONMESH
G0 F300 X109.98 Y85.428 Z2
G0 F9000 X101.966 Y146.6
;TIME_ELAPSED:2475.293792
;LAYER:9
;TYPE:WALL-INNER
;MESH:esp32-s3-mount.obj
G1 F2700 E1814.51963
G1 F1500 X101.967 Y88.4 E1816.45537
G1 X96.966 Y88.4 E1816.6217
G1 X96.966 Y146.6 E1818.55744
G1 X101.966 Y146.6 E1818.72374
G0 F9000 X101.566 Y146.2
;TYPE:WALL-OUTER
G1 F1500 X101.567 Y88.8 E1820.63287
G1 X97.366 Y88.8 E1820.7726
G1 X97.366 Y146.2 E1822.68173
G1 X101.566 Y146.2 E1822.82142
G1 F2700 E1817.82142
G0 F9000 X101.566 Y146.5
G0 X110.234 Y149.318
G0 X113.338 Y149.718
G0 X141.4 Y149.9
;TYPE:WALL-INNER
G1 F2700 E1822.82142
G1 F1500 X93.6 Y149.9 E1824.41126
G1 X93.6 Y85.1 E1826.56651
G1 X141.4 Y85.1 E1828.15635
G1 X141.4 Y149.9 E1830.31161
G0 F9000 X141.8 Y150.3
;TYPE:WALL-OUTER
G1 F1500 X93.2 Y150.3 E1831.92805
G1 X93.2 Y84.7 E1834.10991
G1 X141.8 Y84.7 E1835.72636
G1 X141.8 Y150.3 E1837.90822
G0 F9000 X141.53 Y150.03
G0 X141.32 Y147.805
;TYPE:FILL
G1 F3000 X140.617 Y147.102 E1837.94129
G0 F9000 X140.838 Y147.102
G0 X140.838 Y143.827
G0 X140.617 Y143.827
G1 F3000 X141.318 Y143.639 E1837.96543
G0 F9000 X140.838 Y141.67
G0 X140.617 Y141.67
G1 F3000 X141.319 Y139.051 E1838.05561
G0 F9000 X141.32 Y139.32
G1 F3000 X140.617 Y138.617 E1838.08868
G0 F9000 X140.838 Y138.617
G0 X140.838 Y137.615
G0 X140.617 Y137.615
G1 F3000 X141.319 Y137.427 E1838.11285
G0 F9000 X140.838 Y131.403
G0 X140.618 Y131.403
G1 F3000 X141.318 Y131.216 E1838.13695
G0 F9000 X141.32 Y130.835
G1 F3000 X140.617 Y130.132 E1838.17001
G0 F9000 X140.838 Y130.132
G0 X140.838 Y125.192
G0 X140.617 Y125.192
G1 F3000 X141.318 Y125.004 E1838.19415
G0 F9000 X141.32 Y122.349
G1 F3000 X140.617 Y121.647 E1838.2272
G0 F9000 X140.838 Y121.647
G0 X140.838 Y118.98
G0 X140.617 Y118.98
G1 F3000 X141.319 Y118.792 E1838.25137
G0 F9000 X140.617 Y118.487
G1 F3000 X141.319 Y115.869 E1838.34152
G0 F9000 X141.319 Y113.863
G1 F3000 X140.617 Y113.161 E1838.37454
G0 F9000 X140.618 Y112.768
G1 F3000 X141.319 Y112.58 E1838.39868
G0 F9000 X140.838 Y106.557
G0 X140.618 Y106.557
G1 F3000 X141.318 Y106.369 E1838.42279
G0 F9000 X141.319 Y105.378
G1 F3000 X140.617 Y104.676 E1838.45581
G0 F9000 X140.838 Y104.676
G0 X140.838 Y100.345
G0 X140.617 Y100.345
G1 F3000 X141.319 Y100.157 E1838.47998
G0 F9000 X141.319 Y96.893
G1 F3000 X140.617 Y96.191 E1838.513
G0 F9000 X140.617 Y95.304
G1 F3000 X141.319 Y92.687 E1838.60312
G0 F9000 X141.319 Y93.945
G1 F3000 X140.618 Y94.133 E1838.62726
G0 F9000 X140.838 Y94.133
G0 X141.319 Y88.408
G1 F3000 X140.617 Y87.705 E1838.6603
G0 F9000 X140.618 Y87.922
G1 F3000 X141.318 Y87.734 E1838.68441
G1 F2700 E1833.68441
G0 F9000 X140.766 Y85.682
G0 X137.662 Y85.282
G0 X113.338 Y85.282
G0 X110.234 Y85.682
G0 X110.162 Y89.812
G1 F2700 E1838.68441
G0 F9000 X110.38 Y89.812
G1 F3000 X102.046 Y92.045 E1838.97137
G0 F9000 X102.045 Y91.56
G1 F3000 X110.382 Y99.897 E1839.36352
G0 F9000 X110.162 Y99.897
G0 X110.162 Y102.235
G0 X110.38 Y102.235
G1 F3000 X102.046 Y104.469 E1839.6505
G0 F9000 X102.045 Y108.53
G1 F3000 X110.382 Y116.867 E1840.04264
G0 F9000 X110.162 Y116.867
G0 X110.162 Y115.417
G0 X110.381 Y115.417
G1 F3000 X102.045 Y146.528 E1841.1139
G1 X102.005 Y146.678
G1 X101.163 Y149.82 E1841.22209
G0 F9000 X100.906 Y149.818
G1 F3000 X97.767 Y146.679 E1841.36974
G0 F9000 X97.138 Y146.428
G0 X96.886 Y145.798
G1 F3000 X93.679 Y142.591 E1841.52059
G0 F9000 X93.68 Y143.98
G1 F3000 X96.884 Y143.122 E1841.63091
G0 F9000 X96.885 Y142.603
G1 F3000 X94.952 Y149.819 E1841.87937
G1 X95.069 Y149.82
G1 X110.38 Y145.717 E1842.40659
G0 F9000 X110.162 Y145.717
G0 X110.162 Y142.323
G0 X110.382 Y142.323
G1 F3000 X102.045 Y133.986 E1842.79874
G0 F9000 X102.046 Y135.527
G1 F3000 X110.381 Y133.294 E1843.08573
G0 F9000 X110.382 Y133.838
G1 F3000 X102.045 Y125.501 E1843.47788
G0 F9000 X102.046 Y123.344
G1 F3000 X110.382 Y92.234 E1844.54911
G0 F9000 X110.382 Y91.411
G1 F3000 X104.15 Y85.18 E1844.84222
G0 F9000 X104.489 Y85.179
G1 F3000 X93.679 Y88.075 E1845.21444
G0 F9000 X95.665 Y85.18
G1 F3000 X98.804 Y88.319 E1845.36209
G0 F9000 X99.007 Y88.319
G1 F3000 X99.849 Y85.179 E1845.47021
G0 F9000 X106.06 Y85.179
G1 F3000 X102.046 Y100.161 E1845.98609
G1 X102.045 Y100.045
G1 X110.382 Y108.382 E1846.37824
G1 X110.38 Y108.447
G1 X102.046 Y110.68 E1846.66521
G1 F2700 E1841.66521
G0 F9000 X101.795 Y88.572
G0 X97.138 Y88.572
G0 X96.886 Y111.857
G1 F2700 E1846.66521
G1 F3000 X93.679 Y108.65 E1846.81605
G0 F9000 X93.68 Y108.203
G1 F3000 X96.885 Y96.24 E1847.22798
G0 F9000 X96.886 Y94.886
G1 F3000 X93.679 Y91.679 E1847.37882
G0 F9000 X93.679 Y94.287
G1 F3000 X96.884 Y93.428 E1847.48918
G0 F9000 X96.885 Y99.64
G1 F3000 X93.679 Y100.499 E1847.59958
G0 F9000 X93.679 Y100.165
G1 F3000 X96.886 Y103.371 E1847.7504
G0 F9000 X96.884 Y105.852
G1 F3000 X93.679 Y106.71 E1847.86075
G0 F9000 X93.679 Y112.922
G1 F3000 X96.884 Y112.063 E1847.97112
G0 F9000 X93.679 Y117.135
G1 F3000 X96.886 Y120.342 E1848.12196
G0 F9000 X96.885 Y119.422
G1 F3000 X93.68 Y131.385 E1848.53389
G1 X93.679 Y131.557
G1 X96.884 Y130.698 E1848.64425
G0 F9000 X96.886 Y128.827
G1 F3000 X93.679 Y125.621 E1848.79507
G0 F9000 X93.679 Y125.345
G1 F3000 X96.884 Y124.487 E1848.90542
G0 F9000 X96.885 Y118.275
G1 F3000 X93.679 Y119.134 E1849.01582
G1 F2700 E1844.01582
G0 F9000 X97.138 Y146.428
G0 X101.794 Y146.428
G0 X102.045 Y117.016
G1 F2700 E1849.01582
G1 F3000 X110.382 Y125.353 E1849.40796
G0 F9000 X110.162 Y125.353
G0 X110.162 Y127.082
G0 X110.38 Y127.082
G1 F3000 X102.046 Y129.315 E1849.69493
G0 F9000 X102.045 Y123.104
G1 F3000 X110.38 Y120.87 E1849.98194
G0 F9000 X110.162 Y120.87
G0 X110.162 Y114.659
G0 X110.381 Y114.659
G1 F3000 X102.046 Y116.892 E1850.26894
G0 F9000 X102.046 Y98.257
G1 F3000 X110.381 Y96.024 E1850.55594
G1 F2700 E1845.55594
G0 F9000 X110.162 Y96.024
G0 X101.794 Y146.428
G0 X97.138 Y146.428
G0 X93.679 Y134.106
G1 F2700 E1850.55594
G1 F3000 X96.886 Y137.313 E1850.70679
G0 F9000 X96.885 Y136.91
G1 F3000 X93.679 Y137.769 E1850.81718
G0 F9000 X97.138 Y146.428
G0 X101.794 Y146.428
G0 X102.045 Y141.739
G1 F3000 X110.38 Y139.505 E1851.10419
G0 F9000 X110.381 Y138.599
G1 F3000 X107.375 Y149.819 E1851.49053
G0 F9000 X109.392 Y149.818
G1 F3000 X102.045 Y142.472 E1851.83608
G0 F9000 X110.234 Y149.318
G0 X110.452 Y149.11
;TYPE:SKIN
G1 F1500 X110.452 Y85.89 E1853.93879
G1 X113.546 Y85.89 E1854.0417
G1 X113.546 Y85.49 E1854.055
G1 X137.454 Y85.49 E1854.85018
G1 X137.454 Y85.89 E1854.86349
G1 X140.548 Y85.89 E1854.96639
G1 X140.548 Y149.11 E1857.0691
G1 X137.454 Y149.11 E1857.17201
G1 X137.454 Y149.51 E1857.18531
G1 X113.546 Y149.51 E1857.98049
G1 X113.546 Y149.11 E1857.9938
G1 X110.452 Y149.11 E1858.0967
G1 F2700 E1853.0967
G0 F9000 X110.452 Y149.39
G0 X113.338 Y149.718
G0 X137.662 Y149.718
G0 X140.766 Y149.318
G0 X140.838 Y148.678
G1 F2700 E1858.0967
G0 F9000 X140.386 Y148.678
G1 F1500 X140.115 Y148.949 E1858.10945
G0 F9000 X139.549 Y148.949
G1 F1500 X140.386 Y148.112 E1858.14882
G0 F9000 X140.386 Y147.547
G1 F1500 X138.983 Y148.949 E1858.21479
G0 F9000 X138.418 Y148.949
G1 F1500 X140.386 Y146.981 E1858.30736
G0 F9000 X140.386 Y146.415
G1 F1500 X137.852 Y148.949 E1858.42655
G0 F9000 X137.852 Y149.39
G0 X137.681 Y149.685
G0 X136.887 Y149.79
G0 X136.887 Y149.349
G1 F1500 X140.386 Y145.849 E1858.59116
G0 F9000 X140.386 Y145.284
G1 F1500 X136.321 Y149.349 E1858.78236
G0 F9000 X135.756 Y149.349
G1 F1500 X140.386 Y144.718 E1859.00017
G0 F9000 X140.386 Y144.152
G1 F1500 X135.19 Y149.349 E1859.24459
G0 F9000 X134.624 Y149.349
G1 F1500 X140.386 Y143.587 E1859.51562
G0 F9000 X140.386 Y143.021
G1 F1500 X134.058 Y149.349 E1859.81327
G0 F9000 X133.493 Y149.349
G1 F1500 X140.386 Y142.455 E1860.13752
G0 F9000 X140.386 Y141.89
G1 F1500 X132.927 Y149.349 E1860.48837
G0 F9000 X132.361 Y149.349
G1 F1500 X140.386 Y141.324 E1860.86584
G0 F9000 X140.386 Y140.758
G1 F1500 X131.796 Y149.349 E1861.26991
G0 F9000 X131.23 Y149.349
G1 F1500 X140.386 Y140.193 E1861.70058
G0 F9000 X140.386 Y139.627
G1 F1500 X130.664 Y149.349 E1862.15787
G0 F9000 X130.099 Y149.349
G1 F1500 X140.386 Y139.061 E1862.64177
G0 F9000 X140.386 Y138.496
G1 F1500 X129.533 Y149.349 E1863.15226
G0 F9000 X128.967 Y149.349
G1 F1500 X140.386 Y137.93 E1863.68937
G0 F9000 X140.386 Y137.364
G1 F1500 X128.402 Y149.349 E1864.25309
G0 F9000 X127.836 Y149.349
G1 F1500 X140.386 Y136.798 E1864.84342
G0 F9000 X140.386 Y136.233
G1 F1500 X127.27 Y149.349 E1865.46036
G0 F9000 X126.705 Y149.349
G1 F1500 X140.386 Y135.667 E1866.1039
G0 F9000 X140.386 Y135.101
G1 F1500 X126.139 Y149.349 E1866.77405
G0 F9000 X125.573 Y149.349
G1 F1500 X140.386 Y134.536 E1867.47081
G0 F9000 X140.386 Y133.97
G1 F1500 X125.007 Y149.349 E1868.19419
G0 F9000 X124.442 Y149.349
G1 F1500 X140.386 Y133.404 E1868.94417
G0 F9000 X140.386 Y132.839
G1 F1500 X123.876 Y149.349 E1869.72075
G0 F9000 X123.31 Y149.349
G1 F1500 X140.386 Y132.273 E1870.52396
G0 F9000 X140.386 Y131.707
G1 F1500 X122.745 Y149.349 E1871.35376
G0 F9000 X122.179 Y149.349
G1 F1500 X140.386 Y131.142 E1872.21016
G0 F9000 X140.386 Y130.576
G1 F1500 X121.613 Y149.349 E1873.09318
G0 F9000 X121.048 Y149.349
G1 F1500 X140.386 Y130.01 E1874.00281
G0 F9000 X140.386 Y129.445
G1 F1500 X120.482 Y149.349 E1874.93903
G0 F9000 X119.916 Y149.349
G1 F1500 X140.386 Y128.879 E1875.90188
G0 F9000 X140.386 Y128.313
G1 F1500 X119.351 Y149.349 E1876.89132
G0 F9000 X118.785 Y149.349
G1 F1500 X140.386 Y127.748 E1877.90737
G0 F9000 X140.386 Y127.182
G1 F1500 X118.219 Y149.349 E1878.95004
G0 F9000 X117.654 Y149.349
G1 F1500 X140.386 Y126.616 E1880.0193
G0 F9000 X140.386 Y126.05
G1 F1500 X117.088 Y149.349 E1881.11519
G0 F9000 X116.522 Y149.349
G1 F1500 X140.386 Y125.485 E1882.23768
G0 F9000 X140.386 Y124.919
G1 F1500 X115.957 Y149.349 E1883.38677
G0 F9000 X115.391 Y149.349
G1 F1500 X140.386 Y124.353 E1884.56248
G0 F9000 X140.386 Y123.788
G1 F1500 X114.825 Y149.349 E1885.76479
G0 F9000 X114.259 Y149.349
G1 F1500 X140.386 Y123.222 E1886.99373
G0 F9000 X140.386 Y122.656
G1 F1500 X113.705 Y149.338 E1888.24874
G0 F9000 X113.528 Y148.949
G1 F1500 X140.386 Y122.091 E1889.51206
G0 F9000 X140.386 Y121.525
G1 F1500 X112.962 Y148.949 E1890.802
G0 F9000 X112.396 Y148.949
G1 F1500 X140.386 Y120.959 E1892.11857
G0 F9000 X140.386 Y120.394
G1 F1500 X111.831 Y148.949 E1893.46171
G0 F9000 X111.265 Y148.949
G1 F1500 X140.386 Y119.828 E1894.83147
G0 F9000 X140.386 Y119.262
G1 F1500 X110.699 Y148.949 E1896.22785
G0 F9000 X110.612 Y148.471
G1 F1500 X140.386 Y118.697 E1897.62833
G0 F9000 X140.386 Y118.131
G1 F1500 X110.612 Y147.906 E1899.02883
G0 F9000 X110.612 Y147.34
G1 F1500 X140.386 Y117.565 E1900.42933
G0 F9000 X140.386 Y117
G1 F1500 X110.612 Y146.774 E1901.82981
G0 F9000 X110.612 Y146.209
G1 F1500 X140.386 Y116.434 E1903.23031
G0 F9000 X140.386 Y115.868
G1 F1500 X110.612 Y145.643 E1904.63081
G0 F9000 X110.612 Y145.077
G1 F1500 X140.386 Y115.302 E1906.03132
G0 F9000 X140.386 Y114.737
G1 F1500 X110.612 Y144.512 E1907.43182
G0 F9000 X110.612 Y143.946
G1 F1500 X140.386 Y114.171 E1908.83232
G0 F9000 X140.386 Y113.605
G1 F1500 X110.612 Y143.38 E1910.23282
G0 F9000 X110.612 Y142.815
G1 F1500 X140.386 Y113.04 E1911.63332
G0 F9000 X140.386 Y112.474
G1 F1500 X110.612 Y142.249 E1913.03382
G0 F9000 X110.612 Y141.683
G1 F1500 X140.386 Y111.908 E1914.43432
G0 F9000 X140.386 Y111.343
G1 F1500 X110.612 Y141.118 E1915.83482
G0 F9000 X110.612 Y140.552
G1 F1500 X140.386 Y110.777 E1917.23532
G0 F9000 X140.386 Y110.211
G1 F1500 X110.612 Y139.986 E1918.63583
G0 F9000 X110.612 Y139.42
G1 F1500 X140.386 Y109.646 E1920.0363
G0 F9000 X140.386 Y109.08
G1 F1500 X110.612 Y138.855 E1921.4368
G0 F9000 X110.612 Y138.289
G1 F1500 X140.386 Y108.514 E1922.83731
G0 F9000 X140.386 Y107.949
G1 F1500 X110.612 Y137.723 E1924.23778
G0 F9000 X110.612 Y137.158
G1 F1500 X140.386 Y107.383 E1925.63828
G0 F9000 X140.386 Y106.817
G1 F1500 X110.612 Y136.592 E1927.03879
G0 F9000 X110.612 Y136.026
G1 F1500 X140.386 Y106.251 E1928.43929
G0 F9000 X140.386 Y105.686
G1 F1500 X110.612 Y135.461 E1929.83979
G0 F9000 X110.612 Y134.895
G1 F1500 X140.386 Y105.12 E1931.24029
G0 F9000 X140.386 Y104.554
G1 F1500 X110.612 Y134.329 E1932.64079
G0 F9000 X110.612 Y133.764
G1 F1500 X140.386 Y103.989 E1934.04129
G0 F9000 X140.386 Y103.423
G1 F1500 X110.612 Y133.198 E1935.44179
G0 F9000 X110.612 Y132.632
G1 F1500 X140.386 Y102.857 E1936.84229
G0 F9000 X140.386 Y102.292
G1 F1500 X110.612 Y132.067 E1938.2428
G0 F9000 X110.612 Y131.501
G1 F1500 X140.386 Y101.726 E1939.6433
G0 F9000 X140.386 Y101.16
G1 F1500 X110.612 Y130.935 E1941.0438
G0 F9000 X110.612 Y130.369
G1 F1500 X140.386 Y100.595 E1942.44428
G0 F9000 X140.386 Y100.029
G1 F1500 X110.612 Y129.804 E1943.84478
G0 F9000 X110.612 Y129.238
G1 F1500 X140.386 Y99.463 E1945.24528
G0 F9000 X140.386 Y98.898
G1 F1500 X110.612 Y128.672 E1946.64576
G0 F9000 X110.612 Y128.107
G1 F1500 X140.386 Y98.332 E1948.04626
G0 F9000 X140.386 Y97.766
G1 F1500 X110.612 Y127.541 E1949.44676
G0 F9000 X110.612 Y126.975
G1 F1500 X140.386 Y97.201 E1950.84724
G0 F9000 X140.386 Y96.635
G1 F1500 X110.612 Y126.41 E1952.24774
G0 F9000 X110.612 Y125.844
G1 F1500 X140.386 Y96.069 E1953.64824
G0 F9000 X140.386 Y95.503
G1 F1500 X110.612 Y125.278 E1955.04874
G0 F9000 X110.612 Y124.713
G1 F1500 X140.386 Y94.938 E1956.44924
G0 F9000 X140.386 Y94.372
G1 F1500 X110.612 Y124.147 E1957.84974
G0 F9000 X110.612 Y123.581
G1 F1500 X140.386 Y93.806 E1959.25024
G0 F9000 X140.386 Y93.241
G1 F1500 X110.612 Y123.016 E1960.65074
G0 F9000 X110.612 Y122.45
G1 F1500 X140.386 Y92.675 E1962.05125
G0 F9000 X140.386 Y92.109
G1 F1500 X110.612 Y121.884 E1963.45175
G0 F9000 X110.612 Y121.319
G1 F1500 X140.386 Y91.544 E1964.85225
G0 F9000 X140.386 Y90.978
G1 F1500 X110.612 Y120.753 E1966.25275
G0 F9000 X110.612 Y120.187
G1 F1500 X140.386 Y90.412 E1967.65325
G0 F9000 X140.386 Y89.847
G1 F1500 X110.612 Y119.621 E1969.05373
G0 F9000 X110.612 Y119.056
G1 F1500 X140.386 Y89.281 E1970.45423
G0 F9000 X140.386 Y88.715
G1 F1500 X110.612 Y118.49 E1971.85473
G0 F9000 X110.612 Y117.924
G1 F1500 X140.386 Y88.15 E1973.25521
G0 F9000 X140.386 Y87.584
G1 F1500 X110.612 Y117.359 E1974.65571
G0 F9000 X110.612 Y116.793
G1 F1500 X140.386 Y87.018 E1976.05621
G0 F9000 X140.386 Y86.452
G1 F1500 X110.612 Y116.227 E1977.45671
G0 F9000 X110.612 Y115.662
G1 F1500 X140.224 Y86.049 E1978.84959
G0 F9000 X139.658 Y86.049
G1 F1500 X110.612 Y115.096 E1980.21585
G0 F9000 X110.612 Y114.53
G1 F1500 X139.092 Y86.049 E1981.55549
G0 F9000 X138.527 Y86.049
G1 F1500 X110.612 Y113.965 E1982.86855
G0 F9000 X110.612 Y113.399
G1 F1500 X137.961 Y86.049 E1984.15498
G0 F9000 X137.395 Y86.049
G1 F1500 X110.612 Y112.833 E1985.4148
G0 F9000 X110.612 Y112.268
G1 F1500 X137.23 Y85.649 E1986.66685
G0 F9000 X136.664 Y85.649
G1 F1500 X110.612 Y111.702 E1987.89228
G0 F9000 X110.612 Y111.136
G1 F1500 X136.098 Y85.649 E1989.09109
G0 F9000 X135.533 Y85.649
G1 F1500 X110.612 Y110.57 E1990.26329
G0 F9000 X110.612 Y110.005
G1 F1500 X134.967 Y85.649 E1991.4089
G0 F9000 X134.401 Y85.649
G1 F1500 X110.612 Y109.439 E1992.52789
G0 F9000 X110.612 Y108.873
G1 F1500 X133.836 Y85.649 E1993.62027
G0 F9000 X133.27 Y85.649
G1 F1500 X110.612 Y108.308 E1994.68606
G0 F9000 X110.612 Y107.742
G1 F1500 X132.704 Y85.649 E1995.72522
G0 F9000 X132.139 Y85.649
G1 F1500 X110.612 Y107.176 E1996.73779
G0 F9000 X110.612 Y106.611
G1 F1500 X131.573 Y85.649 E1997.72375
G0 F9000 X131.007 Y85.649
G1 F1500 X110.612 Y106.045 E1998.68309
G0 F9000 X110.612 Y105.479
G1 F1500 X130.442 Y85.649 E1999.61583
G0 F9000 X129.876 Y85.649
G1 F1500 X110.612 Y104.914 E2000.52198
G0 F9000 X110.612 Y104.348
G1 F1500 X129.31 Y85.649 E2001.4015
G0 F9000 X128.745 Y85.649
G1 F1500 X110.612 Y103.782 E2002.25442
G0 F9000 X110.612 Y103.217
G1 F1500 X128.179 Y85.649 E2003.08074
G0 F9000 X127.613 Y85.649
G1 F1500 X110.612 Y102.651 E2003.88044
G0 F9000 X110.612 Y102.085
G1 F1500 X127.047 Y85.649 E2004.65351
G0 F9000 X126.482 Y85.649
G1 F1500 X110.612 Y101.52 E2005.40001
G0 F9000 X110.612 Y100.954
G1 F1500 X125.916 Y85.649 E2006.11989
G0 F9000 X125.35 Y85.649
G1 F1500 X110.612 Y100.388 E2006.81314
G0 F9000 X110.612 Y99.822
G1 F1500 X124.785 Y85.649 E2007.4798
G0 F9000 X124.219 Y85.649
G1 F1500 X110.612 Y99.257 E2008.11985
G0 F9000 X110.612 Y98.691
G1 F1500 X123.653 Y85.649 E2008.73329
G0 F9000 X123.088 Y85.649
G1 F1500 X110.612 Y98.125 E2009.32012
G0 F9000 X110.612 Y97.56
G1 F1500 X122.522 Y85.649 E2009.88035
G0 F9000 X121.956 Y85.649
G1 F1500 X110.612 Y96.994 E2010.41396
G0 F9000 X110.612 Y96.428
G1 F1500 X121.391 Y85.649 E2010.92097
G0 F9000 X120.825 Y85.649
G1 F1500 X110.612 Y95.863 E2011.40139
G0 F9000 X110.612 Y95.297
G1 F1500 X120.259 Y85.649 E2011.85517
G0 F9000 X119.694 Y85.649
G1 F1500 X110.612 Y94.731 E2012.28236
G0 F9000 X110.612 Y94.166
G1 F1500 X119.128 Y85.649 E2012.68295
G0 F9000 X118.562 Y85.649
G1 F1500 X110.612 Y93.6 E2013.05692
G0 F9000 X110.612 Y93.034
G1 F1500 X117.997 Y85.649 E2013.40429
G0 F9000 X117.431 Y85.649
G1 F1500 X110.612 Y92.469 E2013.72506
G0 F9000 X110.612 Y91.903
G1 F1500 X116.865 Y85.649 E2014.0192
G0 F9000 X116.299 Y85.649
G1 F1500 X110.612 Y91.337 E2014.28672
G0 F9000 X110.612 Y90.772
G1 F1500 X115.734 Y85.649 E2014.52767
G0 F9000 X115.168 Y85.649
G1 F1500 X110.612 Y90.206 E2014.742
G0 F9000 X110.612 Y89.64
G1 F1500 X114.602 Y85.649 E2014.9297
G0 F9000 X114.037 Y85.649
G1 F1500 X113.704 Y85.982 E2014.94536
G1 X113.637 Y86.049
G1 X110.612 Y89.074 E2015.08765
G0 F9000 X110.612 Y88.509
G1 F1500 X113.071 Y86.049 E2015.20333
G0 F9000 X112.505 Y86.049
G1 F1500 X110.612 Y87.943 E2015.2924
G0 F9000 X110.612 Y87.377
G1 F1500 X111.939 Y86.049 E2015.35484
G0 F9000 X111.374 Y86.049
G1 F1500 X110.612 Y86.812 E2015.39071
G0 F9000 X110.612 Y86.246
G1 F1500 X110.808 Y86.049 E2015.39995
G0 F9000 X111.067 Y85.507
;TYPE:SKIN
G1 F1500 X110.784 Y85.507 E2015.41356
G1 X110.336 Y85.389 E2015.43584
G0 F9000 X111.35 Y85.507
G1 F1500 X111.633 Y85.507 E2015.44943
G1 X113.047 Y85.507 E2015.51734
G1 X113.246 Y85.591 E2015.52772
G0 F9000 X113.098 Y85.61
G0 X113.338 Y85.282
G0 X137.662 Y85.282
G0 X137.734 Y85.559
G0 X137.603 Y85.559
G1 F1500 X137.887 Y85.274 E2015.53441
G0 F9000 X137.937 Y85.507
G1 F1500 X138.22 Y85.507 E2015.54609
G1 X140.483 Y85.507 E2015.63953
G1 X140.655 Y85.618 E2015.64798
G1 F2700 E2010.64798
G0 F9000 X140.533 Y85.61
G0 X140.766 Y149.318
G1 F2700 E2015.64798
G0 F9000 X140.421 Y149.491
G1 F1500 X140.139 Y149.491 E2015.6607
G1 X137.876 Y149.491 E2015.76276
G1 X137.715 Y149.369 E2015.77187
G0 F9000 X137.734 Y149.48
G0 X140.472 Y149.724
G1 F1500 X140.777 Y149.418 E2015.77905
G0 F9000 X137.662 Y149.718
G0 X113.338 Y149.718
G0 X113.266 Y149.364
G0 X113.215 Y149.544
G1 F1500 X112.986 Y149.491 E2015.78926
G1 X110.447 Y149.484 E2015.89948
G1 X110.306 Y149.342 E2015.90816
G0 F9000 X110.39 Y149.39
G0 X113.296 Y149.76
G0 X113.319 Y149.724
G1 F1500 X113.395 Y149.647 E2015.90996
G0 F9000 X112.966 Y149.69
;MESH:NONMESH
G0 F300 X112.966 Y149.69 Z2.2
G0 F9000 X110.234 Y149.318
G0 X102.166 Y146.6
;TIME_ELAPSED:2745.653508
;LAYER:10
;TYPE:WALL-INNER
;MESH:esp32-s3-mount.obj
G1 F1500 X102.167 Y88.4 E2017.8457
G1 X96.766 Y88.4 E2018.02534
G1 X96.766 Y146.6 E2019.96108
G1 X102.166 Y146.6 E2020.14068
G0 F9000 X101.766 Y146.2
;TYPE:WALL-OUTER
G1 F1500 X101.767 Y88.8 E2022.04982
G1 X97.166 Y88.8 E2022.20285
G1 X97.166 Y146.2 E2024.11198
G1 X101.766 Y146.2 E2024.26497
G0 F9000 X101.766 Y146.5
G0 X110.462 Y149.1
;TYPE:WALL-INNER
G1 F1500 X113.556 Y149.1 E2024.36788
G1 X113.556 Y149.9 E2024.39449
G1 X93.6 Y149.9 E2025.05823
G1 X93.6 Y85.1 E2027.21349
G1 X113.556 Y85.1 E2027.87723
G1 X113.556 Y85.9 E2027.90383
G1 X110.462 Y85.9 E2028.00674
G1 X110.462 Y149.1 E2030.10878
G0 F9000 X110.862 Y148.7
;TYPE:WALL-OUTER
G1 F1500 X113.956 Y148.7 E2030.21169
G1 X113.956 Y150.3 E2030.2649
G1 X93.2 Y150.3 E2030.95525
G1 X93.2 Y84.7 E2033.13712
G1 X113.956 Y84.7 E2033.82746
G1 X113.956 Y86.3 E2033.88068
G1 X110.862 Y86.3 E2033.98359
G1 X110.862 Y148.7 E2036.05902
G0 F9000 X110.562 Y148.7
G0 X109.591 Y149.818
;TYPE:FILL
G1 F3000 X102.246 Y142.473 E2036.40451
G0 F9000 X102.245 Y141.831
G1 F3000 X110.38 Y139.651 E2036.68462
G0 F9000 X110.381 Y138.055
G1 F3000 X107.229 Y149.82 E2037.08973
G0 F9000 X110.38 Y145.863
G1 F3000 X95.615 Y149.819 E2037.59814
G0 F9000 X94.806 Y149.819
G1 F3000 X96.686 Y142.804 E2037.83969
G0 F9000 X96.684 Y143.321
G1 F3000 X93.679 Y144.126 E2037.94316
G0 F9000 X93.679 Y142.392
G1 F3000 X96.685 Y145.398 E2038.08455
G0 F9000 X96.938 Y146.428
G0 X97.966 Y146.679
G1 F3000 X101.106 Y149.818 E2038.23223
G1 X101.017 Y149.82
G1 X101.859 Y146.678 E2038.34042
G0 F9000 X102.245 Y145.237
G1 F3000 X110.381 Y114.873 E2039.38595
G1 X110.38 Y114.805
G1 X102.246 Y116.984 E2039.66603
G1 X102.246 Y117.017
G1 X110.382 Y125.153 E2040.04872
G0 F9000 X110.38 Y127.228
G1 F3000 X102.246 Y129.408 E2040.32881
G0 F9000 X102.246 Y125.502
G1 F3000 X110.382 Y133.638 E2040.7115
G1 X110.38 Y133.44
G1 X102.245 Y135.619 E2040.99161
G0 F9000 X102.246 Y133.988
G1 F3000 X110.382 Y142.124 E2041.3743
G0 F9000 X101.994 Y146.428
G0 X96.938 Y146.428
G0 X96.684 Y137.11
G1 F3000 X93.68 Y137.915 E2041.47774
G0 F9000 X96.685 Y136.912
G1 F3000 X93.679 Y133.906 E2041.61913
G0 F9000 X93.679 Y131.703
G1 F3000 X96.684 Y130.898 E2041.7226
G0 F9000 X96.685 Y128.427
G1 F3000 X93.679 Y125.421 E2041.864
G1 X93.679 Y125.491
G1 X96.684 Y124.686 E2041.96747
G0 F9000 X96.685 Y119.942
G1 F3000 X93.679 Y116.936 E2042.10886
G0 F9000 X93.68 Y119.28
G1 F3000 X96.685 Y118.475 E2042.21233
G0 F9000 X96.685 Y119.623
G1 F3000 X93.68 Y130.84 E2042.59857
G1 F2700 E2037.59857
G0 F9000 X96.938 Y146.428
G0 X101.994 Y146.428
G0 X102.246 Y123.196
G1 F2700 E2042.59857
G1 F3000 X110.38 Y121.016 E2042.87865
G0 F9000 X110.382 Y116.668
G1 F3000 X102.246 Y108.532 E2043.26135
G0 F9000 X102.247 Y110.772
G1 F3000 X110.381 Y108.593 E2043.54142
G0 F9000 X110.382 Y108.183
G1 F3000 X102.246 Y100.047 E2043.92412
G0 F9000 X102.246 Y98.871
G1 F3000 X105.914 Y85.179 E2044.39557
G0 F9000 X105.035 Y85.179
G1 F3000 X93.679 Y88.222 E2044.7866
G0 F9000 X93.679 Y91.48
G1 F3000 X96.685 Y94.486 E2044.92799
G0 F9000 X96.684 Y93.628
G1 F3000 X93.679 Y94.433 E2045.03146
G0 F9000 X96.685 Y96.441
G1 F3000 X93.68 Y107.657 E2045.41767
G0 F9000 X93.679 Y108.451
G1 F3000 X96.685 Y111.456 E2045.55903
G0 F9000 X96.684 Y112.263
G1 F3000 X93.679 Y113.068 E2045.66251
G0 F9000 X93.679 Y106.856
G1 F3000 X96.684 Y106.051 E2045.76598
G0 F9000 X96.685 Y102.971
G1 F3000 X93.679 Y99.965 E2045.90737
G0 F9000 X93.679 Y100.645
G1 F3000 X96.684 Y99.84 E2046.01084
G0 F9000 X96.938 Y88.572
G0 X101.995 Y88.572
G0 X102.246 Y98.349
G1 F3000 X110.38 Y96.17 E2046.29092
G0 F9000 X110.382 Y99.697
G1 F3000 X102.246 Y91.561 E2046.67361
G0 F9000 X102.247 Y92.138
G1 F3000 X110.381 Y89.958 E2046.9537
G0 F9000 X110.382 Y91.212
G1 F3000 X104.349 Y85.18 E2047.23745
G0 F9000 X99.703 Y85.179
G1 F3000 X98.861 Y88.319 E2047.34557
G1 X99.004 Y88.319
G1 X95.864 Y85.18 E2047.49324
G0 F9000 X110.381 Y91.69
G1 F3000 X102.246 Y122.054 E2048.53877
G0 F9000 X102.247 Y104.561
G1 F3000 X110.38 Y102.381 E2048.81883
G0 F9000 X110.332 Y85.725
G0 X110.276 Y85.669
;TYPE:SKIN
G1 F1500 X110.417 Y85.527 E2048.82633
G1 X112.653 Y85.5 E2048.91017
G1 X113.187 Y85.468 E2048.93023
G1 X113.328 Y85.326 E2048.93773
G1 F2700 E2043.93773
G0 F9000 X113.277 Y85.275
G0 X110.634 Y86.072
G0 X110.634 Y148.928
G0 X113.07 Y149.274
G0 X113.225 Y149.429
G1 F2700 E2048.93773
G1 F1500 X113.012 Y149.499 E2048.94662
G1 X110.466 Y149.499 E2049.04756
G1 X110.315 Y149.63 E2049.05549
G0 F9000 X110.222 Y149.537
G1 F2700 E2044.05549
G0 F9000 X113.736 Y149.1
G0 X114.821 Y149.1
G0 X136.179 Y149.1
G0 X137.264 Y149.1
G0 X140.538 Y149.1
;TYPE:WALL-INNER
G1 F2700 E2049.05549
G1 F1500 X140.538 Y85.9 E2051.15753
G1 X137.444 Y85.9 E2051.26043
G1 X137.444 Y85.1 E2051.28704
G1 X141.4 Y85.1 E2051.41862
G1 X141.4 Y149.9 E2053.57387
G1 X137.444 Y149.9 E2053.70545
G1 X137.444 Y149.1 E2053.73206
G1 X140.538 Y149.1 E2053.83497
G0 F9000 X140.138 Y148.7
;TYPE:WALL-OUTER
G1 F1500 X140.138 Y86.3 E2055.9104
G1 X137.044 Y86.3 E2056.01331
G1 X137.044 Y84.7 E2056.06652
G1 X141.8 Y84.7 E2056.22471
G1 X141.8 Y150.3 E2058.40657
G1 X137.044 Y150.3 E2058.56476
G1 X137.044 Y148.7 E2058.61797
G1 X140.138 Y148.7 E2058.72088
G0 F9000 X140.438 Y148.7
G0 X141.32 Y147.606
;TYPE:FILL
G1 F3000 X140.617 Y146.903 E2058.75395
G0 F9000 X140.618 Y143.973
G1 F3000 X141.318 Y143.785 E2058.77805
G0 F9000 X140.617 Y141.125
G1 F3000 X141.319 Y138.506 E2058.86824
G0 F9000 X141.32 Y139.121
G1 F3000 X140.617 Y138.418 E2058.90131
G0 F9000 X140.617 Y137.761
G1 F3000 X141.319 Y137.573 E2058.92548
G0 F9000 X140.618 Y131.549
G1 F3000 X141.319 Y131.361 E2058.94962
G0 F9000 X141.32 Y130.635
G1 F3000 X140.617 Y129.932 E2058.98268
G0 F9000 X140.618 Y125.338
G1 F3000 X141.318 Y125.15 E2059.00679
G0 F9000 X141.32 Y122.15
G1 F3000 X140.617 Y121.447 E2059.03986
G0 F9000 X140.617 Y119.126
G1 F3000 X141.318 Y118.938 E2059.064
G0 F9000 X140.617 Y117.943
G1 F3000 X141.319 Y115.324 E2059.15418
G0 F9000 X141.319 Y113.664
G1 F3000 X140.617 Y112.962 E2059.1872
G1 X140.617 Y112.914
G1 X141.319 Y112.726 E2059.21137
G0 F9000 X140.618 Y106.703
G1 F3000 X141.318 Y106.515 E2059.23548
G0 F9000 X141.319 Y105.179
G1 F3000 X140.617 Y104.477 E2059.2685
G0 F9000 X140.618 Y100.491
G1 F3000 X141.318 Y100.303 E2059.2926
G0 F9000 X141.319 Y96.694
G1 F3000 X140.617 Y95.991 E2059.32565
G0 F9000 X140.617 Y94.76
G1 F3000 X141.319 Y92.142 E2059.4158
G0 F9000 X141.319 Y94.092
G1 F3000 X140.617 Y94.279 E2059.43996
G0 F9000 X141.319 Y88.208
G1 F3000 X140.617 Y87.506 E2059.47298
G0 F9000 X140.618 Y88.068
G1 F3000 X141.318 Y87.88 E2059.49709
G0 F9000 X140.596 Y85.724
G0 X140.371 Y85.499
;TYPE:SKIN
G1 F1500 X140.088 Y85.499 E2059.50923
G1 X137.833 Y85.507 E2059.60602
G1 X137.692 Y85.649 E2059.6146
G0 F9000 X137.617 Y85.574
G0 X140.429 Y85.274
G0 X140.603 Y85.448
G1 F1500 X140.744 Y85.307 E2059.62434
G1 F2700 E2054.62434
G0 F9000 X140.712 Y85.274
G0 X140.506 Y149.274
G0 X140.641 Y149.41
G1 F2700 E2059.62434
G1 F1500 X140.448 Y149.499 E2059.63282
G1 X137.902 Y149.499 E2059.73449
G1 X137.731 Y149.61 E2059.74263
G0 F9000 X137.644 Y149.497
G1 F2700 E2054.74263
;MESH:NONMESH
G0 F300 X137.644 Y149.497 Z2.4
G0 F9000 X137.258 Y148.914
G0 X136.179 Y148.914
G0 X114.313 Y147.839
G0 X111.715 Y147.847
G0 X110.648 Y148.914
G0 X102.366 Y146.6
;TIME_ELAPSED:2810.322681
;LAYER:11
;TYPE:WALL-INNER
;MESH:esp32-s3-mount.obj
G1 F2700 E2059.74263
G1 F1500 X102.367 Y88.4 E2061.67837
G1 X96.566 Y88.4 E2061.87131
G1 X96.566 Y146.6 E2063.80705
G1 X102.366 Y146.6 E2063.99996
G0 F9000 X101.966 Y146.2
;TYPE:WALL-OUTER
G1 F1500 X101.967 Y88.8 E2065.90909
G1 X96.966 Y88.8 E2066.07543
G1 X96.966 Y146.2 E2067.98456
G1 X101.966 Y146.2 E2068.15086
G0 F9000 X101.966 Y146.5
G0 X110.462 Y149.1
;TYPE:WALL-INNER
G1 F1500 X113.556 Y149.1 E2068.25377
G1 X113.556 Y149.9 E2068.28037
G1 X93.6 Y149.9 E2068.94411
G1 X93.6 Y85.1 E2071.09937
G1 X113.556 Y85.1 E2071.76311
G1 X113.556 Y85.9 E2071.78972
G1 X110.462 Y85.9 E2071.89262
G1 X110.462 Y149.1 E2073.99466
G0 F9000 X110.862 Y148.7
;TYPE:WALL-OUTER
G1 F1500 X113.956 Y148.7 E2074.09757
G1 X113.956 Y150.3 E2074.15079
G1 X93.2 Y150.3 E2074.84114
G1 X93.2 Y84.7 E2077.023
G1 X113.956 Y84.7 E2077.71335
G1 X113.956 Y86.3 E2077.76656
G1 X110.862 Y86.3 E2077.86947
G1 X110.862 Y148.7 E2079.9449
G0 F9000 X110.562 Y148.7
G0 X109.792 Y149.818
;TYPE:FILL
G1 F3000 X102.445 Y142.472 E2080.29046
G0 F9000 X102.445 Y141.925
G1 F3000 X110.38 Y139.798 E2080.5637
G0 F9000 X110.382 Y141.923
G1 F3000 X102.445 Y133.986 E2080.93703
G0 F9000 X102.445 Y135.713
G1 F3000 X110.381 Y133.587 E2081.21029
G1 X110.382 Y133.438
G1 X102.445 Y125.501 E2081.58362
G0 F9000 X102.446 Y123.289
G1 F3000 X110.38 Y121.163 E2081.85682
G0 F9000 X110.382 Y124.952
G1 F3000 X102.445 Y117.016 E2082.23012
G1 X102.445 Y117.078
G1 X110.38 Y114.952 E2082.50335
G0 F9000 X110.381 Y114.324
G1 F3000 X102.445 Y143.943 E2083.52323
G0 F9000 X102.194 Y146.428
G0 X101.712 Y146.679
G1 F3000 X100.87 Y149.82 E2083.63139
G0 F9000 X101.307 Y149.818
G1 F3000 X98.167 Y146.679 E2083.77906
G0 F9000 X96.738 Y146.428
G0 X96.486 Y144.997
G1 F3000 X93.679 Y142.191 E2083.91107
G0 F9000 X93.679 Y144.273
G1 F3000 X96.484 Y143.522 E2084.00765
G0 F9000 X96.485 Y143.004
G1 F3000 X94.659 Y149.819 E2084.24232
G0 F9000 X96.163 Y149.819
G1 F3000 X110.38 Y146.01 E2084.73185
G0 F9000 X107.082 Y149.819
G1 F3000 X110.381 Y137.506 E2085.15583
G0 F9000 X110.38 Y127.375
G1 F3000 X102.446 Y129.501 E2085.42902
G1 F2700 E2080.42902
G0 F9000 X102.194 Y146.428
G0 X96.738 Y146.428
G0 X96.486 Y128.027
G1 F2700 E2085.42902
G1 F3000 X93.679 Y125.22 E2085.56106
G0 F9000 X93.679 Y125.638
G1 F3000 X96.484 Y124.887 E2085.65764
G0 F9000 X96.485 Y119.822
G1 F3000 X93.68 Y130.291 E2086.01812
G0 F9000 X93.679 Y131.85
G1 F3000 X96.484 Y131.099 E2086.1147
G0 F9000 X93.679 Y133.706
G1 F3000 X96.486 Y136.512 E2086.24671
G0 F9000 X96.484 Y137.31
G1 F3000 X93.68 Y138.062 E2086.34327
G0 F9000 X93.68 Y119.427
G1 F3000 X96.485 Y118.675 E2086.43986
G0 F9000 X96.486 Y119.542
G1 F3000 X93.679 Y116.735 E2086.57189
G0 F9000 X93.679 Y113.215
G1 F3000 X96.484 Y112.464 E2086.66847
G0 F9000 X96.486 Y111.056
G1 F3000 X93.679 Y108.25 E2086.80048
G0 F9000 X93.68 Y107.109
G1 F3000 X96.485 Y96.639 E2087.16099
G0 F9000 X96.486 Y94.086
G1 F3000 X93.679 Y91.279 E2087.29303
G0 F9000 X93.679 Y88.369
G1 F3000 X105.582 Y85.179 E2087.70289
G1 X105.767 Y85.179
G1 X102.446 Y97.573 E2088.12966
G0 F9000 X102.446 Y98.443
G1 F3000 X110.38 Y96.317 E2088.40286
G0 F9000 X110.382 Y99.496
G1 F3000 X102.445 Y91.56 E2088.77616
G0 F9000 X102.447 Y92.231
G1 F3000 X110.381 Y90.105 E2089.04936
G0 F9000 X110.382 Y91.011
G1 F3000 X104.55 Y85.18 E2089.32366
G0 F9000 X99.556 Y85.179
G1 F3000 X98.714 Y88.32 E2089.43181
G0 F9000 X99.204 Y88.319
G1 F3000 X96.065 Y85.18 E2089.57946
G0 F9000 X96.484 Y93.829
G1 F3000 X93.679 Y94.58 E2089.67604
G0 F9000 X93.679 Y99.764
G1 F3000 X96.486 Y102.571 E2089.80808
G0 F9000 X96.485 Y100.04
G1 F3000 X93.68 Y100.792 E2089.90467
G0 F9000 X96.484 Y106.252
G1 F3000 X93.679 Y107.003 E2090.00125
G1 F2700 E2085.00125
G0 F9000 X96.738 Y88.572
G0 X102.195 Y88.572
G0 X102.445 Y108.53
G1 F2700 E2090.00125
G1 F3000 X110.382 Y116.467 E2090.37458
G0 F9000 X110.38 Y108.74
G1 F3000 X102.446 Y110.866 E2090.64777
G0 F9000 X102.446 Y104.654
G1 F3000 X110.38 Y102.528 E2090.92097
G0 F9000 X110.382 Y107.982
G1 F3000 X102.445 Y100.045 E2091.2943
G0 F9000 X110.382 Y91.141
G1 F3000 X102.446 Y120.758 E2092.31412
G0 F9000 X110.375 Y149.273
;TYPE:SKIN
G1 F1500 X110.222 Y149.427 E2092.31773
G0 F9000 X110.44 Y149.491
G1 F1500 X110.715 Y149.498 E2092.3292
G1 X112.978 Y149.498 E2092.42361
G1 X113.349 Y149.693 E2092.44109
G1 F2700 E2087.44109
G0 F9000 X113.318 Y149.724
G0 X110.634 Y148.928
G0 X110.634 Y86.072
G0 X113.113 Y85.725
G1 F2700 E2092.44109
G1 F1500 X113.38 Y85.458 E2092.44737
G0 F9000 X113.055 Y85.499
G1 F1500 X112.772 Y85.499 E2092.4597
G1 X110.509 Y85.499 E2092.55829
G1 X110.336 Y85.389 E2092.56722
G0 F9000 X110.221 Y85.505
G1 F2700 E2087.56722
G0 F9000 X110.648 Y148.914
G0 X111.715 Y147.847
G0 X113.819 Y147.841
G0 X136.179 Y148.914
G0 X137.264 Y148.914
G0 X140.538 Y149.1
;TYPE:WALL-INNER
G1 F2700 E2092.56722
G1 F1500 X140.538 Y85.9 E2094.66926
G1 X137.444 Y85.9 E2094.77216
G1 X137.444 Y85.1 E2094.79877
G1 X141.4 Y85.1 E2094.93035
G1 X141.4 Y149.9 E2097.08561
G1 X137.444 Y149.9 E2097.21718
G1 X137.444 Y149.1 E2097.24379
G1 X140.538 Y149.1 E2097.3467
G0 F9000 X140.138 Y148.7
;TYPE:WALL-OUTER
G1 F1500 X140.138 Y86.3 E2099.42213
G1 X137.044 Y86.3 E2099.52504
G1 X137.044 Y84.7 E2099.57825
G1 X141.8 Y84.7 E2099.73644
G1 X141.8 Y150.3 E2101.9183
G1 X137.044 Y150.3 E2102.07649
G1 X137.044 Y148.7 E2102.12971
G1 X140.138 Y148.7 E2102.23261
G0 F9000 X140.438 Y148.7
G0 X141.32 Y147.405
;TYPE:FILL
G1 F3000 X140.617 Y146.702 E2102.26568
G0 F9000 X140.618 Y144.12
G1 F3000 X141.318 Y143.932 E2102.28979
G0 F9000 X140.617 Y140.576
G1 F3000 X141.319 Y137.957 E2102.37997
G0 F9000 X141.319 Y137.72
G1 F3000 X140.617 Y137.908 E2102.40414
G0 F9000 X140.617 Y138.217
G1 F3000 X141.32 Y138.92 E2102.43721
G0 F9000 X140.618 Y131.696
G1 F3000 X141.319 Y131.508 E2102.46135
G0 F9000 X141.32 Y130.435
G1 F3000 X140.617 Y129.732 E2102.49441
G0 F9000 X140.618 Y125.485
G1 F3000 X141.318 Y125.297 E2102.51852
G0 F9000 X141.32 Y121.949
G1 F3000 X140.617 Y121.246 E2102.55159
G0 F9000 X140.617 Y119.273
G1 F3000 X141.318 Y119.085 E2102.57573
G0 F9000 X140.617 Y117.394
G1 F3000 X141.319 Y114.775 E2102.66591
G0 F9000 X141.319 Y113.463
G1 F3000 X140.617 Y112.761 E2102.69893
G0 F9000 X140.618 Y113.061
G1 F3000 X141.319 Y112.873 E2102.72307
G0 F9000 X140.618 Y106.85
G1 F3000 X141.318 Y106.662 E2102.74718
G0 F9000 X141.319 Y104.978
G1 F3000 X140.617 Y104.276 E2102.7802
G0 F9000 X140.617 Y100.638
G1 F3000 X141.318 Y100.45 E2102.80434
G0 F9000 X141.319 Y96.493
G1 F3000 X140.617 Y95.791 E2102.83736
G0 F9000 X140.617 Y94.426
G1 F3000 X141.319 Y94.239 E2102.86152
G0 F9000 X140.617 Y94.211
G1 F3000 X141.319 Y91.594 E2102.95164
G0 F9000 X140.618 Y88.215
G1 F3000 X141.318 Y88.027 E2102.97575
G1 X141.319 Y88.007
G1 X140.617 Y87.305 E2103.00877
G0 F9000 X140.548 Y85.725
;TYPE:SKIN
G1 F1500 X140.777 Y85.496 E2103.01415
G0 F9000 X140.49 Y85.499
G1 F1500 X140.208 Y85.499 E2103.02651
G1 X137.945 Y85.499 E2103.12567
G1 X137.752 Y85.409 E2103.135
G1 F2700 E2098.135
G0 F9000 X137.618 Y85.544
G0 X140.366 Y86.072
G0 X140.366 Y148.928
G0 X137.81 Y149.274
G1 F2700 E2103.135
G1 F1500 X137.618 Y149.466 E2103.13952
G0 F9000 X137.868 Y149.499
G1 F1500 X138.151 Y149.499 E2103.15192
G1 X140.414 Y149.499 E2103.25111
G1 X140.624 Y149.571 E2103.26084
G0 F9000 X140.777 Y149.418
G1 F2700 E2098.26084
;MESH:NONMESH
G0 F300 X140.777 Y149.418 Z2.6
G0 F9000 X137.258 Y148.914
G0 X136.179 Y148.914
G0 X114.313 Y147.839
G0 X111.715 Y147.847
G0 X110.648 Y148.914
G0 X102.566 Y146.6
;TIME_ELAPSED:2876.853287
;LAYER:12
;TYPE:WALL-INNER
;MESH:esp32-s3-mount.obj
G1 F2700 E2103.26084
G1 F1500 X102.567 Y88.4 E2105.19658
G1 X96.366 Y88.4 E2105.40282
G1 X96.366 Y146.6 E2107.33856
G1 X102.566 Y146.6 E2107.54478
G0 F9000 X102.166 Y146.2
;TYPE:WALL-OUTER
G1 F1500 X102.167 Y88.8 E2109.45391
G1 X96.766 Y88.8 E2109.63355
G1 X96.766 Y146.2 E2111.54268
G1 X102.166 Y146.2 E2111.72228
G0 F9000 X102.166 Y146.5
G0 X110.462 Y149.1
;TYPE:WALL-INNER
G1 F1500 X113.556 Y149.1 E2111.82519
G1 X113.556 Y149.9 E2111.8518
G1 X93.6 Y149.9 E2112.51554
G1 X93.6 Y85.1 E2114.67079
G1 X113.556 Y85.1 E2115.33453
G1 X113.556 Y85.9 E2115.36114
G1 X110.462 Y85.9 E2115.46405
G1 X110.462 Y149.1 E2117.56609
G0 F9000 X110.862 Y148.7
;TYPE:WALL-OUTER
G1 F1500 X113.956 Y148.7 E2117.669
G1 X113.956 Y150.3 E2117.72221
G1 X93.2 Y150.3 E2118.41256
G1 X93.2 Y84.7 E2120.59442
G1 X113.956 Y84.7 E2121.28477
G1 X113.956 Y86.3 E2121.33799
G1 X110.862 Y86.3 E2121.44089
G1 X110.862 Y148.7 E2123.51633
G0 F9000 X110.562 Y148.7
G0 X109.991 Y149.818
;TYPE:FILL
G1 F3000 X102.646 Y142.473 E2123.86181
G1 X102.645 Y142.652
G1 X110.382 Y113.778 E2124.85605
G0 F9000 X110.38 Y115.098
G1 F3000 X102.646 Y117.17 E2125.12235
G1 X102.646 Y117.017
G1 X110.382 Y124.753 E2125.48623
G0 F9000 X110.381 Y127.521
G1 F3000 X102.645 Y129.594 E2125.75261
G0 F9000 X102.646 Y125.502
G1 F3000 X110.382 Y133.238 E2126.11649
G0 F9000 X110.38 Y133.733
G1 F3000 X102.645 Y135.805 E2126.38282
G0 F9000 X102.646 Y133.988
G1 F3000 X110.382 Y141.723 E2126.74668
G0 F9000 X110.38 Y139.944
G1 F3000 X102.645 Y142.017 E2127.01302
G0 F9000 X102.394 Y146.428
G0 X101.566 Y146.679
G1 F3000 X100.724 Y149.819 E2127.12115
G0 F9000 X101.506 Y149.818
G1 F3000 X98.367 Y146.679 E2127.2688
G0 F9000 X96.538 Y146.428
G0 X96.286 Y144.598
G1 F3000 X93.679 Y141.991 E2127.39142
G0 F9000 X93.679 Y144.419
G1 F3000 X96.284 Y143.721 E2127.48112
G0 F9000 X96.285 Y143.206
G1 F3000 X94.513 Y149.819 E2127.70883
G0 F9000 X96.708 Y149.819
G1 F3000 X110.381 Y146.156 E2128.17963
G0 F9000 X106.936 Y149.82
G1 F3000 X110.381 Y136.961 E2128.62241
G0 F9000 X102.394 Y146.428
G0 X96.538 Y146.428
G0 X96.285 Y137.51
G1 F3000 X93.679 Y138.208 E2128.71214
G0 F9000 X96.286 Y136.113
G1 F3000 X93.679 Y133.506 E2128.83476
G0 F9000 X93.679 Y131.996
G1 F3000 X96.285 Y131.298 E2128.9245
G0 F9000 X93.68 Y129.747
G1 F3000 X96.285 Y120.023 E2129.25932
G0 F9000 X96.286 Y119.142
G1 F3000 X93.679 Y116.536 E2129.38192
G0 F9000 X93.679 Y119.573
G1 F3000 X96.284 Y118.875 E2129.47162
G0 F9000 X93.679 Y113.361
G1 F3000 X96.285 Y112.663 E2129.56135
G0 F9000 X96.286 Y110.657
G1 F3000 X93.679 Y108.05 E2129.68398
G0 F9000 X93.679 Y107.15
G1 F3000 X96.285 Y106.451 E2129.77372
G0 F9000 X93.68 Y106.564
G1 F3000 X96.285 Y96.839 E2130.10858
G0 F9000 X96.285 Y94.028
G1 F3000 X93.68 Y94.726 E2130.19828
G0 F9000 X96.286 Y93.686
G1 F3000 X93.679 Y91.08 E2130.32088
G0 F9000 X93.679 Y88.515
G1 F3000 X106.128 Y85.179 E2130.74954
G0 F9000 X105.621 Y85.179
G1 F3000 X102.646 Y96.282 E2131.13186
G0 F9000 X102.646 Y98.535
G1 F3000 X110.38 Y96.463 E2131.39816
G0 F9000 X110.382 Y99.297
G1 F3000 X102.646 Y91.561 E2131.76204
G0 F9000 X102.646 Y92.323
G1 F3000 X110.38 Y90.251 E2132.02834
G0 F9000 X110.381 Y90.596
G1 F3000 X102.646 Y119.467 E2133.02246
G0 F9000 X102.646 Y123.382
G1 F3000 X110.38 Y121.309 E2133.28878
G0 F9000 X110.382 Y116.268
G1 F3000 X102.646 Y108.532 E2133.65266
G0 F9000 X102.645 Y110.959
G1 F3000 X110.381 Y108.886 E2133.91903
G0 F9000 X110.382 Y107.782
G1 F3000 X102.646 Y100.047 E2134.28289
G0 F9000 X102.646 Y104.747
G1 F3000 X110.38 Y102.675 E2134.54919
G0 F9000 X110.382 Y90.812
G1 F3000 X104.75 Y85.18 E2134.81411
G0 F9000 X99.41 Y85.178
G1 F3000 X98.568 Y88.319 E2134.92226
G0 F9000 X99.405 Y88.32
G1 F3000 X96.264 Y85.18 E2135.06998
G0 F9000 X93.679 Y99.565
G1 F3000 X96.286 Y102.171 E2135.19259
G0 F9000 X96.284 Y100.24
G1 F3000 X93.679 Y100.938 E2135.28228
G0 F9000 X93.679 Y125.021
G1 F3000 X96.286 Y127.627 E2135.40489
G0 F9000 X96.284 Y125.086
G1 F3000 X93.679 Y125.784 E2135.49458
G1 F2700 E2130.49458
G0 F9000 X96.538 Y146.428
G0 X110.242 Y149.274
;TYPE:SKIN
G1 F2700 E2135.49458
G1 F1500 X110.691 Y149.724 E2135.50516
G0 F9000 X110.315 Y149.63
G1 F1500 X110.749 Y149.499 E2135.52165
G1 X113.012 Y149.499 E2135.60399
G1 X113.225 Y149.429 E2135.61215
G1 F2700 E2130.61215
G0 F9000 X113.07 Y149.274
G0 X110.634 Y148.928
G0 X110.634 Y86.072
G0 X113.161 Y85.725
G0 X112.936 Y85.5
G1 F2700 E2135.61215
G1 F1500 X113.187 Y85.468 E2135.62053
G1 X113.328 Y85.326 E2135.62716
G1 X112.37 Y85.5 E2135.6594
G1 X110.417 Y85.527 E2135.72407
G1 X110.276 Y85.669 E2135.7307
G0 F9000 X110.332 Y85.725
G1 F2700 E2130.7307
G0 F9000 X110.648 Y148.914
G0 X111.715 Y147.847
G0 X113.819 Y147.841
G0 X136.179 Y148.914
G0 X137.264 Y148.914
G0 X140.538 Y149.1
;TYPE:WALL-INNER
G1 F2700 E2135.7307
G1 F1500 X140.538 Y85.9 E2137.83274
G1 X137.444 Y85.9 E2137.93564
G1 X137.444 Y85.1 E2137.96225
G1 X141.4 Y85.1 E2138.09383
G1 X141.4 Y149.9 E2140.24908
G1 X137.444 Y149.9 E2140.38066
G1 X137.444 Y149.1 E2140.40727
G1 X140.538 Y149.1 E2140.51018
G0 F9000 X140.138 Y148.7
;TYPE:WALL-OUTER
G1 F1500 X140.138 Y86.3 E2142.58561
G1 X137.044 Y86.3 E2142.68852
G1 X137.044 Y84.7 E2142.74173
G1 X141.8 Y84.7 E2142.89992
G1 X141.8 Y150.3 E2145.08178
G1 X137.044 Y150.3 E2145.23997
G1 X137.044 Y148.7 E2145.29318
G1 X140.138 Y148.7 E2145.39609
G0 F9000 X140.438 Y148.7
G0 X141.32 Y147.206
;TYPE:FILL
G1 F3000 X140.617 Y146.503 E2145.42916
G0 F9000 X140.618 Y144.266
G1 F3000 X141.319 Y144.078 E2145.4533
G0 F9000 X140.617 Y140.031
G1 F3000 X141.319 Y137.413 E2145.54345
G0 F9000 X141.318 Y137.866
G1 F3000 X140.617 Y138.054 E2145.56759
G1 X140.617 Y138.018
G1 X141.32 Y138.72 E2145.60063
G0 F9000 X140.617 Y131.842
G1 F3000 X141.319 Y131.654 E2145.6248
G0 F9000 X141.32 Y130.235
G1 F3000 X140.617 Y129.532 E2145.65787
G0 F9000 X140.618 Y125.631
G1 F3000 X141.319 Y125.443 E2145.68201
G0 F9000 X141.32 Y121.75
G1 F3000 X140.617 Y121.047 E2145.71508
G0 F9000 X140.618 Y119.419
G1 F3000 X141.318 Y119.231 E2145.73918
G0 F9000 X140.617 Y116.85
G1 F3000 X141.319 Y114.231 E2145.82937
G0 F9000 X141.319 Y113.264
G1 F3000 X140.617 Y112.562 E2145.86239
G0 F9000 X140.617 Y113.207
G1 F3000 X141.319 Y113.019 E2145.88656
G0 F9000 X140.618 Y106.996
G1 F3000 X141.319 Y106.808 E2145.9107
G0 F9000 X141.319 Y104.779
G1 F3000 X140.617 Y104.076 E2145.94374
G0 F9000 X140.618 Y100.784
G1 F3000 X141.318 Y100.596 E2145.96785
G0 F9000 X141.319 Y96.293
G1 F3000 X140.617 Y95.591 E2146.00087
G0 F9000 X140.617 Y94.572
G1 F3000 X141.318 Y94.385 E2146.025
G0 F9000 X140.617 Y93.667
G1 F3000 X141.319 Y91.048 E2146.11518
G0 F9000 X140.618 Y88.361
G1 F3000 X141.319 Y88.173 E2146.13932
G0 F9000 X141.319 Y87.808
G1 F3000 X140.617 Y87.106 E2146.17234
G0 F9000 X140.596 Y85.724
G0 X140.371 Y85.499
;TYPE:SKIN
G1 F1500 X140.088 Y85.499 E2146.18449
G1 X137.833 Y85.507 E2146.28127
G1 X137.692 Y85.649 E2146.28985
G0 F9000 X137.617 Y85.574
G0 X140.429 Y85.274
G0 X140.603 Y85.448
G1 F1500 X140.744 Y85.307 E2146.29959
G1 F2700 E2141.29959
G0 F9000 X140.712 Y85.274
G0 X140.506 Y149.274
G0 X140.641 Y149.41
G1 F2700 E2146.29959
G1 F1500 X140.448 Y149.499 E2146.30807
G1 X137.902 Y149.499 E2146.40974
G1 X137.731 Y149.61 E2146.41788
G0 F9000 X137.644 Y149.497
G1 F2700 E2141.41788
;MESH:NONMESH
G0 F300 X137.644 Y149.497 Z2.8
G0 F9000 X137.258 Y148.914
G0 X136.179 Y148.914
G0 X114.313 Y147.839
G0 X111.715 Y147.847
G0 X110.648 Y148.914
G0 X102.766 Y146.6
;TIME_ELAPSED:2942.236369
;LAYER:13
;TYPE:WALL-INNER
;MESH:esp32-s3-mount.obj
G1 F2700 E2146.41788
G1 F1500 X102.767 Y88.4 E2148.35362
G1 X96.166 Y88.4 E2148.57317
G1 X96.166 Y146.6 E2150.50891
G1 X102.766 Y146.6 E2150.72843
G0 F9000 X102.366 Y146.2
;TYPE:WALL-OUTER
G1 F1500 X102.367 Y88.8 E2152.63756
G1 X96.566 Y88.8 E2152.8305
G1 X96.566 Y146.2 E2154.73963
G1 X102.366 Y146.2 E2154.93254
G0 F9000 X102.366 Y146.5
G0 X110.462 Y149.1
;TYPE:WALL-INNER
G1 F1500 X113.556 Y149.1 E2155.03545
G1 X113.556 Y149.9 E2155.06206
G1 X93.6 Y149.9 E2155.7258
G1 X93.6 Y85.1 E2157.88105
G1 X113.556 Y85.1 E2158.54479
G1 X113.556 Y85.9 E2158.5714
G1 X110.462 Y85.9 E2158.67431
G1 X110.462 Y149.1 E2160.77635
G0 F9000 X110.862 Y148.7
;TYPE:WALL-OUTER
G1 F1500 X113.956 Y148.7 E2160.87925
G1 X113.956 Y150.3 E2160.93247
G1 X93.2 Y150.3 E2161.62282
G1 X93.2 Y84.7 E2163.80468
G1 X113.956 Y84.7 E2164.49503
G1 X113.956 Y86.3 E2164.54825
G1 X110.862 Y86.3 E2164.65115
G1 X110.862 Y148.7 E2166.72659
G0 F9000 X110.562 Y148.7
G0 X110.191 Y149.818
;TYPE:FILL
G1 F3000 X102.845 Y142.473 E2167.0721
G0 F9000 X102.846 Y142.109
G1 F3000 X110.38 Y140.09 E2167.33152
G0 F9000 X110.382 Y141.524
G1 F3000 X102.845 Y133.988 E2167.68601
G0 F9000 X102.846 Y135.898
G1 F3000 X110.38 Y133.879 E2167.94544
G0 F9000 X110.382 Y133.039
G1 F3000 X102.845 Y125.502 E2168.29995
G0 F9000 X102.846 Y123.474
G1 F3000 X110.381 Y121.455 E2168.55941
G0 F9000 X110.382 Y124.554
G1 F3000 X102.845 Y117.017 E2168.91393
G0 F9000 X102.846 Y117.263
G1 F3000 X110.38 Y115.244 E2169.17335
G0 F9000 X110.382 Y116.068
G1 F3000 X102.845 Y108.532 E2169.52785
G0 F9000 X102.846 Y111.051
G1 F3000 X110.38 Y109.032 E2169.78727
G0 F9000 X110.382 Y107.583
G1 F3000 X102.845 Y100.047 E2170.14176
G0 F9000 X102.846 Y98.628
G1 F3000 X110.38 Y96.609 E2170.40119
G0 F9000 X110.382 Y99.098
G1 F3000 X102.845 Y91.561 E2170.7557
G0 F9000 X102.846 Y92.416
G1 F3000 X110.38 Y90.397 E2171.01513
G0 F9000 X110.382 Y90.612
G1 F3000 X104.949 Y85.18 E2171.27066
G0 F9000 X105.476 Y85.178
G1 F3000 X102.846 Y94.991 E2171.60856
G0 F9000 X102.595 Y88.572
G0 X96.338 Y88.572
G0 X96.085 Y94.228
G1 F3000 X93.679 Y94.872 E2171.6914
G0 F9000 X96.085 Y93.287
G1 F3000 X93.679 Y90.88 E2171.80459
G0 F9000 X93.679 Y88.661
G1 F3000 X106.672 Y85.179 E2172.25199
G0 F9000 X110.381 Y90.052
G1 F3000 X102.846 Y118.175 E2173.22036
G1 F2700 E2168.22036
G0 F9000 X102.594 Y146.428
G0 X96.338 Y146.428
G0 X96.085 Y118.743
G1 F2700 E2173.22036
G1 F3000 X93.679 Y116.336 E2173.33355
G0 F9000 X93.679 Y113.507
G1 F3000 X96.085 Y112.863 E2173.41639
G0 F9000 X96.085 Y110.257
G1 F3000 X93.679 Y107.851 E2173.52956
G0 F9000 X93.679 Y107.296
G1 F3000 X96.085 Y106.651 E2173.61241
G0 F9000 X93.68 Y106.019
G1 F3000 X96.085 Y97.043 E2173.92149
G0 F9000 X93.679 Y99.366
G1 F3000 X96.085 Y101.772 E2174.03466
G0 F9000 X96.085 Y100.439
G1 F3000 X93.679 Y101.084 E2174.11751
G1 F2700 E2169.11751
G0 F9000 X96.338 Y88.572
G0 X102.595 Y88.572
G0 X102.846 Y104.839
G1 F2700 E2174.11751
G1 F3000 X110.381 Y102.82 E2174.37696
G0 F9000 X110.381 Y113.234
G1 F3000 X102.846 Y141.358 E2175.34536
G0 F9000 X102.594 Y146.428
G0 X101.42 Y146.679
G1 F3000 X100.578 Y149.819 E2175.45349
G0 F9000 X101.705 Y149.818
G1 F3000 X98.566 Y146.679 E2175.60114
G0 F9000 X97.253 Y149.82
G1 F3000 X110.38 Y146.302 E2176.05315
G0 F9000 X106.79 Y149.82
G1 F3000 X110.381 Y136.417 E2176.51466
G0 F9000 X110.38 Y127.667
G1 F3000 X102.846 Y129.686 E2176.77408
G1 F2700 E2171.77408
G0 F9000 X102.594 Y146.428
G0 X96.338 Y146.428
G0 X96.085 Y131.498
G1 F2700 E2176.77408
G1 F3000 X93.68 Y132.142 E2176.85689
G0 F9000 X93.679 Y133.307
G1 F3000 X96.085 Y135.713 E2176.97006
G0 F9000 X96.084 Y137.709
G1 F3000 X93.679 Y138.354 E2177.05288
G0 F9000 X93.679 Y141.792
G1 F3000 X96.085 Y144.198 E2177.16605
G0 F9000 X96.084 Y143.921
G1 F3000 X93.679 Y144.565 E2177.24886
G0 F9000 X96.085 Y143.407
G1 F3000 X94.367 Y149.82 E2177.46968
G0 F9000 X93.68 Y129.201
G1 F3000 X96.085 Y120.225 E2177.77875
G0 F9000 X96.084 Y119.074
G1 F3000 X93.679 Y119.719 E2177.86157
G0 F9000 X93.679 Y124.822
G1 F3000 X96.085 Y127.228 E2177.97474
G0 F9000 X96.085 Y125.286
G1 F3000 X93.679 Y125.93 E2178.05758
G1 F2700 E2173.05758
G0 F9000 X96.338 Y88.572
G0 X98.423 Y88.319
G1 F2700 E2178.05758
G1 F3000 X99.264 Y85.178 E2178.16573
G0 F9000 X96.464 Y85.18
G1 F3000 X99.603 Y88.319 E2178.31338
G0 F9000 X110.221 Y85.505
;TYPE:SKIN
G1 F1500 X110.452 Y85.274 E2178.31881
G0 F9000 X110.509 Y85.499
G1 F1500 X110.792 Y85.499 E2178.33014
G1 X113.055 Y85.499 E2178.42073
G1 X113.246 Y85.591 E2178.42921
G1 F2700 E2173.42921
G0 F9000 X113.113 Y85.725
G0 X110.634 Y86.072
G0 X110.634 Y148.928
G0 X113.204 Y149.273
G0 X112.978 Y149.498
G1 F2700 E2178.42921
G1 F1500 X113.208 Y149.551 E2178.43719
G1 X113.349 Y149.693 E2178.44395
G1 X112.412 Y149.498 E2178.47628
G1 X110.44 Y149.491 E2178.54291
G1 X110.298 Y149.35 E2178.54967
G0 F9000 X110.375 Y149.273
G1 F2700 E2173.54967
G0 F9000 X113.736 Y149.1
G0 X114.821 Y149.1
G0 X136.179 Y149.1
G0 X137.264 Y149.1
G0 X140.538 Y149.1
;TYPE:WALL-INNER
G1 F2700 E2178.54967
G1 F1500 X140.538 Y85.9 E2180.65171
G1 X137.444 Y85.9 E2180.75462
G1 X137.444 Y85.1 E2180.78123
G1 X141.4 Y85.1 E2180.9128
G1 X141.4 Y149.9 E2183.06806
G1 X137.444 Y149.9 E2183.19964
G1 X137.444 Y149.1 E2183.22625
G1 X140.538 Y149.1 E2183.32915
G0 F9000 X140.138 Y148.7
;TYPE:WALL-OUTER
G1 F1500 X140.138 Y86.3 E2185.40459
G1 X137.044 Y86.3 E2185.50749
G1 X137.044 Y84.7 E2185.56071
G1 X141.8 Y84.7 E2185.71889
G1 X141.8 Y150.3 E2187.90076
G1 X137.044 Y150.3 E2188.05894
G1 X137.044 Y148.7 E2188.11216
G1 X140.138 Y148.7 E2188.21507
G0 F9000 X140.438 Y148.7
G0 X141.32 Y147.006
;TYPE:FILL
G1 F3000 X140.617 Y146.303 E2188.24813
G0 F9000 X140.618 Y144.412
G1 F3000 X141.319 Y144.224 E2188.27227
G0 F9000 X140.617 Y139.487
G1 F3000 X141.319 Y136.868 E2188.36246
G0 F9000 X141.318 Y138.012
G1 F3000 X140.618 Y138.2 E2188.38656
G0 F9000 X140.617 Y137.818
G1 F3000 X141.32 Y138.521 E2188.41963
G0 F9000 X140.617 Y131.988
G1 F3000 X141.318 Y131.8 E2188.44377
G0 F9000 X141.32 Y130.036
G1 F3000 X140.617 Y129.333 E2188.47684
G0 F9000 X140.617 Y125.777
G1 F3000 X141.319 Y125.589 E2188.50101
G0 F9000 X141.32 Y121.55
G1 F3000 X140.617 Y120.848 E2188.53405
G0 F9000 X140.618 Y119.565
G1 F3000 X141.318 Y119.377 E2188.55816
G0 F9000 X140.617 Y116.304
G1 F3000 X141.319 Y113.685 E2188.64834
G0 F9000 X141.318 Y113.166
G1 F3000 X140.618 Y113.353 E2188.67244
G0 F9000 X141.319 Y113.064
G1 F3000 X140.617 Y112.362 E2188.70546
G0 F9000 X140.617 Y107.142
G1 F3000 X141.319 Y106.954 E2188.72963
G0 F9000 X141.319 Y104.579
G1 F3000 X140.617 Y103.877 E2188.76265
G0 F9000 X140.618 Y100.93
G1 F3000 X141.318 Y100.742 E2188.78676
G0 F9000 X141.319 Y96.094
G1 F3000 X140.617 Y95.392 E2188.81978
G0 F9000 X140.618 Y94.718
G1 F3000 X141.318 Y94.531 E2188.84388
G0 F9000 X140.617 Y93.122
G1 F3000 X141.319 Y90.503 E2188.93406
G0 F9000 X140.617 Y88.507
G1 F3000 X141.319 Y88.319 E2188.95823
G0 F9000 X141.319 Y87.609
G1 F3000 X140.617 Y86.906 E2188.99128
G0 F9000 X140.548 Y85.725
;TYPE:SKIN
G1 F1500 X140.777 Y85.496 E2188.99666
G0 F9000 X140.49 Y85.499
G1 F1500 X140.208 Y85.499 E2189.00902
G1 X137.945 Y85.499 E2189.10818
G1 X137.752 Y85.409 E2189.11751
G1 F2700 E2184.11751
G0 F9000 X137.618 Y85.544
G0 X140.366 Y86.072
G0 X140.366 Y148.928
G0 X137.81 Y149.274
G1 F2700 E2189.11751
G1 F1500 X137.618 Y149.466 E2189.12203
G0 F9000 X137.868 Y149.499
G1 F1500 X138.151 Y149.499 E2189.13443
G1 X140.414 Y149.499 E2189.23362
G1 X140.624 Y149.571 E2189.24335
G0 F9000 X140.777 Y149.418
G1 F2700 E2184.24335
;MESH:NONMESH
G0 F300 X140.777 Y149.418 Z3
G0 F9000 X137.258 Y148.914
G0 X136.179 Y148.914
G0 X114.313 Y147.839
G0 X111.715 Y147.847
G0 X110.648 Y148.914
G0 X102.966 Y146.6
;TIME_ELAPSED:3009.963565
;LAYER:14
;TYPE:WALL-INNER
;MESH:esp32-s3-mount.obj
G1 F2700 E2189.24335
G1 F1500 X102.967 Y88.4 E2191.17909
G1 X95.966 Y88.4 E2191.41194
G1 X95.966 Y146.6 E2193.34768
G1 X102.966 Y146.6 E2193.5805
G0 F9000 X102.566 Y146.2
;TYPE:WALL-OUTER
G1 F1500 X102.567 Y88.8 E2195.48964
G1 X96.366 Y88.8 E2195.69588
G1 X96.366 Y146.2 E2197.60501
G1 X102.566 Y146.2 E2197.81123
G0 F9000 X102.566 Y146.5
G0 X110.462 Y149.1
;TYPE:WALL-INNER
G1 F1500 X113.556 Y149.1 E2197.91413
G1 X113.556 Y149.9 E2197.94074
G1 X93.6 Y149.9 E2198.60448
G1 X93.6 Y85.1 E2200.75974
G1 X113.556 Y85.1 E2201.42348
G1 X113.556 Y85.9 E2201.45008
G1 X110.462 Y85.9 E2201.55299
G1 X110.462 Y149.1 E2203.65503
G0 F9000 X110.862 Y148.7
;TYPE:WALL-OUTER
G1 F1500 X113.956 Y148.7 E2203.75794
G1 X113.956 Y150.3 E2203.81115
G1 X93.2 Y150.3 E2204.5015
G1 X93.2 Y84.7 E2206.68337
G1 X113.956 Y84.7 E2207.37371
G1 X113.956 Y86.3 E2207.42693
G1 X110.862 Y86.3 E2207.52984
G1 X110.862 Y148.7 E2209.60527
G0 F9000 X110.562 Y148.7
G0 X110.382 Y149.809
;TYPE:FILL
G1 F3000 X103.045 Y142.472 E2209.95038
G0 F9000 X103.046 Y142.203
G1 F3000 X110.38 Y140.237 E2210.20292
G0 F9000 X110.382 Y141.323
G1 F3000 X103.045 Y133.987 E2210.54801
G0 F9000 X103.046 Y135.991
G1 F3000 X110.38 Y134.026 E2210.80054
G0 F9000 X110.382 Y132.838
G1 F3000 X103.045 Y125.502 E2211.14563
G0 F9000 X103.046 Y123.568
G1 F3000 X110.38 Y121.603 E2211.39816
G0 F9000 X110.382 Y124.353
G1 F3000 X103.045 Y117.016 E2211.74327
G1 X103.046 Y116.88
G1 X110.381 Y89.503 E2212.68595
G0 F9000 X110.382 Y90.412
G1 F3000 X105.15 Y85.18 E2212.93205
G1 X105.329 Y85.178
G1 X103.046 Y93.698 E2213.22542
G0 F9000 X103.046 Y92.509
G1 F3000 X110.38 Y90.544 E2213.47795
G0 F9000 X107.221 Y85.179
G1 F3000 X93.679 Y88.808 E2213.94426
G0 F9000 X93.679 Y90.68
G1 F3000 X95.885 Y92.886 E2214.04802
G0 F9000 X95.884 Y94.428
G1 F3000 X93.679 Y95.019 E2214.12395
G0 F9000 X95.885 Y97.241
G1 F3000 X93.68 Y105.471 E2214.40733
G0 F9000 X93.679 Y107.443
G1 F3000 X95.884 Y106.852 E2214.48326
G0 F9000 X93.679 Y107.65
G1 F3000 X95.885 Y109.856 E2214.58702
G0 F9000 X95.885 Y113.063
G1 F3000 X93.68 Y113.654 E2214.66295
G0 F9000 X93.679 Y116.135
G1 F3000 X95.886 Y118.342 E2214.76676
G0 F9000 X95.884 Y119.275
G1 F3000 X93.679 Y119.866 E2214.84269
G0 F9000 X95.885 Y120.422
G1 F3000 X93.68 Y128.652 E2215.12607
G0 F9000 X93.679 Y126.077
G1 F3000 X95.884 Y125.487 E2215.20199
G0 F9000 X95.886 Y126.828
G1 F3000 X93.679 Y124.621 E2215.3058
G0 F9000 X95.885 Y131.698
G1 F3000 X93.68 Y132.289 E2215.38173
G0 F9000 X93.679 Y133.106
G1 F3000 X95.886 Y135.313 E2215.48554
G0 F9000 X95.885 Y137.91
G1 F3000 X93.679 Y138.501 E2215.5615
G0 F9000 X93.679 Y141.591
G1 F3000 X95.886 Y143.798 E2215.66531
G1 X95.885 Y143.604
G1 X94.22 Y149.819 E2215.87931
G0 F9000 X97.801 Y149.82
G1 F3000 X110.381 Y146.449 E2216.31248
G0 F9000 X106.643 Y149.82
G1 F3000 X110.381 Y135.868 E2216.7929
G0 F9000 X110.38 Y127.814
G1 F3000 X103.046 Y129.779 E2217.04543
G0 F9000 X103.046 Y140.063
G1 F3000 X110.381 Y112.685 E2217.98814
G0 F9000 X110.38 Y115.391
G1 F3000 X103.046 Y117.356 E2218.24067
G0 F9000 X103.046 Y111.144
G1 F3000 X110.38 Y109.179 E2218.49321
G0 F9000 X110.382 Y107.382
G1 F3000 X103.045 Y100.046 E2218.83829
G0 F9000 X103.046 Y98.721
G1 F3000 X110.38 Y96.756 E2219.09083
G0 F9000 X110.382 Y98.897
G1 F3000 X103.045 Y91.561 E2219.43591
G0 F9000 X102.795 Y88.572
G0 X99.804 Y88.319
G1 F3000 X96.665 Y85.18 E2219.58356
G0 F9000 X99.117 Y85.178
G1 F3000 X98.275 Y88.32 E2219.69175
G0 F9000 X96.138 Y88.572
G0 X93.679 Y99.165
G1 F3000 X95.885 Y101.371 E2219.79552
G0 F9000 X95.884 Y100.64
G1 F3000 X93.679 Y101.231 E2219.87144
G1 F2700 E2214.87144
G0 F9000 X96.138 Y88.572
G0 X102.795 Y88.572
G0 X103.046 Y104.933
G1 F2700 E2219.87144
G1 F3000 X110.381 Y102.967 E2220.12402
G0 F9000 X103.045 Y108.531
G1 F3000 X110.382 Y115.867 E2220.4691
G1 F2700 E2215.4691
G0 F9000 X102.794 Y146.428
G0 X96.138 Y146.428
G0 X95.885 Y144.121
G1 F2700 E2220.4691
G1 F3000 X93.679 Y144.712 E2220.54506
G0 F9000 X96.138 Y146.428
G0 X98.767 Y146.679
G1 F3000 X101.906 Y149.818 E2220.69271
G0 F9000 X100.431 Y149.819
G1 F3000 X101.273 Y146.678 E2220.80087
G0 F9000 X110.242 Y149.274
;TYPE:SKIN
G1 F1500 X110.691 Y149.724 E2220.81144
G0 F9000 X110.315 Y149.63
G1 F1500 X110.749 Y149.499 E2220.82794
G1 X113.012 Y149.499 E2220.91028
G1 X113.225 Y149.429 E2220.91844
G1 F2700 E2215.91844
G0 F9000 X113.07 Y149.274
G0 X110.634 Y148.928
G0 X110.634 Y86.072
G0 X113.161 Y85.725
G0 X112.936 Y85.5
G1 F2700 E2220.91844
G1 F1500 X113.187 Y85.468 E2220.92682
G1 X113.328 Y85.326 E2220.93344
G1 X112.37 Y85.5 E2220.96568
G1 X110.417 Y85.527 E2221.03036
G1 X110.276 Y85.669 E2221.03698
G0 F9000 X110.332 Y85.725
G1 F2700 E2216.03698
G0 F9000 X110.648 Y148.914
G0 X111.715 Y147.847
G0 X113.819 Y147.841
G0 X136.179 Y148.914
G0 X137.264 Y148.914
G0 X140.538 Y149.1
;TYPE:WALL-INNER
G1 F2700 E2221.03698
G1 F1500 X140.538 Y85.9 E2223.13902
G1 X137.444 Y85.9 E2223.24193
G1 X137.444 Y85.1 E2223.26854
G1 X141.4 Y85.1 E2223.40011
G1 X141.4 Y149.9 E2225.55537
G1 X137.444 Y149.9 E2225.68695
G1 X137.444 Y149.1 E2225.71356
G1 X140.538 Y149.1 E2225.81646
G0 F9000 X140.138 Y148.7
;TYPE:WALL-OUTER
G1 F1500 X140.138 Y86.3 E2227.8919
G1 X137.044 Y86.3 E2227.9948
G1 X137.044 Y84.7 E2228.04802
G1 X141.8 Y84.7 E2228.2062
G1 X141.8 Y150.3 E2230.38807
G1 X137.044 Y150.3 E2230.54625
G1 X137.044 Y148.7 E2230.59947
G1 X140.138 Y148.7 E2230.70238
G0 F9000 X140.438 Y148.7
G0 X141.32 Y146.805
;TYPE:FILL
G1 F3000 X140.617 Y146.103 E2230.73542
G0 F9000 X140.618 Y144.559
G1 F3000 X141.319 Y144.371 E2230.75956
G0 F9000 X140.617 Y138.938
G1 F3000 X141.319 Y136.32 E2230.84971
G0 F9000 X140.617 Y137.617
G1 F3000 X141.32 Y138.32 E2230.88278
G1 X141.318 Y138.159
G1 X140.618 Y138.347 E2230.90688
G0 F9000 X140.617 Y132.135
G1 F3000 X141.318 Y131.947 E2230.93102
G0 F9000 X141.32 Y129.835
G1 F3000 X140.617 Y129.132 E2230.96409
G0 F9000 X140.618 Y125.924
G1 F3000 X141.319 Y125.736 E2230.98823
G0 F9000 X141.32 Y121.35
G1 F3000 X140.617 Y120.647 E2231.0213
G0 F9000 X140.618 Y119.712
G1 F3000 X141.318 Y119.524 E2231.0454
G0 F9000 X140.617 Y115.755
G1 F3000 X141.319 Y113.138 E2231.13552
G1 X141.318 Y113.313
G1 X140.617 Y113.5 E2231.15965
G0 F9000 X141.319 Y112.864
G1 F3000 X140.617 Y112.161 E2231.1927
G0 F9000 X140.617 Y107.289
G1 F3000 X141.319 Y107.101 E2231.21687
G0 F9000 X141.319 Y104.378
G1 F3000 X140.617 Y103.676 E2231.24989
G0 F9000 X140.618 Y101.077
G1 F3000 X141.318 Y100.889 E2231.274
G0 F9000 X141.319 Y95.893
G1 F3000 X140.617 Y95.191 E2231.30702
G0 F9000 X140.618 Y94.865
G1 F3000 X141.318 Y94.678 E2231.33111
G0 F9000 X140.617 Y92.573
G1 F3000 X141.319 Y89.955 E2231.42127
G0 F9000 X140.617 Y88.654
G1 F3000 X141.319 Y88.466 E2231.44544
G0 F9000 X141.319 Y87.408
G1 F3000 X140.617 Y86.706 E2231.47846
G0 F9000 X140.371 Y85.499
;TYPE:SKIN
G1 F1500 X140.088 Y85.499 E2231.4906
G1 X137.833 Y85.507 E2231.58738
G1 X137.692 Y85.649 E2231.59597
G0 F9000 X137.617 Y85.574
G0 X140.429 Y85.274
G0 X140.603 Y85.448
G1 F1500 X140.744 Y85.307 E2231.6057
G1 F2700 E2226.6057
G0 F9000 X140.712 Y85.274
G0 X140.506 Y149.274
G0 X140.641 Y149.41
G1 F2700 E2231.6057
G1 F1500 X140.448 Y149.499 E2231.61419
G1 X137.902 Y149.499 E2231.71586
G1 X137.731 Y149.61 E2231.724
G0 F9000 X137.644 Y149.497
G1 F2700 E2226.724
;MESH:NONMESH
G0 F300 X137.644 Y149.497 Z3.2
G0 F9000 X137.258 Y148.914
G0 X136.179 Y148.914
G0 X114.313 Y147.839
G0 X111.715 Y147.847
G0 X110.648 Y148.914
G0 X103.034 Y146.6
;TIME_ELAPSED:3075.668056
;LAYER:15
;TYPE:WALL-INNER
;MESH:esp32-s3-mount.obj
G1 F2700 E2231.724
G1 F1500 X103.034 Y88.4 E2233.65974
G1 X95.766 Y88.4 E2233.90147
G1 X95.766 Y146.6 E2235.83721
G1 X103.034 Y146.6 E2236.07895
G0 F9000 X102.634 Y146.2
;TYPE:WALL-OUTER
G1 F1500 X102.634 Y88.8 E2237.98808
G1 X96.166 Y88.8 E2238.20321
G1 X96.166 Y146.2 E2240.11234
G1 X102.634 Y146.2 E2240.32746
G0 F9000 X102.934 Y146.2
G0 X110.462 Y149.1
;TYPE:WALL-INNER
G1 F1500 X113.556 Y149.1 E2240.43037
G1 X113.556 Y149.9 E2240.45698
G1 X93.6 Y149.9 E2241.12072
G1 X93.6 Y85.1 E2243.27597
G1 X113.556 Y85.1 E2243.93971
G1 X113.556 Y85.9 E2243.96632
G1 X110.462 Y85.9 E2244.06923
G1 X110.462 Y149.1 E2246.17127
G0 F9000 X110.862 Y148.7
;TYPE:WALL-OUTER
G1 F1500 X113.956 Y148.7 E2246.27418
G1 X113.956 Y150.3 E2246.32739
G1 X93.2 Y150.3 E2247.01774
G1 X93.2 Y84.7 E2249.1996
G1 X113.956 Y84.7 E2249.88995
G1 X113.956 Y86.3 E2249.94317
G1 X110.862 Y86.3 E2250.04608
G1 X110.862 Y148.7 E2252.12151
G0 F9000 X110.562 Y148.7
G0 X110.382 Y149.609
;TYPE:FILL
G1 F3000 X103.113 Y142.341 E2252.4634
G1 X103.113 Y142.331
G1 X110.381 Y140.383 E2252.71366
G0 F9000 X110.382 Y141.124
G1 F3000 X103.113 Y133.856 E2253.05555
G0 F9000 X103.113 Y136.119
G1 F3000 X110.38 Y134.172 E2253.30578
G0 F9000 X110.381 Y135.323
G1 F3000 X106.497 Y149.82 E2253.80495
G0 F9000 X102.106 Y149.818
G1 F3000 X98.966 Y146.679 E2253.95263
G0 F9000 X101.127 Y146.679
G1 F3000 X100.285 Y149.819 E2254.06075
G0 F9000 X98.347 Y149.819
G1 F3000 X110.38 Y146.595 E2254.47509
G0 F9000 X103.114 Y139.265
G1 F3000 X110.381 Y112.141 E2255.40905
G0 F9000 X110.38 Y109.325
G1 F3000 X103.114 Y111.272 E2255.65925
G0 F9000 X103.113 Y108.399
G1 F3000 X110.382 Y115.668 E2256.00116
G1 X110.38 Y115.537
G1 X103.113 Y117.484 E2256.25138
G0 F9000 X103.113 Y116.884
G1 F3000 X110.382 Y124.153 E2256.5933
G0 F9000 X110.381 Y121.748
G1 F3000 X103.113 Y123.696 E2256.84356
G0 F9000 X103.113 Y125.37
G1 F3000 X110.382 Y132.639 E2257.18547
G0 F9000 X110.38 Y127.96
G1 F3000 X103.113 Y129.907 E2257.4357
G1 F2700 E2252.4357
G0 F9000 X102.862 Y146.428
G0 X95.938 Y146.428
G0 X95.685 Y131.898
G1 F2700 E2257.4357
G1 F3000 X93.679 Y132.435 E2257.50477
G0 F9000 X93.679 Y132.907
G1 F3000 X95.685 Y134.913 E2257.59913
G0 F9000 X95.684 Y138.109
G1 F3000 X93.679 Y138.647 E2257.66817
G0 F9000 X93.679 Y141.392
G1 F3000 X95.685 Y143.398 E2257.76253
G0 F9000 X95.685 Y143.805
G1 F3000 X94.074 Y149.819 E2257.96961
G0 F9000 X93.679 Y144.858
G1 F3000 X95.685 Y144.321 E2258.03868
G0 F9000 X93.68 Y128.108
G1 F3000 X95.685 Y120.623 E2258.2964
G0 F9000 X95.684 Y119.474
G1 F3000 X93.679 Y120.012 E2258.36545
G0 F9000 X95.685 Y117.942
G1 F3000 X93.679 Y115.936 E2258.45981
G0 F9000 X93.679 Y113.8
G1 F3000 X95.685 Y113.263 E2258.52887
G0 F9000 X95.685 Y109.457
G1 F3000 X93.679 Y107.451 E2258.62323
G1 X93.68 Y107.588
G1 X95.684 Y107.051 E2258.69224
G0 F9000 X93.68 Y104.926
G1 F3000 X95.685 Y97.442 E2258.94993
G0 F9000 X93.679 Y98.965
G1 F3000 X95.685 Y100.972 E2259.04431
G1 X95.684 Y100.84
G1 X93.679 Y101.377 E2259.11335
G0 F9000 X93.679 Y95.165
G1 F3000 X95.684 Y94.628 E2259.18239
G0 F9000 X95.685 Y92.486
G1 F3000 X93.679 Y90.48 E2259.27674
G0 F9000 X93.68 Y88.953
G1 F3000 X95.684 Y88.416 E2259.34575
G0 F9000 X96.047 Y88.319
G1 F3000 X107.766 Y85.179 E2259.74927
G0 F9000 X105.349 Y85.18
G1 F3000 X110.382 Y90.212 E2259.98599
G0 F9000 X110.38 Y90.69
G1 F3000 X103.113 Y92.637 E2260.23621
G0 F9000 X103.113 Y92.901
G1 F3000 X105.183 Y85.178 E2260.50215
G0 F9000 X100.003 Y88.319
G1 F3000 X96.864 Y85.18 E2260.64979
G0 F9000 X98.971 Y85.179
G1 F3000 X98.129 Y88.32 E2260.75795
G0 F9000 X102.862 Y88.572
G0 X103.113 Y91.428
G1 F3000 X110.382 Y98.697 E2261.09986
G0 F9000 X110.381 Y96.902
G1 F3000 X103.113 Y98.849 E2261.35012
G0 F9000 X103.113 Y99.914
G1 F3000 X110.382 Y107.183 E2261.69203
G0 F9000 X110.38 Y103.113
G1 F3000 X103.113 Y105.061 E2261.94227
G0 F9000 X103.113 Y116.083
G1 F3000 X110.382 Y88.958 E2262.87628
G1 F2700 E2257.87628
G0 F9000 X102.862 Y88.572
G0 X95.938 Y88.572
G0 X93.679 Y124.421
G1 F2700 E2262.87628
G1 F3000 X95.685 Y126.427 E2262.97064
G0 F9000 X95.685 Y125.686
G1 F3000 X93.68 Y126.223 E2263.03968
G1 F2700 E2258.03968
G0 F9000 X95.938 Y146.428
G0 X110.375 Y149.273
;TYPE:SKIN
G1 F2700 E2263.03968
G1 F1500 X110.222 Y149.427 E2263.04329
G0 F9000 X110.44 Y149.491
G1 F1500 X110.715 Y149.498 E2263.05476
G1 X112.978 Y149.498 E2263.14917
G1 X113.349 Y149.693 E2263.16665
G1 F2700 E2258.16665
G0 F9000 X113.318 Y149.724
G0 X110.634 Y148.928
G0 X110.634 Y86.072
G0 X113.113 Y85.725
G1 F2700 E2263.16665
G1 F1500 X113.38 Y85.458 E2263.17293
G0 F9000 X113.055 Y85.499
G1 F1500 X112.772 Y85.499 E2263.18526
G1 X110.509 Y85.499 E2263.28384
G1 X110.336 Y85.389 E2263.29278
G0 F9000 X110.221 Y85.505
G1 F2700 E2258.29278
G0 F9000 X110.648 Y148.914
G0 X111.715 Y147.847
G0 X113.819 Y147.841
G0 X136.179 Y148.914
G0 X137.264 Y148.914
G0 X140.538 Y149.1
;TYPE:WALL-INNER
G1 F2700 E2263.29278
G1 F1500 X140.538 Y85.9 E2265.39482
G1 X137.444 Y85.9 E2265.49772
G1 X137.444 Y85.1 E2265.52433
G1 X141.4 Y85.1 E2265.65591
G1 X141.4 Y149.9 E2267.81116
G1 X137.444 Y149.9 E2267.94274
G1 X137.444 Y149.1 E2267.96935
G1 X140.538 Y149.1 E2268.07226
G0 F9000 X140.138 Y148.7
;TYPE:WALL-OUTER
G1 F1500 X140.138 Y86.3 E2270.14769
G1 X137.044 Y86.3 E2270.2506
G1 X137.044 Y84.7 E2270.30381
G1 X141.8 Y84.7 E2270.462
G1 X141.8 Y150.3 E2272.64386
G1 X137.044 Y150.3 E2272.80205
G1 X137.044 Y148.7 E2272.85526
G1 X140.138 Y148.7 E2272.95817
G0 F9000 X140.438 Y148.7
G0 X141.32 Y146.606
;TYPE:FILL
G1 F3000 X140.617 Y145.903 E2272.99124
G0 F9000 X140.617 Y144.705
G1 F3000 X141.319 Y144.517 E2273.01541
G0 F9000 X140.618 Y138.493
G1 F3000 X141.319 Y138.305 E2273.03955
G1 X141.32 Y138.121
G1 X140.617 Y137.418 E2273.07262
G0 F9000 X140.617 Y138.394
G1 F3000 X141.319 Y135.775 E2273.1628
G0 F9000 X140.618 Y132.281
G1 F3000 X141.318 Y132.094 E2273.1869
G0 F9000 X141.32 Y129.636
G1 F3000 X140.617 Y128.933 E2273.21996
G0 F9000 X140.617 Y126.07
G1 F3000 X141.319 Y125.882 E2273.24414
G0 F9000 X141.32 Y121.15
G1 F3000 X140.617 Y120.447 E2273.2772
G0 F9000 X140.618 Y119.858
G1 F3000 X141.319 Y119.67 E2273.30134
G0 F9000 X140.617 Y115.211
G1 F3000 X141.319 Y112.592 E2273.39152
G1 X141.319 Y112.664
G1 X140.617 Y111.962 E2273.42454
G0 F9000 X141.318 Y113.459
G1 F3000 X140.618 Y113.646 E2273.44864
G0 F9000 X140.617 Y107.435
G1 F3000 X141.318 Y107.247 E2273.47278
G0 F9000 X141.319 Y104.179
G1 F3000 X140.617 Y103.477 E2273.5058
G0 F9000 X140.618 Y101.223
G1 F3000 X141.319 Y101.035 E2273.52994
G0 F9000 X141.319 Y95.694
G1 F3000 X140.617 Y94.992 E2273.56296
G1 X140.618 Y95.011
G1 X141.318 Y94.824 E2273.58706
G0 F9000 X140.617 Y92.029
G1 F3000 X141.319 Y89.41 E2273.67724
G0 F9000 X141.318 Y88.612
G1 F3000 X140.617 Y88.8 E2273.70138
G0 F9000 X141.319 Y87.208
G1 F3000 X140.617 Y86.506 E2273.7344
G0 F9000 X140.548 Y85.725
;TYPE:SKIN
G1 F1500 X140.777 Y85.496 E2273.73979
G0 F9000 X140.49 Y85.499
G1 F1500 X140.208 Y85.499 E2273.75215
G1 X137.945 Y85.499 E2273.85131
G1 X137.752 Y85.409 E2273.86064
G1 F2700 E2268.86064
G0 F9000 X137.618 Y85.544
G0 X140.366 Y86.072
G0 X140.366 Y148.928
G0 X137.81 Y149.274
G1 F2700 E2273.86064
G1 F1500 X137.618 Y149.466 E2273.86516
G0 F9000 X137.868 Y149.499
G1 F1500 X138.151 Y149.499 E2273.87756
G1 X140.414 Y149.499 E2273.97675
G1 X140.624 Y149.571 E2273.98648
G0 F9000 X140.777 Y149.418
G1 F2700 E2268.98648
;MESH:NONMESH
G0 F300 X140.777 Y149.418 Z3.4
G0 F9000 X137.258 Y148.914
G0 X136.179 Y148.914
G0 X114.313 Y147.839
G0 X111.715 Y147.847
G0 X110.648 Y148.914
G0 X102.834 Y146.6
;TIME_ELAPSED:3141.870808
;LAYER:16
;TYPE:WALL-INNER
;MESH:esp32-s3-mount.obj
G1 F2700 E2273.98648
G1 F1500 X102.834 Y88.4 E2275.92222
G1 X95.566 Y88.4 E2276.16395
G1 X95.566 Y146.6 E2278.09969
G1 X102.834 Y146.6 E2278.34143
G0 F9000 X102.434 Y146.2
;TYPE:WALL-OUTER
G1 F1500 X102.434 Y88.8 E2280.25056
G1 X95.966 Y88.8 E2280.46568
G1 X95.966 Y146.2 E2282.37482
G1 X102.434 Y146.2 E2282.58994
G0 F9000 X102.734 Y146.2
G0 X110.462 Y149.1
;TYPE:WALL-INNER
G1 F1500 X113.556 Y149.1 E2282.69285
G1 X113.556 Y149.9 E2282.71946
G1 X93.6 Y149.9 E2283.3832
G1 X93.6 Y85.1 E2285.53845
G1 X113.556 Y85.1 E2286.20219
G1 X113.556 Y85.9 E2286.2288
G1 X110.462 Y85.9 E2286.33171
G1 X110.462 Y149.1 E2288.43375
G0 F9000 X110.862 Y148.7
;TYPE:WALL-OUTER
G1 F1500 X113.956 Y148.7 E2288.53665
G1 X113.956 Y150.3 E2288.58987
G1 X93.2 Y150.3 E2289.28022
G1 X93.2 Y84.7 E2291.46208
G1 X113.956 Y84.7 E2292.15243
G1 X113.956 Y86.3 E2292.20565
G1 X110.862 Y86.3 E2292.30855
G1 X110.862 Y148.7 E2294.38399
G0 F9000 X110.382 Y149.408
;TYPE:FILL
G1 F3000 X102.913 Y141.939 E2294.7353
G0 F9000 X102.913 Y142.531
G1 F3000 X110.381 Y140.53 E2294.99245
G0 F9000 X110.382 Y140.923
G1 F3000 X102.913 Y133.454 E2295.34377
G0 F9000 X102.913 Y136.319
G1 F3000 X110.38 Y134.319 E2295.60088
G0 F9000 X110.381 Y134.775
G1 F3000 X106.35 Y149.82 E2296.11893
G0 F9000 X102.307 Y149.818
G1 F3000 X99.167 Y146.679 E2296.2666
G0 F9000 X100.98 Y146.678
G1 F3000 X100.138 Y149.819 E2296.37476
G0 F9000 X98.896 Y149.819
G1 F3000 X110.38 Y146.742 E2296.77019
G0 F9000 X102.913 Y139.465
G1 F3000 X110.381 Y111.592 E2297.72995
G0 F9000 X110.38 Y109.472
G1 F3000 X102.914 Y111.473 E2297.98703
G0 F9000 X102.913 Y107.998
G1 F3000 X110.382 Y115.467 E2298.33835
G0 F9000 X110.38 Y115.684
G1 F3000 X102.913 Y117.684 E2298.59546
G0 F9000 X102.913 Y116.483
G1 F3000 X110.382 Y123.952 E2298.94678
G0 F9000 X110.381 Y121.895
G1 F3000 X102.913 Y123.896 E2299.20393
G0 F9000 X102.913 Y124.969
G1 F3000 X110.382 Y132.438 E2299.55525
G0 F9000 X110.38 Y128.107
G1 F3000 X102.914 Y130.108 E2299.81233
G1 F2700 E2294.81233
G0 F9000 X102.662 Y146.428
G0 X95.738 Y146.428
G0 X95.484 Y132.099
G1 F2700 E2299.81233
G1 F3000 X93.679 Y132.582 E2299.87448
G1 X93.679 Y132.706
G1 X95.486 Y134.512 E2299.95945
G0 F9000 X95.484 Y138.31
G1 F3000 X93.679 Y138.794 E2300.0216
G0 F9000 X93.679 Y141.191
G1 F3000 X95.486 Y142.998 E2300.1066
G0 F9000 X95.485 Y144.006
G1 F3000 X93.927 Y149.819 E2300.30677
G1 X93.821 Y149.818
G1 X93.679 Y149.676 E2300.31344
G0 F9000 X93.679 Y145.005
G1 F3000 X95.484 Y144.522 E2300.37559
G0 F9000 X93.68 Y127.559
G1 F3000 X95.485 Y120.822 E2300.60757
G0 F9000 X95.484 Y119.675
G1 F3000 X93.679 Y120.159 E2300.66972
G0 F9000 X95.486 Y117.542
G1 F3000 X93.679 Y115.735 E2300.75472
G0 F9000 X93.679 Y113.947
G1 F3000 X95.485 Y113.463 E2300.81691
G0 F9000 X95.486 Y109.057
G1 F3000 X93.679 Y107.25 E2300.9019
G0 F9000 X93.679 Y107.736
G1 F3000 X95.484 Y107.252 E2300.96406
G0 F9000 X93.68 Y104.377
G1 F3000 X95.485 Y97.639 E2301.19607
G0 F9000 X93.679 Y98.765
G1 F3000 X95.486 Y100.571 E2301.28104
G0 F9000 X95.484 Y101.04
G1 F3000 X93.679 Y101.524 E2301.34319
G0 F9000 X93.679 Y95.312
G1 F3000 X95.485 Y94.828 E2301.40538
G0 F9000 X95.486 Y92.086
G1 F3000 X93.679 Y90.279 E2301.49038
G0 F9000 X93.68 Y89.1
G1 F3000 X95.485 Y88.617 E2301.55252
G0 F9000 X96.594 Y88.319
G1 F3000 X108.314 Y85.179 E2301.95608
G0 F9000 X105.55 Y85.18
G1 F3000 X110.382 Y90.011 E2302.18334
G0 F9000 X110.38 Y90.837
G1 F3000 X102.914 Y92.838 E2302.44042
G0 F9000 X102.914 Y93.098
G1 F3000 X105.036 Y85.178 E2302.71314
G0 F9000 X100.204 Y88.319
G1 F3000 X97.065 Y85.18 E2302.86078
G0 F9000 X98.824 Y85.179
G1 F3000 X97.982 Y88.319 E2302.96891
G0 F9000 X102.662 Y88.572
G0 X102.913 Y91.027
G1 F3000 X110.382 Y98.497 E2303.32025
G0 F9000 X110.38 Y97.049
G1 F3000 X102.913 Y99.05 E2303.57737
G0 F9000 X102.913 Y99.513
G1 F3000 X110.382 Y106.982 E2303.92869
G0 F9000 X110.381 Y103.26
G1 F3000 X102.913 Y105.261 E2304.18584
G0 F9000 X102.913 Y116.281
G1 F3000 X110.381 Y88.41 E2305.14553
G1 F2700 E2300.14553
G0 F9000 X95.738 Y88.572
G0 X93.679 Y124.22
G1 F2700 E2305.14553
G1 F3000 X95.486 Y126.027 E2305.23053
G1 X95.484 Y125.887
G1 X93.679 Y126.371 E2305.29268
G1 F2700 E2300.29268
G0 F9000 X95.738 Y146.428
G0 X110.242 Y149.274
;TYPE:SKIN
G1 F2700 E2305.29268
G1 F1500 X110.691 Y149.724 E2305.30325
G0 F9000 X110.315 Y149.63
G1 F1500 X110.749 Y149.499 E2305.31975
G1 X113.012 Y149.499 E2305.40209
G1 X113.225 Y149.429 E2305.41025
G1 F2700 E2300.41025
G0 F9000 X113.07 Y149.274
G0 X110.634 Y148.928
G0 X110.634 Y86.072
G0 X113.161 Y85.725
G0 X112.936 Y85.5
G1 F2700 E2305.41025
G1 F1500 X113.187 Y85.468 E2305.41863
G1 X113.328 Y85.326 E2305.42525
G1 X112.37 Y85.5 E2305.45749
G1 X110.417 Y85.527 E2305.52217
G1 X110.276 Y85.669 E2305.52879
G0 F9000 X110.332 Y85.725
G1 F2700 E2300.52879
G0 F9000 X110.648 Y148.914
G0 X111.715 Y147.847
G0 X113.819 Y147.841
G0 X136.179 Y148.914
G0 X137.264 Y148.914
G0 X140.538 Y149.1
;TYPE:WALL-INNER
G1 F2700 E2305.52879
G1 F1500 X140.538 Y85.9 E2307.63083
G1 X137.444 Y85.9 E2307.73374
G1 X137.444 Y85.1 E2307.76035
G1 X141.4 Y85.1 E2307.89192
G1 X141.4 Y149.9 E2310.04718
G1 X137.444 Y149.9 E2310.17876
G1 X137.444 Y149.1 E2310.20537
G1 X140.538 Y149.1 E2310.30827
G0 F9000 X140.138 Y148.7
;TYPE:WALL-OUTER
G1 F1500 X140.138 Y86.3 E2312.38371
G1 X137.044 Y86.3 E2312.48661
G1 X137.044 Y84.7 E2312.53983
G1 X141.8 Y84.7 E2312.69801
G1 X141.8 Y150.3 E2314.87988
G1 X137.044 Y150.3 E2315.03806
G1 X137.044 Y148.7 E2315.09128
G1 X140.138 Y148.7 E2315.19419
G0 F9000 X140.438 Y148.7
G0 X141.32 Y146.405
;TYPE:FILL
G1 F3000 X140.617 Y145.702 E2315.22725
G0 F9000 X140.617 Y144.852
G1 F3000 X141.319 Y144.664 E2315.25143
G0 F9000 X140.618 Y138.64
G1 F3000 X141.319 Y138.452 E2315.27556
G0 F9000 X141.32 Y137.92
G1 F3000 X140.617 Y137.217 E2315.30863
G0 F9000 X140.617 Y137.845
G1 F3000 X141.319 Y135.226 E2315.39881
G0 F9000 X140.618 Y132.428
G1 F3000 X141.318 Y132.241 E2315.42291
G0 F9000 X141.32 Y129.435
G1 F3000 X140.617 Y128.732 E2315.45598
G0 F9000 X140.617 Y126.217
G1 F3000 X141.319 Y126.029 E2315.48015
G0 F9000 X141.32 Y120.949
G1 F3000 X140.617 Y120.247 E2315.5132
G0 F9000 X140.618 Y120.005
G1 F3000 X141.319 Y119.817 E2315.53733
G0 F9000 X140.617 Y114.662
G1 F3000 X141.319 Y112.043 E2315.62752
G0 F9000 X141.319 Y112.463
G1 F3000 X140.617 Y111.761 E2315.66054
G0 F9000 X141.318 Y113.606
G1 F3000 X140.618 Y113.793 E2315.68464
G0 F9000 X140.617 Y107.582
G1 F3000 X141.319 Y107.394 E2315.70881
G0 F9000 X141.319 Y103.978
G1 F3000 X140.617 Y103.276 E2315.74183
G0 F9000 X140.618 Y101.37
G1 F3000 X141.319 Y101.182 E2315.76597
G0 F9000 X141.319 Y95.493
G1 F3000 X140.617 Y94.791 E2315.79899
G0 F9000 X140.618 Y95.158
G1 F3000 X141.318 Y94.971 E2315.82309
G0 F9000 X140.617 Y91.48
G1 F3000 X141.319 Y88.861 E2315.91327
G1 X141.318 Y88.759
G1 X140.617 Y88.947 E2315.93741
G0 F9000 X141.319 Y87.008
G1 F3000 X140.617 Y86.305 E2315.97045
G0 F9000 X140.371 Y85.499
;TYPE:SKIN
G1 F1500 X140.088 Y85.499 E2315.9826
G1 X137.833 Y85.507 E2316.07938
G1 X137.692 Y85.649 E2316.08797
G0 F9000 X137.617 Y85.574
G0 X140.429 Y85.274
G0 X140.603 Y85.448
G1 F1500 X140.744 Y85.307 E2316.0977
G1 F2700 E2311.0977
G0 F9000 X140.712 Y85.274
G0 X140.506 Y149.274
G0 X140.641 Y149.41
G1 F2700 E2316.0977
G1 F1500 X140.448 Y149.499 E2316.10618
G1 X137.902 Y149.499 E2316.20785
G1 X137.731 Y149.61 E2316.21599
G0 F9000 X137.644 Y149.497
G1 F2700 E2311.21599
;MESH:NONMESH
G0 F300 X137.644 Y149.497 Z3.6
G0 F9000 X137.258 Y148.914
G0 X136.179 Y148.914
G0 X114.313 Y147.839
G0 X111.715 Y147.847
G0 X110.648 Y148.914
G0 X102.634 Y146.6
;TIME_ELAPSED:3207.913800
;LAYER:17
;TYPE:WALL-INNER
;MESH:esp32-s3-mount.obj
G1 F2700 E2316.21599
G1 F1500 X102.634 Y88.4 E2318.15173
G1 X95.366 Y88.4 E2318.39347
G1 X95.366 Y146.6 E2320.32921
G1 X102.634 Y146.6 E2320.57094
G0 F9000 X102.234 Y146.2
;TYPE:WALL-OUTER
G1 F1500 X102.234 Y88.8 E2322.48007
G1 X95.766 Y88.8 E2322.6952
G1 X95.766 Y146.2 E2324.60433
G1 X102.234 Y146.2 E2324.81946
G0 F9000 X102.534 Y146.2
G0 X110.462 Y149.1
;TYPE:WALL-INNER
G1 F1500 X113.556 Y149.1 E2324.92236
G1 X113.556 Y149.9 E2324.94897
G1 X93.6 Y149.9 E2325.61271
G1 X93.6 Y85.1 E2327.76797
G1 X113.556 Y85.1 E2328.43171
G1 X113.556 Y85.9 E2328.45832
G1 X110.462 Y85.9 E2328.56122
G1 X110.462 Y149.1 E2330.66326
G0 F9000 X110.862 Y148.7
;TYPE:WALL-OUTER
G1 F1500 X113.956 Y148.7 E2330.76617
G1 X113.956 Y150.3 E2330.81939
G1 X93.2 Y150.3 E2331.50973
G1 X93.2 Y84.7 E2333.6916
G1 X113.956 Y84.7 E2334.38195
G1 X113.956 Y86.3 E2334.43516
G1 X110.862 Y86.3 E2334.53807
G1 X110.862 Y148.7 E2336.6135
G0 F9000 X110.382 Y149.209
;TYPE:FILL
G1 F3000 X102.713 Y141.54 E2336.97423
G0 F9000 X102.713 Y142.731
G1 F3000 X110.38 Y140.676 E2337.23823
G1 X110.382 Y140.724
G1 X102.713 Y133.055 E2337.59896
G0 F9000 X102.714 Y130.307
G1 F3000 X110.38 Y128.253 E2337.86293
G0 F9000 X110.382 Y132.238
G1 F3000 X102.713 Y124.57 E2338.22363
G0 F9000 X102.714 Y124.096
G1 F3000 X110.38 Y122.041 E2338.4876
G0 F9000 X110.382 Y123.753
G1 F3000 X102.713 Y116.085 E2338.84831
G0 F9000 X102.714 Y116.482
G1 F3000 X110.382 Y87.864 E2339.83372
G0 F9000 X110.382 Y89.812
G1 F3000 X105.749 Y85.18 E2340.05162
G0 F9000 X104.89 Y85.178
G1 F3000 X102.714 Y93.299 E2340.33125
G0 F9000 X102.713 Y93.037
G1 F3000 X110.38 Y90.983 E2340.59525
G0 F9000 X108.859 Y85.179
G1 F3000 X97.139 Y88.319 E2340.99881
G0 F9000 X97.836 Y88.319
G1 F3000 X98.678 Y85.179 E2341.10693
G0 F9000 X97.264 Y85.18
G1 F3000 X100.404 Y88.319 E2341.25461
G0 F9000 X102.462 Y88.572
G0 X102.713 Y90.629
G1 F3000 X110.382 Y98.297 E2341.61531
G0 F9000 X110.381 Y97.195
G1 F3000 X102.713 Y99.249 E2341.87934
G1 X102.713 Y99.114
G1 X110.382 Y106.783 E2342.24007
G0 F9000 X110.38 Y109.618
G1 F3000 X102.713 Y111.672 E2342.50406
G0 F9000 X102.713 Y107.599
G1 F3000 X110.382 Y115.268 E2342.86479
G0 F9000 X110.381 Y115.83
G1 F3000 X102.713 Y117.884 E2343.12882
G1 F2700 E2338.12882
G0 F9000 X102.462 Y146.428
G0 X95.538 Y146.428
G0 X95.285 Y117.142
G1 F2700 E2343.12882
G1 F3000 X93.679 Y115.536 E2343.20436
G0 F9000 X93.679 Y114.093
G1 F3000 X95.285 Y113.663 E2343.25966
G0 F9000 X95.285 Y108.656
G1 F3000 X93.679 Y107.051 E2343.33518
G0 F9000 X93.679 Y107.881
G1 F3000 X95.285 Y107.451 E2343.39047
G0 F9000 X93.68 Y103.833
G1 F3000 X95.285 Y97.84 E2343.59683
G0 F9000 X93.679 Y98.565
G1 F3000 X95.285 Y100.171 E2343.67237
G0 F9000 X95.284 Y101.24
G1 F3000 X93.679 Y101.67 E2343.72763
G0 F9000 X93.679 Y95.458
G1 F3000 X95.284 Y95.028 E2343.7829
G0 F9000 X95.285 Y91.686
G1 F3000 X93.679 Y90.08 E2343.85844
G0 F9000 X93.679 Y89.246
G1 F3000 X95.285 Y88.816 E2343.91374
G0 F9000 X95.538 Y88.572
G0 X102.462 Y88.572
G0 X102.714 Y105.461
G1 F3000 X110.38 Y103.406 E2344.17771
G0 F9000 X110.381 Y111.047
G1 F3000 X102.713 Y139.666 E2345.16316
G0 F9000 X102.713 Y136.519
G1 F3000 X110.38 Y134.465 E2345.42716
G0 F9000 X110.381 Y134.229
G1 F3000 X106.204 Y149.819 E2345.96397
G0 F9000 X102.506 Y149.818
G1 F3000 X99.366 Y146.679 E2346.11164
G0 F9000 X100.834 Y146.678
G1 F3000 X99.992 Y149.82 E2346.21983
G0 F9000 X99.44 Y149.819
G1 F3000 X110.38 Y146.888 E2346.59653
G0 F9000 X95.538 Y146.428
G0 X95.284 Y144.721
G1 F3000 X93.68 Y145.151 E2346.65176
G0 F9000 X95.285 Y144.207
G1 F3000 X93.781 Y149.819 E2346.84501
G0 F9000 X94.021 Y149.818
G1 F3000 X93.679 Y149.477 E2346.86107
G0 F9000 X95.285 Y142.597
G1 F3000 X93.679 Y140.992 E2346.93659
G0 F9000 X93.679 Y138.94
G1 F3000 X95.284 Y138.51 E2346.99185
G0 F9000 X95.285 Y134.112
G1 F3000 X93.679 Y132.506 E2347.06739
G0 F9000 X93.679 Y132.728
G1 F3000 X95.285 Y132.298 E2347.12269
G0 F9000 X93.68 Y127.015
G1 F3000 X95.285 Y121.023 E2347.32901
G0 F9000 X95.284 Y119.875
G1 F3000 X93.679 Y120.305 E2347.38428
G0 F9000 X93.679 Y124.021
G1 F3000 X95.285 Y125.627 E2347.45982
G0 F9000 X95.284 Y126.086
G1 F3000 X93.68 Y126.516 E2347.51505
G1 F2700 E2342.51505
G0 F9000 X95.538 Y146.428
G0 X110.375 Y149.273
;TYPE:SKIN
G1 F2700 E2347.51505
G1 F1500 X110.222 Y149.427 E2347.51866
G0 F9000 X110.44 Y149.491
G1 F1500 X110.715 Y149.498 E2347.53014
G1 X112.978 Y149.498 E2347.62454
G1 X113.349 Y149.693 E2347.64203
G1 F2700 E2342.64203
G0 F9000 X113.318 Y149.724
G0 X110.634 Y148.928
G0 X110.634 Y86.072
G0 X113.113 Y85.725
G1 F2700 E2347.64203
G1 F1500 X113.38 Y85.458 E2347.64831
G0 F9000 X113.055 Y85.499
G1 F1500 X112.772 Y85.499 E2347.66063
G1 X110.509 Y85.499 E2347.75922
G1 X110.336 Y85.389 E2347.76815
G0 F9000 X110.221 Y85.505
G1 F2700 E2342.76815
G0 F9000 X110.648 Y148.914
G0 X111.715 Y147.847
G0 X113.819 Y147.841
G0 X136.179 Y148.914
G0 X137.264 Y148.914
G0 X140.538 Y149.1
;TYPE:WALL-INNER
G1 F2700 E2347.76815
G1 F1500 X140.538 Y85.9 E2349.87019
G1 X137.444 Y85.9 E2349.9731
G1 X137.444 Y85.1 E2349.99971
G1 X141.4 Y85.1 E2350.13128
G1 X141.4 Y149.9 E2352.28654
G1 X137.444 Y149.9 E2352.41812
G1 X137.444 Y149.1 E2352.44472
G1 X140.538 Y149.1 E2352.54763
G0 F9000 X140.138 Y148.7
;TYPE:WALL-OUTER
G1 F1500 X140.138 Y86.3 E2354.62306
G1 X137.044 Y86.3 E2354.72597
G1 X137.044 Y84.7 E2354.77919
G1 X141.8 Y84.7 E2354.93737
G1 X141.8 Y150.3 E2357.11924
G1 X137.044 Y150.3 E2357.27742
G1 X137.044 Y148.7 E2357.33064
G1 X140.138 Y148.7 E2357.43355
G0 F9000 X140.438 Y148.7
G0 X141.32 Y146.206
;TYPE:FILL
G1 F3000 X140.617 Y145.503 E2357.46661
G0 F9000 X140.617 Y144.998
G1 F3000 X141.318 Y144.81 E2357.49075
G0 F9000 X140.618 Y138.786
G1 F3000 X141.319 Y138.598 E2357.51489
G0 F9000 X141.32 Y137.721
G1 F3000 X140.617 Y137.018 E2357.54796
G0 F9000 X140.617 Y137.3
G1 F3000 X141.319 Y134.681 E2357.63814
G0 F9000 X140.618 Y132.574
G1 F3000 X141.318 Y132.387 E2357.66224
G0 F9000 X141.32 Y129.235
G1 F3000 X140.617 Y128.532 E2357.69531
G0 F9000 X140.617 Y126.363
G1 F3000 X141.318 Y126.175 E2357.71945
G0 F9000 X141.32 Y120.75
G1 F3000 X140.617 Y120.047 E2357.75251
G1 X140.617 Y120.151
G1 X141.319 Y119.963 E2357.77668
G0 F9000 X140.617 Y114.117
G1 F3000 X141.319 Y111.499 E2357.86684
G0 F9000 X140.617 Y111.562
G1 F3000 X141.319 Y112.264 E2357.89986
G0 F9000 X141.318 Y113.752
G1 F3000 X140.618 Y113.939 E2357.92395
G0 F9000 X140.618 Y107.727
G1 F3000 X141.318 Y107.54 E2357.94805
G0 F9000 X141.319 Y103.779
G1 F3000 X140.617 Y103.077 E2357.98107
G0 F9000 X140.617 Y101.516
G1 F3000 X141.319 Y101.328 E2358.00524
G0 F9000 X141.319 Y95.293
G1 F3000 X140.617 Y94.591 E2358.03826
G0 F9000 X140.618 Y95.304
G1 F3000 X141.318 Y95.117 E2358.06236
G0 F9000 X140.617 Y90.935
G1 F3000 X141.319 Y88.317 E2358.15251
G0 F9000 X141.318 Y88.905
G1 F3000 X140.618 Y89.093 E2358.17662
G0 F9000 X141.319 Y86.808
G1 F3000 X140.617 Y86.106 E2358.20964
G0 F9000 X140.548 Y85.725
;TYPE:SKIN
G1 F1500 X140.777 Y85.496 E2358.21503
G0 F9000 X140.49 Y85.499
G1 F1500 X140.208 Y85.499 E2358.22738
G1 X137.945 Y85.499 E2358.32655
G1 X137.752 Y85.409 E2358.33588
G1 F2700 E2353.33588
G0 F9000 X137.618 Y85.544
G0 X140.366 Y86.072
G0 X140.366 Y148.928
G0 X137.81 Y149.274
G1 F2700 E2358.33588
G1 F1500 X137.618 Y149.466 E2358.34039
G0 F9000 X137.868 Y149.499
G1 F1500 X138.151 Y149.499 E2358.3528
G1 X140.414 Y149.499 E2358.45198
G1 X140.624 Y149.571 E2358.46171
G0 F9000 X140.777 Y149.418
G1 F2700 E2353.46171
;MESH:NONMESH
G0 F300 X140.777 Y149.418 Z3.8
G0 F9000 X137.258 Y148.914
G0 X136.179 Y148.914
G0 X114.313 Y147.839
G0 X111.715 Y147.847
G0 X110.648 Y148.914
G0 X102.434 Y146.6
;TIME_ELAPSED:3273.601171
;LAYER:18
;TYPE:WALL-INNER
;MESH:esp32-s3-mount.obj
G1 F2700 E2358.46171
G1 F1500 X102.434 Y88.4 E2360.39745
G1 X95.166 Y88.4 E2360.63919
G1 X95.166 Y146.6 E2362.57493
G1 X102.434 Y146.6 E2362.81666
G0 F9000 X102.034 Y146.2
;TYPE:WALL-OUTER
G1 F1500 X102.034 Y88.8 E2364.72579
G1 X95.566 Y88.8 E2364.94092
G1 X95.566 Y146.2 E2366.85005
G1 X102.034 Y146.2 E2367.06518
G0 F9000 X102.334 Y146.2
G0 X110.462 Y149.1
;TYPE:WALL-INNER
G1 F1500 X113.556 Y149.1 E2367.16809
G1 X113.556 Y149.9 E2367.19469
G1 X93.6 Y149.9 E2367.85843
G1 X93.6 Y85.1 E2370.01369
G1 X113.556 Y85.101 E2370.67743
G1 X113.556 Y85.9 E2370.704
G1 X110.462 Y85.9 E2370.80691
G1 X110.462 Y149.1 E2372.90895
G0 F9000 X110.862 Y148.7
;TYPE:WALL-OUTER
G1 F1500 X113.956 Y148.7 E2373.01186
G1 X113.956 Y150.3 E2373.06507
G1 X93.2 Y150.3 E2373.75542
G1 X93.2 Y84.7 E2375.93729
G1 X113.956 Y84.701 E2376.62763
G1 X113.956 Y86.3 E2376.68082
G1 X110.862 Y86.3 E2376.78372
G1 X110.862 Y148.7 E2378.85916
G0 F9000 X110.382 Y149.008
;TYPE:FILL
G1 F3000 X102.513 Y141.139 E2379.22929
G0 F9000 X102.513 Y139.863
G1 F3000 X110.381 Y110.5 E2380.24036
G0 F9000 X110.38 Y109.765
G1 F3000 X102.514 Y111.873 E2380.51122
G0 F9000 X102.513 Y115.684
G1 F3000 X110.382 Y123.552 E2380.88133
G0 F9000 X110.38 Y122.188
G1 F3000 X102.514 Y124.296 E2381.15218
G1 X102.513 Y124.169
G1 X110.382 Y132.038 E2381.52232
G0 F9000 X110.381 Y133.681
G1 F3000 X106.057 Y149.82 E2382.07803
G0 F9000 X102.707 Y149.818
G1 F3000 X99.567 Y146.679 E2382.22571
G0 F9000 X100.687 Y146.678
G1 F3000 X99.845 Y149.82 E2382.3339
G1 X99.989 Y149.819
G1 X110.38 Y147.035 E2382.69169
G0 F9000 X110.381 Y140.823
G1 F3000 X102.514 Y142.931 E2382.96258
G0 F9000 X102.513 Y136.72
G1 F3000 X110.38 Y134.612 E2383.23347
G0 F9000 X110.382 Y140.523
G1 F3000 X102.513 Y132.654 E2383.6036
G0 F9000 X102.514 Y130.508
G1 F3000 X110.38 Y128.4 E2383.87446
G0 F9000 X110.381 Y115.977
G1 F3000 X102.513 Y118.085 E2384.14538
G0 F9000 X102.513 Y116.681
G1 F3000 X110.381 Y87.317 E2385.15648
G0 F9000 X110.381 Y89.61
G1 F3000 X105.951 Y85.18 E2385.36485
G0 F9000 X104.742 Y85.179
G1 F3000 X102.513 Y93.499 E2385.65134
G0 F9000 X102.513 Y93.238
G1 F3000 X110.381 Y91.13 E2385.92226
G0 F9000 X109.405 Y85.18
G1 F3000 X97.688 Y88.319 E2386.32571
G1 X97.689 Y88.319
G1 X98.531 Y85.179 E2386.43384
G0 F9000 X97.466 Y85.18
G1 F3000 X100.605 Y88.319 E2386.58149
G0 F9000 X102.262 Y88.572
G0 X102.513 Y90.228
G1 F3000 X110.381 Y98.096 E2386.95157
G0 F9000 X110.381 Y97.342
G1 F3000 X102.514 Y99.449 E2387.22245
G0 F9000 X102.513 Y98.713
G1 F3000 X110.381 Y106.581 E2387.59254
G0 F9000 X110.38 Y103.553
G1 F3000 X102.514 Y105.661 E2387.86339
G0 F9000 X102.513 Y107.198
G1 F3000 X110.381 Y115.066 E2388.23348
G1 F2700 E2383.23348
G0 F9000 X102.262 Y88.572
G0 X95.338 Y88.572
G0 X95.085 Y113.863
G1 F2700 E2388.23348
G1 F3000 X93.679 Y114.24 E2388.2819
G0 F9000 X93.679 Y115.335
G1 F3000 X95.086 Y116.741 E2388.34805
G0 F9000 X95.084 Y120.075
G1 F3000 X93.679 Y120.452 E2388.39644
G0 F9000 X95.085 Y121.222
G1 F3000 X93.68 Y126.466 E2388.57701
G1 X93.68 Y126.663
G1 X95.085 Y126.287 E2388.62538
G0 F9000 X95.086 Y125.227
G1 F3000 X93.679 Y123.82 E2388.69156
G0 F9000 X93.679 Y132.306
G1 F3000 X95.086 Y133.712 E2388.75772
G0 F9000 X95.085 Y132.498
G1 F3000 X93.679 Y132.875 E2388.80613
G0 F9000 X95.084 Y138.71
G1 F3000 X93.679 Y139.087 E2388.85452
G0 F9000 X93.679 Y140.791
G1 F3000 X95.086 Y142.197 E2388.92068
G0 F9000 X95.085 Y144.403
G1 F3000 X93.68 Y149.648 E2389.10127
G0 F9000 X93.679 Y149.276
G1 F3000 X94.221 Y149.818 E2389.12677
G0 F9000 X93.68 Y145.298
G1 F3000 X95.084 Y144.922 E2389.17511
G1 F2700 E2384.17511
G0 F9000 X95.086 Y108.256
G1 F2700 E2389.17511
G1 F3000 X93.679 Y106.85 E2389.24127
G0 F9000 X93.679 Y108.028
G1 F3000 X95.085 Y107.652 E2389.28968
G0 F9000 X93.68 Y103.284
G1 F3000 X95.085 Y98.04 E2389.47024
G0 F9000 X93.679 Y98.364
G1 F3000 X95.086 Y99.771 E2389.53643
G0 F9000 X95.084 Y101.44
G1 F3000 X93.679 Y101.817 E2389.58481
G0 F9000 X93.679 Y95.605
G1 F3000 X95.085 Y95.229 E2389.63322
G0 F9000 X95.086 Y91.286
G1 F3000 X93.679 Y89.879 E2389.6994
G0 F9000 X93.679 Y89.393
G1 F3000 X95.085 Y89.017 E2389.7478
G0 F9000 X95.338 Y88.572
G0 X110.22 Y85.613
G0 X110.276 Y85.669
;TYPE:SKIN
G1 F1500 X110.417 Y85.527 E2389.7553
G1 X112.653 Y85.5 E2389.83912
G1 X113.187 Y85.468 E2389.85917
G1 X113.328 Y85.326 E2389.86667
G1 F2700 E2384.86667
G0 F9000 X113.38 Y85.378
G0 X110.634 Y86.072
G0 X110.634 Y148.928
G0 X113.07 Y149.274
G0 X113.225 Y149.429
G1 F2700 E2389.86667
G1 F1500 X113.012 Y149.499 E2389.87556
G1 X110.466 Y149.499 E2389.97649
G1 X110.315 Y149.63 E2389.98442
G0 F9000 X110.222 Y149.537
G1 F2700 E2384.98442
G0 F9000 X113.736 Y149.1
G0 X114.821 Y149.1
G0 X136.179 Y149.1
G0 X137.264 Y149.1
G0 X140.538 Y149.1
;TYPE:WALL-INNER
G1 F2700 E2389.98442
G1 F1500 X140.538 Y85.9 E2392.08646
G1 X137.444 Y85.9 E2392.18936
G1 X137.444 Y85.1 E2392.21597
G1 X141.4 Y85.1 E2392.34755
G1 X141.4 Y149.9 E2394.50281
G1 X137.444 Y149.899 E2394.63438
G1 X137.444 Y149.1 E2394.66096
G1 X140.538 Y149.1 E2394.76387
G0 F9000 X140.138 Y148.7
;TYPE:WALL-OUTER
G1 F1500 X140.138 Y86.3 E2396.8393
G1 X137.044 Y86.3 E2396.9422
G1 X137.044 Y84.7 E2396.99542
G1 X141.8 Y84.7 E2397.15361
G1 X141.8 Y150.3 E2399.33547
G1 X137.044 Y150.299 E2399.49366
G1 X137.044 Y148.7 E2399.54684
G1 X140.138 Y148.7 E2399.64975
G0 F9000 X140.438 Y148.7
G0 X141.32 Y146.005
;TYPE:FILL
G1 F3000 X140.617 Y145.302 E2399.68281
G1 X140.617 Y145.145
G1 X141.319 Y144.957 E2399.70698
G0 F9000 X140.618 Y138.933
G1 F3000 X141.319 Y138.745 E2399.73112
G0 F9000 X141.32 Y137.52
G1 F3000 X140.617 Y136.817 E2399.76419
G1 X140.617 Y136.752
G1 X141.319 Y134.132 E2399.85441
G0 F9000 X140.618 Y132.721
G1 F3000 X141.318 Y132.534 E2399.8785
G0 F9000 X141.32 Y129.034
G1 F3000 X140.617 Y128.332 E2399.91155
G0 F9000 X140.617 Y126.51
G1 F3000 X141.318 Y126.322 E2399.93569
G0 F9000 X141.32 Y120.549
G1 F3000 X140.617 Y119.846 E2399.96875
G0 F9000 X140.617 Y120.298
G1 F3000 X141.319 Y120.11 E2399.99293
G0 F9000 X140.618 Y114.086
G1 F3000 X141.318 Y113.899 E2400.01702
G0 F9000 X140.617 Y113.569
G1 F3000 X141.319 Y110.95 E2400.10721
G0 F9000 X140.617 Y111.361
G1 F3000 X141.319 Y112.063 E2400.14023
G0 F9000 X140.617 Y107.875
G1 F3000 X141.318 Y107.687 E2400.16437
G0 F9000 X141.319 Y103.578
G1 F3000 X140.617 Y102.876 E2400.19739
G0 F9000 X140.617 Y101.663
G1 F3000 X141.319 Y101.475 E2400.22156
G0 F9000 X140.618 Y95.451
G1 F3000 X141.318 Y95.264 E2400.24566
G1 X141.319 Y95.093
G1 X140.617 Y94.39 E2400.2787
G0 F9000 X140.617 Y90.386
G1 F3000 X141.319 Y87.768 E2400.36885
G0 F9000 X141.319 Y86.607
G1 F3000 X140.617 Y85.905 E2400.40187
G0 F9000 X141.318 Y89.052
G1 F3000 X140.618 Y89.24 E2400.42598
G0 F9000 X140.596 Y85.724
G0 X140.371 Y85.499
;TYPE:SKIN
G1 F1500 X140.088 Y85.499 E2400.43812
G1 X137.833 Y85.507 E2400.5349
G1 X137.692 Y85.649 E2400.54349
G0 F9000 X137.617 Y85.574
G0 X140.429 Y85.274
G0 X140.603 Y85.448
G1 F1500 X140.744 Y85.307 E2400.55322
G1 F2700 E2395.55322
G0 F9000 X140.712 Y85.274
G0 X140.506 Y149.274
G0 X140.641 Y149.41
G1 F2700 E2400.55322
G1 F1500 X140.447 Y149.498 E2400.5617
G1 X137.901 Y149.498 E2400.66296
G1 X137.731 Y149.61 E2400.67105
G0 F9000 X137.644 Y149.497
G1 F2700 E2395.67105
;MESH:NONMESH
G0 F300 X137.644 Y149.497 Z4
G0 F9000 X137.258 Y148.914
G0 X136.179 Y148.914
G0 X114.313 Y147.839
G0 X111.715 Y147.847
G0 X110.648 Y148.914
G0 X102.234 Y146.6
;TIME_ELAPSED:3337.752175
;LAYER:19
;TYPE:WALL-INNER
;MESH:esp32-s3-mount.obj
G1 F2700 E2400.67105
G1 F1500 X102.234 Y88.4 E2402.60679
G1 X94.966 Y88.4 E2402.84853
G1 X94.966 Y146.6 E2404.78427
G1 X102.234 Y146.6 E2405.026
G0 F9000 X101.834 Y146.2
;TYPE:WALL-OUTER
G1 F1500 X101.834 Y88.8 E2406.93514
G1 X95.366 Y88.8 E2407.15026
G1 X95.366 Y146.2 E2409.05939
G1 X101.834 Y146.2 E2409.27452
G0 F9000 X102.134 Y146.2
G0 X110.462 Y149.1
;TYPE:WALL-INNER
G1 F1500 X113.556 Y149.1 E2409.37743
G1 X113.556 Y149.9 E2409.40404
G1 X93.6 Y149.9 E2410.06777
G1 X93.6 Y85.1 E2412.22303
G1 X113.556 Y85.1 E2412.88677
G1 X113.555 Y85.9 E2412.91338
G1 X110.462 Y85.9 E2413.01625
G1 X110.462 Y149.1 E2415.11829
G0 F9000 X110.862 Y148.7
;TYPE:WALL-OUTER
G1 F1500 X113.956 Y148.7 E2415.2212
G1 X113.956 Y150.3 E2415.27442
G1 X93.2 Y150.3 E2415.96476
G1 X93.2 Y84.7 E2418.14663
G1 X113.956 Y84.7 E2418.83698
G1 X113.955 Y86.3 E2418.89019
G1 X110.862 Y86.3 E2418.99307
G1 X110.862 Y148.7 E2421.0685
G0 F9000 X110.382 Y148.809
;TYPE:FILL
G1 F3000 X102.313 Y140.74 E2421.44804
G0 F9000 X102.313 Y140.064
G1 F3000 X110.381 Y109.954 E2422.48483
G1 X110.38 Y109.911
G1 X102.313 Y112.073 E2422.76261
G0 F9000 X102.313 Y115.284
G1 F3000 X110.382 Y123.353 E2423.14215
G0 F9000 X110.38 Y122.334
G1 F3000 X102.314 Y124.496 E2423.4199
G0 F9000 X102.313 Y123.769
G1 F3000 X110.382 Y131.838 E2423.79944
G0 F9000 X110.381 Y133.136
G1 F3000 X105.911 Y149.819 E2424.37389
G0 F9000 X102.906 Y149.818
G1 F3000 X99.767 Y146.679 E2424.52154
G0 F9000 X100.541 Y146.679
G1 F3000 X99.699 Y149.82 E2424.62969
G0 F9000 X100.533 Y149.819
G1 F3000 X110.38 Y147.181 E2424.96876
G0 F9000 X110.38 Y140.969
G1 F3000 X102.314 Y143.131 E2425.2465
G0 F9000 X102.313 Y136.919
G1 F3000 X110.381 Y134.758 E2425.5243
G0 F9000 X110.38 Y128.546
G1 F3000 X102.313 Y130.707 E2425.80207
G0 F9000 X102.313 Y132.255
G1 F3000 X110.382 Y140.323 E2426.18159
G0 F9000 X102.062 Y146.428
G0 X95.138 Y146.428
G0 X94.884 Y138.91
G1 F3000 X93.68 Y139.233 E2426.22305
G0 F9000 X93.679 Y140.591
G1 F3000 X94.885 Y141.798 E2426.2798
G0 F9000 X94.885 Y144.604
G1 F3000 X93.68 Y149.103 E2426.43471
G1 X93.679 Y149.077
G1 X94.421 Y149.818 E2426.46959
G0 F9000 X93.679 Y145.444
G1 F3000 X94.885 Y145.121 E2426.51112
G0 F9000 X94.885 Y133.312
G1 F3000 X93.679 Y132.106 E2426.56784
G0 F9000 X93.679 Y133.021
G1 F3000 X94.885 Y132.698 E2426.60937
G0 F9000 X93.679 Y126.809
G1 F3000 X94.885 Y126.486 E2426.6509
G0 F9000 X93.68 Y125.921
G1 F3000 X94.885 Y121.423 E2426.80578
G0 F9000 X94.884 Y120.275
G1 F3000 X93.68 Y120.598 E2426.84724
G0 F9000 X93.679 Y123.621
G1 F3000 X94.885 Y124.827 E2426.90396
G0 F9000 X94.885 Y116.342
G1 F3000 X93.679 Y115.136 E2426.96069
G0 F9000 X93.679 Y114.386
G1 F3000 X94.884 Y114.063 E2427.00218
G0 F9000 X93.679 Y108.174
G1 F3000 X94.884 Y107.852 E2427.04367
G1 X94.885 Y107.857
G1 X93.679 Y106.65 E2427.10042
G0 F9000 X93.68 Y102.739
G1 F3000 X94.885 Y98.241 E2427.2553
G0 F9000 X94.885 Y99.371
G1 F3000 X93.679 Y98.165 E2427.31202
G0 F9000 X93.679 Y95.751
G1 F3000 X94.884 Y95.428 E2427.35352
G0 F9000 X94.885 Y90.886
G1 F3000 X93.679 Y89.68 E2427.41024
G1 X93.679 Y89.539
G1 X94.884 Y89.217 E2427.45173
G0 F9000 X95.138 Y88.572
G0 X97.543 Y88.319
G1 F3000 X98.385 Y85.179 E2427.55985
G0 F9000 X97.664 Y85.18
G1 F3000 X100.804 Y88.319 E2427.70753
G0 F9000 X102.062 Y88.572
G0 X102.313 Y89.828
G1 F3000 X110.382 Y97.897 E2428.08707
G0 F9000 X110.38 Y97.488
G1 F3000 X102.313 Y99.649 E2428.36484
G0 F9000 X102.313 Y98.314
G1 F3000 X110.382 Y106.382 E2428.74436
G0 F9000 X110.38 Y103.699
G1 F3000 X102.314 Y105.861 E2429.0221
G0 F9000 X102.313 Y106.799
G1 F3000 X110.382 Y114.868 E2429.40164
G0 F9000 X110.381 Y116.123
G1 F3000 X102.313 Y118.284 E2429.67944
G0 F9000 X102.313 Y116.882
G1 F3000 X110.382 Y86.771 E2430.71628
G0 F9000 X109.952 Y85.179
G1 F3000 X98.233 Y88.319 E2431.1198
G0 F9000 X102.062 Y88.572
G0 X102.313 Y93.438
G1 F3000 X110.381 Y91.276 E2431.39761
G0 F9000 X110.382 Y89.412
G1 F3000 X106.15 Y85.18 E2431.59667
G0 F9000 X104.597 Y85.179
G1 F3000 X102.313 Y93.7 E2431.89009
G0 F9000 X102.062 Y88.572
G0 X95.138 Y88.572
G0 X94.884 Y101.64
G1 F3000 X93.68 Y101.963 E2431.93155
G0 F9000 X95.138 Y88.572
G0 X110.284 Y85.725
G0 X110.509 Y85.499
;TYPE:SKIN
G1 F1500 X110.792 Y85.499 E2431.94393
G1 X113.055 Y85.499 E2432.04294
G1 X113.246 Y85.591 E2432.05221
G0 F9000 X113.379 Y85.458
G0 X110.452 Y85.274
G1 F1500 X110.221 Y85.505 E2432.05764
G1 F2700 E2427.05764
G0 F9000 X110.375 Y149.273
G1 F2700 E2432.05764
G1 F1500 X110.222 Y149.427 E2432.06125
G0 F9000 X110.44 Y149.491
G1 F1500 X110.715 Y149.498 E2432.07273
G1 X112.978 Y149.498 E2432.16713
G1 X113.349 Y149.693 E2432.18462
G0 F9000 X113.318 Y149.7
G1 F2700 E2427.18462
G0 F9000 X113.736 Y149.1
G0 X114.821 Y149.1
G0 X136.179 Y149.121
G0 X137.264 Y149.121
G0 X140.538 Y149.1
;TYPE:WALL-INNER
G1 F2700 E2432.18462
G1 F1500 X140.538 Y85.9 E2434.28666
G1 X137.444 Y85.9 E2434.38957
G1 X137.444 Y85.1 E2434.41617
G1 X141.4 Y85.1 E2434.54775
G1 X141.4 Y149.9 E2436.70301
G1 X137.444 Y149.9 E2436.83459
G1 X137.445 Y149.1 E2436.86119
G1 X140.538 Y149.1 E2436.96407
G0 F9000 X140.138 Y148.7
;TYPE:WALL-OUTER
G1 F1500 X140.138 Y86.3 E2439.0395
G1 X137.044 Y86.3 E2439.14241
G1 X137.044 Y84.7 E2439.19562
G1 X141.8 Y84.7 E2439.35381
G1 X141.8 Y150.3 E2441.53567
G1 X137.044 Y150.3 E2441.69386
G1 X137.045 Y148.7 E2441.74707
G1 X140.138 Y148.7 E2441.84995
G0 F9000 X140.438 Y148.7
G0 X141.32 Y145.806
;TYPE:FILL
G1 F3000 X140.617 Y145.103 E2441.88301
G1 X140.618 Y145.29
G1 X141.318 Y145.103 E2441.90711
G0 F9000 X140.617 Y139.079
G1 F3000 X141.319 Y138.891 E2441.93128
G0 F9000 X141.32 Y137.32
G1 F3000 X140.617 Y136.617 E2441.96435
G0 F9000 X140.617 Y136.206
G1 F3000 X141.319 Y133.588 E2442.0545
G0 F9000 X141.319 Y132.679
G1 F3000 X140.618 Y132.867 E2442.07864
G0 F9000 X141.32 Y128.835
G1 F3000 X140.617 Y128.132 E2442.11171
G0 F9000 X140.618 Y126.655
G1 F3000 X141.318 Y126.468 E2442.13581
G0 F9000 X140.617 Y120.444
G1 F3000 X141.319 Y120.256 E2442.15998
G1 X141.32 Y120.35
G1 X140.617 Y119.647 E2442.19305
G0 F9000 X140.618 Y114.232
G1 F3000 X141.319 Y114.044 E2442.21718
G0 F9000 X140.617 Y113.024
G1 F3000 X141.319 Y110.406 E2442.30734
G0 F9000 X140.617 Y111.162
G1 F3000 X141.319 Y111.864 E2442.34036
G0 F9000 X140.618 Y108.021
G1 F3000 X141.318 Y107.833 E2442.36446
G0 F9000 X141.319 Y103.379
G1 F3000 X140.617 Y102.676 E2442.39751
G0 F9000 X140.617 Y101.809
G1 F3000 X141.318 Y101.621 E2442.42165
G0 F9000 X140.617 Y95.597
G1 F3000 X141.319 Y95.409 E2442.44582
G0 F9000 X141.319 Y94.893
G1 F3000 X140.617 Y94.191 E2442.47884
G0 F9000 X140.617 Y89.841
G1 F3000 X141.319 Y87.224 E2442.56896
G0 F9000 X141.319 Y86.408
G1 F3000 X140.617 Y85.706 E2442.60198
G0 F9000 X141.318 Y89.198
G1 F3000 X140.618 Y89.386 E2442.62608
G0 F9000 X140.548 Y85.725
;TYPE:SKIN
G1 F1500 X140.777 Y85.496 E2442.63147
G0 F9000 X140.49 Y85.499
G1 F1500 X140.208 Y85.499 E2442.64383
G1 X137.945 Y85.499 E2442.74299
G1 X137.752 Y85.409 E2442.75232
G1 F2700 E2437.75232
G0 F9000 X137.618 Y85.544
G0 X140.366 Y86.072
G0 X140.366 Y148.928
G0 X137.81 Y149.274
G1 F2700 E2442.75232
G1 F1500 X137.619 Y149.465 E2442.75681
G0 F9000 X137.868 Y149.499
G1 F1500 X138.151 Y149.499 E2442.76922
G1 X140.414 Y149.499 E2442.8684
G1 X140.624 Y149.571 E2442.87813
G0 F9000 X140.777 Y149.418
G1 F2700 E2437.87813
;MESH:NONMESH
G0 F300 X140.777 Y149.418 Z4.2
G0 F9000 X137.259 Y148.914
G0 X136.179 Y148.914
G0 X114.313 Y147.839
G0 X111.715 Y147.847
G0 X110.648 Y148.914
G0 X102.034 Y146.6
;TIME_ELAPSED:3401.415746
;LAYER:20
;TYPE:WALL-INNER
;MESH:esp32-s3-mount.obj
G1 F2700 E2442.87813
G1 F1500 X102.034 Y88.4 E2444.81387
G1 X94.766 Y88.4 E2445.05561
G1 X94.766 Y146.6 E2446.99135
G1 X102.034 Y146.6 E2447.23308
G0 F9000 X101.634 Y146.2
;TYPE:WALL-OUTER
G1 F1500 X101.634 Y88.8 E2449.14221
G1 X95.166 Y88.8 E2449.35734
G1 X95.166 Y146.2 E2451.26647
G1 X101.634 Y146.2 E2451.4816
G0 F9000 X101.934 Y146.2
G0 X110.462 Y149.1
;TYPE:WALL-INNER
G1 F1500 X113.556 Y149.1 E2451.58451
G1 X113.556 Y149.9 E2451.61111
G1 X93.6 Y149.9 E2452.27485
G1 X93.6 Y85.1 E2454.43011
G1 X113.556 Y85.1 E2455.09385
G1 X113.556 Y85.9 E2455.12046
G1 X110.462 Y85.9 E2455.22336
G1 X110.462 Y149.1 E2457.3254
G0 F9000 X110.862 Y148.7
;TYPE:WALL-OUTER
G1 F1500 X113.956 Y148.7 E2457.42831
G1 X113.956 Y150.3 E2457.48153
G1 X93.2 Y150.3 E2458.17187
G1 X93.2 Y84.7 E2460.35374
G1 X113.956 Y84.7 E2461.04409
G1 X113.956 Y86.3 E2461.0973
G1 X110.862 Y86.3 E2461.20021
G1 X110.862 Y148.7 E2463.27564
G0 F9000 X110.382 Y148.609
;TYPE:FILL
G1 F3000 X102.113 Y140.34 E2463.66459
G1 X102.114 Y140.264
G1 X110.382 Y109.408 E2464.72707
G0 F9000 X110.381 Y110.057
G1 F3000 X102.113 Y112.272 E2465.01176
G0 F9000 X102.113 Y114.885
G1 F3000 X110.382 Y123.153 E2465.40069
G0 F9000 X110.38 Y122.48
G1 F3000 X102.113 Y124.696 E2465.68536
G0 F9000 X102.113 Y123.37
G1 F3000 X110.382 Y131.639 E2466.0743
G0 F9000 X110.381 Y132.591
G1 F3000 X105.765 Y149.82 E2466.66755
G0 F9000 X103.106 Y149.818
G1 F3000 X99.966 Y146.679 E2466.81523
G0 F9000 X100.395 Y146.678
G1 F3000 X99.554 Y149.819 E2466.92338
G0 F9000 X101.079 Y149.819
G1 F3000 X110.38 Y147.327 E2467.24364
G0 F9000 X110.38 Y141.115
G1 F3000 X102.113 Y143.331 E2467.52831
G0 F9000 X102.113 Y137.119
G1 F3000 X110.38 Y134.904 E2467.81297
G0 F9000 X110.381 Y128.692
G1 F3000 X102.113 Y130.907 E2468.09766
G0 F9000 X102.113 Y131.855
G1 F3000 X110.382 Y140.124 E2468.48661
G0 F9000 X101.862 Y146.428
G0 X94.938 Y146.428
G0 X94.685 Y139.109
G1 F3000 X93.68 Y139.379 E2468.52122
G0 F9000 X93.679 Y140.392
G1 F3000 X94.685 Y141.398 E2468.56854
G0 F9000 X94.685 Y144.806
G1 F3000 X93.68 Y148.559 E2468.69776
G0 F9000 X93.679 Y148.877
G1 F3000 X94.62 Y149.818 E2468.74202
G0 F9000 X93.679 Y145.59
G1 F3000 X94.685 Y145.321 E2468.77666
G0 F9000 X93.679 Y133.167
G1 F3000 X94.684 Y132.898 E2468.81126
G1 X94.685 Y132.913
G1 X93.679 Y131.907 E2468.85858
G0 F9000 X93.679 Y126.955
G1 F3000 X94.685 Y126.686 E2468.89322
G0 F9000 X93.68 Y125.377
G1 F3000 X94.685 Y121.624 E2469.02244
G0 F9000 X94.685 Y120.474
G1 F3000 X93.679 Y120.744 E2469.05708
G0 F9000 X93.679 Y123.421
G1 F3000 X94.685 Y124.428 E2469.10443
G0 F9000 X94.685 Y115.942
G1 F3000 X93.679 Y114.936 E2469.15175
G0 F9000 X93.679 Y114.532
G1 F3000 X94.684 Y114.263 E2469.18635
G0 F9000 X93.679 Y108.32
G1 F3000 X94.685 Y108.051 E2469.22098
G0 F9000 X94.685 Y107.457
G1 F3000 X93.679 Y106.451 E2469.2683
G0 F9000 X93.68 Y102.194
G1 F3000 X94.685 Y98.442 E2469.39749
G0 F9000 X94.685 Y98.972
G1 F3000 X93.679 Y97.966 E2469.44481
G0 F9000 X93.679 Y95.897
G1 F3000 X94.684 Y95.628 E2469.47942
G0 F9000 X94.685 Y90.487
G1 F3000 X93.679 Y89.48 E2469.52676
G0 F9000 X93.679 Y89.685
G1 F3000 X94.685 Y89.416 E2469.56139
G0 F9000 X94.938 Y88.572
G0 X97.397 Y88.319
G1 F3000 X98.239 Y85.178 E2469.66955
G0 F9000 X97.864 Y85.18
G1 F3000 X101.003 Y88.319 E2469.8172
G0 F9000 X101.862 Y88.572
G0 X102.113 Y89.429
G1 F3000 X110.382 Y97.698 E2470.20615
G1 X110.38 Y97.634
G1 X102.113 Y99.849 E2470.49081
G0 F9000 X102.113 Y97.914
G1 F3000 X110.382 Y106.183 E2470.87976
G0 F9000 X110.38 Y103.845
G1 F3000 X102.114 Y106.06 E2471.16439
G0 F9000 X102.113 Y106.399
G1 F3000 X110.382 Y114.668 E2471.55334
G0 F9000 X110.38 Y116.269
G1 F3000 X102.113 Y118.484 E2471.838
G0 F9000 X102.113 Y117.083
G1 F3000 X110.381 Y86.227 E2472.90047
G0 F9000 X110.38 Y85.21
G1 F3000 X98.777 Y88.319 E2473.30001
G0 F9000 X101.862 Y88.572
G0 X102.113 Y93.637
G1 F3000 X110.381 Y91.422 E2473.5847
G0 F9000 X110.382 Y89.212
G1 F3000 X106.349 Y85.18 E2473.77437
G0 F9000 X104.451 Y85.179
G1 F3000 X102.113 Y93.901 E2474.07471
G0 F9000 X101.862 Y88.572
G0 X94.938 Y88.572
G0 X94.684 Y101.839
G1 F3000 X93.679 Y102.109 E2474.10932
G0 F9000 X94.938 Y88.572
G0 X110.22 Y85.613
G0 X110.276 Y85.669
;TYPE:SKIN
G1 F1500 X110.417 Y85.527 E2474.11682
G1 X112.653 Y85.5 E2474.20063
G1 X113.187 Y85.468 E2474.22068
G1 X113.328 Y85.326 E2474.22819
G1 F2700 E2469.22819
G0 F9000 X113.38 Y85.378
G0 X110.634 Y86.072
G0 X110.634 Y148.928
G0 X113.07 Y149.274
G0 X113.225 Y149.429
G1 F2700 E2474.22819
G1 F1500 X113.012 Y149.499 E2474.23707
G1 X110.466 Y149.499 E2474.33801
G1 X110.315 Y149.63 E2474.34594
G0 F9000 X110.222 Y149.537
G1 F2700 E2469.34594
G0 F9000 X113.736 Y149.1
G0 X114.821 Y149.1
G0 X136.179 Y149.1
G0 X137.264 Y149.1
G0 X140.538 Y149.1
;TYPE:WALL-INNER
G1 F2700 E2474.34594
G1 F1500 X140.538 Y85.9 E2476.44798
G1 X137.444 Y85.9 E2476.55088
G1 X137.444 Y85.1 E2476.57749
G1 X141.4 Y85.1 E2476.70907
G1 X141.4 Y149.9 E2478.86433
G1 X137.444 Y149.9 E2478.9959
G1 X137.444 Y149.1 E2479.02251
G1 X140.538 Y149.1 E2479.12542
G0 F9000 X140.138 Y148.7
;TYPE:WALL-OUTER
G1 F1500 X140.138 Y86.3 E2481.20085
G1 X137.044 Y86.3 E2481.30376
G1 X137.044 Y84.7 E2481.35697
G1 X141.8 Y84.7 E2481.51516
G1 X141.8 Y150.3 E2483.69702
G1 X137.044 Y150.3 E2483.85521
G1 X137.044 Y148.7 E2483.90842
G1 X140.138 Y148.7 E2484.01133
G0 F9000 X140.438 Y148.7
G0 X140.618 Y145.436
;TYPE:FILL
G1 F3000 X141.318 Y145.249 E2484.03543
G0 F9000 X141.32 Y145.606
G1 F3000 X140.617 Y144.903 E2484.0685
G0 F9000 X140.617 Y139.225
G1 F3000 X141.318 Y139.037 E2484.09264
G0 F9000 X141.32 Y137.121
G1 F3000 X140.617 Y136.418 E2484.1257
G0 F9000 X140.617 Y135.662
G1 F3000 X141.319 Y133.043 E2484.21589
G0 F9000 X141.319 Y132.825
G1 F3000 X140.617 Y133.013 E2484.24006
G0 F9000 X141.32 Y128.636
G1 F3000 X140.617 Y127.933 E2484.27312
G0 F9000 X140.618 Y126.801
G1 F3000 X141.319 Y126.614 E2484.29725
G0 F9000 X140.618 Y120.59
G1 F3000 X141.318 Y120.402 E2484.32136
G0 F9000 X141.32 Y120.15
G1 F3000 X140.617 Y119.448 E2484.35441
G0 F9000 X140.617 Y114.378
G1 F3000 X141.319 Y114.19 E2484.37858
G0 F9000 X140.617 Y112.48
G1 F3000 X141.319 Y109.861 E2484.46876
G0 F9000 X140.617 Y110.962
G1 F3000 X141.319 Y111.664 E2484.50178
G0 F9000 X140.618 Y108.167
G1 F3000 X141.319 Y107.979 E2484.52592
G0 F9000 X141.319 Y103.179
G1 F3000 X140.617 Y102.477 E2484.55894
G0 F9000 X140.618 Y101.955
G1 F3000 X141.318 Y101.767 E2484.58305
G0 F9000 X140.617 Y95.743
G1 F3000 X141.319 Y95.555 E2484.60722
G0 F9000 X141.319 Y94.694
G1 F3000 X140.617 Y93.992 E2484.64024
G0 F9000 X140.618 Y89.532
G1 F3000 X141.319 Y89.344 E2484.66438
G0 F9000 X140.617 Y89.297
G1 F3000 X141.319 Y86.679 E2484.75453
G0 F9000 X141.319 Y86.209
G1 F3000 X140.617 Y85.506 E2484.78757
G0 F9000 X140.603 Y85.448
;TYPE:SKIN
G1 F1500 X140.744 Y85.307 E2484.7973
G0 F9000 X140.371 Y85.499
G1 F1500 X140.088 Y85.499 E2484.80945
G1 X137.833 Y85.507 E2484.90623
G1 X137.692 Y85.649 E2484.91482
G1 F2700 E2479.91482
G0 F9000 X137.617 Y85.574
G0 X140.366 Y86.072
G0 X140.366 Y148.928
G0 X137.677 Y149.274
G0 X137.902 Y149.499
G1 F2700 E2484.91482
G1 F1500 X138.185 Y149.499 E2484.92719
G1 X140.448 Y149.499 E2485.0261
G1 X140.641 Y149.41 E2485.03539
G0 F9000 X140.777 Y149.546
G0 X137.844 Y149.724
G1 F1500 X137.618 Y149.497 E2485.04072
G0 F9000 X137.644 Y149.497
G1 F2700 E2480.04072
;MESH:NONMESH
G0 F300 X137.644 Y149.497 Z4.4
G0 F9000 X137.258 Y148.914
G0 X136.179 Y148.914
G0 X114.313 Y147.839
G0 X111.715 Y147.847
G0 X110.648 Y148.914
G0 X101.834 Y146.6
;TIME_ELAPSED:3464.781733
;LAYER:21
;TYPE:WALL-INNER
;MESH:esp32-s3-mount.obj
G1 F2700 E2485.04072
G1 F1500 X101.834 Y88.4 E2486.97646
G1 X94.566 Y88.4 E2487.21819
G1 X94.566 Y146.6 E2489.15393
G1 X101.834 Y146.6 E2489.39567
G0 F9000 X101.434 Y146.2
;TYPE:WALL-OUTER
G1 F1500 X101.434 Y88.8 E2491.3048
G1 X94.966 Y88.8 E2491.51993
G1 X94.966 Y146.2 E2493.42906
G1 X101.434 Y146.2 E2493.64419
G0 F9000 X101.734 Y146.2
G0 X109.172 Y149.718
G0 X113.374 Y149.718
G0 X113.374 Y149.282
G0 X110.462 Y149.1
;TYPE:WALL-INNER
G1 F1500 X113.556 Y149.1 E2493.74709
G1 X113.556 Y149.9 E2493.7737
G1 X93.6 Y149.9 E2494.43744
G1 X93.6 Y85.1 E2496.5927
G1 X113.556 Y85.1 E2497.25644
G1 X113.556 Y85.9 E2497.28304
G1 X110.462 Y85.9 E2497.38595
G1 X110.462 Y149.1 E2499.48799
G0 F9000 X110.862 Y148.7
;TYPE:WALL-OUTER
G1 F1500 X113.956 Y148.7 E2499.5909
G1 X113.956 Y150.3 E2499.64411
G1 X93.2 Y150.3 E2500.33446
G1 X93.2 Y84.7 E2502.51633
G1 X113.956 Y84.7 E2503.20667
G1 X113.956 Y86.3 E2503.25989
G1 X110.862 Y86.3 E2503.3628
G1 X110.862 Y148.7 E2505.43823
G0 F9000 X110.562 Y148.7
G0 X110.28 Y149.282
G0 X113.374 Y149.282
G0 X113.374 Y149.718
G0 X109.172 Y149.718
G0 X109.1 Y147.758
G0 X109.318 Y147.758
;TYPE:FILL
G1 F3000 X101.626 Y149.82 E2505.7031
G0 F9000 X103.306 Y149.818
G1 F3000 X100.167 Y146.679 E2505.85075
G1 X100.248 Y146.679
G1 X99.407 Y149.819 E2505.95887
G0 F9000 X94.821 Y149.818
G1 F3000 X93.679 Y148.676 E2506.01258
G0 F9000 X93.68 Y148.01
G1 F3000 X94.485 Y145.003 E2506.11612
G0 F9000 X94.484 Y145.522
G1 F3000 X93.679 Y145.737 E2506.14383
G0 F9000 X94.486 Y140.998
G1 F3000 X93.679 Y140.191 E2506.18179
G0 F9000 X93.68 Y139.526
G1 F3000 X94.484 Y139.31 E2506.20948
G0 F9000 X93.679 Y133.314
G1 F3000 X94.484 Y133.098 E2506.2372
G0 F9000 X94.486 Y132.513
G1 F3000 X93.679 Y131.706 E2506.27516
G0 F9000 X93.679 Y127.102
G1 F3000 X94.484 Y126.887 E2506.30287
G0 F9000 X93.68 Y124.828
G1 F3000 X94.485 Y121.821 E2506.40641
G0 F9000 X94.484 Y120.675
G1 F3000 X93.679 Y120.891 E2506.43413
G0 F9000 X93.679 Y123.221
G1 F3000 X94.486 Y124.027 E2506.47206
G1 F2700 E2501.47206
G0 F9000 X94.738 Y146.428
G0 X101.662 Y146.428
G0 X101.913 Y124.896
G1 F2700 E2506.47206
G1 F3000 X109.318 Y122.912 E2506.72704
G0 F9000 X109.1 Y122.912
G0 X109.1 Y121.891
G0 X109.32 Y121.891
G1 F3000 X101.913 Y114.484 E2507.07544
G0 F9000 X101.913 Y112.473
G1 F3000 X109.318 Y110.489 E2507.33042
G0 F9000 X109.1 Y110.489
G0 X109.1 Y112.824
G0 X109.319 Y112.824
G1 F3000 X101.913 Y140.465 E2508.28219
G0 F9000 X101.913 Y139.939
G1 F3000 X109.32 Y147.346 E2508.6306
G0 F9000 X109.1 Y147.346
G0 X105.618 Y149.819
G1 F3000 X109.319 Y136.006 E2509.10622
G0 F9000 X109.318 Y135.335
G1 F3000 X101.913 Y137.319 E2509.3612
G0 F9000 X101.913 Y143.531
G1 F3000 X109.319 Y141.547 E2509.61621
G0 F9000 X109.1 Y141.547
G0 X109.1 Y138.861
G0 X109.32 Y138.861
G1 F3000 X101.913 Y131.454 E2509.96461
G0 F9000 X101.913 Y131.108
G1 F3000 X109.318 Y129.124 E2510.21959
G0 F9000 X109.1 Y129.124
G0 X109.1 Y130.376
G0 X109.32 Y130.376
G1 F3000 X101.913 Y122.969 E2510.568
G0 F9000 X101.913 Y118.684
G1 F3000 X109.318 Y116.7 E2510.82297
G0 F9000 X109.1 Y116.7
G0 X109.1 Y113.405
G0 X109.32 Y113.405
G1 F3000 X101.913 Y105.998 E2511.17138
G0 F9000 X101.914 Y106.261
G1 F3000 X109.318 Y104.277 E2511.42632
G0 F9000 X109.32 Y104.92
G1 F3000 X101.913 Y97.513 E2511.77472
G0 F9000 X101.913 Y100.049
G1 F3000 X109.318 Y98.065 E2512.0297
G0 F9000 X109.1 Y98.065
G0 X109.1 Y96.435
G0 X109.32 Y96.435
G1 F3000 X101.913 Y89.028 E2512.37811
G0 F9000 X101.688 Y88.618
G0 X101.204 Y88.319
G1 F3000 X98.065 Y85.18 E2512.52575
G1 X98.092 Y85.178
G1 X97.25 Y88.319 E2512.63391
G0 F9000 X99.327 Y88.319
G1 F3000 X109.318 Y85.642 E2512.97794
G0 F9000 X109.1 Y85.642
G0 X109.1 Y87.949
G0 X109.32 Y87.949
G1 F3000 X106.55 Y85.18 E2513.10821
G0 F9000 X104.304 Y85.179
G1 F3000 X101.913 Y94.099 E2513.41536
G0 F9000 X101.913 Y93.838
G1 F3000 X109.318 Y91.854 E2513.67034
G0 F9000 X109.1 Y91.854
G0 X109.1 Y89.642
G0 X109.319 Y89.642
G1 F3000 X101.913 Y117.282 E2514.62208
G1 F2700 E2509.62208
G0 F9000 X101.662 Y88.572
G0 X94.738 Y88.572
G0 X94.486 Y115.542
G1 F2700 E2514.62208
G1 F3000 X93.679 Y114.735 E2514.66003
G1 X93.679 Y114.679
G1 X94.484 Y114.463 E2514.68776
G0 F9000 X93.679 Y108.467
G1 F3000 X94.485 Y108.252 E2514.7155
G0 F9000 X94.486 Y107.057
G1 F3000 X93.679 Y106.25 E2514.75346
G0 F9000 X93.679 Y102.256
G1 F3000 X94.484 Y102.04 E2514.78118
G0 F9000 X93.68 Y101.645
G1 F3000 X94.485 Y98.639 E2514.88468
G1 X94.486 Y98.572
G1 X93.679 Y97.765 E2514.92264
G0 F9000 X93.679 Y96.044
G1 F3000 X94.484 Y95.828 E2514.95037
G0 F9000 X94.486 Y90.086
G1 F3000 X93.679 Y89.28 E2514.9883
G0 F9000 X93.679 Y89.832
G1 F3000 X94.485 Y89.617 E2515.01605
G0 F9000 X94.738 Y88.572
G0 X109.39 Y85.21
G0 X109.39 Y85.49
;TYPE:SKIN
G1 F1500 X113.166 Y85.49 E2515.14164
G1 X113.166 Y85.51 E2515.1423
G1 X110.072 Y85.51 E2515.24521
G1 X110.072 Y149.49 E2517.37319
G1 X113.166 Y149.49 E2517.4761
G1 X113.166 Y149.51 E2517.47676
G1 X109.39 Y149.51 E2517.60235
G1 X109.39 Y85.49 E2519.73167
G0 F9000 X109.911 Y85.815
G1 F1500 X109.549 Y86.177 E2519.74869
G0 F9000 X109.911 Y86.381
G1 F1500 X109.549 Y86.742 E2519.7657
G0 F9000 X109.911 Y86.947
G1 F1500 X109.549 Y87.308 E2519.7827
G0 F9000 X109.911 Y87.512
G1 F1500 X109.549 Y87.874 E2519.79973
G0 F9000 X109.911 Y88.078
G1 F1500 X109.549 Y88.439 E2519.81673
G0 F9000 X109.911 Y88.644
G1 F1500 X109.549 Y89.005 E2519.83374
G0 F9000 X109.911 Y89.21
G1 F1500 X109.549 Y89.571 E2519.85074
G0 F9000 X109.911 Y89.775
G1 F1500 X109.549 Y90.137 E2519.86777
G0 F9000 X109.911 Y90.341
G1 F1500 X109.549 Y90.702 E2519.88477
G0 F9000 X109.911 Y90.907
G1 F1500 X109.549 Y91.268 E2519.90178
G0 F9000 X109.911 Y91.472
G1 F1500 X109.549 Y91.834 E2519.9188
G0 F9000 X109.911 Y92.038
G1 F1500 X109.549 Y92.399 E2519.93581
G0 F9000 X109.911 Y92.604
G1 F1500 X109.549 Y92.965 E2519.95281
G0 F9000 X109.911 Y93.169
G1 F1500 X109.549 Y93.531 E2519.96984
G0 F9000 X109.911 Y93.735
G1 F1500 X109.549 Y94.096 E2519.98684
G0 F9000 X109.911 Y94.301
G1 F1500 X109.549 Y94.662 E2520.00385
G0 F9000 X109.911 Y94.866
G1 F1500 X109.549 Y95.228 E2520.02087
G0 F9000 X109.911 Y95.432
G1 F1500 X109.549 Y95.793 E2520.03788
G0 F9000 X109.911 Y95.998
G1 F1500 X109.549 Y96.359 E2520.05488
G0 F9000 X109.911 Y96.563
G1 F1500 X109.549 Y96.925 E2520.07191
G0 F9000 X109.911 Y97.129
G1 F1500 X109.549 Y97.49 E2520.08891
G0 F9000 X109.911 Y97.695
G1 F1500 X109.549 Y98.056 E2520.10592
G0 F9000 X109.911 Y98.26
G1 F1500 X109.549 Y98.622 E2520.12294
G0 F9000 X109.911 Y98.826
G1 F1500 X109.549 Y99.187 E2520.13995
G0 F9000 X109.911 Y99.392
G1 F1500 X109.549 Y99.753 E2520.15695
G0 F9000 X109.911 Y99.958
G1 F1500 X109.549 Y100.319 E2520.17396
G0 F9000 X109.911 Y100.523
G1 F1500 X109.549 Y100.885 E2520.19098
G0 F9000 X109.911 Y101.089
G1 F1500 X109.549 Y101.45 E2520.20799
G0 F9000 X109.911 Y101.655
G1 F1500 X109.549 Y102.016 E2520.22499
G0 F9000 X109.911 Y102.22
G1 F1500 X109.549 Y102.582 E2520.24202
G0 F9000 X109.911 Y102.786
G1 F1500 X109.549 Y103.147 E2520.25902
G0 F9000 X109.911 Y103.352
G1 F1500 X109.549 Y103.713 E2520.27603
G0 F9000 X109.911 Y103.917
G1 F1500 X109.549 Y104.279 E2520.29305
G0 F9000 X109.911 Y104.483
G1 F1500 X109.549 Y104.844 E2520.31006
G0 F9000 X109.911 Y105.049
G1 F1500 X109.549 Y105.41 E2520.32706
G0 F9000 X109.911 Y105.614
G1 F1500 X109.549 Y105.976 E2520.34409
G0 F9000 X109.911 Y106.18
G1 F1500 X109.549 Y106.541 E2520.36109
G0 F9000 X109.911 Y106.746
G1 F1500 X109.549 Y107.107 E2520.3781
G0 F9000 X109.911 Y107.311
G1 F1500 X109.549 Y107.673 E2520.39512
G0 F9000 X109.911 Y107.877
G1 F1500 X109.549 Y108.238 E2520.41213
G0 F9000 X109.911 Y108.443
G1 F1500 X109.549 Y108.804 E2520.42913
G0 F9000 X109.911 Y109.008
G1 F1500 X109.549 Y109.37 E2520.44616
G0 F9000 X109.911 Y109.574
G1 F1500 X109.549 Y109.936 E2520.46319
G0 F9000 X109.911 Y110.14
G1 F1500 X109.549 Y110.501 E2520.48019
G0 F9000 X109.911 Y110.706
G1 F1500 X109.549 Y111.067 E2520.49719
G0 F9000 X109.911 Y111.271
G1 F1500 X109.549 Y111.633 E2520.51422
G0 F9000 X109.911 Y111.837
G1 F1500 X109.549 Y112.198 E2520.53123
G0 F9000 X109.911 Y112.403
G1 F1500 X109.549 Y112.764 E2520.54823
G0 F9000 X109.911 Y112.968
G1 F1500 X109.549 Y113.33 E2520.56526
G0 F9000 X109.911 Y113.534
G1 F1500 X109.549 Y113.895 E2520.58226
G0 F9000 X109.911 Y114.1
G1 F1500 X109.549 Y114.461 E2520.59926
G0 F9000 X109.911 Y114.665
G1 F1500 X109.549 Y115.027 E2520.61629
G0 F9000 X109.911 Y115.231
G1 F1500 X109.549 Y115.592 E2520.6333
G0 F9000 X109.911 Y115.797
G1 F1500 X109.549 Y116.158 E2520.6503
G0 F9000 X109.911 Y116.362
G1 F1500 X109.549 Y116.724 E2520.66733
G0 F9000 X109.911 Y116.928
G1 F1500 X109.549 Y117.289 E2520.68433
G0 F9000 X109.911 Y117.494
G1 F1500 X109.549 Y117.855 E2520.70133
G0 F9000 X109.911 Y118.059
G1 F1500 X109.549 Y118.421 E2520.71836
G0 F9000 X109.911 Y118.625
G1 F1500 X109.549 Y118.986 E2520.73537
G0 F9000 X109.911 Y119.191
G1 F1500 X109.549 Y119.552 E2520.75237
G0 F9000 X109.911 Y119.757
G1 F1500 X109.549 Y120.118 E2520.76937
G0 F9000 X109.911 Y120.322
G1 F1500 X109.549 Y120.684 E2520.7864
G0 F9000 X109.911 Y120.888
G1 F1500 X109.549 Y121.249 E2520.8034
G0 F9000 X109.911 Y121.454
G1 F1500 X109.549 Y121.815 E2520.82041
G0 F9000 X109.911 Y122.019
G1 F1500 X109.549 Y122.381 E2520.83744
G0 F9000 X109.911 Y122.585
G1 F1500 X109.549 Y122.946 E2520.85444
G0 F9000 X109.911 Y123.151
G1 F1500 X109.549 Y123.512 E2520.87144
G0 F9000 X109.911 Y123.716
G1 F1500 X109.549 Y124.078 E2520.88847
G0 F9000 X109.911 Y124.282
G1 F1500 X109.549 Y124.643 E2520.90547
G0 F9000 X109.911 Y124.848
G1 F1500 X109.549 Y125.209 E2520.92248
G0 F9000 X109.911 Y125.413
G1 F1500 X109.549 Y125.775 E2520.93951
G0 F9000 X109.911 Y125.979
G1 F1500 X109.549 Y126.34 E2520.95651
G0 F9000 X109.911 Y126.545
G1 F1500 X109.549 Y126.906 E2520.97351
G0 F9000 X109.911 Y127.11
G1 F1500 X109.549 Y127.472 E2520.99054
G0 F9000 X109.911 Y127.676
G1 F1500 X109.549 Y128.037 E2521.00754
G0 F9000 X109.911 Y128.242
G1 F1500 X109.549 Y128.603 E2521.02455
G0 F9000 X109.911 Y128.807
G1 F1500 X109.549 Y129.169 E2521.04158
G0 F9000 X109.911 Y129.373
G1 F1500 X109.549 Y129.735 E2521.0586
G0 F9000 X109.911 Y129.939
G1 F1500 X109.549 Y130.3 E2521.07561
G0 F9000 X109.911 Y130.505
G1 F1500 X109.549 Y130.866 E2521.09261
G0 F9000 X109.911 Y131.07
G1 F1500 X109.549 Y131.432 E2521.10964
G0 F9000 X109.911 Y131.636
G1 F1500 X109.549 Y131.997 E2521.12664
G0 F9000 X109.911 Y132.202
G1 F1500 X109.549 Y132.563 E2521.14365
G0 F9000 X109.911 Y132.767
G1 F1500 X109.549 Y133.129 E2521.16067
G0 F9000 X109.911 Y133.333
G1 F1500 X109.549 Y133.694 E2521.17768
G0 F9000 X109.911 Y133.899
G1 F1500 X109.549 Y134.26 E2521.19468
G0 F9000 X109.911 Y134.464
G1 F1500 X109.549 Y134.826 E2521.21171
G0 F9000 X109.911 Y135.03
G1 F1500 X109.549 Y135.391 E2521.22871
G0 F9000 X109.911 Y135.596
G1 F1500 X109.549 Y135.957 E2521.24572
G0 F9000 X109.911 Y136.161
G1 F1500 X109.549 Y136.523 E2521.26274
G0 F9000 X109.911 Y136.727
G1 F1500 X109.549 Y137.088 E2521.27975
G0 F9000 X109.911 Y137.293
G1 F1500 X109.549 Y137.654 E2521.29675
G0 F9000 X109.911 Y137.858
G1 F1500 X109.549 Y138.22 E2521.31378
G0 F9000 X109.911 Y138.424
G1 F1500 X109.549 Y138.785 E2521.33078
G0 F9000 X109.911 Y138.99
G1 F1500 X109.549 Y139.351 E2521.34779
G0 F9000 X109.911 Y139.556
G1 F1500 X109.549 Y139.917 E2521.36479
G0 F9000 X109.911 Y140.121
G1 F1500 X109.549 Y140.483 E2521.38182
G0 F9000 X109.911 Y140.687
G1 F1500 X109.549 Y141.048 E2521.39882
G0 F9000 X109.911 Y141.253
G1 F1500 X109.549 Y141.614 E2521.41583
G0 F9000 X109.911 Y141.818
G1 F1500 X109.549 Y142.18 E2521.43285
G0 F9000 X109.911 Y142.384
G1 F1500 X109.549 Y142.745 E2521.44986
G0 F9000 X109.911 Y142.95
G1 F1500 X109.549 Y143.311 E2521.46686
G0 F9000 X109.911 Y143.515
G1 F1500 X109.549 Y143.877 E2521.48389
G0 F9000 X109.911 Y144.081
G1 F1500 X109.549 Y144.442 E2521.50089
G0 F9000 X109.911 Y144.647
G1 F1500 X109.549 Y145.008 E2521.5179
G0 F9000 X109.911 Y145.212
G1 F1500 X109.549 Y145.574 E2521.53492
G0 F9000 X109.911 Y145.778
G1 F1500 X109.549 Y146.139 E2521.55193
G0 F9000 X109.911 Y146.344
G1 F1500 X109.549 Y146.705 E2521.56893
G0 F9000 X109.911 Y146.909
G1 F1500 X109.549 Y147.271 E2521.58596
G0 F9000 X109.911 Y147.475
G1 F1500 X109.549 Y147.836 E2521.60296
G0 F9000 X109.911 Y148.041
G1 F1500 X109.549 Y148.402 E2521.61997
G0 F9000 X109.911 Y148.606
G1 F1500 X109.549 Y148.968 E2521.63699
G0 F9000 X109.911 Y149.172
G1 F1500 X109.735 Y149.348 E2521.64527
G0 F9000 X109.735 Y149.7
G1 F2700 E2516.64527
G0 F9000 X109.735 Y149.79
G0 X113.374 Y149.718
G0 X113.736 Y149.1
G0 X114.821 Y149.1
G0 X136.179 Y149.1
G0 X137.264 Y149.1
G0 X140.538 Y149.1
;TYPE:WALL-INNER
G1 F2700 E2521.64527
G1 F1500 X140.538 Y85.9 E2523.74731
G1 X137.444 Y85.9 E2523.85022
G1 X137.444 Y85.1 E2523.87683
G1 X141.4 Y85.1 E2524.0084
G1 X141.4 Y149.9 E2526.16366
G1 X137.444 Y149.9 E2526.29524
G1 X137.444 Y149.1 E2526.32185
G1 X140.538 Y149.1 E2526.42475
G0 F9000 X140.138 Y148.7
;TYPE:WALL-OUTER
G1 F1500 X140.138 Y86.3 E2528.50019
G1 X137.044 Y86.3 E2528.60309
G1 X137.044 Y84.7 E2528.65631
G1 X141.8 Y84.7 E2528.81449
G1 X141.8 Y150.3 E2530.99636
G1 X137.044 Y150.3 E2531.15454
G1 X137.044 Y148.7 E2531.20776
G1 X140.138 Y148.7 E2531.31067
G0 F9000 X140.438 Y148.7
G0 X140.388 Y149.275
G0 X137.626 Y149.282
G0 X137.626 Y149.718
G0 X140.928 Y149.79
G0 X140.928 Y149.49
;TYPE:SKIN
G1 F1500 X140.928 Y85.51 E2533.43865
G1 X137.834 Y85.51 E2533.54156
G1 X137.834 Y85.49 E2533.54222
G1 X141.01 Y85.49 E2533.64786
G1 X141.01 Y149.51 E2535.77717
G1 X137.834 Y149.51 E2535.88281
G1 X137.834 Y149.49 E2535.88347
G1 X140.928 Y149.49 E2535.98638
G0 F9000 X140.928 Y149.7
G1 F2700 E2530.98638
;MESH:NONMESH
G0 F300 X140.928 Y149.7 Z4.6
G0 F9000 X140.928 Y149.79
G0 X137.626 Y149.718
G0 X137.258 Y148.914
G0 X136.179 Y148.914
G0 X114.313 Y147.839
G0 X111.715 Y147.847
G0 X110.648 Y148.914
G0 X113.374 Y149.282
G0 X113.374 Y149.718
G0 X109.172 Y149.718
G0 X101.634 Y146.6
;TIME_ELAPSED:3544.630070
;LAYER:22
;TYPE:WALL-INNER
;MESH:esp32-s3-mount.obj
G1 F2700 E2535.98638
G1 F1500 X101.634 Y88.4 E2537.92212
G1 X94.366 Y88.4 E2538.16385
G1 X94.366 Y146.6 E2540.09959
G1 X101.634 Y146.6 E2540.34133
G0 F9000 X101.234 Y146.2
;TYPE:WALL-OUTER
G1 F1500 X101.234 Y88.8 E2542.25046
G1 X94.766 Y88.8 E2542.46558
G1 X94.766 Y146.2 E2544.37472
G1 X101.234 Y146.2 E2544.58984
G0 F9000 X101.534 Y146.2
G0 X109.172 Y149.718
G0 X113.374 Y149.718
G0 X113.374 Y149.282
G0 X110.462 Y149.1
;TYPE:WALL-INNER
G1 F1500 X113.556 Y149.1 E2544.69275
G1 X113.556 Y149.9 E2544.71936
G1 X93.6 Y149.9 E2545.3831
G1 X93.6 Y85.1 E2547.53835
G1 X113.556 Y85.1 E2548.20209
G1 X113.556 Y85.9 E2548.2287
G1 X110.462 Y85.9 E2548.33161
G1 X110.462 Y149.1 E2550.43365
G0 F9000 X110.862 Y148.7
;TYPE:WALL-OUTER
G1 F1500 X113.956 Y148.7 E2550.53656
G1 X113.956 Y150.3 E2550.58977
G1 X93.2 Y150.3 E2551.28012
G1 X93.2 Y84.7 E2553.46198
G1 X113.956 Y84.7 E2554.15233
G1 X113.956 Y86.3 E2554.20555
G1 X110.862 Y86.3 E2554.30845
G1 X110.862 Y148.7 E2556.38389
G0 F9000 X110.562 Y148.7
G0 X110.28 Y149.282
G0 X113.374 Y149.282
G0 X113.374 Y149.718
G0 X109.172 Y149.718
G0 X109.1 Y147.905
G0 X109.318 Y147.905
;TYPE:FILL
G1 F3000 X102.17 Y149.82 E2556.63001
G0 F9000 X103.506 Y149.818
G1 F3000 X100.366 Y146.679 E2556.77769
G0 F9000 X100.102 Y146.678
G1 F3000 X99.261 Y149.819 E2556.88584
G0 F9000 X95.021 Y149.818
G1 F3000 X93.68 Y148.478 E2556.94889
G0 F9000 X93.679 Y147.466
G1 F3000 X93.891 Y146.678 E2556.97603
G0 F9000 X101.462 Y146.428
G0 X101.714 Y143.73
G1 F3000 X109.318 Y141.693 E2557.23786
G0 F9000 X109.1 Y141.693
G0 X109.1 Y138.662
G0 X109.32 Y138.662
G1 F3000 X101.713 Y131.055 E2557.59567
G0 F9000 X101.713 Y131.307
G1 F3000 X109.318 Y129.27 E2557.85753
G0 F9000 X109.32 Y130.176
G1 F3000 X101.713 Y122.57 E2558.21531
G0 F9000 X101.714 Y125.096
G1 F3000 X109.318 Y123.058 E2558.47715
G0 F9000 X109.1 Y123.058
G0 X109.1 Y121.691
G0 X109.32 Y121.691
G1 F3000 X101.713 Y114.084 E2558.83496
G0 F9000 X101.713 Y112.672
G1 F3000 X109.318 Y110.635 E2559.09682
G0 F9000 X109.1 Y110.635
G0 X109.1 Y112.279
G0 X109.319 Y112.279
G1 F3000 X101.713 Y140.666 E2560.07428
G0 F9000 X101.713 Y139.541
G1 F3000 X109.32 Y147.147 E2560.43207
G0 F9000 X109.1 Y147.147
G0 X105.472 Y149.819
G1 F3000 X109.319 Y135.461 E2560.92646
G1 X109.319 Y135.481
G1 X101.713 Y137.519 E2561.18836
G0 F9000 X101.714 Y118.884
G1 F3000 X109.319 Y116.846 E2561.45023
G0 F9000 X109.1 Y116.846
G0 X109.1 Y113.206
G0 X109.32 Y113.206
G1 F3000 X101.713 Y105.599 E2561.80804
G0 F9000 X101.713 Y106.461
G1 F3000 X109.318 Y104.423 E2562.06991
G0 F9000 X109.32 Y104.721
G1 F3000 X101.713 Y97.114 E2562.42772
G0 F9000 X101.713 Y94.3
G1 F3000 X104.158 Y85.179 E2562.74179
G0 F9000 X106.749 Y85.18
G1 F3000 X109.32 Y87.75 E2562.8627
G0 F9000 X109.1 Y87.75
G0 X109.1 Y89.097
G0 X109.319 Y89.097
G1 F3000 X101.713 Y117.483 E2563.84013
G0 F9000 X101.714 Y100.249
G1 F3000 X109.318 Y98.211 E2564.10196
G0 F9000 X109.1 Y98.211
G0 X109.1 Y96.235
G0 X109.32 Y96.235
G1 F3000 X101.713 Y88.628 E2564.45977
G0 F9000 X101.404 Y88.319
G1 F3000 X98.264 Y85.18 E2564.60745
G0 F9000 X97.946 Y85.178
G1 F3000 X97.104 Y88.32 E2564.71564
G0 F9000 X99.87 Y88.319
G1 F3000 X109.318 Y85.788 E2565.04096
G0 F9000 X109.1 Y85.788
G0 X109.1 Y92
G0 X109.318 Y92
G1 F3000 X101.714 Y94.037 E2565.30279
G0 F9000 X109.172 Y85.282
G0 X109.39 Y85.49
;TYPE:SKIN
G1 F1500 X113.166 Y85.49 E2565.42838
G1 X113.166 Y85.51 E2565.42904
G1 X110.072 Y85.51 E2565.53195
G1 X110.072 Y149.49 E2567.65993
G1 X113.166 Y149.49 E2567.76284
G1 X113.166 Y149.51 E2567.7635
G1 X109.39 Y149.51 E2567.88909
G1 X109.39 Y85.49 E2570.01841
G0 F9000 X109.549 Y85.79
G1 F1500 X109.911 Y86.153 E2570.03546
G0 F9000 X109.549 Y86.356
G1 F1500 X109.911 Y86.718 E2570.05249
G0 F9000 X109.549 Y86.921
G1 F1500 X109.911 Y87.284 E2570.06954
G0 F9000 X109.549 Y87.487
G1 F1500 X109.911 Y87.85 E2570.08659
G0 F9000 X109.549 Y88.053
G1 F1500 X109.911 Y88.415 E2570.10362
G0 F9000 X109.549 Y88.618
G1 F1500 X109.911 Y88.981 E2570.12067
G0 F9000 X109.549 Y89.184
G1 F1500 X109.911 Y89.547 E2570.13772
G0 F9000 X109.549 Y89.75
G1 F1500 X109.911 Y90.112 E2570.15475
G0 F9000 X109.549 Y90.315
G1 F1500 X109.911 Y90.678 E2570.1718
G0 F9000 X109.549 Y90.881
G1 F1500 X109.911 Y91.244 E2570.18885
G0 F9000 X109.549 Y91.447
G1 F1500 X109.911 Y91.81 E2570.2059
G0 F9000 X109.549 Y92.012
G1 F1500 X109.911 Y92.375 E2570.22295
G0 F9000 X109.549 Y92.578
G1 F1500 X109.911 Y92.941 E2570.24
G0 F9000 X109.549 Y93.144
G1 F1500 X109.911 Y93.507 E2570.25705
G0 F9000 X109.549 Y93.71
G1 F1500 X109.911 Y94.072 E2570.27408
G0 F9000 X109.549 Y94.275
G1 F1500 X109.911 Y94.638 E2570.29113
G0 F9000 X109.549 Y94.841
G1 F1500 X109.911 Y95.204 E2570.30818
G0 F9000 X109.549 Y95.407
G1 F1500 X109.911 Y95.769 E2570.32521
G0 F9000 X109.549 Y95.972
G1 F1500 X109.911 Y96.335 E2570.34226
G0 F9000 X109.549 Y96.538
G1 F1500 X109.911 Y96.901 E2570.35931
G0 F9000 X109.549 Y97.104
G1 F1500 X109.911 Y97.466 E2570.37634
G0 F9000 X109.549 Y97.669
G1 F1500 X109.911 Y98.032 E2570.39339
G0 F9000 X109.549 Y98.235
G1 F1500 X109.911 Y98.598 E2570.41044
G0 F9000 X109.549 Y98.801
G1 F1500 X109.911 Y99.163 E2570.42747
G0 F9000 X109.549 Y99.366
G1 F1500 X109.911 Y99.729 E2570.44452
G0 F9000 X109.549 Y99.932
G1 F1500 X109.911 Y100.295 E2570.46157
G0 F9000 X109.549 Y100.498
G1 F1500 X109.911 Y100.861 E2570.47862
G0 F9000 X109.549 Y101.063
G1 F1500 X109.911 Y101.426 E2570.49567
G0 F9000 X109.549 Y101.629
G1 F1500 X109.911 Y101.992 E2570.51272
G0 F9000 X109.549 Y102.195
G1 F1500 X109.911 Y102.558 E2570.52977
G0 F9000 X109.549 Y102.761
G1 F1500 X109.911 Y103.123 E2570.5468
G0 F9000 X109.549 Y103.326
G1 F1500 X109.911 Y103.689 E2570.56385
G0 F9000 X109.549 Y103.892
G1 F1500 X109.911 Y104.255 E2570.5809
G0 F9000 X109.549 Y104.458
G1 F1500 X109.911 Y104.82 E2570.59793
G0 F9000 X109.549 Y105.023
G1 F1500 X109.911 Y105.386 E2570.61498
G0 F9000 X109.549 Y105.589
G1 F1500 X109.911 Y105.952 E2570.63203
G0 F9000 X109.549 Y106.155
G1 F1500 X109.911 Y106.517 E2570.64906
G0 F9000 X109.549 Y106.72
G1 F1500 X109.911 Y107.083 E2570.66611
G0 F9000 X109.549 Y107.286
G1 F1500 X109.911 Y107.649 E2570.68316
G0 F9000 X109.549 Y107.852
G1 F1500 X109.911 Y108.214 E2570.70019
G0 F9000 X109.549 Y108.417
G1 F1500 X109.911 Y108.78 E2570.71724
G0 F9000 X109.549 Y108.983
G1 F1500 X109.911 Y109.346 E2570.73429
G0 F9000 X109.549 Y109.549
G1 F1500 X109.911 Y109.911 E2570.75132
G0 F9000 X109.549 Y110.114
G1 F1500 X109.911 Y110.477 E2570.76837
G0 F9000 X109.549 Y110.68
G1 F1500 X109.911 Y111.043 E2570.78542
G0 F9000 X109.549 Y111.246
G1 F1500 X109.911 Y111.609 E2570.80247
G0 F9000 X109.549 Y111.811
G1 F1500 X109.911 Y112.174 E2570.81952
G0 F9000 X109.549 Y112.377
G1 F1500 X109.911 Y112.74 E2570.83657
G0 F9000 X109.549 Y112.943
G1 F1500 X109.911 Y113.306 E2570.85362
G0 F9000 X109.549 Y113.509
G1 F1500 X109.911 Y113.871 E2570.87065
G0 F9000 X109.549 Y114.074
G1 F1500 X109.911 Y114.437 E2570.8877
G0 F9000 X109.549 Y114.64
G1 F1500 X109.911 Y115.003 E2570.90475
G0 F9000 X109.549 Y115.206
G1 F1500 X109.911 Y115.568 E2570.92178
G0 F9000 X109.549 Y115.771
G1 F1500 X109.911 Y116.134 E2570.93883
G0 F9000 X109.549 Y116.337
G1 F1500 X109.911 Y116.7 E2570.95588
G0 F9000 X109.549 Y116.903
G1 F1500 X109.911 Y117.265 E2570.97291
G0 F9000 X109.549 Y117.468
G1 F1500 X109.911 Y117.831 E2570.98996
G0 F9000 X109.549 Y118.034
G1 F1500 X109.911 Y118.397 E2571.00701
G0 F9000 X109.549 Y118.6
G1 F1500 X109.911 Y118.962 E2571.02404
G0 F9000 X109.549 Y119.165
G1 F1500 X109.911 Y119.528 E2571.04109
G0 F9000 X109.549 Y119.731
G1 F1500 X109.911 Y120.094 E2571.05814
G0 F9000 X109.549 Y120.297
G1 F1500 X109.911 Y120.659 E2571.07516
G0 F9000 X109.549 Y120.862
G1 F1500 X109.911 Y121.225 E2571.09222
G0 F9000 X109.549 Y121.428
G1 F1500 X109.911 Y121.791 E2571.10927
G0 F9000 X109.549 Y121.994
G1 F1500 X109.911 Y122.357 E2571.12632
G0 F9000 X109.549 Y122.559
G1 F1500 X109.911 Y122.922 E2571.14337
G0 F9000 X109.549 Y123.125
G1 F1500 X109.911 Y123.488 E2571.16042
G0 F9000 X109.549 Y123.691
G1 F1500 X109.911 Y124.054 E2571.17747
G0 F9000 X109.549 Y124.257
G1 F1500 X109.911 Y124.619 E2571.1945
G0 F9000 X109.549 Y124.822
G1 F1500 X109.911 Y125.185 E2571.21155
G0 F9000 X109.549 Y125.388
G1 F1500 X109.911 Y125.751 E2571.2286
G0 F9000 X109.549 Y125.954
G1 F1500 X109.911 Y126.316 E2571.24563
G0 F9000 X109.549 Y126.519
G1 F1500 X109.911 Y126.882 E2571.26268
G0 F9000 X109.549 Y127.085
G1 F1500 X109.911 Y127.448 E2571.27973
G0 F9000 X109.549 Y127.651
G1 F1500 X109.911 Y128.013 E2571.29676
G0 F9000 X109.549 Y128.216
G1 F1500 X109.911 Y128.579 E2571.31381
G0 F9000 X109.549 Y128.782
G1 F1500 X109.911 Y129.145 E2571.33086
G0 F9000 X109.549 Y129.348
G1 F1500 X109.911 Y129.71 E2571.34789
G0 F9000 X109.549 Y129.913
G1 F1500 X109.911 Y130.276 E2571.36494
G0 F9000 X109.549 Y130.479
G1 F1500 X109.911 Y130.842 E2571.38199
G0 F9000 X109.549 Y131.045
G1 F1500 X109.911 Y131.408 E2571.39904
G0 F9000 X109.549 Y131.61
G1 F1500 X109.911 Y131.973 E2571.41609
G0 F9000 X109.549 Y132.176
G1 F1500 X109.911 Y132.539 E2571.43314
G0 F9000 X109.549 Y132.742
G1 F1500 X109.911 Y133.105 E2571.45019
G0 F9000 X109.549 Y133.308
G1 F1500 X109.911 Y133.67 E2571.46722
G0 F9000 X109.549 Y133.873
G1 F1500 X109.911 Y134.236 E2571.48427
G0 F9000 X109.549 Y134.439
G1 F1500 X109.911 Y134.802 E2571.50132
G0 F9000 X109.549 Y135.005
G1 F1500 X109.911 Y135.367 E2571.51835
G0 F9000 X109.549 Y135.57
G1 F1500 X109.911 Y135.933 E2571.5354
G0 F9000 X109.549 Y136.136
G1 F1500 X109.911 Y136.499 E2571.55245
G0 F9000 X109.549 Y136.702
G1 F1500 X109.911 Y137.064 E2571.56948
G0 F9000 X109.549 Y137.267
G1 F1500 X109.911 Y137.63 E2571.58653
G0 F9000 X109.549 Y137.833
G1 F1500 X109.911 Y138.196 E2571.60358
G0 F9000 X109.549 Y138.399
G1 F1500 X109.911 Y138.761 E2571.62061
G0 F9000 X109.549 Y138.964
G1 F1500 X109.911 Y139.327 E2571.63766
G0 F9000 X109.549 Y139.53
G1 F1500 X109.911 Y139.893 E2571.65471
G0 F9000 X109.549 Y140.096
G1 F1500 X109.911 Y140.458 E2571.67173
G0 F9000 X109.549 Y140.661
G1 F1500 X109.911 Y141.024 E2571.68879
G0 F9000 X109.549 Y141.227
G1 F1500 X109.911 Y141.59 E2571.70584
G0 F9000 X109.549 Y141.793
G1 F1500 X109.911 Y142.156 E2571.72289
G0 F9000 X109.549 Y142.358
G1 F1500 X109.911 Y142.721 E2571.73994
G0 F9000 X109.549 Y142.924
G1 F1500 X109.911 Y143.287 E2571.75699
G0 F9000 X109.549 Y143.49
G1 F1500 X109.911 Y143.853 E2571.77404
G0 F9000 X109.549 Y144.056
G1 F1500 X109.911 Y144.418 E2571.79107
G0 F9000 X109.549 Y144.621
G1 F1500 X109.911 Y144.984 E2571.80812
G0 F9000 X109.549 Y145.187
G1 F1500 X109.911 Y145.55 E2571.82517
G0 F9000 X109.549 Y145.753
G1 F1500 X109.911 Y146.115 E2571.8422
G0 F9000 X109.549 Y146.318
G1 F1500 X109.911 Y146.681 E2571.85925
G0 F9000 X109.549 Y146.884
G1 F1500 X109.911 Y147.247 E2571.8763
G0 F9000 X109.549 Y147.45
G1 F1500 X109.911 Y147.812 E2571.89333
G0 F9000 X109.549 Y148.015
G1 F1500 X109.911 Y148.378 E2571.91038
G0 F9000 X109.549 Y148.581
G1 F1500 X109.911 Y148.944 E2571.92743
G0 F9000 X109.549 Y149.147
G1 F1500 X109.75 Y149.348 E2571.93688
G0 F9000 X109.75 Y149.79
G0 X94.19 Y146.799
G0 X93.982 Y146.591
;TYPE:SKIN
G1 F1500 X93.86 Y146.752 E2571.94387
G1 X93.982 Y146.025 E2571.96937
G1 X93.982 Y90.871 E2573.87746
G1 X94.003 Y88.346 E2573.96482
G1 X94.144 Y88.205 E2573.97172
G0 F9000 X94.099 Y88.159
G1 F2700 E2568.97172
G0 F9000 X101.462 Y88.572
G0 X109.172 Y149.718
G0 X113.374 Y149.718
G0 X113.374 Y149.282
G0 X110.648 Y148.914
G0 X111.715 Y147.847
G0 X113.819 Y147.841
G0 X136.179 Y148.914
G0 X137.264 Y148.914
G0 X140.538 Y149.1
;TYPE:WALL-INNER
G1 F2700 E2573.97172
G1 F1500 X140.538 Y85.9 E2576.07376
G1 X137.444 Y85.9 E2576.17667
G1 X137.444 Y85.1 E2576.20327
G1 X141.4 Y85.1 E2576.33485
G1 X141.4 Y149.9 E2578.49011
G1 X137.444 Y149.9 E2578.62168
G1 X137.444 Y149.1 E2578.64829
G1 X140.538 Y149.1 E2578.7512
G0 F9000 X140.138 Y148.7
;TYPE:WALL-OUTER
G1 F1500 X140.138 Y86.3 E2580.82663
G1 X137.044 Y86.3 E2580.92954
G1 X137.044 Y84.7 E2580.98275
G1 X141.8 Y84.7 E2581.14094
G1 X141.8 Y150.3 E2583.3228
G1 X137.044 Y150.3 E2583.48099
G1 X137.044 Y148.7 E2583.53421
G1 X140.138 Y148.7 E2583.63711
G0 F9000 X140.438 Y148.7
G0 X140.388 Y149.275
G0 X137.626 Y149.282
G0 X137.626 Y149.718
G0 X140.928 Y149.79
G0 X140.928 Y149.49
;TYPE:SKIN
G1 F1500 X140.928 Y85.51 E2585.7651
G1 X137.834 Y85.51 E2585.868
G1 X137.834 Y85.49 E2585.86867
G1 X141.01 Y85.49 E2585.9743
G1 X141.01 Y149.51 E2588.10362
G1 X137.834 Y149.51 E2588.20925
G1 X137.834 Y149.49 E2588.20992
G1 X140.928 Y149.49 E2588.31282
G0 F9000 X140.928 Y149.7
G1 F2700 E2583.31282
;MESH:NONMESH
G0 F300 X140.928 Y149.7 Z4.8
G0 F9000 X140.928 Y149.79
G0 X137.626 Y149.718
G0 X137.258 Y148.914
G0 X136.179 Y148.914
G0 X114.313 Y147.839
G0 X111.715 Y147.847
G0 X110.648 Y148.914
G0 X113.374 Y149.282
G0 X113.374 Y149.718
G0 X109.172 Y149.718
G0 X101.434 Y146.6
;TIME_ELAPSED:3623.138348
;LAYER:23
;TYPE:WALL-INNER
;MESH:esp32-s3-mount.obj
G1 F2700 E2588.31282
G1 F1500 X101.434 Y88.4 E2590.24856
G1 X94.166 Y88.4 E2590.4903
G1 X94.166 Y146.6 E2592.42604
G1 X101.434 Y146.6 E2592.66777
G0 F9000 X101.034 Y146.2
;TYPE:WALL-OUTER
G1 F1500 X101.034 Y88.8 E2594.5769
G1 X94.566 Y88.8 E2594.79203
G1 X94.566 Y146.2 E2596.70116
G1 X101.034 Y146.2 E2596.91629
G0 F9000 X101.334 Y146.2
G0 X109.172 Y149.718
G0 X113.374 Y149.718
G0 X113.374 Y149.282
G0 X110.462 Y149.1
;TYPE:WALL-INNER
G1 F1500 X113.556 Y149.1 E2597.0192
G1 X113.556 Y149.9 E2597.0458
G1 X93.6 Y149.9 E2597.70954
G1 X93.6 Y85.1 E2599.8648
G1 X113.556 Y85.1 E2600.52854
G1 X113.556 Y85.9 E2600.55515
G1 X110.462 Y85.9 E2600.65805
G1 X110.462 Y149.1 E2602.76009
G0 F9000 X110.862 Y148.7
;TYPE:WALL-OUTER
G1 F1500 X113.956 Y148.7 E2602.863
G1 X113.956 Y150.3 E2602.91622
G1 X93.2 Y150.3 E2603.60656
G1 X93.2 Y84.7 E2605.78843
G1 X113.956 Y84.7 E2606.47878
G1 X113.956 Y86.3 E2606.53199
G1 X110.862 Y86.3 E2606.6349
G1 X110.862 Y148.7 E2608.71033
G0 F9000 X110.562 Y148.7
G0 X110.28 Y149.282
G0 X113.374 Y149.282
G0 X113.374 Y149.718
G0 X109.172 Y149.718
G0 X109.1 Y148.052
G0 X109.318 Y148.052
;TYPE:FILL
G1 F3000 X102.719 Y149.82 E2608.93756
G0 F9000 X103.707 Y149.818
G1 F3000 X100.567 Y146.679 E2609.08523
G0 F9000 X99.955 Y146.679
G1 F3000 X99.114 Y149.819 E2609.19335
G0 F9000 X95.221 Y149.818
G1 F3000 X93.68 Y148.277 E2609.26583
G0 F9000 X93.679 Y146.918
G1 F3000 X93.744 Y146.678 E2609.2741
G0 F9000 X101.262 Y146.428
G0 X101.514 Y143.931
G1 F3000 X109.318 Y141.84 E2609.54282
G0 F9000 X109.1 Y141.84
G0 X109.1 Y138.461
G0 X109.32 Y138.461
G1 F3000 X101.512 Y130.654 E2609.91006
G0 F9000 X101.513 Y131.508
G1 F3000 X109.318 Y129.417 E2610.17881
G0 F9000 X109.32 Y129.976
G1 F3000 X101.512 Y122.168 E2610.54607
G0 F9000 X101.514 Y119.084
G1 F3000 X109.319 Y116.993 E2610.81482
G0 F9000 X109.1 Y116.993
G0 X109.1 Y113.005
G0 X109.32 Y113.005
G1 F3000 X101.512 Y105.198 E2611.18207
G0 F9000 X101.514 Y106.661
G1 F3000 X109.318 Y104.57 E2611.45078
G1 X109.32 Y104.52
G1 X101.512 Y96.713 E2611.81802
G0 F9000 X101.513 Y94.5
G1 F3000 X104.011 Y85.179 E2612.13898
G0 F9000 X106.95 Y85.18
G1 F3000 X109.32 Y87.549 E2612.25044
G0 F9000 X109.1 Y87.549
G0 X109.1 Y88.549
G0 X109.319 Y88.549
G1 F3000 X101.513 Y117.682 E2613.25358
G0 F9000 X101.512 Y113.683
G1 F3000 X109.32 Y121.49 E2613.62082
G0 F9000 X109.1 Y121.49
G0 X109.1 Y123.205
G0 X109.318 Y123.205
G1 F3000 X101.514 Y125.296 E2613.88954
G0 F9000 X109.1 Y134.913
G0 X109.319 Y134.913
G1 F3000 X105.325 Y149.819 E2614.40281
G0 F9000 X109.1 Y146.946
G0 X109.32 Y146.946
G1 F3000 X101.512 Y139.139 E2614.77005
G0 F9000 X101.513 Y137.72
G1 F3000 X109.319 Y135.628 E2615.03884
G0 F9000 X109.1 Y135.628
G0 X101.513 Y140.864
G1 F3000 X109.319 Y111.731 E2616.04199
G0 F9000 X109.318 Y110.782
G1 F3000 X101.513 Y112.873 E2616.31074
G0 F9000 X101.514 Y100.449
G1 F3000 X109.319 Y98.358 E2616.57948
G0 F9000 X109.1 Y98.358
G0 X109.1 Y96.035
G0 X109.32 Y96.035
G1 F3000 X98.465 Y85.18 E2617.09007
G0 F9000 X97.799 Y85.178
G1 F3000 X96.957 Y88.319 E2617.19823
G0 F9000 X100.42 Y88.319
G1 F3000 X109.318 Y85.935 E2617.50462
G0 F9000 X109.1 Y85.935
G0 X109.1 Y92.147
G0 X109.318 Y92.147
G1 F3000 X101.514 Y94.238 E2617.77333
G0 F9000 X109.172 Y85.282
G0 X109.39 Y85.49
;TYPE:SKIN
G1 F1500 X113.166 Y85.49 E2617.89892
G1 X113.166 Y85.51 E2617.89959
G1 X110.072 Y85.51 E2618.0025
G1 X110.072 Y149.49 E2620.13048
G1 X113.166 Y149.49 E2620.23339
G1 X113.166 Y149.51 E2620.23405
G1 X109.39 Y149.51 E2620.35964
G1 X109.39 Y85.49 E2622.48896
G0 F9000 X109.911 Y85.815
G1 F1500 X109.549 Y86.177 E2622.50598
G0 F9000 X109.911 Y86.381
G1 F1500 X109.549 Y86.742 E2622.52299
G0 F9000 X109.911 Y86.947
G1 F1500 X109.549 Y87.308 E2622.53999
G0 F9000 X109.911 Y87.512
G1 F1500 X109.549 Y87.874 E2622.55702
G0 F9000 X109.911 Y88.078
G1 F1500 X109.549 Y88.439 E2622.57402
G0 F9000 X109.911 Y88.644
G1 F1500 X109.549 Y89.005 E2622.59103
G0 F9000 X109.911 Y89.21
G1 F1500 X109.549 Y89.571 E2622.60803
G0 F9000 X109.911 Y89.775
G1 F1500 X109.549 Y90.137 E2622.62506
G0 F9000 X109.911 Y90.341
G1 F1500 X109.549 Y90.702 E2622.64206
G0 F9000 X109.911 Y90.907
G1 F1500 X109.549 Y91.268 E2622.65907
G0 F9000 X109.911 Y91.472
G1 F1500 X109.549 Y91.834 E2622.67609
G0 F9000 X109.911 Y92.038
G1 F1500 X109.549 Y92.399 E2622.6931
G0 F9000 X109.911 Y92.604
G1 F1500 X109.549 Y92.965 E2622.7101
G0 F9000 X109.911 Y93.169
G1 F1500 X109.549 Y93.531 E2622.72713
G0 F9000 X109.911 Y93.735
G1 F1500 X109.549 Y94.096 E2622.74413
G0 F9000 X109.911 Y94.301
G1 F1500 X109.549 Y94.662 E2622.76114
G0 F9000 X109.911 Y94.866
G1 F1500 X109.549 Y95.228 E2622.77816
G0 F9000 X109.911 Y95.432
G1 F1500 X109.549 Y95.793 E2622.79517
G0 F9000 X109.911 Y95.998
G1 F1500 X109.549 Y96.359 E2622.81217
G0 F9000 X109.911 Y96.563
G1 F1500 X109.549 Y96.925 E2622.8292
G0 F9000 X109.911 Y97.129
G1 F1500 X109.549 Y97.49 E2622.8462
G0 F9000 X109.911 Y97.695
G1 F1500 X109.549 Y98.056 E2622.86321
G0 F9000 X109.911 Y98.26
G1 F1500 X109.549 Y98.622 E2622.88023
G0 F9000 X109.911 Y98.826
G1 F1500 X109.549 Y99.187 E2622.89724
G0 F9000 X109.911 Y99.392
G1 F1500 X109.549 Y99.753 E2622.91424
G0 F9000 X109.911 Y99.958
G1 F1500 X109.549 Y100.319 E2622.93124
G0 F9000 X109.911 Y100.523
G1 F1500 X109.549 Y100.885 E2622.94827
G0 F9000 X109.911 Y101.089
G1 F1500 X109.549 Y101.45 E2622.96528
G0 F9000 X109.911 Y101.655
G1 F1500 X109.549 Y102.016 E2622.98228
G0 F9000 X109.911 Y102.22
G1 F1500 X109.549 Y102.582 E2622.99931
G0 F9000 X109.911 Y102.786
G1 F1500 X109.549 Y103.147 E2623.01631
G0 F9000 X109.911 Y103.352
G1 F1500 X109.549 Y103.713 E2623.03331
G0 F9000 X109.911 Y103.917
G1 F1500 X109.549 Y104.279 E2623.05034
G0 F9000 X109.911 Y104.483
G1 F1500 X109.549 Y104.844 E2623.06735
G0 F9000 X109.911 Y105.049
G1 F1500 X109.549 Y105.41 E2623.08435
G0 F9000 X109.911 Y105.614
G1 F1500 X109.549 Y105.976 E2623.10138
G0 F9000 X109.911 Y106.18
G1 F1500 X109.549 Y106.541 E2623.11838
G0 F9000 X109.911 Y106.746
G1 F1500 X109.549 Y107.107 E2623.13539
G0 F9000 X109.911 Y107.311
G1 F1500 X109.549 Y107.673 E2623.15241
G0 F9000 X109.911 Y107.877
G1 F1500 X109.549 Y108.238 E2623.16942
G0 F9000 X109.911 Y108.443
G1 F1500 X109.549 Y108.804 E2623.18642
G0 F9000 X109.911 Y109.008
G1 F1500 X109.549 Y109.37 E2623.20345
G0 F9000 X109.911 Y109.574
G1 F1500 X109.549 Y109.936 E2623.22047
G0 F9000 X109.911 Y110.14
G1 F1500 X109.549 Y110.501 E2623.23748
G0 F9000 X109.911 Y110.706
G1 F1500 X109.549 Y111.067 E2623.25448
G0 F9000 X109.911 Y111.271
G1 F1500 X109.549 Y111.633 E2623.27151
G0 F9000 X109.911 Y111.837
G1 F1500 X109.549 Y112.198 E2623.28851
G0 F9000 X109.911 Y112.403
G1 F1500 X109.549 Y112.764 E2623.30552
G0 F9000 X109.911 Y112.968
G1 F1500 X109.549 Y113.33 E2623.32255
G0 F9000 X109.911 Y113.534
G1 F1500 X109.549 Y113.895 E2623.33955
G0 F9000 X109.911 Y114.1
G1 F1500 X109.549 Y114.461 E2623.35655
G0 F9000 X109.911 Y114.665
G1 F1500 X109.549 Y115.027 E2623.37358
G0 F9000 X109.911 Y115.231
G1 F1500 X109.549 Y115.592 E2623.39058
G0 F9000 X109.911 Y115.797
G1 F1500 X109.549 Y116.158 E2623.40759
G0 F9000 X109.911 Y116.362
G1 F1500 X109.549 Y116.724 E2623.42462
G0 F9000 X109.911 Y116.928
G1 F1500 X109.549 Y117.289 E2623.44162
G0 F9000 X109.911 Y117.494
G1 F1500 X109.549 Y117.855 E2623.45862
G0 F9000 X109.911 Y118.059
G1 F1500 X109.549 Y118.421 E2623.47565
G0 F9000 X109.911 Y118.625
G1 F1500 X109.549 Y118.986 E2623.49265
G0 F9000 X109.911 Y119.191
G1 F1500 X109.549 Y119.552 E2623.50966
G0 F9000 X109.911 Y119.757
G1 F1500 X109.549 Y120.118 E2623.52666
G0 F9000 X109.911 Y120.322
G1 F1500 X109.549 Y120.684 E2623.54369
G0 F9000 X109.911 Y120.888
G1 F1500 X109.549 Y121.249 E2623.56069
G0 F9000 X109.911 Y121.454
G1 F1500 X109.549 Y121.815 E2623.5777
G0 F9000 X109.911 Y122.019
G1 F1500 X109.549 Y122.381 E2623.59472
G0 F9000 X109.911 Y122.585
G1 F1500 X109.549 Y122.946 E2623.61173
G0 F9000 X109.911 Y123.151
G1 F1500 X109.549 Y123.512 E2623.62873
G0 F9000 X109.911 Y123.716
G1 F1500 X109.549 Y124.078 E2623.64576
G0 F9000 X109.911 Y124.282
G1 F1500 X109.549 Y124.643 E2623.66276
G0 F9000 X109.911 Y124.848
G1 F1500 X109.549 Y125.209 E2623.67977
G0 F9000 X109.911 Y125.413
G1 F1500 X109.549 Y125.775 E2623.69679
G0 F9000 X109.911 Y125.979
G1 F1500 X109.549 Y126.34 E2623.7138
G0 F9000 X109.911 Y126.545
G1 F1500 X109.549 Y126.906 E2623.7308
G0 F9000 X109.911 Y127.11
G1 F1500 X109.549 Y127.472 E2623.74783
G0 F9000 X109.911 Y127.676
G1 F1500 X109.549 Y128.037 E2623.76483
G0 F9000 X109.911 Y128.242
G1 F1500 X109.549 Y128.603 E2623.78184
G0 F9000 X109.911 Y128.807
G1 F1500 X109.549 Y129.169 E2623.79886
G0 F9000 X109.911 Y129.373
G1 F1500 X109.549 Y129.735 E2623.81589
G0 F9000 X109.911 Y129.939
G1 F1500 X109.549 Y130.3 E2623.8329
G0 F9000 X109.911 Y130.505
G1 F1500 X109.549 Y130.866 E2623.8499
G0 F9000 X109.911 Y131.07
G1 F1500 X109.549 Y131.432 E2623.86693
G0 F9000 X109.911 Y131.636
G1 F1500 X109.549 Y131.997 E2623.88393
G0 F9000 X109.911 Y132.202
G1 F1500 X109.549 Y132.563 E2623.90094
G0 F9000 X109.911 Y132.767
G1 F1500 X109.549 Y133.129 E2623.91796
G0 F9000 X109.911 Y133.333
G1 F1500 X109.549 Y133.694 E2623.93497
G0 F9000 X109.911 Y133.899
G1 F1500 X109.549 Y134.26 E2623.95197
G0 F9000 X109.911 Y134.464
G1 F1500 X109.549 Y134.826 E2623.969
G0 F9000 X109.911 Y135.03
G1 F1500 X109.549 Y135.391 E2623.986
G0 F9000 X109.911 Y135.596
G1 F1500 X109.549 Y135.957 E2624.00301
G0 F9000 X109.911 Y136.161
G1 F1500 X109.549 Y136.523 E2624.02003
G0 F9000 X109.911 Y136.727
G1 F1500 X109.549 Y137.088 E2624.03704
G0 F9000 X109.911 Y137.293
G1 F1500 X109.549 Y137.654 E2624.05404
G0 F9000 X109.911 Y137.858
G1 F1500 X109.549 Y138.22 E2624.07107
G0 F9000 X109.911 Y138.424
G1 F1500 X109.549 Y138.785 E2624.08807
G0 F9000 X109.911 Y138.99
G1 F1500 X109.549 Y139.351 E2624.10508
G0 F9000 X109.911 Y139.556
G1 F1500 X109.549 Y139.917 E2624.12208
G0 F9000 X109.911 Y140.121
G1 F1500 X109.549 Y140.483 E2624.13911
G0 F9000 X109.911 Y140.687
G1 F1500 X109.549 Y141.048 E2624.15611
G0 F9000 X109.911 Y141.253
G1 F1500 X109.549 Y141.614 E2624.17311
G0 F9000 X109.911 Y141.818
G1 F1500 X109.549 Y142.18 E2624.19014
G0 F9000 X109.911 Y142.384
G1 F1500 X109.549 Y142.745 E2624.20715
G0 F9000 X109.911 Y142.95
G1 F1500 X109.549 Y143.311 E2624.22415
G0 F9000 X109.911 Y143.515
G1 F1500 X109.549 Y143.877 E2624.24118
G0 F9000 X109.911 Y144.081
G1 F1500 X109.549 Y144.442 E2624.25818
G0 F9000 X109.911 Y144.647
G1 F1500 X109.549 Y145.008 E2624.27518
G0 F9000 X109.911 Y145.212
G1 F1500 X109.549 Y145.574 E2624.29221
G0 F9000 X109.911 Y145.778
G1 F1500 X109.549 Y146.139 E2624.30922
G0 F9000 X109.911 Y146.344
G1 F1500 X109.549 Y146.705 E2624.32622
G0 F9000 X109.911 Y146.909
G1 F1500 X109.549 Y147.271 E2624.34325
G0 F9000 X109.911 Y147.475
G1 F1500 X109.549 Y147.836 E2624.36025
G0 F9000 X109.911 Y148.041
G1 F1500 X109.549 Y148.402 E2624.37725
G0 F9000 X109.911 Y148.606
G1 F1500 X109.549 Y148.968 E2624.39428
G0 F9000 X109.911 Y149.172
G1 F1500 X109.735 Y149.348 E2624.40256
G0 F9000 X109.735 Y149.79
G0 X93.99 Y146.708
G0 X93.924 Y146.773
;TYPE:SKIN
G1 F1500 X93.882 Y146.533 E2624.40693
G1 X93.882 Y91.378 E2625.39538
G1 X93.882 Y88.267 E2625.45113
G0 F9000 X93.99 Y88.159
G1 F2700 E2620.45113
G0 F9000 X101.262 Y88.572
G0 X109.172 Y149.718
G0 X113.374 Y149.718
G0 X113.374 Y149.282
G0 X110.648 Y148.914
G0 X111.715 Y147.847
G0 X113.819 Y147.841
G0 X136.179 Y148.914
G0 X137.264 Y148.914
G0 X140.538 Y149.1
;TYPE:WALL-INNER
G1 F2700 E2625.45113
G1 F1500 X140.538 Y85.9 E2627.55317
G1 X137.444 Y85.9 E2627.65608
G1 X137.444 Y85.1 E2627.68269
G1 X141.4 Y85.1 E2627.81426
G1 X141.4 Y149.9 E2629.96952
G1 X137.444 Y149.9 E2630.1011
G1 X137.444 Y149.1 E2630.12771
G1 X140.538 Y149.1 E2630.23061
G0 F9000 X140.138 Y148.7
;TYPE:WALL-OUTER
G1 F1500 X140.138 Y86.3 E2632.30604
G1 X137.044 Y86.3 E2632.40895
G1 X137.044 Y84.7 E2632.46217
G1 X141.8 Y84.7 E2632.62035
G1 X141.8 Y150.3 E2634.80222
G1 X137.044 Y150.3 E2634.9604
G1 X137.044 Y148.7 E2635.01362
G1 X140.138 Y148.7 E2635.11653
G0 F9000 X140.438 Y148.7
G0 X140.388 Y149.275
G0 X137.626 Y149.282
G0 X137.626 Y149.718
G0 X140.928 Y149.79
G0 X140.928 Y149.49
;TYPE:SKIN
G1 F1500 X140.928 Y85.51 E2637.24451
G1 X137.834 Y85.51 E2637.34742
G1 X137.834 Y85.49 E2637.34808
G1 X141.01 Y85.49 E2637.45372
G1 X141.01 Y149.51 E2639.58303
G1 X137.834 Y149.51 E2639.68866
G1 X137.834 Y149.49 E2639.68933
G1 X140.928 Y149.49 E2639.79224
G0 F9000 X140.928 Y149.7
G1 F2700 E2634.79224
;MESH:NONMESH
G0 F300 X140.928 Y149.7 Z5
G0 F9000 X140.928 Y149.79
G0 X137.626 Y149.718
G0 X137.258 Y148.914
G0 X136.179 Y148.914
G0 X114.313 Y147.839
G0 X111.715 Y147.847
G0 X110.648 Y148.914
G0 X113.374 Y149.282
G0 X113.374 Y149.718
G0 X109.172 Y149.718
G0 X101.234 Y146.6
;TIME_ELAPSED:3701.795766
;LAYER:24
;TYPE:WALL-INNER
;MESH:esp32-s3-mount.obj
G1 F2700 E2639.79224
G1 F1500 X101.234 Y88.4 E2641.72798
G1 X93.966 Y88.4 E2641.96971
G1 X93.966 Y146.6 E2643.90545
G1 X101.234 Y146.6 E2644.14718
G0 F9000 X100.834 Y146.2
;TYPE:WALL-OUTER
G1 F1500 X100.834 Y88.8 E2646.05632
G1 X94.366 Y88.8 E2646.27144
G1 X94.366 Y146.2 E2648.18057
G1 X100.834 Y146.2 E2648.3957
G0 F9000 X101.134 Y146.2
G0 X109.172 Y149.718
G0 X113.374 Y149.718
G0 X113.374 Y149.282
G0 X110.462 Y149.1
;TYPE:WALL-INNER
G1 F1500 X113.556 Y149.1 E2648.49861
G1 X113.556 Y149.9 E2648.52522
G1 X93.6 Y149.9 E2649.18896
G1 X93.6 Y146.6 E2649.29871
G1 X93.6 Y88.4 E2651.07436
G1 X93.6 Y85.1 E2651.18411
G1 X113.556 Y85.1 E2651.84785
G1 X113.556 Y85.9 E2651.87446
G1 X110.462 Y85.9 E2651.97737
G1 X110.462 Y149.1 E2654.07941
G0 F9000 X110.862 Y148.7
;TYPE:WALL-OUTER
G1 F1500 X113.956 Y148.7 E2654.18232
G1 X113.956 Y150.3 E2654.23553
G1 X93.2 Y150.3 E2654.92588
G1 X93.2 Y84.7 E2657.10774
G1 X113.956 Y84.7 E2657.79809
G1 X113.956 Y86.3 E2657.85131
G1 X110.862 Y86.3 E2657.95421
G1 X110.862 Y148.7 E2660.02965
G0 F9000 X110.562 Y148.7
G0 X110.28 Y149.282
G0 X113.374 Y149.282
G0 X113.374 Y149.718
G0 X109.172 Y149.718
G0 X109.1 Y148.198
G0 X109.318 Y148.198
;TYPE:FILL
G1 F3000 X103.264 Y149.82 E2660.2381
G0 F9000 X103.906 Y149.818
G1 F3000 X100.766 Y146.679 E2660.38578
G0 F9000 X99.809 Y146.679
G1 F3000 X98.968 Y149.819 E2660.4939
G0 F9000 X95.421 Y149.818
G1 F3000 X93.68 Y148.078 E2660.57576
G0 F9000 X101.062 Y146.428
G0 X101.314 Y144.131
G1 F3000 X109.318 Y141.986 E2660.85137
G0 F9000 X109.1 Y141.986
G0 X109.1 Y138.262
G0 X109.32 Y138.262
G1 F3000 X101.313 Y130.255 E2661.228
G0 F9000 X101.313 Y131.707
G1 F3000 X109.318 Y129.563 E2661.50363
G0 F9000 X109.32 Y129.776
G1 F3000 X101.313 Y121.77 E2661.88023
G0 F9000 X101.313 Y119.284
G1 F3000 X109.318 Y117.139 E2662.15587
G0 F9000 X109.1 Y117.139
G0 X109.1 Y121.291
G0 X109.32 Y121.291
G1 F3000 X101.313 Y113.284 E2662.53249
G0 F9000 X101.313 Y113.072
G1 F3000 X109.318 Y110.928 E2662.80813
G0 F9000 X109.319 Y111.186
G1 F3000 X101.313 Y141.065 E2663.83696
G0 F9000 X101.313 Y138.74
G1 F3000 X109.32 Y146.747 E2664.21359
G0 F9000 X109.1 Y146.747
G0 X105.179 Y149.819
G1 F3000 X109.319 Y134.368 E2664.74562
G0 F9000 X109.1 Y134.368
G0 X109.1 Y135.774
G0 X109.318 Y135.774
G1 F3000 X101.314 Y137.919 E2665.02122
G0 F9000 X101.313 Y125.496
G1 F3000 X109.318 Y123.351 E2665.29686
G0 F9000 X109.1 Y123.351
G0 X101.313 Y117.883
G1 F3000 X109.319 Y88.004 E2666.3257
G0 F9000 X109.32 Y87.35
G1 F3000 X107.15 Y85.18 E2666.42777
G0 F9000 X109.1 Y86.081
G0 X109.318 Y86.081
G1 F3000 X100.965 Y88.319 E2666.71539
G0 F9000 X98.664 Y85.18
G1 F3000 X109.32 Y95.835 E2667.21659
G0 F9000 X109.1 Y95.835
G0 X109.1 Y98.504
G0 X109.318 Y98.504
G1 F3000 X101.313 Y100.649 E2667.49223
G0 F9000 X101.313 Y104.799
G1 F3000 X109.32 Y112.806 E2667.86886
G0 F9000 X109.1 Y112.806
G0 X109.1 Y104.716
G0 X109.318 Y104.716
G1 F3000 X101.313 Y106.861 E2668.1445
G0 F9000 X109.1 Y104.32
G0 X109.32 Y104.32
G1 F3000 X101.313 Y96.314 E2668.5211
G0 F9000 X101.313 Y94.701
G1 F3000 X103.865 Y85.178 E2668.84901
G0 F9000 X97.653 Y85.178
G1 F3000 X96.811 Y88.32 E2668.9572
G0 F9000 X101.062 Y88.572
G0 X101.313 Y94.438
G1 F3000 X109.318 Y92.293 E2669.23284
G0 F9000 X109.1 Y92.293
G0 X109.172 Y85.282
G0 X109.39 Y85.49
;TYPE:SKIN
G1 F1500 X113.166 Y85.49 E2669.35843
G1 X113.166 Y85.51 E2669.3591
G1 X110.072 Y85.51 E2669.462
G1 X110.072 Y149.49 E2671.58999
G1 X113.166 Y149.49 E2671.69289
G1 X113.166 Y149.51 E2671.69356
G1 X109.39 Y149.51 E2671.81915
G1 X109.39 Y85.49 E2673.94846
G0 F9000 X109.549 Y85.79
G1 F1500 X109.911 Y86.153 E2673.96552
G0 F9000 X109.549 Y86.356
G1 F1500 X109.911 Y86.718 E2673.98254
G0 F9000 X109.549 Y86.921
G1 F1500 X109.911 Y87.284 E2673.99959
G0 F9000 X109.549 Y87.487
G1 F1500 X109.911 Y87.85 E2674.01664
G0 F9000 X109.549 Y88.053
G1 F1500 X109.911 Y88.415 E2674.03367
G0 F9000 X109.549 Y88.618
G1 F1500 X109.911 Y88.981 E2674.05072
G0 F9000 X109.549 Y89.184
G1 F1500 X109.911 Y89.547 E2674.06777
G0 F9000 X109.549 Y89.75
G1 F1500 X109.911 Y90.112 E2674.0848
G0 F9000 X109.549 Y90.315
G1 F1500 X109.911 Y90.678 E2674.10185
G0 F9000 X109.549 Y90.881
G1 F1500 X109.911 Y91.244 E2674.1189
G0 F9000 X109.549 Y91.447
G1 F1500 X109.911 Y91.81 E2674.13595
G0 F9000 X109.549 Y92.012
G1 F1500 X109.911 Y92.375 E2674.153
G0 F9000 X109.549 Y92.578
G1 F1500 X109.911 Y92.941 E2674.17006
G0 F9000 X109.549 Y93.144
G1 F1500 X109.911 Y93.507 E2674.18711
G0 F9000 X109.549 Y93.71
G1 F1500 X109.911 Y94.072 E2674.20413
G0 F9000 X109.549 Y94.275
G1 F1500 X109.911 Y94.638 E2674.22118
G0 F9000 X109.549 Y94.841
G1 F1500 X109.911 Y95.204 E2674.23824
G0 F9000 X109.549 Y95.407
G1 F1500 X109.911 Y95.769 E2674.25526
G0 F9000 X109.549 Y95.972
G1 F1500 X109.911 Y96.335 E2674.27231
G0 F9000 X109.549 Y96.538
G1 F1500 X109.911 Y96.901 E2674.28936
G0 F9000 X109.549 Y97.104
G1 F1500 X109.911 Y97.466 E2674.30639
G0 F9000 X109.549 Y97.669
G1 F1500 X109.911 Y98.032 E2674.32344
G0 F9000 X109.549 Y98.235
G1 F1500 X109.911 Y98.598 E2674.34049
G0 F9000 X109.549 Y98.801
G1 F1500 X109.911 Y99.163 E2674.35752
G0 F9000 X109.549 Y99.366
G1 F1500 X109.911 Y99.729 E2674.37457
G0 F9000 X109.549 Y99.932
G1 F1500 X109.911 Y100.295 E2674.39162
G0 F9000 X109.549 Y100.498
G1 F1500 X109.911 Y100.861 E2674.40867
G0 F9000 X109.549 Y101.063
G1 F1500 X109.911 Y101.426 E2674.42572
G0 F9000 X109.549 Y101.629
G1 F1500 X109.911 Y101.992 E2674.44278
G0 F9000 X109.549 Y102.195
G1 F1500 X109.911 Y102.558 E2674.45983
G0 F9000 X109.549 Y102.761
G1 F1500 X109.911 Y103.123 E2674.47685
G0 F9000 X109.549 Y103.326
G1 F1500 X109.911 Y103.689 E2674.4939
G0 F9000 X109.549 Y103.892
G1 F1500 X109.911 Y104.255 E2674.51096
G0 F9000 X109.549 Y104.458
G1 F1500 X109.911 Y104.82 E2674.52798
G0 F9000 X109.549 Y105.023
G1 F1500 X109.911 Y105.386 E2674.54503
G0 F9000 X109.549 Y105.589
G1 F1500 X109.911 Y105.952 E2674.56208
G0 F9000 X109.549 Y106.155
G1 F1500 X109.911 Y106.517 E2674.57911
G0 F9000 X109.549 Y106.72
G1 F1500 X109.911 Y107.083 E2674.59616
G0 F9000 X109.549 Y107.286
G1 F1500 X109.911 Y107.649 E2674.61321
G0 F9000 X109.549 Y107.852
G1 F1500 X109.911 Y108.214 E2674.63024
G0 F9000 X109.549 Y108.417
G1 F1500 X109.911 Y108.78 E2674.64729
G0 F9000 X109.549 Y108.983
G1 F1500 X109.911 Y109.346 E2674.66434
G0 F9000 X109.549 Y109.549
G1 F1500 X109.911 Y109.911 E2674.68137
G0 F9000 X109.549 Y110.114
G1 F1500 X109.911 Y110.477 E2674.69842
G0 F9000 X109.549 Y110.68
G1 F1500 X109.911 Y111.043 E2674.71547
G0 F9000 X109.549 Y111.246
G1 F1500 X109.911 Y111.609 E2674.73252
G0 F9000 X109.549 Y111.811
G1 F1500 X109.911 Y112.174 E2674.74957
G0 F9000 X109.549 Y112.377
G1 F1500 X109.911 Y112.74 E2674.76663
G0 F9000 X109.549 Y112.943
G1 F1500 X109.911 Y113.306 E2674.78368
G0 F9000 X109.549 Y113.509
G1 F1500 X109.911 Y113.871 E2674.8007
G0 F9000 X109.549 Y114.074
G1 F1500 X109.911 Y114.437 E2674.81775
G0 F9000 X109.549 Y114.64
G1 F1500 X109.911 Y115.003 E2674.83481
G0 F9000 X109.549 Y115.206
G1 F1500 X109.911 Y115.568 E2674.85183
G0 F9000 X109.549 Y115.771
G1 F1500 X109.911 Y116.134 E2674.86888
G0 F9000 X109.549 Y116.337
G1 F1500 X109.911 Y116.7 E2674.88593
G0 F9000 X109.549 Y116.903
G1 F1500 X109.911 Y117.265 E2674.90296
G0 F9000 X109.549 Y117.468
G1 F1500 X109.911 Y117.831 E2674.92001
G0 F9000 X109.549 Y118.034
G1 F1500 X109.911 Y118.397 E2674.93706
G0 F9000 X109.549 Y118.6
G1 F1500 X109.911 Y118.962 E2674.95409
G0 F9000 X109.549 Y119.165
G1 F1500 X109.911 Y119.528 E2674.97114
G0 F9000 X109.549 Y119.731
G1 F1500 X109.911 Y120.094 E2674.98819
G0 F9000 X109.549 Y120.297
G1 F1500 X109.911 Y120.659 E2675.00522
G0 F9000 X109.549 Y120.862
G1 F1500 X109.911 Y121.225 E2675.02227
G0 F9000 X109.549 Y121.428
G1 F1500 X109.911 Y121.791 E2675.03932
G0 F9000 X109.549 Y121.994
G1 F1500 X109.911 Y122.357 E2675.05637
G0 F9000 X109.549 Y122.559
G1 F1500 X109.911 Y122.922 E2675.07342
G0 F9000 X109.549 Y123.125
G1 F1500 X109.911 Y123.488 E2675.09047
G0 F9000 X109.549 Y123.691
G1 F1500 X109.911 Y124.054 E2675.10753
G0 F9000 X109.549 Y124.257
G1 F1500 X109.911 Y124.619 E2675.12455
G0 F9000 X109.549 Y124.822
G1 F1500 X109.911 Y125.185 E2675.1416
G0 F9000 X109.549 Y125.388
G1 F1500 X109.911 Y125.751 E2675.15865
G0 F9000 X109.549 Y125.954
G1 F1500 X109.911 Y126.316 E2675.17568
G0 F9000 X109.549 Y126.519
G1 F1500 X109.911 Y126.882 E2675.19273
G0 F9000 X109.549 Y127.085
G1 F1500 X109.911 Y127.448 E2675.20978
G0 F9000 X109.549 Y127.651
G1 F1500 X109.911 Y128.013 E2675.22681
G0 F9000 X109.549 Y128.216
G1 F1500 X109.911 Y128.579 E2675.24386
G0 F9000 X109.549 Y128.782
G1 F1500 X109.911 Y129.145 E2675.26091
G0 F9000 X109.549 Y129.348
G1 F1500 X109.911 Y129.71 E2675.27794
G0 F9000 X109.549 Y129.913
G1 F1500 X109.911 Y130.276 E2675.29499
G0 F9000 X109.549 Y130.479
G1 F1500 X109.911 Y130.842 E2675.31204
G0 F9000 X109.549 Y131.045
G1 F1500 X109.911 Y131.408 E2675.32909
G0 F9000 X109.549 Y131.61
G1 F1500 X109.911 Y131.973 E2675.34614
G0 F9000 X109.549 Y132.176
G1 F1500 X109.911 Y132.539 E2675.3632
G0 F9000 X109.549 Y132.742
G1 F1500 X109.911 Y133.105 E2675.38025
G0 F9000 X109.549 Y133.308
G1 F1500 X109.911 Y133.67 E2675.39727
G0 F9000 X109.549 Y133.873
G1 F1500 X109.911 Y134.236 E2675.41432
G0 F9000 X109.549 Y134.439
G1 F1500 X109.911 Y134.802 E2675.43138
G0 F9000 X109.549 Y135.005
G1 F1500 X109.911 Y135.367 E2675.4484
G0 F9000 X109.549 Y135.57
G1 F1500 X109.911 Y135.933 E2675.46545
G0 F9000 X109.549 Y136.136
G1 F1500 X109.911 Y136.499 E2675.4825
G0 F9000 X109.549 Y136.702
G1 F1500 X109.911 Y137.064 E2675.49953
G0 F9000 X109.549 Y137.267
G1 F1500 X109.911 Y137.63 E2675.51658
G0 F9000 X109.549 Y137.833
G1 F1500 X109.911 Y138.196 E2675.53363
G0 F9000 X109.549 Y138.399
G1 F1500 X109.911 Y138.761 E2675.55066
G0 F9000 X109.549 Y138.964
G1 F1500 X109.911 Y139.327 E2675.56771
G0 F9000 X109.549 Y139.53
G1 F1500 X109.911 Y139.893 E2675.58476
G0 F9000 X109.549 Y140.096
G1 F1500 X109.911 Y140.458 E2675.60179
G0 F9000 X109.549 Y140.661
G1 F1500 X109.911 Y141.024 E2675.61884
G0 F9000 X109.549 Y141.227
G1 F1500 X109.911 Y141.59 E2675.63589
G0 F9000 X109.549 Y141.793
G1 F1500 X109.911 Y142.156 E2675.65294
G0 F9000 X109.549 Y142.358
G1 F1500 X109.911 Y142.721 E2675.66999
G0 F9000 X109.549 Y142.924
G1 F1500 X109.911 Y143.287 E2675.68704
G0 F9000 X109.549 Y143.49
G1 F1500 X109.911 Y143.853 E2675.7041
G0 F9000 X109.549 Y144.056
G1 F1500 X109.911 Y144.418 E2675.72112
G0 F9000 X109.549 Y144.621
G1 F1500 X109.911 Y144.984 E2675.73817
G0 F9000 X109.549 Y145.187
G1 F1500 X109.911 Y145.55 E2675.75522
G0 F9000 X109.549 Y145.753
G1 F1500 X109.911 Y146.115 E2675.77225
G0 F9000 X109.549 Y146.318
G1 F1500 X109.911 Y146.681 E2675.7893
G0 F9000 X109.549 Y146.884
G1 F1500 X109.911 Y147.247 E2675.80635
G0 F9000 X109.549 Y147.45
G1 F1500 X109.911 Y147.812 E2675.82338
G0 F9000 X109.549 Y148.015
G1 F1500 X109.911 Y148.378 E2675.84043
G0 F9000 X109.549 Y148.581
G1 F1500 X109.911 Y148.944 E2675.85748
G0 F9000 X109.549 Y149.147
G1 F1500 X109.75 Y149.348 E2675.86694
G0 F9000 X109.75 Y149.7
G1 F2700 E2670.86694
G0 F9000 X109.75 Y149.79
G0 X113.374 Y149.718
G0 X113.736 Y149.1
G0 X114.821 Y149.1
G0 X136.179 Y149.1
G0 X137.264 Y149.1
G0 X140.538 Y149.1
;TYPE:WALL-INNER
G1 F2700 E2675.86694
G1 F1500 X140.538 Y85.9 E2677.96898
G1 X137.444 Y85.9 E2678.07188
G1 X137.444 Y85.1 E2678.09849
G1 X141.4 Y85.1 E2678.23007
G1 X141.4 Y149.9 E2680.38533
G1 X137.444 Y149.9 E2680.5169
G1 X137.444 Y149.1 E2680.54351
G1 X140.538 Y149.1 E2680.64642
G0 F9000 X140.138 Y148.7
;TYPE:WALL-OUTER
G1 F1500 X140.138 Y86.3 E2682.72185
G1 X137.044 Y86.3 E2682.82476
G1 X137.044 Y84.7 E2682.87797
G1 X141.8 Y84.7 E2683.03616
G1 X141.8 Y150.3 E2685.21802
G1 X137.044 Y150.3 E2685.37621
G1 X137.044 Y148.7 E2685.42943
G1 X140.138 Y148.7 E2685.53233
G0 F9000 X140.438 Y148.7
G0 X140.388 Y149.275
G0 X137.626 Y149.282
G0 X137.626 Y149.718
G0 X140.928 Y149.79
G0 X140.928 Y149.49
;TYPE:SKIN
G1 F1500 X140.928 Y85.51 E2687.66032
G1 X137.834 Y85.51 E2687.76322
G1 X137.834 Y85.49 E2687.76389
G1 X141.01 Y85.49 E2687.86952
G1 X141.01 Y149.51 E2689.99884
G1 X137.834 Y149.51 E2690.10447
G1 X137.834 Y149.49 E2690.10514
G1 X140.928 Y149.49 E2690.20804
G0 F9000 X140.928 Y149.7
G1 F2700 E2685.20804
;MESH:NONMESH
G0 F300 X140.928 Y149.7 Z5.2
G0 F9000 X140.928 Y149.79
G0 X137.626 Y149.718
G0 X137.258 Y148.914
G0 X136.179 Y148.914
G0 X114.313 Y147.839
G0 X111.715 Y147.847
G0 X110.648 Y148.914
G0 X113.374 Y149.282
G0 X113.374 Y149.718
G0 X109.172 Y149.718
G0 X101.034 Y146.6
;TIME_ELAPSED:3776.873322
;LAYER:25
;TYPE:WALL-INNER
;MESH:esp32-s3-mount.obj
G1 F2700 E2690.20804
G1 F1500 X101.034 Y88.4 E2692.14378
G1 X93.766 Y88.4 E2692.38552
G1 X93.766 Y146.6 E2694.32126
G1 X101.034 Y146.6 E2694.56299
G0 F9000 X100.634 Y146.2
;TYPE:WALL-OUTER
G1 F1500 X100.634 Y88.8 E2696.47212
G1 X94.166 Y88.8 E2696.68725
G1 X94.166 Y146.2 E2698.59638
G1 X100.634 Y146.2 E2698.81151
G0 F9000 X100.934 Y146.2
G0 X109.4 Y149.9
;TYPE:WALL-INNER
G1 F1500 X93.6 Y149.9 E2699.33702
G1 X93.6 Y146.6 E2699.44678
G1 X93.6 Y88.4 E2700.25212
G1 X93.6 Y85.1 E2700.36188
G1 X109.4 Y85.1 E2700.88739
G1 X109.4 Y149.9 E2703.04265
G0 F9000 X109.8 Y150.3
;TYPE:WALL-OUTER
G1 F1500 X93.2 Y150.3 E2703.59477
G1 X93.2 Y84.7 E2705.77663
G1 X109.8 Y84.7 E2706.32875
G1 X109.8 Y150.3 E2708.51061
G0 F9000 X109.53 Y150.03
G0 X109.319 Y148.343
;TYPE:FILL
G1 F3000 X103.809 Y149.82 E2708.70035
G0 F9000 X104.105 Y149.818
G1 F3000 X100.966 Y146.679 E2708.848
G0 F9000 X99.663 Y146.678
G1 F3000 X98.822 Y149.82 E2708.95618
G0 F9000 X95.62 Y149.818
G1 F3000 X93.68 Y147.878 E2709.04743
G0 F9000 X100.862 Y146.428
G0 X101.113 Y144.33
G1 F3000 X109.318 Y142.132 E2709.32995
G0 F9000 X109.32 Y138.062
G1 F3000 X101.113 Y129.855 E2709.71598
G0 F9000 X101.114 Y131.907
G1 F3000 X109.319 Y129.708 E2709.99851
G1 X109.32 Y129.577
G1 X101.113 Y121.37 E2710.38455
G0 F9000 X101.114 Y119.484
G1 F3000 X109.318 Y117.285 E2710.66704
G0 F9000 X109.32 Y121.092
G1 F3000 X101.113 Y112.885 E2711.05308
G0 F9000 X101.113 Y113.272
G1 F3000 X109.318 Y111.073 E2711.33561
G0 F9000 X109.319 Y110.642
G1 F3000 X101.114 Y141.265 E2712.39006
G0 F9000 X101.113 Y138.341
G1 F3000 X109.32 Y146.547 E2712.77607
G0 F9000 X105.033 Y149.819
G1 F3000 X109.319 Y133.823 E2713.32686
G0 F9000 X109.318 Y135.92
G1 F3000 X101.114 Y138.119 E2713.60936
G0 F9000 X101.113 Y125.695
G1 F3000 X109.318 Y123.497 E2713.89188
G0 F9000 X101.114 Y118.083
G1 F3000 X109.319 Y87.459 E2714.94637
G0 F9000 X109.32 Y87.15
G1 F3000 X107.349 Y85.18 E2715.03905
G0 F9000 X109.318 Y86.227
G1 F3000 X101.113 Y88.425 E2715.32157
G0 F9000 X98.864 Y85.18
G1 F3000 X109.32 Y95.636 E2715.81339
G0 F9000 X109.318 Y98.65
G1 F3000 X101.114 Y100.849 E2716.09589
G0 F9000 X101.113 Y104.4
G1 F3000 X109.32 Y112.606 E2716.4819
G0 F9000 X109.318 Y104.862
G1 F3000 X101.113 Y107.06 E2716.76442
G0 F9000 X109.32 Y104.121
G1 F3000 X101.113 Y95.914 E2717.15045
G0 F9000 X101.113 Y94.902
G1 F3000 X103.719 Y85.178 E2717.48529
G0 F9000 X97.507 Y85.179
G1 F3000 X96.665 Y88.32 E2717.59345
G0 F9000 X100.862 Y88.572
G0 X101.113 Y94.637
G1 F3000 X109.318 Y92.438 E2717.87598
G0 F9000 X109.2 Y92.438
G1 F2700 E2712.87598
;MESH:NONMESH
G0 F300 X109.2 Y92.438 Z5.4
G0 F9000 X100.834 Y146.6
;TIME_ELAPSED:3813.727965
;LAYER:26
;TYPE:WALL-INNER
;MESH:esp32-s3-mount.obj
G1 F2700 E2717.87598
G1 F1500 X100.834 Y88.4 E2719.81172
G1 X93.6 Y88.4 E2720.05232
G1 X93.6 Y85.1 E2720.16208
G1 X109.4 Y85.1 E2720.68759
G1 X109.4 Y149.9 E2722.84285
G1 X93.6 Y149.9 E2723.36836
G1 X93.6 Y146.6 E2723.47811
G1 X100.834 Y146.6 E2723.71872
G0 F9000 X100.434 Y146.2
;TYPE:WALL-OUTER
G1 F1500 X100.434 Y88.8 E2725.62785
G1 X93.966 Y88.8 E2725.84298
G1 X93.966 Y146.2 E2727.75211
G1 X100.434 Y146.2 E2727.96723
G1 F2700 E2722.96723
G0 F9000 X100.634 Y146.2
G0 X101.016 Y146.782
G0 X93.782 Y146.782
G0 X93.782 Y149.718
G0 X109.63 Y150.13
G1 F2700 E2727.96723
G0 F9000 X109.8 Y150.3
G1 F1500 X93.2 Y150.3 E2728.51935
G1 X93.2 Y84.7 E2730.70122
G1 X109.8 Y84.7 E2731.25334
G1 X109.8 Y150.3 E2733.4352
G0 F9000 X109.63 Y150.13
G0 X109.29 Y149.51
G0 X109.01 Y149.51
;TYPE:SKIN
G1 F1500 X93.99 Y149.51 E2733.93477
G1 X93.99 Y146.99 E2734.01858
G1 X101.224 Y146.99 E2734.25919
G1 X101.224 Y88.01 E2736.22087
G1 X93.99 Y88.01 E2736.46147
G1 X93.99 Y85.49 E2736.54529
G1 X109.01 Y85.49 E2737.04486
G1 X109.01 Y149.51 E2739.17417
G0 F9000 X109.29 Y149.51
G0 X94.477 Y149.79
G0 X94.477 Y149.348
G1 F1500 X94.149 Y149.021 E2739.18958
G0 F9000 X94.149 Y148.455
G1 F1500 X95.042 Y149.348 E2739.23158
G0 F9000 X95.608 Y149.348
G1 F1500 X94.149 Y147.889 E2739.30021
G0 F9000 X94.149 Y147.324
G1 F1500 X96.174 Y149.348 E2739.39543
G0 F9000 X96.739 Y149.348
G1 F1500 X94.54 Y147.149 E2739.49887
G0 F9000 X95.106 Y147.149
G1 F1500 X97.305 Y149.348 E2739.6023
G0 F9000 X97.871 Y149.348
G1 F1500 X95.672 Y147.149 E2739.70573
G0 F9000 X96.237 Y147.149
G1 F1500 X98.437 Y149.348 E2739.80919
G0 F9000 X99.002 Y149.348
G1 F1500 X96.803 Y147.149 E2739.91263
G0 F9000 X97.369 Y147.149
G1 F1500 X99.568 Y149.348 E2740.01606
G0 F9000 X100.134 Y149.348
G1 F1500 X97.934 Y147.149 E2740.11952
G0 F9000 X98.5 Y147.149
G1 F1500 X100.699 Y149.348 E2740.22295
G0 F9000 X101.265 Y149.348
G1 F1500 X99.066 Y147.149 E2740.32639
G0 F9000 X99.632 Y147.149
G1 F1500 X101.831 Y149.348 E2740.42982
G0 F9000 X102.396 Y149.348
G1 F1500 X100.197 Y147.149 E2740.53326
G0 F9000 X100.763 Y147.149
G1 F1500 X102.962 Y149.348 E2740.63669
G0 F9000 X103.528 Y149.348
G1 F1500 X101.329 Y147.149 E2740.74012
G0 F9000 X101.383 Y146.638
G1 F1500 X104.093 Y149.348 E2740.86759
G0 F9000 X104.659 Y149.348
G1 F1500 X101.383 Y146.072 E2741.02169
G0 F9000 X101.383 Y145.507
G1 F1500 X105.225 Y149.348 E2741.20238
G0 F9000 X105.79 Y149.348
G1 F1500 X101.383 Y144.941 E2741.40967
G0 F9000 X101.383 Y144.375
G1 F1500 X106.356 Y149.348 E2741.64359
G0 F9000 X106.922 Y149.348
G1 F1500 X101.383 Y143.809 E2741.90412
G0 F9000 X101.383 Y143.244
G1 F1500 X107.488 Y149.348 E2742.19126
G0 F9000 X108.053 Y149.348
G1 F1500 X101.383 Y142.678 E2742.505
G0 F9000 X101.383 Y142.112
G1 F1500 X108.619 Y149.348 E2742.84536
G0 F9000 X108.849 Y149.013
G1 F1500 X101.383 Y141.547 E2743.19653
G0 F9000 X101.383 Y140.981
G1 F1500 X108.849 Y148.447 E2743.54771
G0 F9000 X108.849 Y147.882
G1 F1500 X101.383 Y140.415 E2743.89891
G0 F9000 X101.383 Y139.85
G1 F1500 X108.849 Y147.316 E2744.25009
G0 F9000 X108.849 Y146.75
G1 F1500 X101.383 Y139.284 E2744.60127
G0 F9000 X101.383 Y138.718
G1 F1500 X108.849 Y146.185 E2744.95247
G0 F9000 X108.849 Y145.619
G1 F1500 X101.383 Y138.153 E2745.30365
G0 F9000 X101.383 Y137.587
G1 F1500 X108.849 Y145.053 E2745.65483
G0 F9000 X108.849 Y144.488
G1 F1500 X101.383 Y137.021 E2746.00603
G0 F9000 X101.383 Y136.456
G1 F1500 X108.849 Y143.922 E2746.3572
G0 F9000 X108.849 Y143.356
G1 F1500 X101.383 Y135.89 E2746.70838
G0 F9000 X101.383 Y135.324
G1 F1500 X108.849 Y142.791 E2747.05958
G0 F9000 X108.849 Y142.225
G1 F1500 X101.383 Y134.758 E2747.41078
G0 F9000 X101.383 Y134.193
G1 F1500 X108.849 Y141.659 E2747.76196
G0 F9000 X108.849 Y141.093
G1 F1500 X101.383 Y133.627 E2748.11314
G0 F9000 X101.383 Y133.061
G1 F1500 X108.849 Y140.528 E2748.46434
G0 F9000 X108.849 Y139.962
G1 F1500 X101.383 Y132.496 E2748.81552
G0 F9000 X101.383 Y131.93
G1 F1500 X108.849 Y139.396 E2749.1667
G0 F9000 X108.849 Y138.831
G1 F1500 X101.383 Y131.364 E2749.5179
G0 F9000 X101.383 Y130.799
G1 F1500 X108.849 Y138.265 E2749.86908
G0 F9000 X108.849 Y137.699
G1 F1500 X101.383 Y130.233 E2750.22025
G0 F9000 X101.383 Y129.667
G1 F1500 X108.849 Y137.134 E2750.57145
G0 F9000 X108.849 Y136.568
G1 F1500 X101.383 Y129.102 E2750.92263
G0 F9000 X101.383 Y128.536
G1 F1500 X108.849 Y136.002 E2751.27381
G0 F9000 X108.849 Y135.437
G1 F1500 X101.383 Y127.97 E2751.62501
G0 F9000 X101.383 Y127.405
G1 F1500 X108.849 Y134.871 E2751.97619
G0 F9000 X108.849 Y134.305
G1 F1500 X101.383 Y126.839 E2752.32737
G0 F9000 X101.383 Y126.273
G1 F1500 X108.849 Y133.74 E2752.67857
G0 F9000 X108.849 Y133.174
G1 F1500 X101.383 Y125.708 E2753.02975
G0 F9000 X101.383 Y125.142
G1 F1500 X108.849 Y132.608 E2753.38092
G0 F9000 X108.849 Y132.042
G1 F1500 X101.383 Y124.576 E2753.7321
G0 F9000 X101.383 Y124.01
G1 F1500 X108.849 Y131.477 E2754.0833
G0 F9000 X108.849 Y130.911
G1 F1500 X101.383 Y123.445 E2754.43448
G0 F9000 X101.383 Y122.879
G1 F1500 X108.849 Y130.345 E2754.78566
G0 F9000 X108.849 Y129.78
G1 F1500 X101.383 Y122.313 E2755.13686
G0 F9000 X101.383 Y121.748
G1 F1500 X108.849 Y129.214 E2755.48804
G0 F9000 X108.849 Y128.648
G1 F1500 X101.383 Y121.182 E2755.83922
G0 F9000 X101.383 Y120.616
G1 F1500 X108.849 Y128.083 E2756.19042
G0 F9000 X108.849 Y127.517
G1 F1500 X101.383 Y120.051 E2756.54159
G0 F9000 X101.383 Y119.485
G1 F1500 X108.849 Y126.951 E2756.89277
G0 F9000 X108.849 Y126.386
G1 F1500 X101.383 Y118.919 E2757.24397
G0 F9000 X101.383 Y118.354
G1 F1500 X108.849 Y125.82 E2757.59515
G0 F9000 X108.849 Y125.254
G1 F1500 X101.383 Y117.788 E2757.94633
G0 F9000 X101.382 Y117.222
G1 F1500 X108.849 Y124.689 E2758.29755
G0 F9000 X108.849 Y124.123
G1 F1500 X101.382 Y116.656 E2758.64878
G0 F9000 X101.382 Y116.09
G1 F1500 X108.849 Y123.557 E2759
G0 F9000 X108.849 Y122.992
G1 F1500 X101.382 Y115.524 E2759.35125
G0 F9000 X101.382 Y114.959
G1 F1500 X108.849 Y122.426 E2759.70248
G0 F9000 X108.849 Y121.86
G1 F1500 X101.382 Y114.393 E2760.0537
G0 F9000 X101.382 Y113.827
G1 F1500 X108.849 Y121.294 E2760.40493
G0 F9000 X108.849 Y120.729
G1 F1500 X101.382 Y113.262 E2760.75615
G0 F9000 X101.382 Y112.696
G1 F1500 X108.849 Y120.163 E2761.10738
G0 F9000 X108.849 Y119.597
G1 F1500 X101.382 Y112.13 E2761.4586
G0 F9000 X101.382 Y111.565
G1 F1500 X108.849 Y119.032 E2761.80982
G0 F9000 X108.849 Y118.466
G1 F1500 X101.382 Y110.999 E2762.16105
G0 F9000 X101.382 Y110.433
G1 F1500 X108.849 Y117.9 E2762.51227
G0 F9000 X108.849 Y117.335
G1 F1500 X101.382 Y109.868 E2762.8635
G0 F9000 X101.382 Y109.302
G1 F1500 X108.849 Y116.769 E2763.21472
G0 F9000 X108.849 Y116.203
G1 F1500 X101.382 Y108.736 E2763.56595
G0 F9000 X101.382 Y108.171
G1 F1500 X108.849 Y115.638 E2763.91717
G0 F9000 X108.849 Y115.072
G1 F1500 X101.382 Y107.605 E2764.2684
G0 F9000 X101.382 Y107.039
G1 F1500 X108.849 Y114.506 E2764.61962
G0 F9000 X108.849 Y113.941
G1 F1500 X101.382 Y106.474 E2764.97085
G0 F9000 X101.382 Y105.908
G1 F1500 X108.849 Y113.375 E2765.32207
G0 F9000 X108.849 Y112.809
G1 F1500 X101.382 Y105.342 E2765.6733
G0 F9000 X101.382 Y104.776
G1 F1500 X108.849 Y112.244 E2766.02455
G0 F9000 X108.849 Y111.678
G1 F1500 X101.382 Y104.211 E2766.37577
G0 F9000 X101.382 Y103.645
G1 F1500 X108.849 Y111.112 E2766.727
G0 F9000 X108.849 Y110.546
G1 F1500 X101.382 Y103.079 E2767.07822
G0 F9000 X101.382 Y102.514
G1 F1500 X108.849 Y109.981 E2767.42945
G0 F9000 X108.849 Y109.415
G1 F1500 X101.382 Y101.948 E2767.78067
G0 F9000 X101.382 Y101.382
G1 F1500 X108.849 Y108.849 E2768.13189
G0 F9000 X108.849 Y108.284
G1 F1500 X101.382 Y100.817 E2768.48312
G0 F9000 X101.382 Y100.251
G1 F1500 X108.849 Y107.718 E2768.83434
G0 F9000 X108.849 Y107.152
G1 F1500 X101.382 Y99.685 E2769.18557
G0 F9000 X101.382 Y99.12
G1 F1500 X108.849 Y106.587 E2769.53679
G0 F9000 X108.849 Y106.021
G1 F1500 X101.382 Y98.554 E2769.88802
G0 F9000 X101.382 Y97.988
G1 F1500 X108.849 Y105.455 E2770.23924
G0 F9000 X108.849 Y104.89
G1 F1500 X101.382 Y97.423 E2770.59047
G0 F9000 X101.382 Y96.857
G1 F1500 X108.849 Y104.324 E2770.94169
G0 F9000 X108.849 Y103.758
G1 F1500 X101.382 Y96.291 E2771.29292
G0 F9000 X101.382 Y95.725
G1 F1500 X108.849 Y103.193 E2771.64417
G0 F9000 X108.849 Y102.627
G1 F1500 X101.382 Y95.16 E2771.99539
G0 F9000 X101.382 Y94.594
G1 F1500 X108.849 Y102.061 E2772.34662
G0 F9000 X108.849 Y101.495
G1 F1500 X101.382 Y94.028 E2772.69784
G0 F9000 X101.382 Y93.463
G1 F1500 X108.849 Y100.93 E2773.04907
G0 F9000 X108.849 Y100.364
G1 F1500 X101.382 Y92.897 E2773.40029
G0 F9000 X101.382 Y92.331
G1 F1500 X108.849 Y99.798 E2773.75151
G0 F9000 X108.849 Y99.233
G1 F1500 X101.382 Y91.766 E2774.10274
G0 F9000 X101.382 Y91.2
G1 F1500 X108.849 Y98.667 E2774.45396
G0 F9000 X108.849 Y98.101
G1 F1500 X101.382 Y90.634 E2774.80519
G0 F9000 X101.382 Y90.069
G1 F1500 X108.849 Y97.536 E2775.15641
G0 F9000 X108.849 Y96.97
G1 F1500 X101.382 Y89.503 E2775.50764
G0 F9000 X101.382 Y88.937
G1 F1500 X108.849 Y96.404 E2775.85886
G0 F9000 X108.849 Y95.839
G1 F1500 X101.382 Y88.372 E2776.21009
G0 F9000 X100.861 Y87.85
G1 F1500 X98.661 Y85.65 E2776.31357
G0 F9000 X99.226 Y85.65
G1 F1500 X108.849 Y95.273 E2776.76621
G0 F9000 X108.849 Y94.707
G1 F1500 X99.792 Y85.65 E2777.19222
G0 F9000 X100.358 Y85.65
G1 F1500 X108.849 Y94.142 E2777.59163
G0 F9000 X108.849 Y93.576
G1 F1500 X100.923 Y85.65 E2777.96445
G0 F9000 X101.489 Y85.65
G1 F1500 X108.849 Y93.01 E2778.31064
G0 F9000 X108.849 Y92.445
G1 F1500 X102.055 Y85.65 E2778.63023
G0 F9000 X102.62 Y85.65
G1 F1500 X108.849 Y91.879 E2778.92323
G0 F9000 X108.849 Y91.313
G1 F1500 X103.186 Y85.65 E2779.1896
G0 F9000 X103.752 Y85.65
G1 F1500 X108.849 Y90.747 E2779.42934
G0 F9000 X108.849 Y90.182
G1 F1500 X104.318 Y85.65 E2779.64249
G0 F9000 X104.883 Y85.65
G1 F1500 X108.849 Y89.616 E2779.82904
G0 F9000 X108.849 Y89.05
G1 F1500 X105.449 Y85.65 E2779.98896
G0 F9000 X106.015 Y85.65
G1 F1500 X108.849 Y88.485 E2780.12229
G0 F9000 X108.849 Y87.919
G1 F1500 X106.58 Y85.65 E2780.22902
G0 F9000 X107.146 Y85.65
G1 F1500 X108.849 Y87.353 E2780.30912
G0 F9000 X108.849 Y86.788
G1 F1500 X107.712 Y85.65 E2780.36263
G0 F9000 X108.277 Y85.65
G1 F1500 X108.849 Y86.222 E2780.38953
G0 F9000 X109.29 Y86.222
G0 X109.218 Y85.282
G0 X93.782 Y85.282
G0 X93.782 Y88.218
G0 X100.295 Y88.29
G0 X100.295 Y87.85
G1 F1500 X98.095 Y85.65 E2780.49301
G0 F9000 X97.529 Y85.65
G1 F1500 X99.729 Y87.85 E2780.59649
G0 F9000 X99.163 Y87.85
G1 F1500 X96.964 Y85.65 E2780.69995
G0 F9000 X96.398 Y85.65
G1 F1500 X98.598 Y87.85 E2780.80343
G0 F9000 X98.032 Y87.85
G1 F1500 X95.832 Y85.65 E2780.90691
G0 F9000 X95.267 Y85.65
G1 F1500 X97.466 Y87.85 E2781.01037
G0 F9000 X96.901 Y87.85
G1 F1500 X94.701 Y85.65 E2781.11385
G0 F9000 X94.149 Y85.663
G1 F1500 X96.335 Y87.85 E2781.2167
G0 F9000 X95.769 Y87.85
G1 F1500 X94.149 Y86.229 E2781.29292
G0 F9000 X94.149 Y86.795
G1 F1500 X95.204 Y87.85 E2781.34255
G0 F9000 X94.638 Y87.85
G1 F1500 X94.149 Y87.36 E2781.36557
G0 F9000 X93.71 Y87.36
G0 X93.651 Y88.56
G0 X93.72 Y88.629
;TYPE:SKIN
G1 F1500 X93.582 Y88.773 E2781.37248
G1 X93.582 Y143.928 E2783.28417
G1 X93.582 Y146.19 E2783.36257
G1 X93.46 Y146.351 E2783.36958
G0 F9000 X93.466 Y146.265
;MESH:NONMESH
G0 F300 X93.466 Y146.265 Z5.6
G0 F9000 X100.634 Y146.6
;TIME_ELAPSED:3908.117936
;LAYER:27
;TYPE:WALL-INNER
;MESH:esp32-s3-mount.obj
G1 F1500 X100.634 Y88.4 E2785.30532
G1 X93.6 Y88.4 E2785.53927
G1 X93.6 Y85.1 E2785.64903
G1 X109.4 Y85.1 E2786.17454
G1 X109.4 Y149.9 E2788.32979
G1 X93.6 Y149.9 E2788.8553
G1 X93.6 Y146.6 E2788.96506
G1 X100.634 Y146.6 E2789.19901
G0 F9000 X100.234 Y146.2
;TYPE:WALL-OUTER
G1 F1500 X100.234 Y88.8 E2791.10815
G1 X93.766 Y88.8 E2791.32327
G1 X93.766 Y146.2 E2793.2324
G1 X100.234 Y146.2 E2793.44753
G1 F2700 E2788.44753
G0 F9000 X100.434 Y146.2
G0 X100.816 Y146.782
G0 X93.782 Y146.782
G0 X93.782 Y149.718
G0 X109.63 Y150.13
G1 F2700 E2793.44753
G0 F9000 X109.8 Y150.3
G1 F1500 X93.2 Y150.3 E2793.99965
G1 X93.2 Y84.7 E2796.18151
G1 X109.8 Y84.7 E2796.73363
G1 X109.8 Y150.3 E2798.9155
G0 F9000 X109.63 Y150.13
G0 X109.29 Y149.51
G0 X109.01 Y149.51
;TYPE:SKIN
G1 F1500 X93.99 Y149.51 E2799.41506
G1 X93.99 Y146.99 E2799.49888
G1 X101.024 Y146.99 E2799.73283
G1 X101.024 Y88.01 E2801.69451
G1 X93.99 Y88.01 E2801.92847
G1 X93.99 Y85.49 E2802.01228
G1 X109.01 Y85.49 E2802.51185
G1 X109.01 Y149.51 E2804.64116
G0 F9000 X108.603 Y149.349
G1 F1500 X108.849 Y149.103 E2804.65273
G0 F9000 X108.849 Y148.537
G1 F1500 X108.037 Y149.349 E2804.69093
G0 F9000 X107.471 Y149.349
G1 F1500 X108.849 Y147.971 E2804.75574
G0 F9000 X108.849 Y147.406
G1 F1500 X106.906 Y149.349 E2804.84714
G0 F9000 X106.34 Y149.349
G1 F1500 X108.849 Y146.84 E2804.96515
G0 F9000 X108.849 Y146.274
G1 F1500 X105.774 Y149.349 E2805.10979
G0 F9000 X105.209 Y149.349
G1 F1500 X108.849 Y145.709 E2805.28101
G0 F9000 X108.849 Y145.143
G1 F1500 X104.643 Y149.349 E2805.47884
G0 F9000 X104.077 Y149.349
G1 F1500 X108.849 Y144.577 E2805.7033
G0 F9000 X108.849 Y144.012
G1 F1500 X103.511 Y149.349 E2805.95436
G0 F9000 X102.946 Y149.349
G1 F1500 X108.849 Y143.446 E2806.23202
G0 F9000 X108.849 Y142.88
G1 F1500 X102.38 Y149.349 E2806.5363
G0 F9000 X101.814 Y149.349
G1 F1500 X108.849 Y142.315 E2806.86719
G0 F9000 X108.849 Y141.749
G1 F1500 X101.249 Y149.349 E2807.22467
G0 F9000 X100.683 Y149.349
G1 F1500 X108.849 Y141.183 E2807.60877
G0 F9000 X108.849 Y140.618
G1 F1500 X100.117 Y149.349 E2808.01947
G0 F9000 X99.552 Y149.349
G1 F1500 X108.849 Y140.052 E2808.45677
G0 F9000 X108.849 Y139.486
G1 F1500 X98.986 Y149.349 E2808.9207
G0 F9000 X98.42 Y149.349
G1 F1500 X100.621 Y147.148 E2809.02423
G0 F9000 X100.055 Y147.148
G1 F1500 X97.855 Y149.349 E2809.12773
G0 F9000 X97.289 Y149.349
G1 F1500 X99.489 Y147.148 E2809.23124
G0 F9000 X98.924 Y147.148
G1 F1500 X96.723 Y149.349 E2809.33477
G0 F9000 X96.158 Y149.349
G1 F1500 X98.358 Y147.148 E2809.43827
G0 F9000 X97.792 Y147.148
G1 F1500 X95.592 Y149.349 E2809.54178
G0 F9000 X95.026 Y149.349
G1 F1500 X97.227 Y147.148 E2809.6453
G0 F9000 X96.661 Y147.148
G1 F1500 X94.46 Y149.349 E2809.74883
G0 F9000 X94.149 Y149.094
G1 F1500 X96.095 Y147.148 E2809.84037
G0 F9000 X95.53 Y147.148
G1 F1500 X94.149 Y148.529 E2809.90532
G0 F9000 X94.149 Y147.963
G1 F1500 X94.964 Y147.148 E2809.94366
G0 F9000 X94.398 Y147.148
G1 F1500 X94.149 Y147.397 E2809.95537
G0 F9000 X93.71 Y147.397
G0 X93.782 Y146.782
G0 X100.744 Y146.586
G0 X101.184 Y146.586
G1 F1500 X108.849 Y138.921 E2810.31591
G0 F9000 X108.849 Y138.355
G1 F1500 X101.184 Y146.02 E2810.67645
G0 F9000 X101.184 Y145.454
G1 F1500 X108.849 Y137.789 E2811.03699
G0 F9000 X108.849 Y137.223
G1 F1500 X101.184 Y144.889 E2811.39755
G0 F9000 X101.184 Y144.323
G1 F1500 X108.849 Y136.658 E2811.75809
G0 F9000 X108.849 Y136.092
G1 F1500 X101.184 Y143.757 E2812.11862
G0 F9000 X101.184 Y143.191
G1 F1500 X108.849 Y135.526 E2812.47916
G0 F9000 X108.849 Y134.961
G1 F1500 X101.184 Y142.626 E2812.8397
G0 F9000 X101.184 Y142.06
G1 F1500 X108.849 Y134.395 E2813.20024
G0 F9000 X108.849 Y133.829
G1 F1500 X101.184 Y141.494 E2813.56078
G0 F9000 X101.184 Y140.929
G1 F1500 X108.849 Y133.264 E2813.92131
G0 F9000 X108.849 Y132.698
G1 F1500 X101.184 Y140.363 E2814.28185
G0 F9000 X101.184 Y139.797
G1 F1500 X108.849 Y132.132 E2814.64239
G0 F9000 X108.849 Y131.567
G1 F1500 X101.184 Y139.232 E2815.00293
G0 F9000 X101.184 Y138.666
G1 F1500 X108.849 Y131.001 E2815.36347
G0 F9000 X108.849 Y130.435
G1 F1500 X101.184 Y138.1 E2815.724
G0 F9000 X101.184 Y137.535
G1 F1500 X108.849 Y129.87 E2816.08454
G0 F9000 X108.849 Y129.304
G1 F1500 X101.184 Y136.969 E2816.44508
G0 F9000 X101.184 Y136.403
G1 F1500 X108.849 Y128.738 E2816.80562
G0 F9000 X108.849 Y128.173
G1 F1500 X101.184 Y135.838 E2817.16616
G0 F9000 X101.184 Y135.272
G1 F1500 X108.849 Y127.607 E2817.5267
G0 F9000 X108.849 Y127.041
G1 F1500 X101.184 Y134.706 E2817.88723
G0 F9000 X101.184 Y134.14
G1 F1500 X108.849 Y126.475 E2818.24777
G0 F9000 X108.849 Y125.91
G1 F1500 X101.184 Y133.575 E2818.60831
G0 F9000 X101.184 Y133.009
G1 F1500 X108.849 Y125.344 E2818.96885
G0 F9000 X108.849 Y124.778
G1 F1500 X101.184 Y132.443 E2819.32939
G0 F9000 X101.184 Y131.878
G1 F1500 X108.849 Y124.213 E2819.68992
G0 F9000 X108.849 Y123.647
G1 F1500 X101.184 Y131.312 E2820.05046
G0 F9000 X101.184 Y130.746
G1 F1500 X108.849 Y123.081 E2820.411
G0 F9000 X108.849 Y122.516
G1 F1500 X101.184 Y130.181 E2820.77154
G0 F9000 X101.184 Y129.615
G1 F1500 X108.849 Y121.95 E2821.13208
G0 F9000 X108.849 Y121.384
G1 F1500 X101.184 Y129.049 E2821.49261
G0 F9000 X101.184 Y128.484
G1 F1500 X108.849 Y120.819 E2821.85315
G0 F9000 X108.849 Y120.253
G1 F1500 X101.184 Y127.918 E2822.21369
G0 F9000 X101.184 Y127.352
G1 F1500 X108.849 Y119.687 E2822.57423
G0 F9000 X108.849 Y119.122
G1 F1500 X101.184 Y126.787 E2822.93477
G0 F9000 X101.184 Y126.221
G1 F1500 X108.849 Y118.556 E2823.2953
G0 F9000 X108.849 Y117.99
G1 F1500 X101.184 Y125.655 E2823.65584
G0 F9000 X101.184 Y125.09
G1 F1500 X108.849 Y117.424 E2824.0164
G0 F9000 X108.849 Y116.859
G1 F1500 X101.184 Y124.524 E2824.37694
G0 F9000 X101.184 Y123.958
G1 F1500 X108.849 Y116.293 E2824.73748
G0 F9000 X108.849 Y115.727
G1 F1500 X101.184 Y123.392 E2825.09802
G0 F9000 X101.184 Y122.827
G1 F1500 X108.849 Y115.162 E2825.45856
G0 F9000 X108.849 Y114.596
G1 F1500 X101.184 Y122.261 E2825.81909
G0 F9000 X101.184 Y121.695
G1 F1500 X108.849 Y114.03 E2826.17963
G0 F9000 X108.849 Y113.465
G1 F1500 X101.184 Y121.13 E2826.54017
G0 F9000 X101.184 Y120.564
G1 F1500 X108.849 Y112.899 E2826.90071
G0 F9000 X108.849 Y112.333
G1 F1500 X101.184 Y119.998 E2827.26125
G0 F9000 X101.184 Y119.433
G1 F1500 X108.849 Y111.768 E2827.62179
G0 F9000 X108.849 Y111.202
G1 F1500 X101.184 Y118.867 E2827.98232
G0 F9000 X101.184 Y118.301
G1 F1500 X108.849 Y110.636 E2828.34286
G0 F9000 X108.849 Y110.071
G1 F1500 X101.184 Y117.736 E2828.7034
G0 F9000 X101.184 Y117.17
G1 F1500 X108.849 Y109.505 E2829.06394
G0 F9000 X108.849 Y108.939
G1 F1500 X101.184 Y116.604 E2829.42448
G0 F9000 X101.184 Y116.039
G1 F1500 X108.849 Y108.374 E2829.78501
G0 F9000 X108.849 Y107.808
G1 F1500 X101.184 Y115.473 E2830.14555
G0 F9000 X101.184 Y114.907
G1 F1500 X108.849 Y107.242 E2830.50609
G0 F9000 X108.849 Y106.676
G1 F1500 X101.184 Y114.341 E2830.86663
G0 F9000 X101.184 Y113.776
G1 F1500 X108.849 Y106.111 E2831.22717
G0 F9000 X108.849 Y105.545
G1 F1500 X101.184 Y113.21 E2831.5877
G0 F9000 X101.184 Y112.644
G1 F1500 X108.849 Y104.979 E2831.94824
G0 F9000 X108.849 Y104.414
G1 F1500 X101.184 Y112.079 E2832.30878
G0 F9000 X101.184 Y111.513
G1 F1500 X108.849 Y103.848 E2832.66932
G0 F9000 X108.849 Y103.282
G1 F1500 X101.184 Y110.947 E2833.02986
G0 F9000 X101.184 Y110.382
G1 F1500 X108.849 Y102.717 E2833.3904
G0 F9000 X108.849 Y102.151
G1 F1500 X101.184 Y109.816 E2833.75093
G0 F9000 X101.184 Y109.25
G1 F1500 X108.849 Y101.585 E2834.11147
G0 F9000 X108.849 Y101.02
G1 F1500 X101.184 Y108.685 E2834.47201
G0 F9000 X101.184 Y108.119
G1 F1500 X108.849 Y100.454 E2834.83255
G0 F9000 X108.849 Y99.888
G1 F1500 X101.184 Y107.553 E2835.19309
G0 F9000 X101.184 Y106.988
G1 F1500 X108.849 Y99.323 E2835.55362
G0 F9000 X108.849 Y98.757
G1 F1500 X101.184 Y106.422 E2835.91416
G0 F9000 X101.184 Y105.856
G1 F1500 X108.849 Y98.191 E2836.2747
G0 F9000 X108.849 Y97.625
G1 F1500 X101.184 Y105.291 E2836.63526
G0 F9000 X101.184 Y104.725
G1 F1500 X108.849 Y97.06 E2836.9958
G0 F9000 X108.849 Y96.494
G1 F1500 X101.184 Y104.159 E2837.35634
G0 F9000 X101.184 Y103.593
G1 F1500 X108.849 Y95.928 E2837.71688
G0 F9000 X108.849 Y95.363
G1 F1500 X101.184 Y103.028 E2838.07741
G0 F9000 X101.184 Y102.462
G1 F1500 X108.849 Y94.797 E2838.43795
G0 F9000 X108.849 Y94.231
G1 F1500 X101.184 Y101.896 E2838.79849
G0 F9000 X101.184 Y101.331
G1 F1500 X108.849 Y93.666 E2839.15903
G0 F9000 X108.849 Y93.1
G1 F1500 X101.184 Y100.765 E2839.51957
G0 F9000 X101.184 Y100.199
G1 F1500 X108.849 Y92.534 E2839.8801
G0 F9000 X108.849 Y91.969
G1 F1500 X101.184 Y99.634 E2840.24064
G0 F9000 X101.184 Y99.068
G1 F1500 X108.849 Y91.403 E2840.60118
G0 F9000 X108.849 Y90.837
G1 F1500 X101.184 Y98.502 E2840.96172
G0 F9000 X101.184 Y97.937
G1 F1500 X108.849 Y90.272 E2841.32226
G0 F9000 X108.849 Y89.706
G1 F1500 X101.184 Y97.371 E2841.68279
G0 F9000 X101.184 Y96.805
G1 F1500 X108.849 Y89.14 E2842.04333
G0 F9000 X108.849 Y88.575
G1 F1500 X101.184 Y96.24 E2842.40387
G0 F9000 X101.184 Y95.674
G1 F1500 X108.849 Y88.009 E2842.76441
G0 F9000 X108.849 Y87.443
G1 F1500 X101.184 Y95.108 E2843.12495
G0 F9000 X101.184 Y94.543
G1 F1500 X108.849 Y86.877 E2843.48551
G0 F9000 X108.849 Y86.312
G1 F1500 X101.184 Y93.977 E2843.84605
G0 F9000 X101.184 Y93.411
G1 F1500 X108.849 Y85.746 E2844.20659
G0 F9000 X108.38 Y85.649
G1 F1500 X101.184 Y92.845 E2844.54506
G0 F9000 X101.184 Y92.28
G1 F1500 X107.814 Y85.649 E2844.85694
G0 F9000 X107.249 Y85.649
G1 F1500 X101.184 Y91.714 E2845.14222
G0 F9000 X101.184 Y91.148
G1 F1500 X106.683 Y85.649 E2845.40088
G0 F9000 X106.117 Y85.649
G1 F1500 X101.184 Y90.583 E2845.63293
G0 F9000 X101.184 Y90.017
G1 F1500 X105.551 Y85.649 E2845.83837
G0 F9000 X104.986 Y85.649
G1 F1500 X101.184 Y89.451 E2846.0172
G0 F9000 X101.184 Y88.886
G1 F1500 X104.42 Y85.649 E2846.16944
G0 F9000 X103.854 Y85.649
G1 F1500 X101.184 Y88.32 E2846.29505
G0 F9000 X101.088 Y87.85
G1 F1500 X103.289 Y85.649 E2846.39858
G0 F9000 X102.723 Y85.649
G1 F1500 X100.523 Y87.85 E2846.50208
G0 F9000 X99.957 Y87.85
G1 F1500 X102.157 Y85.649 E2846.60559
G0 F9000 X101.592 Y85.649
G1 F1500 X99.391 Y87.85 E2846.70911
G0 F9000 X98.825 Y87.85
G1 F1500 X101.026 Y85.649 E2846.81264
G0 F9000 X100.46 Y85.649
G1 F1500 X98.26 Y87.85 E2846.91615
G0 F9000 X97.694 Y87.85
G1 F1500 X99.895 Y85.649 E2847.01968
G0 F9000 X99.329 Y85.649
G1 F1500 X97.128 Y87.85 E2847.1232
G0 F9000 X96.563 Y87.85
G1 F1500 X98.763 Y85.649 E2847.22671
G0 F9000 X98.198 Y85.649
G1 F1500 X95.997 Y87.85 E2847.33024
G0 F9000 X95.431 Y87.85
G1 F1500 X97.632 Y85.649 E2847.43377
G0 F9000 X97.066 Y85.649
G1 F1500 X94.866 Y87.85 E2847.53727
G0 F9000 X94.3 Y87.85
G1 F1500 X96.5 Y85.649 E2847.64078
G0 F9000 X95.935 Y85.649
G1 F1500 X94.149 Y87.435 E2847.72478
G0 F9000 X94.149 Y86.87
G1 F1500 X95.369 Y85.649 E2847.78219
G0 F9000 X94.803 Y85.649
G1 F1500 X94.149 Y86.304 E2847.81298
G0 F9000 X94.149 Y85.738
G1 F1500 X94.238 Y85.649 E2847.81716
G0 F9000 X94.238 Y85.21
G0 X93.782 Y85.282
G0 X93.59 Y88.56
G0 X93.482 Y88.667
;TYPE:SKIN
G1 F1500 X93.482 Y88.95 E2847.82226
G1 X93.482 Y144.105 E2848.81631
G1 X93.5 Y146.349 E2848.85676
G0 F9000 X93.7 Y146.7
;MESH:NONMESH
G0 F300 X93.7 Y146.7 Z5.8
G0 F9000 X100.434 Y146.6
;TIME_ELAPSED:4002.767429
;LAYER:28
;TYPE:WALL-INNER
;MESH:esp32-s3-mount.obj
G1 F1500 X100.434 Y88.4 E2850.7925
G1 X93.6 Y88.4 E2851.0198
G1 X93.6 Y85.1 E2851.12956
G1 X109.4 Y85.1 E2851.65507
G1 X109.4 Y149.9 E2853.81032
G1 X93.6 Y149.9 E2854.33583
G1 X93.6 Y146.6 E2854.44559
G1 X100.434 Y146.6 E2854.67289
G0 F9000 X100.034 Y146.2
;TYPE:WALL-OUTER
G1 F1500 X100.034 Y88.8 E2856.58202
G1 X93.566 Y88.8 E2856.79715
G1 X93.566 Y146.2 E2858.70628
G1 X100.034 Y146.2 E2858.92141
G1 F2700 E2853.92141
G0 F9000 X100.234 Y146.2
G0 X100.616 Y146.782
G0 X93.782 Y146.782
G0 X93.782 Y149.718
G0 X109.63 Y150.13
G1 F2700 E2858.92141
G0 F9000 X109.8 Y150.3
G1 F1500 X93.2 Y150.3 E2859.47353
G1 X93.2 Y84.7 E2861.65539
G1 X109.8 Y84.7 E2862.20751
G1 X109.8 Y150.3 E2864.38937
G0 F9000 X109.63 Y150.13
G0 X109.29 Y149.51
G0 X109.01 Y149.51
;TYPE:SKIN
G1 F1500 X93.99 Y149.51 E2864.88894
G1 X93.99 Y146.99 E2864.97276
G1 X100.824 Y146.99 E2865.20006
G1 X100.824 Y88.01 E2867.16174
G1 X93.99 Y88.01 E2867.38904
G1 X93.99 Y85.49 E2867.47285
G1 X109.01 Y85.49 E2867.97242
G1 X109.01 Y149.51 E2870.10174
G0 F9000 X109.29 Y149.51
G0 X94.477 Y149.79
G0 X94.477 Y149.348
G1 F1500 X94.149 Y149.021 E2870.11714
G0 F9000 X94.149 Y148.455
G1 F1500 X95.042 Y149.348 E2870.15914
G0 F9000 X95.608 Y149.348
G1 F1500 X94.149 Y147.889 E2870.22777
G0 F9000 X94.149 Y147.324
G1 F1500 X96.174 Y149.348 E2870.323
G0 F9000 X96.739 Y149.348
G1 F1500 X94.54 Y147.149 E2870.42643
G0 F9000 X95.106 Y147.149
G1 F1500 X97.305 Y149.348 E2870.52987
G0 F9000 X97.871 Y149.348
G1 F1500 X95.672 Y147.149 E2870.6333
G0 F9000 X96.237 Y147.149
G1 F1500 X98.437 Y149.348 E2870.73676
G0 F9000 X99.002 Y149.348
G1 F1500 X96.803 Y147.149 E2870.84019
G0 F9000 X97.369 Y147.149
G1 F1500 X99.568 Y149.348 E2870.94363
G0 F9000 X100.134 Y149.348
G1 F1500 X97.934 Y147.149 E2871.04708
G0 F9000 X98.5 Y147.149
G1 F1500 X100.699 Y149.348 E2871.15052
G0 F9000 X101.265 Y149.348
G1 F1500 X99.066 Y147.149 E2871.25395
G0 F9000 X99.632 Y147.149
G1 F1500 X101.831 Y149.348 E2871.35739
G0 F9000 X102.396 Y149.348
G1 F1500 X100.197 Y147.149 E2871.46082
G0 F9000 X100.763 Y147.149
G1 F1500 X102.962 Y149.348 E2871.56426
G0 F9000 X103.528 Y149.348
G1 F1500 X100.983 Y146.803 E2871.68396
G0 F9000 X100.983 Y146.238
G1 F1500 X104.093 Y149.348 E2871.83025
G0 F9000 X104.659 Y149.348
G1 F1500 X100.983 Y145.672 E2872.00316
G0 F9000 X100.983 Y145.106
G1 F1500 X105.225 Y149.348 E2872.20269
G0 F9000 X105.79 Y149.348
G1 F1500 X100.983 Y144.541 E2872.42879
G0 F9000 X100.983 Y143.975
G1 F1500 X106.356 Y149.348 E2872.68152
G0 F9000 X106.922 Y149.348
G1 F1500 X100.983 Y143.409 E2872.96088
G0 F9000 X100.983 Y142.844
G1 F1500 X107.488 Y149.348 E2873.26683
G0 F9000 X108.053 Y149.348
G1 F1500 X100.983 Y142.278 E2873.59938
G0 F9000 X100.983 Y141.712
G1 F1500 X108.619 Y149.348 E2873.95855
G0 F9000 X108.849 Y149.013
G1 F1500 X100.983 Y141.146 E2874.32857
G0 F9000 X100.983 Y140.581
G1 F1500 X108.849 Y148.447 E2874.69856
G0 F9000 X108.849 Y147.882
G1 F1500 X100.983 Y140.015 E2875.06858
G0 F9000 X100.983 Y139.449
G1 F1500 X108.849 Y147.316 E2875.43859
G0 F9000 X108.849 Y146.75
G1 F1500 X100.983 Y138.884 E2875.80859
G0 F9000 X100.983 Y138.318
G1 F1500 X108.849 Y146.185 E2876.1786
G0 F9000 X108.849 Y145.619
G1 F1500 X100.983 Y137.752 E2876.54862
G0 F9000 X100.983 Y137.187
G1 F1500 X108.849 Y145.053 E2876.91861
G0 F9000 X108.849 Y144.488
G1 F1500 X100.983 Y136.621 E2877.28863
G0 F9000 X100.983 Y136.055
G1 F1500 X108.849 Y143.922 E2877.65864
G0 F9000 X108.849 Y143.356
G1 F1500 X100.983 Y135.49 E2878.02864
G0 F9000 X100.983 Y134.924
G1 F1500 X108.849 Y142.791 E2878.39865
G0 F9000 X108.849 Y142.225
G1 F1500 X100.983 Y134.358 E2878.76867
G0 F9000 X100.983 Y133.793
G1 F1500 X108.849 Y141.659 E2879.13866
G0 F9000 X108.849 Y141.093
G1 F1500 X100.983 Y133.227 E2879.50865
G0 F9000 X100.983 Y132.661
G1 F1500 X108.849 Y140.528 E2879.87867
G0 F9000 X108.849 Y139.962
G1 F1500 X100.983 Y132.096 E2880.24866
G0 F9000 X100.983 Y131.53
G1 F1500 X108.849 Y139.396 E2880.61865
G0 F9000 X108.849 Y138.831
G1 F1500 X100.983 Y130.964 E2880.98867
G0 F9000 X100.983 Y130.398
G1 F1500 X108.849 Y138.265 E2881.35869
G0 F9000 X108.849 Y137.699
G1 F1500 X100.983 Y129.833 E2881.72868
G0 F9000 X100.983 Y129.267
G1 F1500 X108.849 Y137.134 E2882.09869
G0 F9000 X108.849 Y136.568
G1 F1500 X100.983 Y128.701 E2882.46871
G0 F9000 X100.983 Y128.136
G1 F1500 X108.849 Y136.002 E2882.8387
G0 F9000 X108.849 Y135.437
G1 F1500 X100.983 Y127.57 E2883.20872
G0 F9000 X100.983 Y127.004
G1 F1500 X108.849 Y134.871 E2883.57873
G0 F9000 X108.849 Y134.305
G1 F1500 X100.983 Y126.439 E2883.94873
G0 F9000 X100.983 Y125.873
G1 F1500 X108.849 Y133.74 E2884.31874
G0 F9000 X108.849 Y133.174
G1 F1500 X100.983 Y125.307 E2884.68876
G0 F9000 X100.983 Y124.742
G1 F1500 X108.849 Y132.608 E2885.05875
G0 F9000 X108.849 Y132.042
G1 F1500 X100.983 Y124.176 E2885.42874
G0 F9000 X100.983 Y123.61
G1 F1500 X108.849 Y131.477 E2885.79876
G0 F9000 X108.849 Y130.911
G1 F1500 X100.983 Y123.045 E2886.16875
G0 F9000 X100.983 Y122.479
G1 F1500 X108.849 Y130.345 E2886.53875
G0 F9000 X108.849 Y129.78
G1 F1500 X100.983 Y121.913 E2886.90876
G0 F9000 X100.983 Y121.348
G1 F1500 X108.849 Y129.214 E2887.27875
G0 F9000 X108.849 Y128.648
G1 F1500 X100.983 Y120.782 E2887.64875
G0 F9000 X100.983 Y120.216
G1 F1500 X108.849 Y128.083 E2888.01876
G0 F9000 X108.849 Y127.517
G1 F1500 X100.983 Y119.65 E2888.38878
G0 F9000 X100.983 Y119.085
G1 F1500 X108.849 Y126.951 E2888.75877
G0 F9000 X108.849 Y126.386
G1 F1500 X100.983 Y118.519 E2889.12879
G0 F9000 X100.983 Y117.953
G1 F1500 X108.849 Y125.82 E2889.4988
G0 F9000 X108.849 Y125.254
G1 F1500 X100.983 Y117.388 E2889.8688
G0 F9000 X100.983 Y116.822
G1 F1500 X108.849 Y124.689 E2890.23881
G0 F9000 X108.849 Y124.123
G1 F1500 X100.983 Y116.256 E2890.60883
G0 F9000 X100.983 Y115.691
G1 F1500 X108.849 Y123.557 E2890.97882
G0 F9000 X108.849 Y122.992
G1 F1500 X100.983 Y115.125 E2891.34884
G0 F9000 X100.983 Y114.559
G1 F1500 X108.849 Y122.426 E2891.71885
G0 F9000 X108.849 Y121.86
G1 F1500 X100.983 Y113.994 E2892.08885
G0 F9000 X100.983 Y113.428
G1 F1500 X108.849 Y121.294 E2892.45884
G0 F9000 X108.849 Y120.729
G1 F1500 X100.983 Y112.862 E2892.82885
G0 F9000 X100.983 Y112.297
G1 F1500 X108.849 Y120.163 E2893.19885
G0 F9000 X108.849 Y119.597
G1 F1500 X100.983 Y111.731 E2893.56884
G0 F9000 X100.983 Y111.165
G1 F1500 X108.849 Y119.032 E2893.93885
G0 F9000 X108.849 Y118.466
G1 F1500 X100.983 Y110.599 E2894.30887
G0 F9000 X100.983 Y110.034
G1 F1500 X108.849 Y117.9 E2894.67886
G0 F9000 X108.849 Y117.335
G1 F1500 X100.983 Y109.468 E2895.04888
G0 F9000 X100.983 Y108.902
G1 F1500 X108.849 Y116.769 E2895.4189
G0 F9000 X108.849 Y116.203
G1 F1500 X100.983 Y108.337 E2895.78889
G0 F9000 X100.983 Y107.771
G1 F1500 X108.849 Y115.638 E2896.1589
G0 F9000 X108.849 Y115.072
G1 F1500 X100.983 Y107.205 E2896.52892
G0 F9000 X100.983 Y106.64
G1 F1500 X108.849 Y114.506 E2896.89891
G0 F9000 X108.849 Y113.941
G1 F1500 X100.983 Y106.074 E2897.26893
G0 F9000 X100.983 Y105.508
G1 F1500 X108.849 Y113.375 E2897.63894
G0 F9000 X108.849 Y112.809
G1 F1500 X100.983 Y104.943 E2898.00894
G0 F9000 X100.983 Y104.377
G1 F1500 X108.849 Y112.244 E2898.37895
G0 F9000 X108.849 Y111.678
G1 F1500 X100.983 Y103.811 E2898.74897
G0 F9000 X100.983 Y103.246
G1 F1500 X108.849 Y111.112 E2899.11896
G0 F9000 X108.849 Y110.546
G1 F1500 X100.983 Y102.68 E2899.48895
G0 F9000 X100.983 Y102.114
G1 F1500 X108.849 Y109.981 E2899.85897
G0 F9000 X108.849 Y109.415
G1 F1500 X100.983 Y101.549 E2900.22896
G0 F9000 X100.983 Y100.983
G1 F1500 X108.849 Y108.849 E2900.59896
G0 F9000 X108.849 Y108.284
G1 F1500 X100.983 Y100.417 E2900.96897
G0 F9000 X100.983 Y99.851
G1 F1500 X108.849 Y107.718 E2901.33899
G0 F9000 X108.849 Y107.152
G1 F1500 X100.983 Y99.286 E2901.70898
G0 F9000 X100.983 Y98.72
G1 F1500 X108.849 Y106.587 E2902.079
G0 F9000 X108.849 Y106.021
G1 F1500 X100.983 Y98.154 E2902.44901
G0 F9000 X100.983 Y97.589
G1 F1500 X108.849 Y105.455 E2902.819
G0 F9000 X108.849 Y104.89
G1 F1500 X100.983 Y97.023 E2903.18902
G0 F9000 X100.983 Y96.457
G1 F1500 X108.849 Y104.324 E2903.55904
G0 F9000 X108.849 Y103.758
G1 F1500 X100.983 Y95.892 E2903.92903
G0 F9000 X100.983 Y95.326
G1 F1500 X108.849 Y103.193 E2904.29905
G0 F9000 X108.849 Y102.627
G1 F1500 X100.983 Y94.76 E2904.66906
G0 F9000 X100.983 Y94.195
G1 F1500 X108.849 Y102.061 E2905.03905
G0 F9000 X108.849 Y101.495
G1 F1500 X100.983 Y93.629 E2905.40905
G0 F9000 X100.983 Y93.063
G1 F1500 X108.849 Y100.93 E2905.77906
G0 F9000 X108.849 Y100.364
G1 F1500 X100.983 Y92.498 E2906.14905
G0 F9000 X100.983 Y91.932
G1 F1500 X108.849 Y99.798 E2906.51905
G0 F9000 X108.849 Y99.233
G1 F1500 X100.983 Y91.366 E2906.88906
G0 F9000 X100.983 Y90.8
G1 F1500 X108.849 Y98.667 E2907.25908
G0 F9000 X108.849 Y98.101
G1 F1500 X100.983 Y90.235 E2907.62907
G0 F9000 X100.983 Y89.669
G1 F1500 X108.849 Y97.536 E2907.99909
G0 F9000 X108.849 Y96.97
G1 F1500 X100.983 Y89.103 E2908.3691
G0 F9000 X100.983 Y88.538
G1 F1500 X108.849 Y96.404 E2908.7391
G0 F9000 X108.849 Y95.839
G1 F1500 X100.983 Y87.972 E2909.10911
G1 X100.86 Y87.849
G1 X98.661 Y85.65 E2909.21255
G0 F9000 X99.226 Y85.65
G1 F1500 X108.849 Y95.273 E2909.66518
G0 F9000 X108.849 Y94.707
G1 F1500 X99.792 Y85.65 E2910.0912
G0 F9000 X100.358 Y85.65
G1 F1500 X108.849 Y94.142 E2910.49061
G0 F9000 X108.849 Y93.576
G1 F1500 X100.923 Y85.65 E2910.86343
G0 F9000 X101.489 Y85.65
G1 F1500 X108.849 Y93.01 E2911.20962
G0 F9000 X108.849 Y92.445
G1 F1500 X102.055 Y85.65 E2911.52921
G0 F9000 X102.62 Y85.65
G1 F1500 X108.849 Y91.879 E2911.8222
G0 F9000 X108.849 Y91.313
G1 F1500 X103.186 Y85.65 E2912.08857
G0 F9000 X103.752 Y85.65
G1 F1500 X108.849 Y90.747 E2912.32832
G0 F9000 X108.849 Y90.182
G1 F1500 X104.318 Y85.65 E2912.54147
G0 F9000 X104.883 Y85.65
G1 F1500 X108.849 Y89.616 E2912.72802
G0 F9000 X108.849 Y89.05
G1 F1500 X105.449 Y85.65 E2912.88794
G0 F9000 X106.015 Y85.65
G1 F1500 X108.849 Y88.485 E2913.02127
G0 F9000 X108.849 Y87.919
G1 F1500 X106.58 Y85.65 E2913.128
G0 F9000 X107.146 Y85.65
G1 F1500 X108.849 Y87.353 E2913.2081
G0 F9000 X108.849 Y86.788
G1 F1500 X107.712 Y85.65 E2913.2616
G0 F9000 X108.277 Y85.65
G1 F1500 X108.849 Y86.222 E2913.28851
G0 F9000 X109.29 Y86.222
G0 X109.218 Y85.282
G0 X93.782 Y85.282
G0 X93.782 Y88.218
G0 X100.294 Y88.29
G0 X100.294 Y87.849
G1 F1500 X98.095 Y85.65 E2913.39194
G0 F9000 X97.529 Y85.65
G1 F1500 X99.728 Y87.849 E2913.49538
G0 F9000 X99.163 Y87.849
G1 F1500 X96.964 Y85.65 E2913.59881
G0 F9000 X96.398 Y85.65
G1 F1500 X98.597 Y87.849 E2913.70225
G0 F9000 X98.031 Y87.849
G1 F1500 X95.832 Y85.65 E2913.80568
G0 F9000 X95.267 Y85.65
G1 F1500 X97.466 Y87.849 E2913.90911
G0 F9000 X96.9 Y87.849
G1 F1500 X94.701 Y85.65 E2914.01255
G0 F9000 X94.149 Y85.663
G1 F1500 X96.334 Y87.849 E2914.11535
G0 F9000 X95.769 Y87.849
G1 F1500 X94.149 Y86.229 E2914.19155
G0 F9000 X94.149 Y86.795
G1 F1500 X95.203 Y87.849 E2914.24112
G0 F9000 X94.637 Y87.849
G1 F1500 X94.149 Y87.36 E2914.2641
G0 F9000 X93.7 Y87.36
G1 F2700 E2909.2641
;MESH:NONMESH
G0 F300 X93.7 Y87.36 Z6
G0 F9000 X93.842 Y88.66
G0 X100.162 Y88.672
G0 X100.234 Y146.6
;TIME_ELAPSED:4097.657993
;LAYER:29
;TYPE:WALL-INNER
;MESH:esp32-s3-mount.obj
G1 F2700 E2914.2641
G1 F1500 X100.234 Y88.4 E2916.19984
G1 X93.6 Y88.4 E2916.42049
G1 X93.6 Y85.1 E2916.53025
G1 X109.4 Y85.1 E2917.05576
G1 X109.4 Y149.9 E2919.21101
G1 X93.6 Y149.9 E2919.73653
G1 X93.6 Y146.6 E2919.84628
G1 X100.234 Y146.6 E2920.06693
G0 F9000 X99.834 Y146.2
;TYPE:WALL-OUTER
G1 F1500 X99.834 Y88.8 E2921.97606
G1 X93.366 Y88.8 E2922.19119
G1 X93.366 Y146.2 E2924.10032
G1 X99.834 Y146.2 E2924.31545
G1 F2700 E2919.31545
G0 F9000 X100.034 Y146.2
G0 X100.416 Y146.782
G0 X93.782 Y146.782
G0 X93.782 Y149.718
G0 X109.63 Y150.13
G1 F2700 E2924.31545
G0 F9000 X109.8 Y150.3
G1 F1500 X93.2 Y150.3 E2924.86757
G1 X93.2 Y84.7 E2927.04943
G1 X109.8 Y84.7 E2927.60155
G1 X109.8 Y150.3 E2929.78341
G0 F9000 X109.63 Y150.13
G0 X109.29 Y149.51
G0 X109.01 Y149.51
;TYPE:SKIN
G1 F1500 X93.99 Y149.51 E2930.28298
G1 X93.99 Y146.99 E2930.3668
G1 X100.624 Y146.99 E2930.58744
G1 X100.624 Y88.01 E2932.54913
G1 X93.99 Y88.01 E2932.76978
G1 X93.99 Y85.49 E2932.85359
G1 X109.01 Y85.49 E2933.35316
G1 X109.01 Y149.51 E2935.48247
G0 F9000 X108.603 Y149.349
G1 F1500 X108.849 Y149.103 E2935.49404
G0 F9000 X108.849 Y148.537
G1 F1500 X108.037 Y149.349 E2935.53224
G0 F9000 X107.471 Y149.349
G1 F1500 X108.849 Y147.971 E2935.59705
G0 F9000 X108.849 Y147.406
G1 F1500 X106.906 Y149.349 E2935.68845
G0 F9000 X106.34 Y149.349
G1 F1500 X108.849 Y146.84 E2935.80646
G0 F9000 X108.849 Y146.274
G1 F1500 X105.774 Y149.349 E2935.9511
G0 F9000 X105.209 Y149.349
G1 F1500 X108.849 Y145.709 E2936.12232
G0 F9000 X108.849 Y145.143
G1 F1500 X104.643 Y149.349 E2936.32015
G0 F9000 X104.077 Y149.349
G1 F1500 X108.849 Y144.577 E2936.54461
G0 F9000 X108.849 Y144.012
G1 F1500 X103.511 Y149.349 E2936.79567
G0 F9000 X102.946 Y149.349
G1 F1500 X108.849 Y143.446 E2937.07333
G0 F9000 X108.849 Y142.88
G1 F1500 X102.38 Y149.349 E2937.37761
G0 F9000 X101.814 Y149.349
G1 F1500 X108.849 Y142.315 E2937.70849
G0 F9000 X108.849 Y141.749
G1 F1500 X101.249 Y149.349 E2938.06598
G0 F9000 X100.683 Y149.349
G1 F1500 X108.849 Y141.183 E2938.45008
G0 F9000 X108.849 Y140.618
G1 F1500 X100.117 Y149.349 E2938.86078
G0 F9000 X99.552 Y149.349
G1 F1500 X108.849 Y140.052 E2939.29808
G0 F9000 X108.849 Y139.486
G1 F1500 X98.986 Y149.349 E2939.76201
G0 F9000 X98.42 Y149.349
G1 F1500 X100.621 Y147.148 E2939.86554
G0 F9000 X100.783 Y146.986
G1 F1500 X108.849 Y138.921 E2940.24491
G0 F9000 X108.849 Y138.355
G1 F1500 X100.783 Y146.42 E2940.62429
G0 F9000 X100.783 Y145.854
G1 F1500 X108.849 Y137.789 E2941.00367
G0 F9000 X108.849 Y137.223
G1 F1500 X100.783 Y145.289 E2941.38307
G0 F9000 X100.783 Y144.723
G1 F1500 X108.849 Y136.658 E2941.76244
G0 F9000 X108.849 Y136.092
G1 F1500 X100.783 Y144.157 E2942.14182
G0 F9000 X100.783 Y143.592
G1 F1500 X108.849 Y135.526 E2942.52122
G0 F9000 X108.849 Y134.961
G1 F1500 X100.783 Y143.026 E2942.9006
G0 F9000 X100.783 Y142.46
G1 F1500 X108.849 Y134.395 E2943.27997
G0 F9000 X108.849 Y133.829
G1 F1500 X100.783 Y141.895 E2943.65937
G0 F9000 X100.783 Y141.329
G1 F1500 X108.849 Y133.264 E2944.03875
G0 F9000 X108.849 Y132.698
G1 F1500 X100.783 Y140.763 E2944.41813
G0 F9000 X100.783 Y140.198
G1 F1500 X108.849 Y132.132 E2944.79752
G0 F9000 X108.849 Y131.567
G1 F1500 X100.783 Y139.632 E2945.1769
G0 F9000 X100.783 Y139.066
G1 F1500 X108.849 Y131.001 E2945.55628
G0 F9000 X108.849 Y130.435
G1 F1500 X100.783 Y138.501 E2945.93568
G0 F9000 X100.783 Y137.935
G1 F1500 X108.849 Y129.87 E2946.31505
G0 F9000 X108.849 Y129.304
G1 F1500 X100.783 Y137.369 E2946.69443
G0 F9000 X100.783 Y136.803
G1 F1500 X108.849 Y128.738 E2947.07381
G0 F9000 X108.849 Y128.173
G1 F1500 X100.783 Y136.238 E2947.45318
G0 F9000 X100.783 Y135.672
G1 F1500 X108.849 Y127.607 E2947.83256
G0 F9000 X108.849 Y127.041
G1 F1500 X100.783 Y135.106 E2948.21194
G0 F9000 X100.783 Y134.541
G1 F1500 X108.849 Y126.475 E2948.59134
G0 F9000 X108.849 Y125.91
G1 F1500 X100.783 Y133.975 E2948.97071
G0 F9000 X100.783 Y133.409
G1 F1500 X108.849 Y125.344 E2949.35009
G0 F9000 X108.849 Y124.778
G1 F1500 X100.783 Y132.844 E2949.72949
G0 F9000 X100.783 Y132.278
G1 F1500 X108.849 Y124.213 E2950.10887
G0 F9000 X108.849 Y123.647
G1 F1500 X100.783 Y131.712 E2950.48824
G0 F9000 X100.783 Y131.147
G1 F1500 X108.849 Y123.081 E2950.86764
G0 F9000 X108.849 Y122.516
G1 F1500 X100.783 Y130.581 E2951.24702
G0 F9000 X100.783 Y130.015
G1 F1500 X108.849 Y121.95 E2951.62639
G0 F9000 X108.849 Y121.384
G1 F1500 X100.783 Y129.45 E2952.00579
G0 F9000 X100.783 Y128.884
G1 F1500 X108.849 Y120.819 E2952.38517
G0 F9000 X108.849 Y120.253
G1 F1500 X100.783 Y128.318 E2952.76455
G0 F9000 X100.783 Y127.752
G1 F1500 X108.849 Y119.687 E2953.14392
G0 F9000 X108.849 Y119.122
G1 F1500 X100.783 Y127.187 E2953.5233
G0 F9000 X100.783 Y126.621
G1 F1500 X108.849 Y118.556 E2953.90268
G0 F9000 X108.849 Y117.99
G1 F1500 X100.783 Y126.055 E2954.28205
G0 F9000 X100.783 Y125.49
G1 F1500 X108.849 Y117.424 E2954.66145
G0 F9000 X108.849 Y116.859
G1 F1500 X100.783 Y124.924 E2955.04083
G0 F9000 X100.783 Y124.358
G1 F1500 X108.849 Y116.293 E2955.42021
G0 F9000 X108.849 Y115.727
G1 F1500 X100.783 Y123.793 E2955.7996
G0 F9000 X100.783 Y123.227
G1 F1500 X108.849 Y115.162 E2956.17898
G0 F9000 X108.849 Y114.596
G1 F1500 X100.783 Y122.661 E2956.55836
G0 F9000 X100.783 Y122.096
G1 F1500 X108.849 Y114.03 E2956.93776
G0 F9000 X108.849 Y113.465
G1 F1500 X100.783 Y121.53 E2957.31713
G0 F9000 X100.783 Y120.964
G1 F1500 X108.849 Y112.899 E2957.69651
G0 F9000 X108.849 Y112.333
G1 F1500 X100.783 Y120.399 E2958.07591
G0 F9000 X100.783 Y119.833
G1 F1500 X108.849 Y111.768 E2958.45529
G0 F9000 X108.849 Y111.202
G1 F1500 X100.783 Y119.267 E2958.83466
G0 F9000 X100.783 Y118.702
G1 F1500 X108.849 Y110.636 E2959.21406
G0 F9000 X108.849 Y110.071
G1 F1500 X100.783 Y118.136 E2959.59344
G0 F9000 X100.783 Y117.57
G1 F1500 X108.849 Y109.505 E2959.97282
G0 F9000 X108.849 Y108.939
G1 F1500 X100.783 Y117.004 E2960.35219
G0 F9000 X100.783 Y116.439
G1 F1500 X108.849 Y108.374 E2960.73157
G0 F9000 X108.849 Y107.808
G1 F1500 X100.783 Y115.873 E2961.11095
G0 F9000 X100.783 Y115.307
G1 F1500 X108.849 Y107.242 E2961.49032
G0 F9000 X108.849 Y106.676
G1 F1500 X100.783 Y114.742 E2961.86972
G0 F9000 X100.783 Y114.176
G1 F1500 X108.849 Y106.111 E2962.2491
G0 F9000 X108.849 Y105.545
G1 F1500 X100.783 Y113.61 E2962.62847
G0 F9000 X100.783 Y113.045
G1 F1500 X108.849 Y104.979 E2963.00787
G0 F9000 X108.849 Y104.414
G1 F1500 X100.783 Y112.479 E2963.38725
G0 F9000 X100.783 Y111.913
G1 F1500 X108.849 Y103.848 E2963.76663
G0 F9000 X108.849 Y103.282
G1 F1500 X100.783 Y111.348 E2964.14603
G0 F9000 X100.783 Y110.782
G1 F1500 X108.849 Y102.717 E2964.5254
G0 F9000 X108.849 Y102.151
G1 F1500 X100.783 Y110.216 E2964.90478
G0 F9000 X100.783 Y109.651
G1 F1500 X108.849 Y101.585 E2965.28418
G0 F9000 X108.849 Y101.02
G1 F1500 X100.783 Y109.085 E2965.66356
G0 F9000 X100.783 Y108.519
G1 F1500 X108.849 Y100.454 E2966.04293
G0 F9000 X108.849 Y99.888
G1 F1500 X100.783 Y107.953 E2966.42231
G0 F9000 X100.783 Y107.388
G1 F1500 X108.849 Y99.323 E2966.80168
G0 F9000 X108.849 Y98.757
G1 F1500 X100.783 Y106.822 E2967.18106
G0 F9000 X100.783 Y106.256
G1 F1500 X108.849 Y98.191 E2967.56044
G0 F9000 X108.849 Y97.625
G1 F1500 X100.783 Y105.691 E2967.93984
G0 F9000 X100.783 Y105.125
G1 F1500 X108.849 Y97.06 E2968.31921
G0 F9000 X108.849 Y96.494
G1 F1500 X100.783 Y104.559 E2968.69859
G0 F9000 X100.783 Y103.994
G1 F1500 X108.849 Y95.928 E2969.07799
G0 F9000 X108.849 Y95.363
G1 F1500 X100.783 Y103.428 E2969.45737
G0 F9000 X100.783 Y102.862
G1 F1500 X108.849 Y94.797 E2969.83674
G0 F9000 X108.849 Y94.231
G1 F1500 X100.783 Y102.297 E2970.21614
G0 F9000 X100.783 Y101.731
G1 F1500 X108.849 Y93.666 E2970.59552
G0 F9000 X108.849 Y93.1
G1 F1500 X100.783 Y101.165 E2970.9749
G0 F9000 X100.783 Y100.6
G1 F1500 X108.849 Y92.534 E2971.3543
G0 F9000 X108.849 Y91.969
G1 F1500 X100.783 Y100.034 E2971.73367
G0 F9000 X100.783 Y99.468
G1 F1500 X108.849 Y91.403 E2972.11305
G0 F9000 X108.849 Y90.837
G1 F1500 X100.783 Y98.903 E2972.49245
G0 F9000 X100.783 Y98.337
G1 F1500 X108.849 Y90.272 E2972.87182
G0 F9000 X108.849 Y89.706
G1 F1500 X100.783 Y97.771 E2973.2512
G0 F9000 X100.783 Y97.205
G1 F1500 X108.849 Y89.14 E2973.63058
G0 F9000 X108.849 Y88.575
G1 F1500 X100.783 Y96.64 E2974.00995
G0 F9000 X100.783 Y96.074
G1 F1500 X108.849 Y88.009 E2974.38933
G0 F9000 X108.849 Y87.443
G1 F1500 X100.783 Y95.508 E2974.76871
G0 F9000 X100.783 Y94.943
G1 F1500 X108.849 Y86.877 E2975.14811
G0 F9000 X108.849 Y86.312
G1 F1500 X100.783 Y94.377 E2975.52748
G0 F9000 X100.783 Y93.811
G1 F1500 X108.849 Y85.746 E2975.90686
G0 F9000 X108.38 Y85.649
G1 F1500 X100.783 Y93.246 E2976.2642
G0 F9000 X100.783 Y92.68
G1 F1500 X107.814 Y85.649 E2976.59492
G0 F9000 X107.249 Y85.649
G1 F1500 X100.783 Y92.114 E2976.89903
G0 F9000 X100.783 Y91.549
G1 F1500 X106.683 Y85.649 E2977.17655
G0 F9000 X106.117 Y85.649
G1 F1500 X100.783 Y90.983 E2977.42745
G0 F9000 X100.783 Y90.417
G1 F1500 X105.551 Y85.649 E2977.65172
G0 F9000 X104.986 Y85.649
G1 F1500 X100.783 Y89.852 E2977.84941
G0 F9000 X100.783 Y89.286
G1 F1500 X104.42 Y85.649 E2978.02049
G0 F9000 X103.854 Y85.649
G1 F1500 X100.783 Y88.72 E2978.16494
G0 F9000 X100.783 Y88.155
G1 F1500 X103.289 Y85.649 E2978.28281
G0 F9000 X102.723 Y85.649
G1 F1500 X100.523 Y87.85 E2978.38632
G0 F9000 X99.957 Y87.85
G1 F1500 X102.157 Y85.649 E2978.48982
G0 F9000 X101.592 Y85.649
G1 F1500 X99.391 Y87.85 E2978.59335
G0 F9000 X98.825 Y87.85
G1 F1500 X101.026 Y85.649 E2978.69688
G0 F9000 X100.46 Y85.649
G1 F1500 X98.26 Y87.85 E2978.80038
G0 F9000 X97.694 Y87.85
G1 F1500 X99.895 Y85.649 E2978.90391
G0 F9000 X99.329 Y85.649
G1 F1500 X97.128 Y87.85 E2979.00744
G0 F9000 X96.563 Y87.85
G1 F1500 X98.763 Y85.649 E2979.11094
G0 F9000 X98.198 Y85.649
G1 F1500 X95.997 Y87.85 E2979.21447
G0 F9000 X95.431 Y87.85
G1 F1500 X97.632 Y85.649 E2979.318
G0 F9000 X97.066 Y85.649
G1 F1500 X94.866 Y87.85 E2979.42151
G0 F9000 X94.3 Y87.85
G1 F1500 X96.5 Y85.649 E2979.52501
G0 F9000 X95.935 Y85.649
G1 F1500 X94.149 Y87.435 E2979.60902
G0 F9000 X94.149 Y86.87
G1 F1500 X95.369 Y85.649 E2979.66643
G0 F9000 X94.803 Y85.649
G1 F1500 X94.149 Y86.304 E2979.69721
G0 F9000 X94.149 Y85.738
G1 F1500 X94.238 Y85.649 E2979.7014
G1 F2700 E2974.7014
G0 F9000 X94.238 Y85.21
G0 X93.782 Y85.282
G0 X93.538 Y88.672
G0 X93.538 Y146.328
G0 X94.398 Y146.71
G1 F2700 E2979.7014
G0 F9000 X94.398 Y147.148
G1 F1500 X94.149 Y147.397 E2979.71311
G0 F9000 X94.149 Y147.963
G1 F1500 X94.964 Y147.148 E2979.75145
G0 F9000 X95.53 Y147.148
G1 F1500 X94.149 Y148.529 E2979.8164
G0 F9000 X94.149 Y149.094
G1 F1500 X96.095 Y147.148 E2979.90794
G0 F9000 X96.661 Y147.148
G1 F1500 X94.46 Y149.349 E2980.01147
G0 F9000 X95.026 Y149.349
G1 F1500 X97.227 Y147.148 E2980.115
G0 F9000 X97.792 Y147.148
G1 F1500 X95.592 Y149.349 E2980.2185
G0 F9000 X96.158 Y149.349
G1 F1500 X98.358 Y147.148 E2980.322
G0 F9000 X98.924 Y147.148
G1 F1500 X96.723 Y149.349 E2980.42553
G0 F9000 X97.289 Y149.349
G1 F1500 X99.489 Y147.148 E2980.52904
G0 F9000 X100.055 Y147.148
G1 F1500 X97.855 Y149.349 E2980.63254
G0 F9000 X97.855 Y149.8
;TIME_ELAPSED:4192.846669
G1 F2700 E2975.63254
M140 S0
M107
G91 ;Relative positioning
G1 E-2 F2700 ;Retract a bit
G1 E-2 Z0.2 F2400 ;Retract and raise Z
G1 X5 Y5 F3000 ;Wipe out
G1 Z10 ;Raise Z more
G90 ;Absolute positioning

G1 X0 Y235 ;Present print
M106 S0 ;Turn-off fan
M104 S0 ;Turn-off hotend
M140 S0 ;Turn-off bed

M84 X Y E ;Disable all steppers but Z

M82 ;absolute extrusion mode
M104 S0
;End of Gcode
;SETTING_3 {"global_quality": "[general]\\nversion = 4\\nname = Standard Quality
;SETTING_3  #2\\ndefinition = creality_ender3\\n\\n[metadata]\\ntype = quality_c
;SETTING_3 hanges\\nquality_type = standard\\nsetting_version = 19\\n\\n[values]
;SETTING_3 \\nadhesion_type = none\\nsupport_enable = True\\nsupport_type = ever
;SETTING_3 ywhere\\n\\n", "extruder_quality": ["[general]\\nversion = 4\\nname =
;SETTING_3  Standard Quality #2\\ndefinition = creality_ender3\\n\\n[metadata]\\
;SETTING_3 ntype = quality_changes\\nquality_type = standard\\nsetting_version =
;SETTING_3  19\\nposition = 0\\n\\n[values]\\nsupport_angle = 65.0\\n\\n"]}
