;FLAVOR:Marlin
;TIME:2875
;Filament used: 1.69014m
;Layer height: 0.2
;MINX:112.2
;MINY:97.2
;MINZ:0.2
;MAXX:122.8
;MAXY:137.8
;MAXZ:34.2
;Generated with Cura_SteamEngine master
M140 S50
M105
M190 S50
M104 S200
M105
M109 S200
M82 ;absolute extrusion mode
; Ender 3 Custom Start G-code
G92 E0 ; Reset Extruder
G28 ; Home all axes
G1 Z2.0 F3000 ; Move Z Axis up little to prevent scratching of Heat Bed
G1 X0.1 Y20 Z0.3 F5000.0 ; Move to start position
G1 X0.1 Y200.0 Z0.3 F1500.0 E15 ; Draw the first line
G1 X0.4 Y200.0 Z0.3 F5000.0 ; Move to side a little
G1 X0.4 Y20 Z0.3 F1500.0 E30 ; Draw the second line
G92 E0 ; Reset Extruder
G1 Z2.0 F3000 ; Move Z Axis up little to prevent scratching of Heat Bed
G1 X5 Y20 Z0.3 F5000.0 ; Move over to prevent blob squish
G92 E0
G92 E0
G1 F2700 E-5
;LAYER_COUNT:171
;LAYER:0
M107
;MESH:screenholder-mount.obj
G0 F6000 X114.544 Y136.404 Z0.2
;TYPE:WALL-INNER
G1 F2700 E0
G1 F1200 X122.4 Y136.404 E0.26129
G1 X122.4 Y137.4 E0.29442
G1 X112.6 Y137.4 E0.62037
G1 X112.6 Y97.6 E1.94412
G1 X122.4 Y97.6 E2.27007
G1 X122.4 Y98.596 E2.3032
G1 X114.544 Y98.596 E2.56449
G1 X114.544 Y136.404 E3.82199
G0 F6000 X114.944 Y136.004
;TYPE:WALL-OUTER
G1 F1200 X122.8 Y136.004 E4.08328
G1 X122.8 Y137.8 E4.14302
G1 X112.2 Y137.8 E4.49557
G1 X112.2 Y97.2 E5.84593
G1 X122.8 Y97.2 E6.19849
G1 X122.8 Y98.996 E6.25823
G1 X114.944 Y98.996 E6.51952
G1 X114.944 Y136.004 E7.75041
G0 F6000 X114.644 Y136.004
G0 X114.404 Y136.544
G0 X114.154 Y136.794
;TYPE:SKIN
G1 F1200 X122.01 Y136.794 E8.0117
G1 X122.01 Y137.01 E8.01889
G1 X112.99 Y137.01 E8.31889
G1 X112.99 Y97.99 E9.6167
G1 X122.01 Y97.99 E9.91671
G1 X122.01 Y98.206 E9.92389
G1 X114.154 Y98.206 E10.18518
G1 X114.154 Y136.794 E11.46863
G0 F6000 X113.656 Y136.849
G1 F1200 X113.149 Y136.342 E11.49247
G0 F6000 X113.149 Y135.776
G1 F1200 X113.994 Y136.621 E11.53222
G0 F6000 X113.994 Y136.055
G1 F1200 X113.149 Y135.21 E11.57197
G0 F6000 X113.149 Y134.645
G1 F1200 X113.994 Y135.49 E11.61171
G0 F6000 X113.994 Y134.924
G1 F1200 X113.149 Y134.079 E11.65146
G0 F6000 X113.149 Y133.513
G1 F1200 X113.994 Y134.358 E11.69121
G0 F6000 X113.994 Y133.793
G1 F1200 X113.149 Y132.948 E11.73095
G0 F6000 X113.149 Y132.382
G1 F1200 X113.994 Y133.227 E11.7707
G0 F6000 X113.994 Y132.661
G1 F1200 X113.149 Y131.816 E11.81044
G0 F6000 X113.149 Y131.251
G1 F1200 X113.994 Y132.096 E11.85019
G0 F6000 X113.994 Y131.53
G1 F1200 X113.149 Y130.685 E11.88994
G0 F6000 X113.149 Y130.119
G1 F1200 X113.994 Y130.964 E11.92968
G0 F6000 X113.994 Y130.398
G1 F1200 X113.149 Y129.553 E11.96943
G0 F6000 X113.149 Y128.988
G1 F1200 X113.994 Y129.833 E12.00918
G0 F6000 X113.994 Y129.267
G1 F1200 X113.149 Y128.422 E12.04892
G0 F6000 X113.149 Y127.856
G1 F1200 X113.994 Y128.701 E12.08867
G0 F6000 X113.994 Y128.136
G1 F1200 X113.149 Y127.291 E12.12841
G0 F6000 X113.149 Y126.725
G1 F1200 X113.994 Y127.57 E12.16816
G0 F6000 X113.994 Y127.004
G1 F1200 X113.149 Y126.159 E12.20791
G0 F6000 X113.149 Y125.594
G1 F1200 X113.994 Y126.439 E12.24765
G0 F6000 X113.994 Y125.873
G1 F1200 X113.149 Y125.028 E12.2874
G0 F6000 X113.149 Y124.462
G1 F1200 X113.994 Y125.307 E12.32714
G0 F6000 X113.994 Y124.742
G1 F1200 X113.149 Y123.897 E12.36689
G0 F6000 X113.149 Y123.331
G1 F1200 X113.994 Y124.176 E12.40664
G0 F6000 X113.994 Y123.61
G1 F1200 X113.149 Y122.765 E12.44638
G0 F6000 X113.149 Y122.2
G1 F1200 X113.994 Y123.045 E12.48613
G0 F6000 X113.994 Y122.479
G1 F1200 X113.149 Y121.634 E12.52588
G0 F6000 X113.149 Y121.068
G1 F1200 X113.994 Y121.913 E12.56562
G0 F6000 X113.994 Y121.348
G1 F1200 X113.149 Y120.503 E12.60537
G0 F6000 X113.149 Y119.937
G1 F1200 X113.994 Y120.782 E12.64511
G0 F6000 X113.994 Y120.216
G1 F1200 X113.149 Y119.371 E12.68486
G0 F6000 X113.149 Y118.805
G1 F1200 X113.994 Y119.65 E12.72461
G0 F6000 X113.994 Y119.085
G1 F1200 X113.149 Y118.24 E12.76435
G0 F6000 X113.149 Y117.674
G1 F1200 X113.994 Y118.519 E12.8041
G0 F6000 X113.994 Y117.953
G1 F1200 X113.149 Y117.108 E12.84385
G0 F6000 X113.149 Y116.543
G1 F1200 X113.994 Y117.388 E12.88359
G0 F6000 X113.994 Y116.822
G1 F1200 X113.149 Y115.977 E12.92334
G0 F6000 X113.149 Y115.411
G1 F1200 X113.994 Y116.256 E12.96308
G0 F6000 X113.994 Y115.691
G1 F1200 X113.149 Y114.846 E13.00283
G0 F6000 X113.149 Y114.28
G1 F1200 X113.994 Y115.125 E13.04258
G0 F6000 X113.994 Y114.559
G1 F1200 X113.149 Y113.714 E13.08232
G0 F6000 X113.149 Y113.149
G1 F1200 X113.994 Y113.994 E13.12207
G0 F6000 X113.994 Y113.428
G1 F1200 X113.149 Y112.583 E13.16182
G0 F6000 X113.149 Y112.017
G1 F1200 X113.994 Y112.862 E13.20156
G0 F6000 X113.994 Y112.297
G1 F1200 X113.149 Y111.452 E13.24131
G0 F6000 X113.149 Y110.886
G1 F1200 X113.994 Y111.731 E13.28105
G0 F6000 X113.994 Y111.165
G1 F1200 X113.149 Y110.32 E13.3208
G0 F6000 X113.149 Y109.754
G1 F1200 X113.994 Y110.599 E13.36055
G0 F6000 X113.994 Y110.034
G1 F1200 X113.149 Y109.189 E13.40029
G0 F6000 X113.149 Y108.623
G1 F1200 X113.994 Y109.468 E13.44004
G0 F6000 X113.994 Y108.902
G1 F1200 X113.149 Y108.057 E13.47978
G0 F6000 X113.149 Y107.492
G1 F1200 X113.994 Y108.337 E13.51953
G0 F6000 X113.994 Y107.771
G1 F1200 X113.149 Y106.926 E13.55928
G0 F6000 X113.149 Y106.36
G1 F1200 X113.994 Y107.205 E13.59902
G0 F6000 X113.994 Y106.64
G1 F1200 X113.149 Y105.795 E13.63877
G0 F6000 X113.149 Y105.229
G1 F1200 X113.994 Y106.074 E13.67852
G0 F6000 X113.994 Y105.508
G1 F1200 X113.149 Y104.663 E13.71826
G0 F6000 X113.149 Y104.098
G1 F1200 X113.994 Y104.943 E13.75801
G0 F6000 X113.994 Y104.377
G1 F1200 X113.149 Y103.532 E13.79775
G0 F6000 X113.149 Y102.966
G1 F1200 X113.994 Y103.811 E13.8375
G0 F6000 X113.994 Y103.246
G1 F1200 X113.149 Y102.401 E13.87725
G0 F6000 X113.149 Y101.835
G1 F1200 X113.994 Y102.68 E13.91699
G0 F6000 X113.994 Y102.114
G1 F1200 X113.149 Y101.269 E13.95674
G0 F6000 X113.149 Y100.704
G1 F1200 X113.994 Y101.549 E13.99649
G0 F6000 X113.994 Y100.983
G1 F1200 X113.149 Y100.138 E14.03623
G0 F6000 X113.149 Y99.572
G1 F1200 X113.994 Y100.417 E14.07598
G0 F6000 X113.994 Y99.851
G1 F1200 X113.149 Y99.006 E14.11572
G0 F6000 X113.149 Y98.441
G1 F1200 X113.994 Y99.286 E14.15547
G0 F6000 X113.994 Y98.72
G1 F1200 X113.423 Y98.149 E14.18233
G0 F6000 X113.423 Y97.8
G1 F2700 E9.18233
;MESH:NONMESH
G0 F300 X113.423 Y97.8 Z0.4
G0 F6000 X113.423 Y97.71
G0 X122.218 Y97.782
G0 X122.218 Y98.414
G0 X114.362 Y98.414
G0 X114.544 Y136.404
;TIME_ELAPSED:32.518329
;LAYER:1
M106 S85
;TYPE:WALL-INNER
;MESH:screenholder-mount.obj
G1 F2700 E14.18233
G1 F1350 X122.4 Y136.404 E14.44362
G1 X122.4 Y137.4 E14.47675
G1 X112.6 Y137.4 E14.8027
G1 X112.6 Y97.6 E16.12645
G1 X122.4 Y97.6 E16.4524
G1 X122.4 Y98.596 E16.48553
G1 X114.544 Y98.596 E16.74682
G1 X114.544 Y136.404 E18.00432
G0 F7500 X114.944 Y136.004
;TYPE:WALL-OUTER
G1 F1350 X122.8 Y136.004 E18.26561
G1 X122.8 Y137.8 E18.32534
G1 X112.2 Y137.8 E18.6779
G1 X112.2 Y97.2 E20.02826
G1 X122.8 Y97.2 E20.38082
G1 X122.8 Y98.996 E20.44056
G1 X114.944 Y98.996 E20.70185
G1 X114.944 Y136.004 E21.93274
G0 F7500 X114.644 Y136.004
G0 X114.404 Y136.544
G0 X114.154 Y136.794
;TYPE:SKIN
G1 F1350 X122.01 Y136.794 E22.19403
G1 X122.01 Y137.01 E22.20121
G1 X112.99 Y137.01 E22.50122
G1 X112.99 Y97.99 E23.79903
G1 X122.01 Y97.99 E24.09904
G1 X122.01 Y98.206 E24.10622
G1 X114.154 Y98.206 E24.36751
G1 X114.154 Y136.794 E25.65096
G0 F7500 X113.749 Y136.849
G1 F1350 X113.993 Y136.605 E25.66243
G0 F7500 X113.993 Y136.039
G1 F1350 X113.183 Y136.849 E25.70053
G0 F7500 X113.149 Y136.317
G1 F1350 X113.993 Y135.473 E25.74023
G0 F7500 X113.993 Y134.908
G1 F1350 X113.149 Y135.751 E25.77991
G0 F7500 X113.149 Y135.186
G1 F1350 X113.993 Y134.342 E25.81961
G0 F7500 X113.993 Y133.776
G1 F1350 X113.149 Y134.62 E25.85931
G0 F7500 X113.149 Y134.054
G1 F1350 X113.993 Y133.211 E25.89898
G0 F7500 X113.993 Y132.645
G1 F1350 X113.149 Y133.489 E25.93868
G0 F7500 X113.149 Y132.923
G1 F1350 X113.993 Y132.079 E25.97838
G0 F7500 X113.993 Y131.514
G1 F1350 X113.149 Y132.357 E26.01806
G0 F7500 X113.149 Y131.791
G1 F1350 X113.993 Y130.948 E26.05773
G0 F7500 X113.993 Y130.382
G1 F1350 X113.149 Y131.226 E26.09743
G0 F7500 X113.149 Y130.66
G1 F1350 X113.993 Y129.817 E26.13711
G0 F7500 X113.993 Y129.251
G1 F1350 X113.149 Y130.094 E26.17678
G0 F7500 X113.149 Y129.529
G1 F1350 X113.993 Y128.685 E26.21648
G0 F7500 X113.993 Y128.119
G1 F1350 X113.149 Y128.963 E26.25618
G0 F7500 X113.149 Y128.397
G1 F1350 X113.993 Y127.554 E26.29586
G0 F7500 X113.993 Y126.988
G1 F1350 X113.149 Y127.832 E26.33555
G0 F7500 X113.149 Y127.266
G1 F1350 X113.993 Y126.422 E26.37525
G0 F7500 X113.993 Y125.857
G1 F1350 X113.149 Y126.7 E26.41493
G0 F7500 X113.149 Y126.135
G1 F1350 X113.993 Y125.291 E26.45463
G0 F7500 X113.993 Y124.725
G1 F1350 X113.149 Y125.569 E26.49433
G0 F7500 X113.149 Y125.003
G1 F1350 X113.993 Y124.16 E26.534
G0 F7500 X113.993 Y123.594
G1 F1350 X113.149 Y124.438 E26.5737
G0 F7500 X113.149 Y123.872
G1 F1350 X113.993 Y123.028 E26.6134
G0 F7500 X113.993 Y122.463
G1 F1350 X113.149 Y123.306 E26.65308
G0 F7500 X113.149 Y122.741
G1 F1350 X113.993 Y121.897 E26.69278
G0 F7500 X113.993 Y121.331
G1 F1350 X113.149 Y122.175 E26.73248
G0 F7500 X113.149 Y121.609
G1 F1350 X113.993 Y120.766 E26.77215
G0 F7500 X113.993 Y120.2
G1 F1350 X113.149 Y121.043 E26.81183
G0 F7500 X113.149 Y120.478
G1 F1350 X113.993 Y119.634 E26.85153
G0 F7500 X113.993 Y119.069
G1 F1350 X113.149 Y119.912 E26.8912
G0 F7500 X113.149 Y119.346
G1 F1350 X113.993 Y118.503 E26.93088
G0 F7500 X113.993 Y117.937
G1 F1350 X113.149 Y118.781 E26.97058
G0 F7500 X113.149 Y118.215
G1 F1350 X113.993 Y117.371 E27.01028
G0 F7500 X113.993 Y116.806
G1 F1350 X113.149 Y117.649 E27.04995
G0 F7500 X113.149 Y117.084
G1 F1350 X113.993 Y116.24 E27.08965
G0 F7500 X113.993 Y115.674
G1 F1350 X113.149 Y116.518 E27.12935
G0 F7500 X113.149 Y115.952
G1 F1350 X113.993 Y115.109 E27.16903
G0 F7500 X113.993 Y114.543
G1 F1350 X113.149 Y115.387 E27.20872
G0 F7500 X113.149 Y114.821
G1 F1350 X113.993 Y113.977 E27.24842
G0 F7500 X113.993 Y113.412
G1 F1350 X113.149 Y114.255 E27.2881
G0 F7500 X113.149 Y113.69
G1 F1350 X113.993 Y112.846 E27.3278
G0 F7500 X113.993 Y112.28
G1 F1350 X113.149 Y113.124 E27.3675
G0 F7500 X113.149 Y112.558
G1 F1350 X113.993 Y111.715 E27.40717
G0 F7500 X113.993 Y111.149
G1 F1350 X113.149 Y111.992 E27.44685
G0 F7500 X113.149 Y111.427
G1 F1350 X113.993 Y110.583 E27.48655
G0 F7500 X113.993 Y110.018
G1 F1350 X113.149 Y110.861 E27.52622
G0 F7500 X113.149 Y110.295
G1 F1350 X113.993 Y109.452 E27.5659
G0 F7500 X113.993 Y108.886
G1 F1350 X113.149 Y109.73 E27.6056
G0 F7500 X113.149 Y109.164
G1 F1350 X113.993 Y108.32 E27.6453
G0 F7500 X113.993 Y107.755
G1 F1350 X113.149 Y108.598 E27.68497
G0 F7500 X113.149 Y108.033
G1 F1350 X113.993 Y107.189 E27.72467
G0 F7500 X113.993 Y106.623
G1 F1350 X113.149 Y107.467 E27.76437
G0 F7500 X113.149 Y106.901
G1 F1350 X113.993 Y106.058 E27.80405
G0 F7500 X113.993 Y105.492
G1 F1350 X113.149 Y106.336 E27.84375
G0 F7500 X113.149 Y105.77
G1 F1350 X113.993 Y104.926 E27.88345
G0 F7500 X113.993 Y104.361
G1 F1350 X113.149 Y105.204 E27.92312
G0 F7500 X113.149 Y104.639
G1 F1350 X113.993 Y103.795 E27.96282
G0 F7500 X113.993 Y103.229
G1 F1350 X113.149 Y104.073 E28.00252
G0 F7500 X113.149 Y103.507
G1 F1350 X113.993 Y102.664 E28.0422
G0 F7500 X113.993 Y102.098
G1 F1350 X113.149 Y102.942 E28.08189
G0 F7500 X113.149 Y102.376
G1 F1350 X113.993 Y101.532 E28.12159
G0 F7500 X113.993 Y100.967
G1 F1350 X113.149 Y101.81 E28.16127
G0 F7500 X113.149 Y101.244
G1 F1350 X113.993 Y100.401 E28.20095
G0 F7500 X113.993 Y99.835
G1 F1350 X113.149 Y100.679 E28.24064
G0 F7500 X113.149 Y100.113
G1 F1350 X113.993 Y99.27 E28.28032
G0 F7500 X113.993 Y98.704
G1 F1350 X113.149 Y99.547 E28.32
G0 F7500 X113.149 Y98.982
G1 F1350 X113.982 Y98.149 E28.35918
G0 F7500 X113.416 Y98.149
G1 F1350 X113.149 Y98.416 E28.37174
G0 F7500 X112.8 Y98.416
G1 F2700 E23.37174
;MESH:NONMESH
G0 F300 X112.8 Y98.416 Z0.6
G0 F7500 X112.71 Y98.416
G0 X112.782 Y97.782
G0 X122.218 Y97.782
G0 X122.218 Y98.414
G0 X114.362 Y98.414
G0 X114.544 Y136.404
;TIME_ELAPSED:58.992619
;LAYER:2
M106 S170
;TYPE:WALL-INNER
;MESH:screenholder-mount.obj
G1 F2700 E28.37174
G1 F1500 X122.4 Y136.404 E28.63303
G1 X122.4 Y137.4 E28.66616
G1 X112.6 Y137.4 E28.9921
G1 X112.6 Y97.6 E30.31586
G1 X122.4 Y97.6 E30.64181
G1 X122.4 Y98.596 E30.67493
G1 X114.544 Y98.596 E30.93623
G1 X114.544 Y136.404 E32.19373
G0 F9000 X114.944 Y136.004
;TYPE:WALL-OUTER
G1 F1500 X122.8 Y136.004 E32.45502
G1 X122.8 Y137.8 E32.51475
G1 X112.2 Y137.8 E32.86731
G1 X112.2 Y97.2 E34.21767
G1 X122.8 Y97.2 E34.57023
G1 X122.8 Y98.996 E34.62996
G1 X114.944 Y98.996 E34.89126
G1 X114.944 Y136.004 E36.12215
G0 F9000 X114.644 Y136.004
G0 X114.404 Y136.544
G0 X114.154 Y136.794
;TYPE:SKIN
G1 F1500 X122.01 Y136.794 E36.38344
G1 X122.01 Y137.01 E36.39062
G1 X112.99 Y137.01 E36.69063
G1 X112.99 Y97.99 E37.98844
G1 X122.01 Y97.99 E38.28845
G1 X122.01 Y98.206 E38.29563
G1 X114.154 Y98.206 E38.55692
G1 X114.154 Y136.794 E39.84036
G0 F9000 X113.656 Y136.849
G1 F1500 X113.149 Y136.342 E39.86421
G0 F9000 X113.149 Y135.776
G1 F1500 X113.994 Y136.621 E39.90396
G0 F9000 X113.994 Y136.055
G1 F1500 X113.149 Y135.21 E39.9437
G0 F9000 X113.149 Y134.645
G1 F1500 X113.994 Y135.49 E39.98345
G0 F9000 X113.994 Y134.924
G1 F1500 X113.149 Y134.079 E40.0232
G0 F9000 X113.149 Y133.513
G1 F1500 X113.994 Y134.358 E40.06294
G0 F9000 X113.994 Y133.793
G1 F1500 X113.149 Y132.948 E40.10269
G0 F9000 X113.149 Y132.382
G1 F1500 X113.994 Y133.227 E40.14243
G0 F9000 X113.994 Y132.661
G1 F1500 X113.149 Y131.816 E40.18218
G0 F9000 X113.149 Y131.251
G1 F1500 X113.994 Y132.096 E40.22193
G0 F9000 X113.994 Y131.53
G1 F1500 X113.149 Y130.685 E40.26167
G0 F9000 X113.149 Y130.119
G1 F1500 X113.994 Y130.964 E40.30142
G0 F9000 X113.994 Y130.398
G1 F1500 X113.149 Y129.553 E40.34117
G0 F9000 X113.149 Y128.988
G1 F1500 X113.994 Y129.833 E40.38091
G0 F9000 X113.994 Y129.267
G1 F1500 X113.149 Y128.422 E40.42066
G0 F9000 X113.149 Y127.856
G1 F1500 X113.994 Y128.701 E40.4604
G0 F9000 X113.994 Y128.136
G1 F1500 X113.149 Y127.291 E40.50015
G0 F9000 X113.149 Y126.725
G1 F1500 X113.994 Y127.57 E40.5399
G0 F9000 X113.994 Y127.004
G1 F1500 X113.149 Y126.159 E40.57964
G0 F9000 X113.149 Y125.594
G1 F1500 X113.994 Y126.439 E40.61939
G0 F9000 X113.994 Y125.873
G1 F1500 X113.149 Y125.028 E40.65914
G0 F9000 X113.149 Y124.462
G1 F1500 X113.994 Y125.307 E40.69888
G0 F9000 X113.994 Y124.742
G1 F1500 X113.149 Y123.897 E40.73863
G0 F9000 X113.149 Y123.331
G1 F1500 X113.994 Y124.176 E40.77837
G0 F9000 X113.994 Y123.61
G1 F1500 X113.149 Y122.765 E40.81812
G0 F9000 X113.149 Y122.2
G1 F1500 X113.994 Y123.045 E40.85787
G0 F9000 X113.994 Y122.479
G1 F1500 X113.149 Y121.634 E40.89761
G0 F9000 X113.149 Y121.068
G1 F1500 X113.994 Y121.913 E40.93736
G0 F9000 X113.994 Y121.348
G1 F1500 X113.149 Y120.503 E40.9771
G0 F9000 X113.149 Y119.937
G1 F1500 X113.994 Y120.782 E41.01685
G0 F9000 X113.994 Y120.216
G1 F1500 X113.149 Y119.371 E41.0566
G0 F9000 X113.149 Y118.805
G1 F1500 X113.994 Y119.65 E41.09634
G0 F9000 X113.994 Y119.085
G1 F1500 X113.149 Y118.24 E41.13609
G0 F9000 X113.149 Y117.674
G1 F1500 X113.994 Y118.519 E41.17584
G0 F9000 X113.994 Y117.953
G1 F1500 X113.149 Y117.108 E41.21558
G0 F9000 X113.149 Y116.543
G1 F1500 X113.994 Y117.388 E41.25533
G0 F9000 X113.994 Y116.822
G1 F1500 X113.149 Y115.977 E41.29507
G0 F9000 X113.149 Y115.411
G1 F1500 X113.994 Y116.256 E41.33482
G0 F9000 X113.994 Y115.691
G1 F1500 X113.149 Y114.846 E41.37457
G0 F9000 X113.149 Y114.28
G1 F1500 X113.994 Y115.125 E41.41431
G0 F9000 X113.994 Y114.559
G1 F1500 X113.149 Y113.714 E41.45406
G0 F9000 X113.149 Y113.149
G1 F1500 X113.994 Y113.994 E41.49381
G0 F9000 X113.994 Y113.428
G1 F1500 X113.149 Y112.583 E41.53355
G0 F9000 X113.149 Y112.017
G1 F1500 X113.994 Y112.862 E41.5733
G0 F9000 X113.994 Y112.297
G1 F1500 X113.149 Y111.452 E41.61304
G0 F9000 X113.149 Y110.886
G1 F1500 X113.994 Y111.731 E41.65279
G0 F9000 X113.994 Y111.165
G1 F1500 X113.149 Y110.32 E41.69254
G0 F9000 X113.149 Y109.754
G1 F1500 X113.994 Y110.599 E41.73228
G0 F9000 X113.994 Y110.034
G1 F1500 X113.149 Y109.189 E41.77203
G0 F9000 X113.149 Y108.623
G1 F1500 X113.994 Y109.468 E41.81178
G0 F9000 X113.994 Y108.902
G1 F1500 X113.149 Y108.057 E41.85152
G0 F9000 X113.149 Y107.492
G1 F1500 X113.994 Y108.337 E41.89127
G0 F9000 X113.994 Y107.771
G1 F1500 X113.149 Y106.926 E41.93101
G0 F9000 X113.149 Y106.36
G1 F1500 X113.994 Y107.205 E41.97076
G0 F9000 X113.994 Y106.64
G1 F1500 X113.149 Y105.795 E42.01051
G0 F9000 X113.149 Y105.229
G1 F1500 X113.994 Y106.074 E42.05025
G0 F9000 X113.994 Y105.508
G1 F1500 X113.149 Y104.663 E42.09
G0 F9000 X113.149 Y104.098
G1 F1500 X113.994 Y104.943 E42.12974
G0 F9000 X113.994 Y104.377
G1 F1500 X113.149 Y103.532 E42.16949
G0 F9000 X113.149 Y102.966
G1 F1500 X113.994 Y103.811 E42.20924
G0 F9000 X113.994 Y103.246
G1 F1500 X113.149 Y102.401 E42.24898
G0 F9000 X113.149 Y101.835
G1 F1500 X113.994 Y102.68 E42.28873
G0 F9000 X113.994 Y102.114
G1 F1500 X113.149 Y101.269 E42.32848
G0 F9000 X113.149 Y100.704
G1 F1500 X113.994 Y101.549 E42.36822
G0 F9000 X113.994 Y100.983
G1 F1500 X113.149 Y100.138 E42.40797
G0 F9000 X113.149 Y99.572
G1 F1500 X113.994 Y100.417 E42.44771
G0 F9000 X113.994 Y99.851
G1 F1500 X113.149 Y99.006 E42.48746
G0 F9000 X113.149 Y98.441
G1 F1500 X113.994 Y99.286 E42.52721
G0 F9000 X113.994 Y98.72
G1 F1500 X113.423 Y98.149 E42.55406
G0 F9000 X113.423 Y97.8
G1 F2700 E37.55406
;MESH:NONMESH
G0 F300 X113.423 Y97.8 Z0.8
G0 F9000 X113.423 Y97.71
G0 X122.218 Y97.782
G0 X122.218 Y98.414
G0 X114.362 Y98.414
G0 X114.544 Y136.404
;TIME_ELAPSED:83.887389
;LAYER:3
M106 S255
;TYPE:WALL-INNER
;MESH:screenholder-mount.obj
G1 F2700 E42.55406
G1 F1500 X122.4 Y136.404 E42.81536
G1 X122.4 Y137.4 E42.84848
G1 X112.6 Y137.4 E43.17443
G1 X112.6 Y97.6 E44.49819
G1 X122.4 Y97.6 E44.82414
G1 X122.4 Y98.596 E44.85726
G1 X114.544 Y98.596 E45.11855
G1 X114.544 Y136.404 E46.37605
G0 F9000 X114.944 Y136.004
;TYPE:WALL-OUTER
G1 F1500 X122.8 Y136.004 E46.63735
G1 X122.8 Y137.8 E46.69708
G1 X112.2 Y137.8 E47.04964
G1 X112.2 Y97.2 E48.4
G1 X122.8 Y97.2 E48.75256
G1 X122.8 Y98.996 E48.81229
G1 X114.944 Y98.996 E49.07358
G1 X114.944 Y136.004 E50.30447
G0 F9000 X114.644 Y136.004
G0 X114.404 Y136.544
G0 X114.154 Y136.794
;TYPE:SKIN
G1 F1500 X122.01 Y136.794 E50.56577
G1 X122.01 Y137.01 E50.57295
G1 X112.99 Y137.01 E50.87296
G1 X112.99 Y97.99 E52.17077
G1 X122.01 Y97.99 E52.47077
G1 X122.01 Y98.206 E52.47796
G1 X114.154 Y98.206 E52.73925
G1 X114.154 Y136.794 E54.02269
G0 F9000 X113.749 Y136.849
G1 F1500 X113.993 Y136.605 E54.03417
G0 F9000 X113.993 Y136.039
G1 F1500 X113.183 Y136.849 E54.07227
G0 F9000 X113.149 Y136.317
G1 F1500 X113.993 Y135.473 E54.11197
G0 F9000 X113.993 Y134.908
G1 F1500 X113.149 Y135.751 E54.15164
G0 F9000 X113.149 Y135.186
G1 F1500 X113.993 Y134.342 E54.19134
G0 F9000 X113.993 Y133.776
G1 F1500 X113.149 Y134.62 E54.23104
G0 F9000 X113.149 Y134.054
G1 F1500 X113.993 Y133.211 E54.27072
G0 F9000 X113.993 Y132.645
G1 F1500 X113.149 Y133.489 E54.31042
G0 F9000 X113.149 Y132.923
G1 F1500 X113.993 Y132.079 E54.35012
G0 F9000 X113.993 Y131.514
G1 F1500 X113.149 Y132.357 E54.38979
G0 F9000 X113.149 Y131.791
G1 F1500 X113.993 Y130.948 E54.42947
G0 F9000 X113.993 Y130.382
G1 F1500 X113.149 Y131.226 E54.46917
G0 F9000 X113.149 Y130.66
G1 F1500 X113.993 Y129.817 E54.50884
G0 F9000 X113.993 Y129.251
G1 F1500 X113.149 Y130.094 E54.54852
G0 F9000 X113.149 Y129.529
G1 F1500 X113.993 Y128.685 E54.58822
G0 F9000 X113.993 Y128.119
G1 F1500 X113.149 Y128.963 E54.62792
G0 F9000 X113.149 Y128.397
G1 F1500 X113.993 Y127.554 E54.66759
G0 F9000 X113.993 Y126.988
G1 F1500 X113.149 Y127.832 E54.70729
G0 F9000 X113.149 Y127.266
G1 F1500 X113.993 Y126.422 E54.74699
G0 F9000 X113.993 Y125.857
G1 F1500 X113.149 Y126.7 E54.78667
G0 F9000 X113.149 Y126.135
G1 F1500 X113.993 Y125.291 E54.82636
G0 F9000 X113.993 Y124.725
G1 F1500 X113.149 Y125.569 E54.86606
G0 F9000 X113.149 Y125.003
G1 F1500 X113.993 Y124.16 E54.90574
G0 F9000 X113.993 Y123.594
G1 F1500 X113.149 Y124.438 E54.94544
G0 F9000 X113.149 Y123.872
G1 F1500 X113.993 Y123.028 E54.98514
G0 F9000 X113.993 Y122.463
G1 F1500 X113.149 Y123.306 E55.02481
G0 F9000 X113.149 Y122.741
G1 F1500 X113.993 Y121.897 E55.06451
G0 F9000 X113.993 Y121.331
G1 F1500 X113.149 Y122.175 E55.10421
G0 F9000 X113.149 Y121.609
G1 F1500 X113.993 Y120.766 E55.14389
G0 F9000 X113.993 Y120.2
G1 F1500 X113.149 Y121.043 E55.18356
G0 F9000 X113.149 Y120.478
G1 F1500 X113.993 Y119.634 E55.22326
G0 F9000 X113.993 Y119.069
G1 F1500 X113.149 Y119.912 E55.26294
G0 F9000 X113.149 Y119.346
G1 F1500 X113.993 Y118.503 E55.30261
G0 F9000 X113.993 Y117.937
G1 F1500 X113.149 Y118.781 E55.34231
G0 F9000 X113.149 Y118.215
G1 F1500 X113.993 Y117.371 E55.38201
G0 F9000 X113.993 Y116.806
G1 F1500 X113.149 Y117.649 E55.42169
G0 F9000 X113.149 Y117.084
G1 F1500 X113.993 Y116.24 E55.46139
G0 F9000 X113.993 Y115.674
G1 F1500 X113.149 Y116.518 E55.50109
G0 F9000 X113.149 Y115.952
G1 F1500 X113.993 Y115.109 E55.54076
G0 F9000 X113.993 Y114.543
G1 F1500 X113.149 Y115.387 E55.58046
G0 F9000 X113.149 Y114.821
G1 F1500 X113.993 Y113.977 E55.62016
G0 F9000 X113.993 Y113.412
G1 F1500 X113.149 Y114.255 E55.65984
G0 F9000 X113.149 Y113.69
G1 F1500 X113.993 Y112.846 E55.69953
G0 F9000 X113.993 Y112.28
G1 F1500 X113.149 Y113.124 E55.73923
G0 F9000 X113.149 Y112.558
G1 F1500 X113.993 Y111.715 E55.77891
G0 F9000 X113.993 Y111.149
G1 F1500 X113.149 Y111.992 E55.81859
G0 F9000 X113.149 Y111.427
G1 F1500 X113.993 Y110.583 E55.85828
G0 F9000 X113.993 Y110.018
G1 F1500 X113.149 Y110.861 E55.89796
G0 F9000 X113.149 Y110.295
G1 F1500 X113.993 Y109.452 E55.93764
G0 F9000 X113.993 Y108.886
G1 F1500 X113.149 Y109.73 E55.97734
G0 F9000 X113.149 Y109.164
G1 F1500 X113.993 Y108.32 E56.01703
G0 F9000 X113.993 Y107.755
G1 F1500 X113.149 Y108.598 E56.05671
G0 F9000 X113.149 Y108.033
G1 F1500 X113.993 Y107.189 E56.09641
G0 F9000 X113.993 Y106.623
G1 F1500 X113.149 Y107.467 E56.13611
G0 F9000 X113.149 Y106.901
G1 F1500 X113.993 Y106.058 E56.17578
G0 F9000 X113.993 Y105.492
G1 F1500 X113.149 Y106.336 E56.21548
G0 F9000 X113.149 Y105.77
G1 F1500 X113.993 Y104.926 E56.25518
G0 F9000 X113.993 Y104.361
G1 F1500 X113.149 Y105.204 E56.29486
G0 F9000 X113.149 Y104.639
G1 F1500 X113.993 Y103.795 E56.33456
G0 F9000 X113.993 Y103.229
G1 F1500 X113.149 Y104.073 E56.37426
G0 F9000 X113.149 Y103.507
G1 F1500 X113.993 Y102.664 E56.41393
G0 F9000 X113.993 Y102.098
G1 F1500 X113.149 Y102.942 E56.45363
G0 F9000 X113.149 Y102.376
G1 F1500 X113.993 Y101.532 E56.49333
G0 F9000 X113.993 Y100.967
G1 F1500 X113.149 Y101.81 E56.53301
G0 F9000 X113.149 Y101.244
G1 F1500 X113.993 Y100.401 E56.57268
G0 F9000 X113.993 Y99.835
G1 F1500 X113.149 Y100.679 E56.61238
G0 F9000 X113.149 Y100.113
G1 F1500 X113.993 Y99.27 E56.65206
G0 F9000 X113.993 Y98.704
G1 F1500 X113.149 Y99.547 E56.69173
G0 F9000 X113.149 Y98.982
G1 F1500 X113.982 Y98.149 E56.73091
G0 F9000 X113.416 Y98.149
G1 F1500 X113.149 Y98.416 E56.74347
G0 F9000 X112.8 Y98.416
G1 F2700 E51.74347
;MESH:NONMESH
G0 F300 X112.8 Y98.416 Z1
G0 F9000 X112.71 Y98.416
G0 X112.782 Y97.782
G0 X122.218 Y97.782
G0 X122.218 Y98.414
G0 X114.362 Y98.414
G0 X114.544 Y136.404
;TIME_ELAPSED:108.912580
;LAYER:4
;TYPE:WALL-INNER
;MESH:screenholder-mount.obj
G1 F2700 E56.74347
G1 F1500 X122.4 Y136.404 E57.00476
G1 X122.4 Y137.4 E57.03789
G1 X112.6 Y137.4 E57.36384
G1 X112.6 Y97.6 E58.68759
G1 X122.4 Y97.6 E59.01354
G1 X122.4 Y98.596 E59.04667
G1 X114.544 Y98.596 E59.30796
G1 X114.544 Y136.404 E60.56546
G0 F9000 X114.944 Y136.004
;TYPE:WALL-OUTER
G1 F1500 X122.8 Y136.004 E60.82675
G1 X122.8 Y137.8 E60.88649
G1 X112.2 Y137.8 E61.23905
G1 X112.2 Y97.2 E62.58941
G1 X122.8 Y97.2 E62.94196
G1 X122.8 Y98.996 E63.0017
G1 X114.944 Y98.996 E63.26299
G1 X114.944 Y136.004 E64.49388
G0 F9000 X114.644 Y136.004
G0 X115.808 Y137.319
;TYPE:FILL
G1 F3000 X118.928 Y136.483 E64.60131
G0 F9000 X117.892 Y136.482
G1 F3000 X117.668 Y137.319 E64.63013
G0 F9000 X120.512 Y136.483
G1 F3000 X121.348 Y137.319 E64.66946
G0 F9000 X112.863 Y137.319
G1 F3000 X112.678 Y137.134 E64.67816
G0 F9000 X112.679 Y132.756
G1 F3000 X114.463 Y126.098 E64.90742
G0 F9000 X114.463 Y125.256
G1 F3000 X112.679 Y125.734 E64.96884
G0 F9000 X112.678 Y128.649
G1 F3000 X114.464 Y130.435 E65.05285
G0 F9000 X114.462 Y131.468
G1 F3000 X112.679 Y131.946 E65.11425
G0 F9000 X114.464 Y121.949
G1 F3000 X112.678 Y120.164 E65.19823
G0 F9000 X112.68 Y119.522
G1 F3000 X114.462 Y119.045 E65.25959
G0 F9000 X114.463 Y113.463
G1 F3000 X112.678 Y111.679 E65.34353
G0 F9000 X112.68 Y113.311
G1 F3000 X114.462 Y112.833 E65.40489
G0 F9000 X112.679 Y109.574
G1 F3000 X114.463 Y102.916 E65.63415
G0 F9000 X112.678 Y103.193
G1 F3000 X114.463 Y104.978 E65.71811
G0 F9000 X114.462 Y106.621
G1 F3000 X112.679 Y107.099 E65.77951
G0 F9000 X112.68 Y100.887
G1 F3000 X114.462 Y100.41 E65.84086
G0 F9000 X114.716 Y98.768
G0 X115.642 Y98.515
G1 F3000 X115.866 Y97.678 E65.86968
G0 F9000 X115.65 Y97.679
G1 F3000 X116.486 Y98.516 E65.90903
G0 F9000 X121.534 Y98.515
G1 F3000 X122.319 Y98.305 E65.93606
G0 F9000 X121.854 Y98.516
G1 F3000 X122.078 Y97.678 E65.96491
G0 F9000 X122.078 Y97.8
G1 F2700 E60.96491
;MESH:NONMESH
G0 F300 X122.078 Y97.8 Z1.2
G0 F9000 X114.716 Y98.768
G0 X114.544 Y136.404
;TIME_ELAPSED:124.462080
;LAYER:5
;TYPE:WALL-INNER
;MESH:screenholder-mount.obj
G1 F2700 E65.96491
G1 F1500 X122.4 Y136.404 E66.2262
G1 X122.4 Y137.4 E66.25933
G1 X112.6 Y137.4 E66.58527
G1 X112.6 Y97.6 E67.90903
G1 X122.4 Y97.6 E68.23498
G1 X122.4 Y98.596 E68.2681
G1 X114.544 Y98.596 E68.5294
G1 X114.544 Y136.404 E69.7869
G0 F9000 X114.944 Y136.004
;TYPE:WALL-OUTER
G1 F1500 X122.8 Y136.004 E70.04819
G1 X122.8 Y137.8 E70.10792
G1 X112.2 Y137.8 E70.46048
G1 X112.2 Y97.2 E71.81084
G1 X122.8 Y97.2 E72.1634
G1 X122.8 Y98.996 E72.22313
G1 X114.944 Y98.996 E72.48443
G1 X114.944 Y136.004 E73.71532
G0 F9000 X114.644 Y136.004
G0 X116.353 Y137.319
;TYPE:FILL
G1 F3000 X119.473 Y136.483 E73.82275
G0 F9000 X120.712 Y136.483
G1 F3000 X121.548 Y137.319 E73.86207
G0 F9000 X117.746 Y136.482
G1 F3000 X117.522 Y137.32 E73.89092
G0 F9000 X113.062 Y137.319
G1 F3000 X112.678 Y136.935 E73.90898
G0 F9000 X112.679 Y132.211
G1 F3000 X114.463 Y125.553 E74.13824
G1 X114.462 Y125.402
G1 X112.679 Y125.88 E74.19964
G0 F9000 X112.678 Y128.45
G1 F3000 X114.464 Y130.235 E74.28362
G0 F9000 X114.463 Y131.614
G1 F3000 X112.679 Y132.092 E74.34505
G0 F9000 X114.464 Y121.75
G1 F3000 X112.678 Y119.964 E74.42906
G0 F9000 X112.68 Y119.668
G1 F3000 X114.463 Y119.191 E74.49045
G0 F9000 X114.463 Y113.264
G1 F3000 X112.678 Y111.479 E74.57441
G0 F9000 X112.68 Y113.457
G1 F3000 X114.462 Y112.979 E74.63577
G0 F9000 X112.679 Y109.029
G1 F3000 X114.463 Y102.371 E74.86503
G0 F9000 X114.462 Y100.556
G1 F3000 X112.679 Y101.033 E74.92642
G0 F9000 X112.678 Y102.994
G1 F3000 X114.463 Y104.779 E75.01038
G0 F9000 X114.462 Y106.767
G1 F3000 X112.68 Y107.245 E75.07175
G0 F9000 X114.716 Y98.768
G0 X115.496 Y98.515
G1 F3000 X115.721 Y97.678 E75.10057
G1 X115.849 Y97.679
G1 X116.686 Y98.516 E75.13994
G0 F9000 X121.708 Y98.516
G1 F3000 X121.932 Y97.678 E75.16879
G0 F9000 X122.079 Y98.515
G1 F3000 X122.318 Y98.451 E75.17702
G0 F9000 X122.2 Y98.396
G1 F2700 E70.17702
;MESH:NONMESH
G0 F300 X122.2 Y98.396 Z1.4
G0 F9000 X114.716 Y98.768
G0 X114.544 Y136.404
;TIME_ELAPSED:139.950236
;LAYER:6
;TYPE:WALL-INNER
;MESH:screenholder-mount.obj
G1 F2700 E75.17702
G1 F1500 X122.4 Y136.404 E75.43831
G1 X122.4 Y137.4 E75.47144
G1 X112.6 Y137.4 E75.79739
G1 X112.6 Y97.6 E77.12114
G1 X122.4 Y97.6 E77.44709
G1 X122.4 Y98.596 E77.48022
G1 X114.544 Y98.596 E77.74151
G1 X114.544 Y136.404 E78.99901
G0 F9000 X114.944 Y136.004
;TYPE:WALL-OUTER
G1 F1500 X122.8 Y136.004 E79.2603
G1 X122.8 Y137.8 E79.32004
G1 X112.2 Y137.8 E79.6726
G1 X112.2 Y97.2 E81.02296
G1 X122.8 Y97.2 E81.37551
G1 X122.8 Y98.996 E81.43525
G1 X114.944 Y98.996 E81.69654
G1 X114.944 Y136.004 E82.92743
G0 F9000 X114.644 Y136.004
G0 X113.262 Y137.319
;TYPE:FILL
G1 F3000 X112.678 Y136.736 E82.95488
G0 F9000 X116.898 Y137.319
G1 F3000 X120.018 Y136.483 E83.06231
G0 F9000 X120.911 Y136.483
G1 F3000 X121.747 Y137.319 E83.10163
G0 F9000 X117.6 Y136.482
G1 F3000 X117.376 Y137.32 E83.13048
G0 F9000 X114.716 Y136.232
G0 X114.463 Y131.76
G1 F3000 X112.68 Y132.238 E83.19188
G0 F9000 X112.679 Y131.667
G1 F3000 X114.463 Y125.008 E83.42117
G0 F9000 X114.462 Y125.548
G1 F3000 X112.679 Y126.026 E83.48257
G0 F9000 X112.678 Y128.25
G1 F3000 X114.464 Y130.036 E83.56658
G0 F9000 X114.464 Y121.55
G1 F3000 X112.678 Y119.765 E83.65056
G1 X112.679 Y119.814
G1 X114.462 Y119.337 E83.71195
G0 F9000 X112.68 Y113.603
G1 F3000 X114.462 Y113.125 E83.77331
G1 X114.463 Y113.064
G1 X112.678 Y111.28 E83.85725
G0 F9000 X112.679 Y108.485
G1 F3000 X114.463 Y101.826 E84.08654
G0 F9000 X114.462 Y100.702
G1 F3000 X112.68 Y101.179 E84.1479
G0 F9000 X112.678 Y102.794
G1 F3000 X114.463 Y104.579 E84.23186
G0 F9000 X114.462 Y106.913
G1 F3000 X112.68 Y107.391 E84.29322
G0 F9000 X114.716 Y98.768
G0 X115.35 Y98.515
G1 F3000 X115.575 Y97.678 E84.32205
G0 F9000 X116.048 Y97.679
G1 F3000 X116.885 Y98.516 E84.36142
G0 F9000 X121.562 Y98.515
G1 F3000 X121.786 Y97.678 E84.39024
G0 F9000 X121.786 Y97.8
G1 F2700 E79.39024
;MESH:NONMESH
G0 F300 X121.786 Y97.8 Z1.6
G0 F9000 X114.716 Y98.768
G0 X114.544 Y136.404
;TIME_ELAPSED:155.260277
;LAYER:7
;TYPE:WALL-INNER
;MESH:screenholder-mount.obj
G1 F2700 E84.39024
G1 F1500 X122.4 Y136.404 E84.65153
G1 X122.4 Y137.4 E84.68466
G1 X112.6 Y137.4 E85.01061
G1 X112.6 Y97.6 E86.33436
G1 X122.4 Y97.6 E86.66031
G1 X122.4 Y98.596 E86.69344
G1 X114.544 Y98.596 E86.95473
G1 X114.544 Y136.404 E88.21223
G0 F9000 X114.944 Y136.004
;TYPE:WALL-OUTER
G1 F1500 X122.8 Y136.004 E88.47352
G1 X122.8 Y137.8 E88.53325
G1 X112.2 Y137.8 E88.88581
G1 X112.2 Y97.2 E90.23617
G1 X122.8 Y97.2 E90.58873
G1 X122.8 Y98.996 E90.64847
G1 X114.944 Y98.996 E90.90976
G1 X114.944 Y136.004 E92.14065
G0 F9000 X114.644 Y136.004
G0 X113.463 Y137.319
;TYPE:FILL
G1 F3000 X112.678 Y136.535 E92.17755
G0 F9000 X112.68 Y132.385
G1 F3000 X114.463 Y131.907 E92.23895
G0 F9000 X112.679 Y131.118
G1 F3000 X114.463 Y124.46 E92.4682
G0 F9000 X114.462 Y125.695
G1 F3000 X112.679 Y126.173 E92.5296
G0 F9000 X112.678 Y128.049
G1 F3000 X114.464 Y129.835 E92.61361
G0 F9000 X114.716 Y136.232
G0 X117.453 Y136.482
G1 F3000 X117.229 Y137.32 E92.64246
G0 F9000 X117.446 Y137.319
G1 F3000 X120.566 Y136.483 E92.74989
G0 F9000 X121.112 Y136.483
G1 F3000 X121.948 Y137.319 E92.78921
G0 F9000 X114.716 Y136.232
G0 X114.464 Y121.35
G1 F3000 X112.678 Y119.564 E92.87322
G0 F9000 X112.679 Y119.961
G1 F3000 X114.462 Y119.484 E92.93461
G0 F9000 X112.68 Y113.75
G1 F3000 X114.462 Y113.272 E92.99597
G0 F9000 X114.463 Y112.864
G1 F3000 X112.678 Y111.079 E93.07994
G0 F9000 X112.679 Y107.936
G1 F3000 X114.463 Y101.278 E93.30919
G0 F9000 X114.462 Y100.849
G1 F3000 X112.679 Y101.326 E93.37058
G0 F9000 X112.678 Y102.594
G1 F3000 X114.463 Y104.378 E93.45452
G0 F9000 X114.462 Y107.06
G1 F3000 X112.68 Y107.538 E93.51588
G0 F9000 X114.716 Y98.768
G0 X115.203 Y98.515
G1 F3000 X115.428 Y97.678 E93.54471
G0 F9000 X116.249 Y97.679
G1 F3000 X117.086 Y98.516 E93.58408
G0 F9000 X121.415 Y98.515
G1 F3000 X121.639 Y97.678 E93.6129
G0 F9000 X121.639 Y97.8
G1 F2700 E88.6129
;MESH:NONMESH
G0 F300 X121.639 Y97.8 Z1.8
G0 F9000 X114.716 Y98.768
G0 X114.544 Y136.404
;TIME_ELAPSED:170.866154
;LAYER:8
;TYPE:WALL-INNER
;MESH:screenholder-mount.obj
G1 F2700 E93.6129
G1 F1500 X122.4 Y136.404 E93.87419
G1 X122.4 Y137.4 E93.90732
G1 X112.6 Y137.4 E94.23327
G1 X112.6 Y97.6 E95.55702
G1 X122.4 Y97.6 E95.88297
G1 X122.4 Y98.596 E95.9161
G1 X114.544 Y98.596 E96.17739
G1 X114.544 Y136.404 E97.43489
G0 F9000 X114.944 Y136.004
;TYPE:WALL-OUTER
G1 F1500 X122.8 Y136.004 E97.69618
G1 X122.8 Y137.8 E97.75591
G1 X112.2 Y137.8 E98.10847
G1 X112.2 Y97.2 E99.45883
G1 X122.8 Y97.2 E99.81139
G1 X122.8 Y98.996 E99.87113
G1 X114.944 Y98.996 E100.13242
G1 X114.944 Y136.004 E101.36331
G0 F9000 X114.644 Y136.004
G0 X113.662 Y137.319
;TYPE:FILL
G1 F3000 X112.678 Y136.335 E101.40959
G0 F9000 X112.68 Y132.531
G1 F3000 X114.463 Y132.053 E101.47099
G0 F9000 X112.679 Y130.572
G1 F3000 X114.463 Y123.914 E101.70025
G0 F9000 X114.463 Y125.841
G1 F3000 X112.68 Y126.319 E101.76164
G0 F9000 X112.678 Y127.85
G1 F3000 X114.464 Y129.636 E101.84565
G0 F9000 X114.716 Y136.232
G0 X117.307 Y136.483
G1 F3000 X117.083 Y137.32 E101.87447
G0 F9000 X117.991 Y137.319
G1 F3000 X121.111 Y136.483 E101.9819
G0 F9000 X121.311 Y136.483
G1 F3000 X122.147 Y137.319 E102.02123
G0 F9000 X114.716 Y136.232
G0 X114.464 Y121.15
G1 F3000 X112.678 Y119.365 E102.10521
G0 F9000 X112.679 Y120.107
G1 F3000 X114.462 Y119.63 E102.1666
G0 F9000 X112.679 Y113.896
G1 F3000 X114.463 Y113.418 E102.22803
G0 F9000 X114.463 Y112.664
G1 F3000 X112.678 Y110.88 E102.31197
G0 F9000 X112.68 Y107.684
G1 F3000 X114.462 Y107.206 E102.37333
G0 F9000 X112.679 Y107.391
G1 F3000 X114.463 Y100.733 E102.60259
G0 F9000 X114.462 Y100.995
G1 F3000 X112.68 Y101.472 E102.66394
G0 F9000 X112.678 Y102.394
G1 F3000 X114.463 Y104.179 E102.74791
G0 F9000 X114.716 Y98.768
G0 X115.057 Y98.515
G1 F3000 X115.282 Y97.678 E102.77673
G0 F9000 X116.449 Y97.679
G1 F3000 X117.285 Y98.516 E102.81608
G0 F9000 X121.269 Y98.515
G1 F3000 X121.493 Y97.678 E102.8449
G0 F9000 X121.493 Y97.8
G1 F2700 E97.8449
;MESH:NONMESH
G0 F300 X121.493 Y97.8 Z2
G0 F9000 X114.716 Y98.768
G0 X114.544 Y136.404
;TIME_ELAPSED:186.481872
;LAYER:9
;TYPE:WALL-INNER
;MESH:screenholder-mount.obj
G1 F2700 E102.8449
G1 F1500 X122.4 Y136.404 E103.10619
G1 X122.4 Y137.4 E103.13932
G1 X112.6 Y137.4 E103.46527
G1 X112.6 Y97.6 E104.78902
G1 X122.4 Y97.6 E105.11497
G1 X122.4 Y98.596 E105.14809
G1 X114.544 Y98.596 E105.40939
G1 X114.544 Y136.404 E106.66689
G0 F9000 X114.944 Y136.004
;TYPE:WALL-OUTER
G1 F1500 X122.8 Y136.004 E106.92818
G1 X122.8 Y137.8 E106.98791
G1 X112.2 Y137.8 E107.34047
G1 X112.2 Y97.2 E108.69083
G1 X122.8 Y97.2 E109.04339
G1 X122.8 Y98.996 E109.10312
G1 X114.944 Y98.996 E109.36442
G1 X114.944 Y136.004 E110.59531
G0 F9000 X114.644 Y136.004
G0 X113.863 Y137.319
;TYPE:FILL
G1 F3000 X112.678 Y136.135 E110.65102
G0 F9000 X112.68 Y132.678
G1 F3000 X114.463 Y132.2 E110.71242
G0 F9000 X114.464 Y129.435
G1 F3000 X112.678 Y127.649 E110.79643
G0 F9000 X112.68 Y126.466
G1 F3000 X114.462 Y125.988 E110.85779
G0 F9000 X114.463 Y123.366
G1 F3000 X112.679 Y130.025 E111.08708
G0 F9000 X114.716 Y136.232
G0 X117.16 Y136.482
G1 F3000 X116.936 Y137.32 E111.11593
G0 F9000 X118.54 Y137.319
G1 F3000 X121.66 Y136.483 E111.22336
G1 X121.512 Y136.483
G1 X122.32 Y137.291 E111.26137
G0 F9000 X114.716 Y136.232
G0 X114.464 Y120.949
G1 F3000 X112.678 Y119.164 E111.34535
G0 F9000 X112.679 Y120.254
G1 F3000 X114.462 Y119.777 E111.40674
G0 F9000 X112.68 Y114.043
G1 F3000 X114.463 Y113.565 E111.46814
G0 F9000 X114.463 Y112.463
G1 F3000 X112.678 Y110.679 E111.55208
G0 F9000 X112.68 Y107.831
G1 F3000 X114.462 Y107.353 E111.61344
G0 F9000 X112.679 Y106.843
G1 F3000 X114.463 Y100.185 E111.8427
G0 F9000 X114.462 Y101.142
G1 F3000 X112.68 Y101.619 E111.90406
G0 F9000 X112.678 Y102.193
G1 F3000 X114.463 Y103.978 E111.98802
G0 F9000 X114.716 Y98.768
G0 X114.91 Y98.515
G1 F3000 X115.135 Y97.678 E112.01684
G0 F9000 X116.649 Y97.679
G1 F3000 X117.486 Y98.516 E112.05621
G0 F9000 X121.122 Y98.515
G1 F3000 X121.346 Y97.678 E112.08503
G0 F9000 X121.346 Y97.8
G1 F2700 E107.08503
;MESH:NONMESH
G0 F300 X121.346 Y97.8 Z2.2
G0 F9000 X114.716 Y98.768
G0 X114.544 Y136.404
;TIME_ELAPSED:202.156640
;LAYER:10
;TYPE:WALL-INNER
;MESH:screenholder-mount.obj
G1 F2700 E112.08503
G1 F1500 X122.4 Y136.404 E112.34632
G1 X122.4 Y137.4 E112.37945
G1 X112.6 Y137.4 E112.7054
G1 X112.6 Y97.6 E114.02915
G1 X122.4 Y97.6 E114.3551
G1 X122.4 Y98.596 E114.38823
G1 X114.544 Y98.596 E114.64952
G1 X114.544 Y136.404 E115.90702
G0 F9000 X114.944 Y136.004
;TYPE:WALL-OUTER
G1 F1500 X122.8 Y136.004 E116.16831
G1 X122.8 Y137.8 E116.22805
G1 X112.2 Y137.8 E116.58061
G1 X112.2 Y97.2 E117.93097
G1 X122.8 Y97.2 E118.28352
G1 X122.8 Y98.996 E118.34326
G1 X114.944 Y98.996 E118.60455
G1 X114.944 Y136.004 E119.83544
G0 F9000 X114.644 Y136.004
G0 X114.062 Y137.319
;TYPE:FILL
G1 F3000 X112.678 Y135.935 E119.90054
G0 F9000 X112.679 Y132.824
G1 F3000 X114.462 Y132.346 E119.96194
G0 F9000 X114.464 Y129.235
G1 F3000 X112.678 Y127.45 E120.04592
G0 F9000 X112.68 Y126.612
G1 F3000 X114.463 Y126.134 E120.10732
G0 F9000 X114.463 Y122.821
G1 F3000 X112.679 Y129.479 E120.33658
G0 F9000 X114.716 Y136.232
G0 X117.014 Y136.482
G1 F3000 X116.79 Y137.32 E120.36543
G0 F9000 X119.085 Y137.319
G1 F3000 X122.204 Y136.483 E120.47283
G0 F9000 X121.712 Y136.483
G1 F3000 X122.32 Y137.091 E120.50143
G0 F9000 X114.716 Y136.232
G0 X114.464 Y120.75
G1 F3000 X112.678 Y118.965 E120.58541
G0 F9000 X112.68 Y120.4
G1 F3000 X114.462 Y119.923 E120.64677
G0 F9000 X112.679 Y114.189
G1 F3000 X114.462 Y113.711 E120.70816
G0 F9000 X114.463 Y112.264
G1 F3000 X112.678 Y110.479 E120.79212
G0 F9000 X112.68 Y107.977
G1 F3000 X114.462 Y107.499 E120.85349
G0 F9000 X112.679 Y106.298
G1 F3000 X114.463 Y99.64 E121.08275
G0 F9000 X114.764 Y98.516
G1 F3000 X114.989 Y97.678 E121.11161
G0 F9000 X116.849 Y97.679
G1 F3000 X117.685 Y98.516 E121.15095
G0 F9000 X120.976 Y98.515
G1 F3000 X121.2 Y97.678 E121.17977
G0 F9000 X114.716 Y98.768
G0 X114.462 Y101.288
G1 F3000 X112.68 Y101.765 E121.24113
G0 F9000 X112.678 Y101.994
G1 F3000 X114.463 Y103.779 E121.32509
G0 F9000 X114.344 Y103.779
G1 F2700 E116.32509
;MESH:NONMESH
G0 F300 X114.344 Y103.779 Z2.4
G0 F9000 X114.544 Y136.404
;TIME_ELAPSED:217.766926
;LAYER:11
;TYPE:WALL-INNER
;MESH:screenholder-mount.obj
G1 F2700 E121.32509
G1 F1500 X122.4 Y136.404 E121.58638
G1 X122.4 Y137.4 E121.61951
G1 X112.6 Y137.4 E121.94546
G1 X112.6 Y97.6 E123.26921
G1 X122.4 Y97.6 E123.59516
G1 X122.4 Y98.596 E123.62829
G1 X114.544 Y98.596 E123.88958
G1 X114.544 Y136.404 E125.14708
G0 F9000 X114.944 Y136.004
;TYPE:WALL-OUTER
G1 F1500 X122.8 Y136.004 E125.40837
G1 X122.8 Y137.8 E125.4681
G1 X112.2 Y137.8 E125.82066
G1 X112.2 Y97.2 E127.17102
G1 X122.8 Y97.2 E127.52358
G1 X122.8 Y98.996 E127.58332
G1 X114.944 Y98.996 E127.84461
G1 X114.944 Y136.004 E129.0755
G0 F9000 X114.644 Y136.004
G0 X114.263 Y137.319
;TYPE:FILL
G1 F3000 X112.678 Y135.734 E129.15005
G0 F9000 X112.679 Y132.971
G1 F3000 X114.463 Y132.493 E129.21148
G0 F9000 X114.464 Y129.034
G1 F3000 X112.678 Y127.249 E129.29547
G0 F9000 X112.68 Y126.759
G1 F3000 X114.463 Y126.281 E129.35686
G0 F9000 X112.679 Y128.93
G1 F3000 X114.463 Y122.272 E129.58612
G0 F9000 X114.464 Y120.549
G1 F3000 X112.678 Y118.764 E129.6701
G0 F9000 X112.679 Y120.547
G1 F3000 X114.462 Y120.07 E129.73149
G0 F9000 X112.679 Y114.336
G1 F3000 X114.462 Y113.858 E129.79289
G0 F9000 X114.463 Y112.063
G1 F3000 X112.678 Y110.278 E129.87685
G0 F9000 X112.68 Y108.124
G1 F3000 X114.462 Y107.646 E129.93822
G0 F9000 X112.679 Y105.749
G1 F3000 X114.463 Y99.091 E130.16747
G0 F9000 X114.617 Y98.516
G1 F3000 X114.842 Y97.678 E130.19633
G0 F9000 X117.05 Y97.679
G1 F3000 X117.886 Y98.516 E130.23568
G0 F9000 X120.829 Y98.515
G1 F3000 X121.053 Y97.678 E130.2645
G0 F9000 X114.716 Y98.768
G0 X114.462 Y101.435
G1 F3000 X112.68 Y101.912 E130.32585
G1 X112.678 Y101.793
G1 X114.463 Y103.578 E130.40981
G1 F2700 E125.40981
G0 F9000 X114.716 Y136.232
G0 X116.867 Y136.482
G1 F2700 E130.40981
G1 F3000 X116.643 Y137.32 E130.43866
G0 F9000 X119.634 Y137.319
G1 F3000 X122.319 Y136.599 E130.53112
G0 F9000 X122.32 Y136.89
G1 F3000 X121.912 Y136.483 E130.55029
G0 F9000 X121.912 Y136.604
;MESH:NONMESH
G0 F300 X121.912 Y136.604 Z2.6
G0 F9000 X114.544 Y136.404
;TIME_ELAPSED:233.066783
;LAYER:12
;TYPE:WALL-INNER
;MESH:screenholder-mount.obj
G1 F1500 X122.4 Y136.404 E130.81158
G1 X122.4 Y137.4 E130.84471
G1 X112.6 Y137.4 E131.17066
G1 X112.6 Y97.6 E132.49441
G1 X122.4 Y97.6 E132.82036
G1 X122.4 Y98.596 E132.85349
G1 X114.544 Y98.596 E133.11478
G1 X114.544 Y136.404 E134.37228
G0 F9000 X114.944 Y136.004
;TYPE:WALL-OUTER
G1 F1500 X122.8 Y136.004 E134.63357
G1 X122.8 Y137.8 E134.69331
G1 X112.2 Y137.8 E135.04586
G1 X112.2 Y97.2 E136.39622
G1 X122.8 Y97.2 E136.74878
G1 X122.8 Y98.996 E136.80852
G1 X114.944 Y98.996 E137.06981
G1 X114.944 Y136.004 E138.3007
G0 F9000 X114.644 Y136.004
G0 X114.462 Y137.319
;TYPE:FILL
G1 F3000 X112.678 Y135.535 E138.38461
G0 F9000 X112.679 Y133.117
G1 F3000 X114.462 Y132.639 E138.44601
G0 F9000 X114.464 Y128.835
G1 F3000 X112.678 Y127.05 E138.53
G1 X112.68 Y126.905
G1 X114.463 Y126.427 E138.59139
G0 F9000 X112.679 Y128.386
G1 F3000 X114.463 Y121.728 E138.82065
G0 F9000 X114.464 Y120.35
G1 F3000 X112.678 Y118.564 E138.90466
G0 F9000 X112.68 Y120.693
G1 F3000 X114.462 Y120.216 E138.96601
G0 F9000 X112.679 Y114.482
G1 F3000 X114.462 Y114.004 E139.02741
G0 F9000 X114.463 Y111.864
G1 F3000 X112.678 Y110.079 E139.11137
G0 F9000 X112.679 Y108.27
G1 F3000 X114.463 Y107.792 E139.1728
G0 F9000 X112.679 Y105.204
G1 F3000 X114.463 Y98.546 E139.40206
G1 X114.471 Y98.515
G1 X114.696 Y97.678 E139.43089
G0 F9000 X117.249 Y97.679
G1 F3000 X118.086 Y98.516 E139.47026
G0 F9000 X120.683 Y98.516
G1 F3000 X120.907 Y97.678 E139.49911
G0 F9000 X114.716 Y98.768
G0 X114.462 Y101.581
G1 F3000 X112.68 Y102.058 E139.56046
G0 F9000 X112.678 Y101.594
G1 F3000 X114.463 Y103.379 E139.64442
G1 F2700 E134.64442
G0 F9000 X114.716 Y136.232
G0 X116.721 Y136.482
G1 F2700 E139.64442
G1 F3000 X116.497 Y137.319 E139.67324
G0 F9000 X120.178 Y137.319
G1 F3000 X122.319 Y136.745 E139.74697
G1 X122.32 Y136.691
G1 X122.112 Y136.483 E139.75675
G0 F9000 X122.112 Y136.604
;MESH:NONMESH
G0 F300 X122.112 Y136.604 Z2.8
G0 F9000 X114.544 Y136.404
;TIME_ELAPSED:248.045122
;LAYER:13
;TYPE:WALL-INNER
;MESH:screenholder-mount.obj
G1 F1500 X122.4 Y136.404 E140.01804
G1 X122.4 Y137.4 E140.05117
G1 X112.6 Y137.4 E140.37712
G1 X112.6 Y97.6 E141.70087
G1 X122.4 Y97.6 E142.02682
G1 X122.4 Y98.596 E142.05995
G1 X114.544 Y98.596 E142.32124
G1 X114.544 Y136.404 E143.57874
G0 F9000 X114.944 Y136.004
;TYPE:WALL-OUTER
G1 F1500 X122.8 Y136.004 E143.84003
G1 X122.8 Y137.8 E143.89977
G1 X112.2 Y137.8 E144.25232
G1 X112.2 Y97.2 E145.60268
G1 X122.8 Y97.2 E145.95524
G1 X122.8 Y98.996 E146.01498
G1 X114.944 Y98.996 E146.27627
G1 X114.944 Y136.004 E147.50716
G0 F9000 X114.644 Y136.004
G0 X114.662 Y137.319
;TYPE:FILL
G1 F3000 X112.678 Y135.335 E147.60048
G0 F9000 X112.679 Y133.263
G1 F3000 X114.463 Y132.785 E147.66191
G0 F9000 X114.464 Y128.636
G1 F3000 X112.678 Y126.85 E147.74592
G0 F9000 X112.679 Y127.051
G1 F3000 X114.462 Y126.573 E147.80732
G0 F9000 X112.679 Y127.841
G1 F3000 X114.463 Y121.183 E148.03657
G0 F9000 X114.463 Y120.361
G1 F3000 X112.68 Y120.839 E148.09797
G0 F9000 X114.464 Y120.15
G1 F3000 X112.678 Y118.365 E148.18195
G0 F9000 X112.68 Y114.628
G1 F3000 X114.462 Y114.15 E148.24332
G0 F9000 X114.463 Y111.664
G1 F3000 X112.678 Y109.88 E148.32726
G0 F9000 X112.679 Y108.416
G1 F3000 X114.462 Y107.938 E148.38865
G0 F9000 X112.679 Y104.659
G1 F3000 X114.55 Y97.678 E148.62904
G0 F9000 X117.449 Y97.679
G1 F3000 X118.285 Y98.516 E148.66838
G0 F9000 X120.537 Y98.516
G1 F3000 X120.761 Y97.678 E148.69723
G0 F9000 X114.716 Y98.768
G0 X114.462 Y101.727
G1 F3000 X112.68 Y102.204 E148.75859
G0 F9000 X112.678 Y101.394
G1 F3000 X114.463 Y103.179 E148.84255
G1 F2700 E143.84255
G0 F9000 X114.716 Y136.232
G0 X116.575 Y136.482
G1 F2700 E148.84255
G1 F3000 X116.351 Y137.32 E148.8714
G0 F9000 X120.723 Y137.319
G1 F3000 X122.319 Y136.891 E148.92636
G0 F9000 X122.2 Y136.891
;MESH:NONMESH
G0 F300 X122.2 Y136.891 Z3
G0 F9000 X114.544 Y136.404
;TIME_ELAPSED:262.953033
;LAYER:14
;TYPE:WALL-INNER
;MESH:screenholder-mount.obj
G1 F1500 X122.4 Y136.404 E149.18765
G1 X122.4 Y137.4 E149.22078
G1 X112.6 Y137.4 E149.54673
G1 X112.6 Y97.6 E150.87048
G1 X122.4 Y97.6 E151.19643
G1 X122.4 Y98.596 E151.22956
G1 X114.544 Y98.596 E151.49085
G1 X114.544 Y136.404 E152.74835
G0 F9000 X114.944 Y136.004
;TYPE:WALL-OUTER
G1 F1500 X122.8 Y136.004 E153.00964
G1 X122.8 Y137.8 E153.06938
G1 X112.2 Y137.8 E153.42193
G1 X112.2 Y97.2 E154.77229
G1 X122.8 Y97.2 E155.12485
G1 X122.8 Y98.996 E155.18459
G1 X114.944 Y98.996 E155.44588
G1 X114.944 Y136.004 E156.67677
G0 F9000 X114.644 Y136.004
G0 X114.863 Y137.319
;TYPE:FILL
G1 F3000 X112.678 Y135.135 E156.77952
G0 F9000 X112.679 Y133.41
G1 F3000 X114.462 Y132.932 E156.84092
G0 F9000 X114.716 Y136.232
G0 X116.428 Y136.482
G1 F3000 X116.204 Y137.32 E156.86977
G0 F9000 X121.272 Y137.319
G1 F3000 X122.319 Y137.038 E156.90583
G0 F9000 X114.716 Y136.232
G0 X114.464 Y128.435
G1 F3000 X112.678 Y126.649 E156.98983
G0 F9000 X112.679 Y127.198
G1 F3000 X114.462 Y126.72 E157.05123
G0 F9000 X112.679 Y127.293
G1 F3000 X114.463 Y120.634 E157.28052
G1 X114.463 Y120.508
G1 X112.68 Y120.986 E157.34192
G0 F9000 X114.464 Y119.95
G1 F3000 X112.678 Y118.164 E157.42593
G0 F9000 X112.68 Y114.775
G1 F3000 X114.462 Y114.297 E157.48729
G0 F9000 X114.463 Y111.464
G1 F3000 X112.678 Y109.679 E157.57125
G0 F9000 X112.679 Y108.563
G1 F3000 X114.462 Y108.085 E157.63265
G0 F9000 X112.679 Y104.111
G1 F3000 X114.403 Y97.678 E157.85416
G0 F9000 X117.649 Y97.679
G1 F3000 X118.486 Y98.516 E157.89353
G0 F9000 X120.39 Y98.516
G1 F3000 X120.614 Y97.678 E157.92238
G0 F9000 X114.716 Y98.768
G0 X114.462 Y101.874
G1 F3000 X112.68 Y102.351 E157.98374
G0 F9000 X112.678 Y101.194
G1 F3000 X114.463 Y102.978 E158.06767
G0 F9000 X114.344 Y102.978
G1 F2700 E153.06767
;MESH:NONMESH
G0 F300 X114.344 Y102.978 Z3.2
G0 F9000 X114.544 Y136.404
;TIME_ELAPSED:277.865774
;LAYER:15
;TYPE:WALL-INNER
;MESH:screenholder-mount.obj
G1 F2700 E158.06767
G1 F1500 X122.4 Y136.404 E158.32897
G1 X122.4 Y137.4 E158.36209
G1 X112.6 Y137.4 E158.68804
G1 X112.6 Y97.6 E160.0118
G1 X122.4 Y97.6 E160.33775
G1 X122.4 Y98.596 E160.37087
G1 X114.544 Y98.596 E160.63216
G1 X114.544 Y136.404 E161.88966
G0 F9000 X114.944 Y136.004
;TYPE:WALL-OUTER
G1 F1500 X122.8 Y136.004 E162.15095
G1 X122.8 Y137.8 E162.21069
G1 X112.2 Y137.8 E162.56325
G1 X112.2 Y97.2 E163.91361
G1 X122.8 Y97.2 E164.26617
G1 X122.8 Y98.996 E164.3259
G1 X114.944 Y98.996 E164.58719
G1 X114.944 Y136.004 E165.81808
G0 F9000 X114.644 Y136.004
G0 X115.062 Y137.319
;TYPE:FILL
G1 F3000 X112.678 Y134.935 E165.93022
G0 F9000 X112.68 Y133.555
G1 F3000 X114.463 Y133.078 E165.99161
G0 F9000 X114.716 Y136.232
G0 X116.282 Y136.482
G1 F3000 X116.058 Y137.32 E166.02046
G0 F9000 X121.816 Y137.319
G1 F3000 X122.319 Y137.184 E166.03778
G1 X122.319 Y137.135
G1 X122.27 Y137.319 E166.04411
G0 F9000 X114.716 Y136.232
G0 X114.464 Y128.235
G1 F3000 X112.678 Y126.45 E166.1281
G0 F9000 X112.679 Y126.748
G1 F3000 X114.463 Y120.09 E166.35736
G0 F9000 X114.464 Y119.75
G1 F3000 X112.678 Y117.965 E166.44134
G0 F9000 X112.68 Y114.921
G1 F3000 X114.462 Y114.443 E166.50271
G0 F9000 X114.463 Y111.264
G1 F3000 X112.678 Y109.479 E166.58667
G0 F9000 X112.68 Y108.709
G1 F3000 X114.462 Y108.231 E166.64803
G0 F9000 X112.679 Y103.566
G1 F3000 X114.257 Y97.678 E166.85078
G0 F9000 X117.849 Y97.679
G1 F3000 X118.685 Y98.516 E166.89012
G0 F9000 X120.244 Y98.515
G1 F3000 X120.468 Y97.678 E166.91894
G0 F9000 X114.716 Y98.768
G0 X114.462 Y102.02
G1 F3000 X112.679 Y102.497 E166.98033
G0 F9000 X112.678 Y100.994
G1 F3000 X114.463 Y102.779 E167.06429
G0 F9000 X114.463 Y120.655
G1 F3000 X112.679 Y121.132 E167.12571
G0 F9000 X114.462 Y126.866
G1 F3000 X112.679 Y127.344 E167.18711
G0 F9000 X112.8 Y127.344
;MESH:NONMESH
G0 F300 X112.8 Y127.344 Z3.4
G0 F9000 X114.544 Y136.404
;TIME_ELAPSED:292.859567
;LAYER:16
;TYPE:WALL-INNER
;MESH:screenholder-mount.obj
G1 F1500 X122.4 Y136.404 E167.4484
G1 X122.4 Y137.4 E167.48153
G1 X112.6 Y137.4 E167.80748
G1 X112.6 Y97.6 E169.13123
G1 X122.4 Y97.6 E169.45718
G1 X122.4 Y98.596 E169.49031
G1 X114.544 Y98.596 E169.7516
G1 X114.544 Y136.404 E171.0091
G0 F9000 X114.944 Y136.004
;TYPE:WALL-OUTER
G1 F1500 X122.8 Y136.004 E171.27039
G1 X122.8 Y137.8 E171.33013
G1 X112.2 Y137.8 E171.68268
G1 X112.2 Y97.2 E173.03304
G1 X122.8 Y97.2 E173.3856
G1 X122.8 Y98.996 E173.44534
G1 X114.944 Y98.996 E173.70663
G1 X114.944 Y136.004 E174.93752
G0 F9000 X114.644 Y136.004
G0 X116.135 Y136.482
;TYPE:FILL
G1 F3000 X115.911 Y137.32 E174.96637
G0 F9000 X115.263 Y137.319
G1 F3000 X112.678 Y134.734 E175.08796
G0 F9000 X112.679 Y133.703
G1 F3000 X114.463 Y133.225 E175.14939
G0 F9000 X114.464 Y128.035
G1 F3000 X112.678 Y126.249 E175.2334
G1 X112.679 Y126.199
G1 X114.463 Y119.541 E175.46265
G1 X114.464 Y119.549
G1 X112.678 Y117.764 E175.54664
G0 F9000 X112.68 Y115.068
G1 F3000 X114.462 Y114.59 E175.608
G0 F9000 X114.463 Y111.063
G1 F3000 X112.678 Y109.279 E175.69194
G0 F9000 X112.68 Y108.856
G1 F3000 X114.462 Y108.378 E175.75331
G0 F9000 X112.679 Y103.017
G1 F3000 X114.11 Y97.678 E175.93715
G0 F9000 X112.678 Y100.793
G1 F3000 X114.463 Y102.578 E176.02111
G0 F9000 X114.463 Y102.167
G1 F3000 X112.679 Y102.644 E176.08253
G0 F9000 X114.716 Y98.768
G0 X118.05 Y97.679
G1 F3000 X118.886 Y98.516 E176.12188
G0 F9000 X120.097 Y98.515
G1 F3000 X120.321 Y97.678 E176.1507
G0 F9000 X114.716 Y98.768
G0 X114.463 Y120.801
G1 F3000 X112.679 Y121.279 E176.21213
G0 F9000 X114.462 Y127.013
G1 F3000 X112.679 Y127.491 E176.27352
G0 F9000 X114.716 Y136.232
G0 X122.319 Y136.587
G1 F3000 X122.123 Y137.319 E176.29873
G0 F9000 X122.123 Y137.2
;MESH:NONMESH
G0 F300 X122.123 Y137.2 Z3.6
G0 F9000 X114.544 Y136.404
;TIME_ELAPSED:307.505289
;LAYER:17
;TYPE:WALL-INNER
;MESH:screenholder-mount.obj
G1 F1500 X122.4 Y136.404 E176.56002
G1 X122.4 Y137.4 E176.59315
G1 X112.6 Y137.4 E176.91909
G1 X112.6 Y97.6 E178.24285
G1 X122.4 Y97.6 E178.5688
G1 X122.4 Y98.596 E178.60192
G1 X114.544 Y98.596 E178.86322
G1 X114.544 Y136.404 E180.12071
G0 F9000 X114.944 Y136.004
;TYPE:WALL-OUTER
G1 F1500 X122.8 Y136.004 E180.38201
G1 X122.8 Y137.8 E180.44174
G1 X112.2 Y137.8 E180.7943
G1 X112.2 Y97.2 E182.14466
G1 X122.8 Y97.2 E182.49722
G1 X122.8 Y98.996 E182.55695
G1 X114.944 Y98.996 E182.81824
G1 X114.944 Y136.004 E184.04914
G0 F9000 X114.464 Y136.32
;TYPE:FILL
G1 F3000 X112.678 Y134.535 E184.13312
G0 F9000 X112.68 Y133.849
G1 F3000 X114.463 Y133.371 E184.19452
G0 F9000 X114.626 Y136.483
G1 F3000 X115.462 Y137.319 E184.23384
G0 F9000 X115.765 Y137.32
G1 F3000 X115.989 Y136.482 E184.26269
G0 F9000 X121.977 Y137.32
G1 F3000 X122.201 Y136.482 E184.29154
G0 F9000 X114.716 Y136.232
G0 X114.464 Y127.835
G1 F3000 X112.678 Y126.05 E184.37553
G0 F9000 X112.679 Y125.655
G1 F3000 X114.463 Y118.997 E184.60478
G0 F9000 X114.464 Y119.35
G1 F3000 X112.678 Y117.564 E184.68879
G0 F9000 X112.68 Y115.214
G1 F3000 X114.463 Y114.736 E184.75019
G0 F9000 X114.463 Y110.864
G1 F3000 X112.678 Y109.079 E184.83415
G1 X112.68 Y109.002
G1 X114.462 Y108.524 E184.89551
G0 F9000 X112.68 Y102.79
G1 F3000 X114.462 Y102.313 E184.95687
G1 X114.463 Y102.379
G1 X112.678 Y100.594 E185.04083
G0 F9000 X112.679 Y102.473
G1 F3000 X113.964 Y97.678 E185.20594
G0 F9000 X118.249 Y97.679
G1 F3000 X119.085 Y98.516 E185.24529
G0 F9000 X119.951 Y98.515
G1 F3000 X120.175 Y97.678 E185.27411
G0 F9000 X114.716 Y98.768
G0 X114.462 Y120.948
G1 F3000 X112.679 Y121.425 E185.33549
G0 F9000 X114.462 Y127.159
G1 F3000 X112.679 Y127.637 E185.39689
G0 F9000 X112.8 Y127.637
;MESH:NONMESH
G0 F300 X112.8 Y127.637 Z3.8
G0 F9000 X114.544 Y136.404
;TIME_ELAPSED:322.074412
;LAYER:18
;TYPE:WALL-INNER
;MESH:screenholder-mount.obj
G1 F1500 X122.4 Y136.404 E185.65818
G1 X122.4 Y137.4 E185.69131
G1 X112.6 Y137.4 E186.01726
G1 X112.6 Y97.6 E187.34101
G1 X122.4 Y97.6 E187.66696
G1 X122.4 Y98.596 E187.70009
G1 X114.544 Y98.596 E187.96138
G1 X114.544 Y136.404 E189.21888
G0 F9000 X114.944 Y136.004
;TYPE:WALL-OUTER
G1 F1500 X122.8 Y136.004 E189.48017
G1 X122.8 Y137.8 E189.53991
G1 X112.2 Y137.8 E189.89246
G1 X112.2 Y97.2 E191.24283
G1 X122.8 Y97.2 E191.59538
G1 X122.8 Y98.996 E191.65512
G1 X114.944 Y98.996 E191.91641
G1 X114.944 Y136.004 E193.1473
G0 F9000 X114.827 Y136.483
;TYPE:FILL
G1 F3000 X115.663 Y137.319 E193.18662
G1 X115.618 Y137.32
G1 X115.842 Y136.482 E193.21547
G0 F9000 X114.931 Y136.28
G0 X114.464 Y136.12
G1 F3000 X112.678 Y134.334 E193.29948
G0 F9000 X112.68 Y133.996
G1 F3000 X114.463 Y133.518 E193.36088
G0 F9000 X114.464 Y127.634
G1 F3000 X112.678 Y125.849 E193.44486
G0 F9000 X112.679 Y125.106
G1 F3000 X114.463 Y118.448 E193.67412
G0 F9000 X114.464 Y119.149
G1 F3000 X112.678 Y117.364 E193.75811
G0 F9000 X112.68 Y115.361
G1 F3000 X114.463 Y114.883 E193.8195
G0 F9000 X114.463 Y110.663
G1 F3000 X112.678 Y108.878 E193.90346
G0 F9000 X112.68 Y109.149
G1 F3000 X114.462 Y108.671 E193.96483
G0 F9000 X112.68 Y102.937
G1 F3000 X114.462 Y102.46 E194.02618
G0 F9000 X114.463 Y102.178
G1 F3000 X112.678 Y100.393 E194.11015
G0 F9000 X112.679 Y101.924
G1 F3000 X113.817 Y97.678 E194.25635
G0 F9000 X118.45 Y97.679
G1 F3000 X119.286 Y98.516 E194.2957
G0 F9000 X119.804 Y98.515
G1 F3000 X120.028 Y97.678 E194.32452
G0 F9000 X114.716 Y98.768
G0 X114.462 Y121.095
G1 F3000 X112.679 Y121.572 E194.38591
G0 F9000 X114.462 Y127.306
G1 F3000 X112.679 Y127.784 E194.4473
G0 F9000 X114.716 Y136.232
G0 X122.054 Y136.482
G1 F3000 X121.83 Y137.32 E194.47615
G0 F9000 X121.83 Y137.2
;MESH:NONMESH
G0 F300 X121.83 Y137.2 Z4
G0 F9000 X114.544 Y136.404
;TIME_ELAPSED:336.568529
;LAYER:19
;TYPE:WALL-INNER
;MESH:screenholder-mount.obj
G1 F1500 X122.4 Y136.404 E194.73744
G1 X122.4 Y137.4 E194.77057
G1 X112.6 Y137.4 E195.09652
G1 X112.6 Y97.6 E196.42027
G1 X122.4 Y97.6 E196.74622
G1 X122.4 Y98.596 E196.77935
G1 X114.544 Y98.596 E197.04064
G1 X114.544 Y136.404 E198.29814
G0 F9000 X114.944 Y136.004
;TYPE:WALL-OUTER
G1 F1500 X122.8 Y136.004 E198.55943
G1 X122.8 Y137.8 E198.61917
G1 X112.2 Y137.8 E198.97173
G1 X112.2 Y97.2 E200.32209
G1 X122.8 Y97.2 E200.67464
G1 X122.8 Y98.996 E200.73438
G1 X114.944 Y98.996 E200.99567
G1 X114.944 Y136.004 E202.22656
G0 F9000 X115.027 Y136.483
;TYPE:FILL
G1 F3000 X115.862 Y137.319 E202.26586
G0 F9000 X115.472 Y137.32
G1 F3000 X115.697 Y136.482 E202.29472
G0 F9000 X114.716 Y136.232
G0 X114.464 Y135.92
G1 F3000 X112.678 Y134.135 E202.37871
G1 X112.679 Y134.142
G1 X114.463 Y133.664 E202.44013
G0 F9000 X112.68 Y127.93
G1 F3000 X114.463 Y127.452 E202.50153
G1 X114.464 Y127.435
G1 X112.678 Y125.65 E202.58552
G0 F9000 X112.679 Y124.561
G1 F3000 X114.463 Y117.902 E202.81481
G0 F9000 X114.464 Y118.95
G1 F3000 X112.678 Y117.164 E202.89881
G0 F9000 X112.679 Y115.507
G1 F3000 X114.463 Y115.029 E202.96024
G0 F9000 X114.463 Y110.464
G1 F3000 X112.678 Y108.679 E203.0442
G0 F9000 X112.68 Y109.295
G1 F3000 X114.462 Y108.817 E203.10557
G0 F9000 X112.68 Y103.083
G1 F3000 X114.462 Y102.606 E203.16692
G0 F9000 X114.463 Y101.978
G1 F3000 X112.678 Y100.194 E203.25086
G0 F9000 X112.679 Y101.38
G1 F3000 X113.671 Y97.678 E203.37834
G0 F9000 X118.649 Y97.679
G1 F3000 X119.486 Y98.516 E203.41771
G1 X119.658 Y98.515
G1 X119.882 Y97.678 E203.44652
G0 F9000 X114.716 Y98.768
G0 X114.462 Y121.241
G1 F3000 X112.679 Y121.718 E203.50791
G0 F9000 X114.716 Y136.232
G0 X121.908 Y136.482
G1 F3000 X121.684 Y137.32 E203.53676
G0 F9000 X121.684 Y137.2
;MESH:NONMESH
G0 F300 X121.684 Y137.2 Z4.2
G0 F9000 X114.544 Y136.404
;TIME_ELAPSED:350.966695
;LAYER:20
;TYPE:WALL-INNER
;MESH:screenholder-mount.obj
G1 F1500 X122.4 Y136.404 E203.79805
G1 X122.4 Y137.4 E203.83118
G1 X112.6 Y137.4 E204.15713
G1 X112.6 Y97.6 E205.48088
G1 X122.4 Y97.6 E205.80683
G1 X122.4 Y98.596 E205.83996
G1 X114.544 Y98.596 E206.10125
G1 X114.544 Y136.404 E207.35875
G0 F9000 X114.944 Y136.004
;TYPE:WALL-OUTER
G1 F1500 X122.8 Y136.004 E207.62004
G1 X122.8 Y137.8 E207.67978
G1 X112.2 Y137.8 E208.03234
G1 X112.2 Y97.2 E209.3827
G1 X122.8 Y97.2 E209.73525
G1 X122.8 Y98.996 E209.79499
G1 X114.944 Y98.996 E210.05628
G1 X114.944 Y136.004 E211.28717
G0 F9000 X115.226 Y136.483
;TYPE:FILL
G1 F3000 X116.062 Y137.319 E211.3265
G0 F9000 X115.326 Y137.319
G1 F3000 X115.551 Y136.482 E211.35532
G0 F9000 X114.716 Y136.232
G0 X114.464 Y135.721
G1 F3000 X112.678 Y133.935 E211.43933
G0 F9000 X112.679 Y134.288
G1 F3000 X114.462 Y133.81 E211.50073
G0 F9000 X112.68 Y128.076
G1 F3000 X114.463 Y127.598 E211.56212
G0 F9000 X114.464 Y127.236
G1 F3000 X112.678 Y125.45 E211.64613
G0 F9000 X112.679 Y124.016
G1 F3000 X114.463 Y117.358 E211.87539
G0 F9000 X114.464 Y118.75
G1 F3000 X112.678 Y116.965 E211.95937
G0 F9000 X112.679 Y115.653
G1 F3000 X114.462 Y115.175 E212.02077
G0 F9000 X114.463 Y110.264
G1 F3000 X112.678 Y108.48 E212.10471
G0 F9000 X112.679 Y109.441
G1 F3000 X114.463 Y108.963 E212.16614
G0 F9000 X112.68 Y103.229
G1 F3000 X114.462 Y102.752 E212.22749
G0 F9000 X114.463 Y101.779
G1 F3000 X112.678 Y99.994 E212.31145
G0 F9000 X112.679 Y100.835
G1 F3000 X113.525 Y97.678 E212.42016
G0 F9000 X118.849 Y97.679
G1 F3000 X119.685 Y98.516 E212.45951
G1 X119.512 Y98.515
G1 X119.736 Y97.678 E212.48833
G0 F9000 X114.716 Y98.768
G0 X114.462 Y121.387
G1 F3000 X112.68 Y121.864 E212.54968
G0 F9000 X114.716 Y136.232
G0 X121.762 Y136.483
G1 F3000 X121.538 Y137.32 E212.5785
G0 F9000 X121.538 Y137.2
;MESH:NONMESH
G0 F300 X121.538 Y137.2 Z4.4
G0 F9000 X114.544 Y136.404
;TIME_ELAPSED:365.512063
;LAYER:21
;TYPE:WALL-INNER
;MESH:screenholder-mount.obj
G1 F1500 X122.4 Y136.404 E212.83979
G1 X122.4 Y137.4 E212.87292
G1 X112.6 Y137.4 E213.19887
G1 X112.6 Y97.6 E214.52262
G1 X122.4 Y97.6 E214.84857
G1 X122.4 Y98.596 E214.8817
G1 X114.544 Y98.596 E215.14299
G1 X114.544 Y136.404 E216.40049
G0 F9000 X114.944 Y136.004
;TYPE:WALL-OUTER
G1 F1500 X122.8 Y136.004 E216.66178
G1 X122.8 Y137.8 E216.72152
G1 X112.2 Y137.8 E217.07407
G1 X112.2 Y97.2 E218.42444
G1 X122.8 Y97.2 E218.77699
G1 X122.8 Y98.996 E218.83673
G1 X114.944 Y98.996 E219.09802
G1 X114.944 Y136.004 E220.32891
G0 F9000 X115.404 Y136.482
;TYPE:FILL
G1 F3000 X115.179 Y137.319 E220.35774
G0 F9000 X115.427 Y136.483
G1 F3000 X116.263 Y137.319 E220.39706
G0 F9000 X114.716 Y136.232
G0 X114.464 Y135.52
G1 F3000 X112.678 Y133.735 E220.48105
G0 F9000 X112.679 Y134.435
G1 F3000 X114.462 Y133.957 E220.54244
G0 F9000 X112.68 Y128.223
G1 F3000 X114.463 Y127.745 E220.60384
G0 F9000 X114.464 Y127.035
G1 F3000 X112.678 Y125.249 E220.68785
G0 F9000 X112.679 Y123.467
G1 F3000 X114.463 Y116.809 E220.9171
G0 F9000 X114.462 Y115.322
G1 F3000 X112.679 Y115.8 E220.9785
G0 F9000 X112.678 Y116.764
G1 F3000 X114.464 Y118.549 E221.06249
G0 F9000 X114.462 Y121.534
G1 F3000 X112.68 Y122.011 E221.12384
G0 F9000 X114.463 Y110.063
G1 F3000 X112.678 Y108.279 E221.20778
G0 F9000 X112.68 Y109.588
G1 F3000 X114.463 Y109.11 E221.26918
G0 F9000 X112.68 Y103.376
G1 F3000 X114.462 Y102.899 E221.33053
G0 F9000 X114.463 Y101.578
G1 F3000 X112.678 Y99.793 E221.41449
G0 F9000 X112.679 Y100.286
G1 F3000 X113.378 Y97.678 E221.5043
G0 F9000 X119.049 Y97.679
G1 F3000 X119.886 Y98.516 E221.54367
G0 F9000 X119.365 Y98.515
G1 F3000 X119.589 Y97.678 E221.57249
G1 F2700 E216.57249
G0 F9000 X114.716 Y98.768
G0 X114.716 Y136.232
G0 X121.615 Y136.482
G1 F2700 E221.57249
G1 F3000 X121.391 Y137.32 E221.60134
G0 F9000 X121.391 Y137.2
;MESH:NONMESH
G0 F300 X121.391 Y137.2 Z4.6
G0 F9000 X114.544 Y136.404
;TIME_ELAPSED:380.571339
;LAYER:22
;TYPE:WALL-INNER
;MESH:screenholder-mount.obj
G1 F1500 X122.4 Y136.404 E221.86263
G1 X122.4 Y137.4 E221.89576
G1 X112.6 Y137.4 E222.2217
G1 X112.6 Y97.6 E223.54546
G1 X122.4 Y97.6 E223.87141
G1 X122.4 Y98.596 E223.90453
G1 X114.544 Y98.596 E224.16583
G1 X114.544 Y136.404 E225.42333
G0 F9000 X114.944 Y136.004
;TYPE:WALL-OUTER
G1 F1500 X122.8 Y136.004 E225.68462
G1 X122.8 Y137.8 E225.74435
G1 X112.2 Y137.8 E226.09691
G1 X112.2 Y97.2 E227.44727
G1 X122.8 Y97.2 E227.79983
G1 X122.8 Y98.996 E227.85956
G1 X114.944 Y98.996 E228.12086
G1 X114.944 Y136.004 E229.35175
G0 F9000 X115.258 Y136.482
;TYPE:FILL
G1 F3000 X115.033 Y137.319 E229.38057
G0 F9000 X115.626 Y136.483
G1 F3000 X116.462 Y137.319 E229.4199
G0 F9000 X114.716 Y136.232
G0 X114.464 Y135.321
G1 F3000 X112.678 Y133.535 E229.5039
G0 F9000 X112.679 Y134.581
G1 F3000 X114.462 Y134.103 E229.5653
G0 F9000 X112.679 Y128.369
G1 F3000 X114.463 Y127.891 E229.62673
G0 F9000 X114.464 Y126.835
G1 F3000 X112.678 Y125.05 E229.71071
G0 F9000 X112.679 Y122.923
G1 F3000 X114.463 Y116.265 E229.93997
G0 F9000 X114.462 Y115.468
G1 F3000 X112.68 Y115.945 E230.00133
G0 F9000 X112.678 Y116.565
G1 F3000 X114.464 Y118.35 E230.08531
G0 F9000 X114.463 Y121.679
G1 F3000 X112.68 Y122.157 E230.14671
G0 F9000 X114.463 Y109.864
G1 F3000 X112.678 Y108.079 E230.23067
G0 F9000 X112.679 Y109.734
G1 F3000 X114.462 Y109.256 E230.29207
G0 F9000 X112.68 Y103.522
G1 F3000 X114.462 Y103.045 E230.35342
G0 F9000 X114.463 Y101.379
G1 F3000 X112.678 Y99.594 E230.43738
G1 X112.679 Y99.741
G1 X113.232 Y97.677 E230.50845
G0 F9000 X119.249 Y97.679
G1 F3000 X120.085 Y98.516 E230.5478
G0 F9000 X119.219 Y98.516
G1 F3000 X119.443 Y97.678 E230.57665
G1 F2700 E225.57665
G0 F9000 X114.716 Y98.768
G0 X114.716 Y136.232
G0 X121.469 Y136.482
G1 F2700 E230.57665
G1 F3000 X121.245 Y137.32 E230.6055
G0 F9000 X121.245 Y137.2
;MESH:NONMESH
G0 F300 X121.245 Y137.2 Z4.8
G0 F9000 X114.544 Y136.404
;TIME_ELAPSED:395.658179
;LAYER:23
;TYPE:WALL-INNER
;MESH:screenholder-mount.obj
G1 F1500 X122.4 Y136.404 E230.86679
G1 X122.4 Y137.4 E230.89992
G1 X112.6 Y137.4 E231.22587
G1 X112.6 Y97.6 E232.54962
G1 X122.4 Y97.6 E232.87557
G1 X122.4 Y98.596 E232.9087
G1 X114.544 Y98.596 E233.16999
G1 X114.544 Y136.404 E234.42749
G0 F9000 X114.944 Y136.004
;TYPE:WALL-OUTER
G1 F1500 X122.8 Y136.004 E234.68878
G1 X122.8 Y137.8 E234.74852
G1 X112.2 Y137.8 E235.10108
G1 X112.2 Y97.2 E236.45144
G1 X122.8 Y97.2 E236.80399
G1 X122.8 Y98.996 E236.86373
G1 X114.944 Y98.996 E237.12502
G1 X114.944 Y136.004 E238.35591
G0 F9000 X115.111 Y136.482
;TYPE:FILL
G1 F3000 X114.886 Y137.319 E238.38474
G0 F9000 X115.827 Y136.483
G1 F3000 X116.663 Y137.319 E238.42406
G0 F9000 X114.716 Y136.232
G0 X114.464 Y135.12
G1 F3000 X112.678 Y133.334 E238.50807
G0 F9000 X112.679 Y134.728
G1 F3000 X114.462 Y134.25 E238.56947
G0 F9000 X112.679 Y128.516
G1 F3000 X114.463 Y128.038 E238.6309
G0 F9000 X114.464 Y126.635
G1 F3000 X112.678 Y124.849 E238.7149
G0 F9000 X112.679 Y122.374
G1 F3000 X114.463 Y115.716 E238.94416
G1 X114.462 Y115.615
G1 X112.68 Y116.092 E239.00552
G0 F9000 X112.678 Y116.364
G1 F3000 X114.464 Y118.149 E239.0895
G0 F9000 X114.463 Y121.826
G1 F3000 X112.68 Y122.304 E239.1509
G0 F9000 X112.679 Y109.881
G1 F3000 X114.462 Y109.403 E239.2123
G0 F9000 X114.463 Y109.663
G1 F3000 X112.678 Y107.879 E239.29623
G0 F9000 X112.68 Y103.669
G1 F3000 X114.462 Y103.192 E239.35759
G0 F9000 X114.463 Y101.178
G1 F3000 X112.678 Y99.393 E239.44155
G0 F9000 X112.679 Y99.192
G1 F3000 X113.085 Y97.677 E239.49372
G0 F9000 X119.072 Y98.516
G1 F3000 X119.296 Y97.678 E239.52257
G1 X119.45 Y97.679
G1 X120.286 Y98.516 E239.56191
G1 F2700 E234.56191
G0 F9000 X114.716 Y98.768
G0 X114.716 Y136.232
G0 X121.322 Y136.483
G1 F2700 E239.56191
G1 F3000 X121.098 Y137.32 E239.59073
G0 F9000 X121.098 Y137.2
;MESH:NONMESH
G0 F300 X121.098 Y137.2 Z5
G0 F9000 X114.544 Y136.404
;TIME_ELAPSED:410.566469
;LAYER:24
;TYPE:WALL-INNER
;MESH:screenholder-mount.obj
G1 F1500 X122.4 Y136.404 E239.85202
G1 X122.4 Y137.4 E239.88515
G1 X112.6 Y137.4 E240.2111
G1 X112.6 Y97.6 E241.53485
G1 X122.4 Y97.6 E241.8608
G1 X122.4 Y98.596 E241.89393
G1 X114.544 Y98.596 E242.15522
G1 X114.544 Y136.404 E243.41272
G0 F9000 X114.944 Y136.004
;TYPE:WALL-OUTER
G1 F1500 X122.8 Y136.004 E243.67401
G1 X122.8 Y137.8 E243.73375
G1 X112.2 Y137.8 E244.08631
G1 X112.2 Y97.2 E245.43667
G1 X122.8 Y97.2 E245.78922
G1 X122.8 Y98.996 E245.84896
G1 X114.944 Y98.996 E246.11025
G1 X114.944 Y136.004 E247.34114
G0 F9000 X114.965 Y136.482
;TYPE:FILL
G1 F3000 X114.74 Y137.32 E247.37
G0 F9000 X116.027 Y136.483
G1 F3000 X116.862 Y137.319 E247.4093
G0 F9000 X114.716 Y136.232
G0 X114.464 Y134.92
G1 F3000 X112.678 Y133.135 E247.49329
G0 F9000 X112.679 Y134.874
G1 F3000 X114.463 Y134.396 E247.55471
G0 F9000 X112.679 Y128.662
G1 F3000 X114.462 Y128.184 E247.61611
G0 F9000 X114.464 Y126.435
G1 F3000 X112.678 Y124.65 E247.7001
G0 F9000 X112.68 Y122.45
G1 F3000 X114.463 Y121.972 E247.76149
G0 F9000 X112.679 Y121.829
G1 F3000 X114.463 Y115.171 E247.99075
G0 F9000 X114.462 Y115.761
G1 F3000 X112.68 Y116.238 E248.05211
G1 X112.678 Y116.164
G1 X114.464 Y117.95 E248.13612
G0 F9000 X112.68 Y110.027
G1 F3000 X114.462 Y109.549 E248.19748
G1 X114.463 Y109.464
G1 X112.678 Y107.679 E248.28144
G0 F9000 X112.679 Y103.815
G1 F3000 X114.462 Y103.338 E248.34283
G0 F9000 X114.463 Y100.979
G1 F3000 X112.678 Y99.194 E248.42679
G0 F9000 X112.679 Y98.647
G1 F3000 X112.939 Y97.678 E248.46016
G0 F9000 X118.926 Y98.515
G1 F3000 X119.15 Y97.678 E248.48898
G0 F9000 X119.649 Y97.679
G1 F3000 X120.486 Y98.516 E248.52835
G1 F2700 E243.52835
G0 F9000 X114.716 Y98.768
G0 X114.716 Y136.232
G0 X121.176 Y136.482
G1 F2700 E248.52835
G1 F3000 X120.952 Y137.319 E248.55717
G0 F9000 X120.952 Y137.2
;MESH:NONMESH
G0 F300 X120.952 Y137.2 Z5.2
G0 F9000 X114.544 Y136.404
;TIME_ELAPSED:425.466930
;LAYER:25
;TYPE:WALL-INNER
;MESH:screenholder-mount.obj
G1 F1500 X122.4 Y136.404 E248.81846
G1 X122.4 Y137.4 E248.85158
G1 X112.6 Y137.4 E249.17753
G1 X112.6 Y97.6 E250.50129
G1 X122.4 Y97.6 E250.82724
G1 X122.4 Y98.596 E250.86036
G1 X114.544 Y98.596 E251.12166
G1 X114.544 Y136.404 E252.37915
G0 F9000 X114.944 Y136.004
;TYPE:WALL-OUTER
G1 F1500 X122.8 Y136.004 E252.64045
G1 X122.8 Y137.8 E252.70018
G1 X112.2 Y137.8 E253.05274
G1 X112.2 Y97.2 E254.4031
G1 X122.8 Y97.2 E254.75566
G1 X122.8 Y98.996 E254.81539
G1 X114.944 Y98.996 E255.07668
G1 X114.944 Y136.004 E256.30758
G0 F9000 X114.818 Y136.482
;TYPE:FILL
G1 F3000 X114.594 Y137.32 E256.33643
G0 F9000 X116.226 Y136.483
G1 F3000 X117.062 Y137.319 E256.37575
G0 F9000 X114.716 Y136.232
G0 X114.464 Y134.721
G1 F3000 X112.678 Y132.936 E256.45973
G0 F9000 X112.68 Y135.019
G1 F3000 X114.463 Y134.542 E256.52112
G0 F9000 X112.679 Y128.808
G1 F3000 X114.462 Y128.33 E256.58252
G0 F9000 X114.464 Y126.236
G1 F3000 X112.678 Y124.45 E256.66653
G0 F9000 X112.679 Y122.596
G1 F3000 X114.462 Y122.118 E256.72792
G0 F9000 X112.679 Y121.285
G1 F3000 X114.463 Y114.627 E256.95718
G0 F9000 X114.463 Y115.907
G1 F3000 X112.68 Y116.384 E257.01857
G0 F9000 X112.678 Y115.965
G1 F3000 X114.464 Y117.75 E257.10255
G0 F9000 X112.68 Y110.173
G1 F3000 X114.462 Y109.695 E257.16392
G0 F9000 X114.463 Y109.264
G1 F3000 X112.678 Y107.48 E257.24786
G0 F9000 X112.68 Y103.961
G1 F3000 X114.462 Y103.483 E257.30922
G0 F9000 X114.463 Y100.779
G1 F3000 X112.678 Y98.994 E257.39318
G0 F9000 X112.679 Y98.103
G1 F3000 X112.793 Y97.678 E257.40782
G1 X112.68 Y97.75
G1 X112.942 Y97.679 E257.41685
G0 F9000 X118.78 Y98.515
G1 F3000 X119.005 Y97.678 E257.44567
G0 F9000 X119.848 Y97.679
G1 F3000 X120.685 Y98.516 E257.48504
G1 F2700 E252.48504
G0 F9000 X114.716 Y98.768
G0 X114.716 Y136.232
G0 X121.03 Y136.482
G1 F2700 E257.48504
G1 F3000 X120.806 Y137.32 E257.51389
G0 F9000 X120.806 Y137.2
;MESH:NONMESH
G0 F300 X120.806 Y137.2 Z5.4
G0 F9000 X114.544 Y136.404
;TIME_ELAPSED:440.546539
;LAYER:26
;TYPE:WALL-INNER
;MESH:screenholder-mount.obj
G1 F1500 X122.4 Y136.404 E257.77518
G1 X122.4 Y137.4 E257.80831
G1 X112.6 Y137.4 E258.13426
G1 X112.6 Y97.6 E259.45801
G1 X122.4 Y97.6 E259.78396
G1 X122.4 Y98.596 E259.81709
G1 X114.544 Y98.596 E260.07838
G1 X114.544 Y136.404 E261.33588
G0 F9000 X114.944 Y136.004
;TYPE:WALL-OUTER
G1 F1500 X122.8 Y136.004 E261.59717
G1 X122.8 Y137.8 E261.65691
G1 X112.2 Y137.8 E262.00947
G1 X112.2 Y97.2 E263.35983
G1 X122.8 Y97.2 E263.71238
G1 X122.8 Y98.996 E263.77212
G1 X114.944 Y98.996 E264.03341
G1 X114.944 Y136.004 E265.2643
G0 F9000 X114.671 Y136.482
;TYPE:FILL
G1 F3000 X114.447 Y137.32 E265.29315
G0 F9000 X116.427 Y136.483
G1 F3000 X117.263 Y137.319 E265.33248
G0 F9000 X120.659 Y137.319
G1 F3000 X120.883 Y136.482 E265.36129
G0 F9000 X114.716 Y136.232
G0 X114.463 Y134.689
G1 F3000 X112.68 Y135.166 E265.42268
G0 F9000 X114.464 Y134.52
G1 F3000 X112.678 Y132.735 E265.50667
G0 F9000 X112.679 Y128.955
G1 F3000 X114.462 Y128.477 E265.56806
G0 F9000 X114.464 Y126.035
G1 F3000 X112.678 Y124.249 E265.65207
G0 F9000 X112.679 Y122.743
G1 F3000 X114.462 Y122.265 E265.71347
G0 F9000 X112.679 Y120.736
G1 F3000 X114.463 Y114.078 E265.94273
G0 F9000 X114.463 Y116.054
G1 F3000 X112.68 Y116.531 E266.00412
G0 F9000 X112.678 Y115.764
G1 F3000 X114.464 Y117.55 E266.08812
G0 F9000 X112.68 Y110.32
G1 F3000 X114.462 Y109.842 E266.14949
G0 F9000 X114.463 Y109.064
G1 F3000 X112.678 Y107.279 E266.23345
G0 F9000 X112.679 Y104.108
G1 F3000 X114.462 Y103.63 E266.29485
G0 F9000 X114.463 Y100.578
G1 F3000 X112.678 Y98.794 E266.37878
G0 F9000 X112.68 Y97.897
G1 F3000 X113.491 Y97.679 E266.40671
G0 F9000 X118.633 Y98.515
G1 F3000 X118.858 Y97.678 E266.43554
G0 F9000 X120.049 Y97.679
G1 F3000 X120.886 Y98.516 E266.47491
G0 F9000 X120.886 Y98.396
G1 F2700 E261.47491
;MESH:NONMESH
G0 F300 X120.886 Y98.396 Z5.6
G0 F9000 X114.716 Y98.768
G0 X114.544 Y136.404
;TIME_ELAPSED:455.275220
;LAYER:27
;TYPE:WALL-INNER
;MESH:screenholder-mount.obj
G1 F2700 E266.47491
G1 F1500 X122.4 Y136.404 E266.7362
G1 X122.4 Y137.4 E266.76933
G1 X112.6 Y137.4 E267.09528
G1 X112.6 Y97.6 E268.41903
G1 X122.4 Y97.6 E268.74498
G1 X122.4 Y98.596 E268.77811
G1 X114.544 Y98.596 E269.0394
G1 X114.544 Y136.404 E270.2969
G0 F9000 X114.944 Y136.004
;TYPE:WALL-OUTER
G1 F1500 X122.8 Y136.004 E270.55819
G1 X122.8 Y137.8 E270.61793
G1 X112.2 Y137.8 E270.97048
G1 X112.2 Y97.2 E272.32085
G1 X122.8 Y97.2 E272.6734
G1 X122.8 Y98.996 E272.73314
G1 X114.944 Y98.996 E272.99443
G1 X114.944 Y136.004 E274.22532
G0 F9000 X114.526 Y136.482
;TYPE:FILL
G1 F3000 X114.301 Y137.32 E274.25418
G0 F9000 X116.626 Y136.483
G1 F3000 X117.462 Y137.319 E274.2935
G0 F9000 X120.513 Y137.32
G1 F3000 X120.737 Y136.482 E274.32235
G0 F9000 X114.716 Y136.232
G0 X114.463 Y134.835
G1 F3000 X112.68 Y135.312 E274.38374
G0 F9000 X114.464 Y134.321
G1 F3000 X112.678 Y132.535 E274.46775
G0 F9000 X112.68 Y129.101
G1 F3000 X114.463 Y128.623 E274.52915
G0 F9000 X114.464 Y125.836
G1 F3000 X112.678 Y124.05 E274.61316
G0 F9000 X112.679 Y122.889
G1 F3000 X114.462 Y122.411 E274.67455
G0 F9000 X112.679 Y120.192
G1 F3000 X114.463 Y113.533 E274.90384
G0 F9000 X114.463 Y116.2
G1 F3000 X112.679 Y116.677 E274.96526
G0 F9000 X112.678 Y115.565
G1 F3000 X114.463 Y117.35 E275.04922
G0 F9000 X112.68 Y110.466
G1 F3000 X114.462 Y109.988 E275.11059
G0 F9000 X114.463 Y108.864
G1 F3000 X112.678 Y107.08 E275.19453
G0 F9000 X112.68 Y104.254
G1 F3000 X114.462 Y103.776 E275.25589
G0 F9000 X114.463 Y100.379
G1 F3000 X112.678 Y98.594 E275.33985
G0 F9000 X112.679 Y98.043
G1 F3000 X114.036 Y97.679 E275.38658
G0 F9000 X118.487 Y98.515
G1 F3000 X118.712 Y97.678 E275.41541
G0 F9000 X120.249 Y97.679
G1 F3000 X121.085 Y98.516 E275.45475
G0 F9000 X121.085 Y98.396
G1 F2700 E270.45475
;MESH:NONMESH
G0 F300 X121.085 Y98.396 Z5.8
G0 F9000 X114.716 Y98.768
G0 X114.544 Y136.404
;TIME_ELAPSED:470.254029
;LAYER:28
;TYPE:WALL-INNER
;MESH:screenholder-mount.obj
G1 F2700 E275.45475
G1 F1500 X122.4 Y136.404 E275.71605
G1 X122.4 Y137.4 E275.74917
G1 X112.6 Y137.4 E276.07512
G1 X112.6 Y97.6 E277.39888
G1 X122.4 Y97.6 E277.72483
G1 X122.4 Y98.596 E277.75795
G1 X114.544 Y98.596 E278.01924
G1 X114.544 Y136.404 E279.27674
G0 F9000 X114.944 Y136.004
;TYPE:WALL-OUTER
G1 F1500 X122.8 Y136.004 E279.53803
G1 X122.8 Y137.8 E279.59777
G1 X112.2 Y137.8 E279.95033
G1 X112.2 Y97.2 E281.30069
G1 X122.8 Y97.2 E281.65325
G1 X122.8 Y98.996 E281.71298
G1 X114.944 Y98.996 E281.97427
G1 X114.944 Y136.004 E283.20516
G0 F9000 X114.463 Y136.166
;TYPE:FILL
G1 F3000 X114.154 Y137.32 E283.2449
G0 F9000 X114.463 Y134.982
G1 F3000 X112.68 Y135.459 E283.30629
G0 F9000 X114.464 Y134.12
G1 F3000 X112.678 Y132.335 E283.39027
G0 F9000 X112.68 Y129.248
G1 F3000 X114.463 Y128.77 E283.45167
G0 F9000 X114.464 Y125.635
G1 F3000 X112.678 Y123.849 E283.53568
G0 F9000 X112.679 Y123.036
G1 F3000 X114.462 Y122.558 E283.59707
G0 F9000 X112.679 Y119.643
G1 F3000 X114.463 Y112.985 E283.82633
G0 F9000 X114.462 Y110.135
G1 F3000 X112.68 Y110.613 E283.8877
G0 F9000 X114.463 Y108.663
G1 F3000 X112.678 Y106.879 E283.97163
G0 F9000 X112.68 Y104.401
G1 F3000 X114.462 Y103.923 E284.033
G0 F9000 X114.463 Y100.178
G1 F3000 X112.678 Y98.393 E284.11696
G0 F9000 X112.679 Y98.19
G1 F3000 X114.584 Y97.679 E284.18256
G0 F9000 X118.34 Y98.515
G1 F3000 X118.565 Y97.678 E284.21139
G0 F9000 X120.449 Y97.679
G1 F3000 X121.286 Y98.516 E284.25076
G0 F9000 X114.716 Y98.768
G0 X112.678 Y115.364
G1 F3000 X114.463 Y117.149 E284.33472
G0 F9000 X114.463 Y116.347
G1 F3000 X112.68 Y116.824 E284.39611
G0 F9000 X114.716 Y136.232
G0 X116.827 Y136.483
G1 F3000 X117.663 Y137.319 E284.43543
G0 F9000 X120.366 Y137.32
G1 F3000 X120.59 Y136.482 E284.46428
G0 F9000 X120.59 Y136.604
;MESH:NONMESH
G0 F300 X120.59 Y136.604 Z6
G0 F9000 X114.544 Y136.404
;TIME_ELAPSED:485.065090
;LAYER:29
;TYPE:WALL-INNER
;MESH:screenholder-mount.obj
G1 F1500 X122.4 Y136.404 E284.72557
G1 X122.4 Y137.4 E284.7587
G1 X112.6 Y137.4 E285.08465
G1 X112.6 Y97.6 E286.4084
G1 X122.4 Y97.6 E286.73435
G1 X122.4 Y98.596 E286.76748
G1 X114.544 Y98.596 E287.02877
G1 X114.544 Y136.404 E288.28627
G0 F9000 X114.944 Y136.004
;TYPE:WALL-OUTER
G1 F1500 X122.8 Y136.004 E288.54756
G1 X122.8 Y137.8 E288.60729
G1 X112.2 Y137.8 E288.95985
G1 X112.2 Y97.2 E290.31021
G1 X122.8 Y97.2 E290.66277
G1 X122.8 Y98.996 E290.72251
G1 X114.944 Y98.996 E290.9838
G1 X114.944 Y136.004 E292.21469
G0 F9000 X114.463 Y135.621
;TYPE:FILL
G1 F3000 X114.008 Y137.319 E292.27316
G0 F9000 X112.679 Y135.605
G1 F3000 X114.462 Y135.128 E292.33454
G0 F9000 X114.464 Y133.921
G1 F3000 X112.678 Y132.135 E292.41855
G0 F9000 X112.68 Y129.394
G1 F3000 X114.463 Y128.916 E292.47995
G0 F9000 X114.464 Y125.435
G1 F3000 X112.678 Y123.65 E292.56393
G0 F9000 X112.68 Y123.182
G1 F3000 X114.462 Y122.704 E292.6253
G0 F9000 X112.679 Y119.098
G1 F3000 X114.463 Y112.439 E292.85459
G0 F9000 X114.462 Y110.281
G1 F3000 X112.68 Y110.759 E292.91595
G0 F9000 X114.463 Y108.464
G1 F3000 X112.678 Y106.679 E292.99991
G0 F9000 X112.68 Y104.547
G1 F3000 X114.462 Y104.07 E293.06127
G0 F9000 X114.463 Y99.979
G1 F3000 X112.678 Y98.194 E293.14523
G1 X112.68 Y98.335
G1 X115.13 Y97.679 E293.22959
G0 F9000 X118.194 Y98.515
G1 F3000 X118.418 Y97.678 E293.25841
G0 F9000 X120.649 Y97.679
G1 F3000 X121.485 Y98.516 E293.29775
G0 F9000 X114.716 Y98.768
G0 X112.678 Y115.165
G1 F3000 X114.463 Y116.949 E293.38169
G0 F9000 X114.462 Y116.493
G1 F3000 X112.679 Y116.971 E293.44309
G0 F9000 X114.716 Y136.232
G0 X117.026 Y136.483
G1 F3000 X117.862 Y137.319 E293.48241
G0 F9000 X120.22 Y137.32
G1 F3000 X120.444 Y136.482 E293.51126
G0 F9000 X120.444 Y136.604
;MESH:NONMESH
G0 F300 X120.444 Y136.604 Z6.2
G0 F9000 X114.544 Y136.404
;TIME_ELAPSED:499.629119
;LAYER:30
;TYPE:WALL-INNER
;MESH:screenholder-mount.obj
G1 F1500 X122.4 Y136.404 E293.77255
G1 X122.4 Y137.4 E293.80568
G1 X112.6 Y137.4 E294.13163
G1 X112.6 Y97.6 E295.45538
G1 X122.4 Y97.6 E295.78133
G1 X122.4 Y98.596 E295.81446
G1 X114.544 Y98.596 E296.07575
G1 X114.544 Y136.404 E297.33325
G0 F9000 X114.944 Y136.004
;TYPE:WALL-OUTER
G1 F1500 X122.8 Y136.004 E297.59454
G1 X122.8 Y137.8 E297.65428
G1 X112.2 Y137.8 E298.00683
G1 X112.2 Y97.2 E299.3572
G1 X122.8 Y97.2 E299.70975
G1 X122.8 Y98.996 E299.76949
G1 X114.944 Y98.996 E300.03078
G1 X114.944 Y136.004 E301.26167
G0 F9000 X114.463 Y135.275
;TYPE:FILL
G1 F3000 X112.679 Y135.752 E301.32309
G0 F9000 X114.463 Y135.072
G1 F3000 X113.861 Y137.32 E301.4005
G0 F9000 X117.227 Y136.483
G1 F3000 X118.063 Y137.319 E301.43982
G0 F9000 X120.073 Y137.32
G1 F3000 X120.297 Y136.482 E301.46867
G0 F9000 X114.716 Y136.232
G0 X114.464 Y133.72
G1 F3000 X112.678 Y131.934 E301.55268
G0 F9000 X112.68 Y129.541
G1 F3000 X114.463 Y129.063 E301.61407
G0 F9000 X114.464 Y125.234
G1 F3000 X112.678 Y123.449 E301.69806
G1 X112.679 Y123.329
G1 X114.462 Y122.851 E301.75946
G0 F9000 X112.679 Y118.55
G1 F3000 X114.463 Y111.891 E301.98874
G0 F9000 X114.462 Y110.428
G1 F3000 X112.68 Y110.906 E302.05011
G0 F9000 X114.463 Y108.263
G1 F3000 X112.678 Y106.478 E302.13407
G0 F9000 X112.68 Y104.694
G1 F3000 X114.462 Y104.217 E302.19543
G0 F9000 X114.463 Y99.778
G1 F3000 X112.678 Y97.993 E302.27939
G0 F9000 X112.68 Y98.482
G1 F3000 X115.677 Y97.679 E302.38258
G0 F9000 X118.047 Y98.515
G1 F3000 X118.272 Y97.678 E302.41141
G0 F9000 X120.85 Y97.679
G1 F3000 X121.686 Y98.516 E302.45076
G0 F9000 X114.716 Y98.768
G0 X112.678 Y114.964
G1 F3000 X114.463 Y116.748 E302.5347
G1 X114.462 Y116.64
G1 X112.679 Y117.118 E302.59609
G0 F9000 X112.8 Y117.118
;MESH:NONMESH
G0 F300 X112.8 Y117.118 Z6.4
G0 F9000 X114.544 Y136.404
;TIME_ELAPSED:514.248918
;LAYER:31
;TYPE:WALL-INNER
;MESH:screenholder-mount.obj
G1 F1500 X122.4 Y136.404 E302.85738
G1 X122.4 Y137.4 E302.89051
G1 X112.6 Y137.4 E303.21646
G1 X112.6 Y97.6 E304.54021
G1 X122.4 Y97.6 E304.86616
G1 X122.4 Y98.596 E304.89929
G1 X114.544 Y98.596 E305.16058
G1 X114.544 Y136.404 E306.41808
G0 F9000 X114.944 Y136.004
;TYPE:WALL-OUTER
G1 F1500 X122.8 Y136.004 E306.67937
G1 X122.8 Y137.8 E306.73911
G1 X112.2 Y137.8 E307.09167
G1 X112.2 Y97.2 E308.44203
G1 X122.8 Y97.2 E308.79458
G1 X122.8 Y98.996 E308.85432
G1 X114.944 Y98.996 E309.11561
G1 X114.944 Y136.004 E310.3465
G0 F9000 X114.462 Y135.421
;TYPE:FILL
G1 F3000 X112.679 Y135.898 E310.40789
G0 F9000 X113.715 Y137.319
G1 F3000 X114.463 Y134.528 E310.504
G0 F9000 X114.464 Y133.52
G1 F3000 X112.678 Y131.735 E310.58798
G0 F9000 X112.68 Y129.687
G1 F3000 X114.463 Y129.209 E310.64938
G0 F9000 X114.464 Y125.035
G1 F3000 X112.678 Y123.25 E310.73336
G0 F9000 X112.68 Y123.475
G1 F3000 X114.463 Y122.997 E310.79476
G0 F9000 X112.679 Y118.004
G1 F3000 X114.463 Y111.346 E311.02402
G0 F9000 X114.463 Y110.574
G1 F3000 X112.679 Y111.052 E311.08544
G0 F9000 X114.463 Y108.064
G1 F3000 X112.678 Y106.279 E311.16941
G0 F9000 X112.68 Y104.84
G1 F3000 X114.462 Y104.363 E311.23076
G0 F9000 X114.463 Y99.579
G1 F3000 X112.678 Y97.794 E311.31472
G0 F9000 X112.68 Y98.628
G1 F3000 X116.223 Y97.679 E311.43672
G0 F9000 X117.901 Y98.516
G1 F3000 X118.125 Y97.678 E311.46557
G0 F9000 X121.049 Y97.679
G1 F3000 X121.886 Y98.516 E311.50494
G0 F9000 X114.716 Y98.768
G0 X112.678 Y114.764
G1 F3000 X114.463 Y116.549 E311.5889
G0 F9000 X114.462 Y116.786
G1 F3000 X112.679 Y117.264 E311.6503
G0 F9000 X114.716 Y136.232
G0 X117.427 Y136.483
G1 F3000 X118.262 Y137.319 E311.6896
G0 F9000 X119.927 Y137.32
G1 F3000 X120.151 Y136.483 E311.71841
G0 F9000 X120.151 Y136.604
;MESH:NONMESH
G0 F300 X120.151 Y136.604 Z6.6
G0 F9000 X114.544 Y136.404
;TIME_ELAPSED:528.811758
;LAYER:32
;TYPE:WALL-INNER
;MESH:screenholder-mount.obj
G1 F1500 X122.4 Y136.404 E311.97971
G1 X122.4 Y137.4 E312.01283
G1 X112.6 Y137.4 E312.33878
G1 X112.6 Y97.6 E313.66253
G1 X122.4 Y97.6 E313.98848
G1 X122.4 Y98.596 E314.02161
G1 X114.544 Y98.596 E314.2829
G1 X114.544 Y136.404 E315.5404
G0 F9000 X114.944 Y136.004
;TYPE:WALL-OUTER
G1 F1500 X122.8 Y136.004 E315.80169
G1 X122.8 Y137.8 E315.86143
G1 X112.2 Y137.8 E316.21399
G1 X112.2 Y97.2 E317.56435
G1 X122.8 Y97.2 E317.91691
G1 X122.8 Y98.996 E317.97664
G1 X114.944 Y98.996 E318.23793
G1 X114.944 Y136.004 E319.46882
G0 F9000 X114.463 Y135.566
;TYPE:FILL
G1 F3000 X112.679 Y136.045 E319.53026
G0 F9000 X113.569 Y137.32
G1 F3000 X114.463 Y133.983 E319.64516
G0 F9000 X114.464 Y133.321
G1 F3000 X112.678 Y131.536 E319.72915
G0 F9000 X112.679 Y129.833
G1 F3000 X114.462 Y129.355 E319.79055
G0 F9000 X114.464 Y124.836
G1 F3000 X112.678 Y123.05 E319.87455
G0 F9000 X112.68 Y123.621
G1 F3000 X114.463 Y123.143 E319.93595
G0 F9000 X112.679 Y117.459
G1 F3000 X114.463 Y110.801 E320.16521
G1 X114.462 Y110.72
G1 X112.679 Y111.198 E320.2266
G0 F9000 X112.678 Y114.565
G1 F3000 X114.463 Y116.35 E320.31057
G0 F9000 X114.462 Y116.932
G1 F3000 X112.68 Y117.409 E320.37192
G0 F9000 X114.463 Y107.864
G1 F3000 X112.678 Y106.08 E320.45586
G0 F9000 X112.68 Y104.986
G1 F3000 X114.462 Y104.509 E320.51722
G0 F9000 X114.463 Y99.379
G1 F3000 X112.763 Y97.679 E320.59718
G0 F9000 X112.68 Y98.774
G1 F3000 X116.768 Y97.679 E320.73794
G0 F9000 X117.979 Y97.678
G1 F3000 X117.755 Y98.516 E320.76679
G0 F9000 X121.249 Y97.679
G1 F3000 X122.085 Y98.516 E320.80614
G1 F2700 E315.80614
G0 F9000 X114.716 Y98.768
G0 X114.716 Y136.232
G0 X120.005 Y136.482
G1 F2700 E320.80614
G1 F3000 X119.781 Y137.319 E320.83495
G0 F9000 X118.462 Y137.319
G1 F3000 X117.626 Y136.483 E320.87428
G0 F9000 X117.626 Y136.604
;MESH:NONMESH
G0 F300 X117.626 Y136.604 Z6.8
G0 F9000 X114.544 Y136.404
;TIME_ELAPSED:543.806825
;LAYER:33
;TYPE:WALL-INNER
;MESH:screenholder-mount.obj
G1 F1500 X122.4 Y136.404 E321.13557
G1 X122.4 Y137.4 E321.1687
G1 X112.6 Y137.4 E321.49465
G1 X112.6 Y97.6 E322.8184
G1 X122.4 Y97.6 E323.14435
G1 X122.4 Y98.596 E323.17748
G1 X114.544 Y98.596 E323.43877
G1 X114.544 Y136.404 E324.69627
G0 F9000 X114.944 Y136.004
;TYPE:WALL-OUTER
G1 F1500 X122.8 Y136.004 E324.95756
G1 X122.8 Y137.8 E325.01729
G1 X112.2 Y137.8 E325.36985
G1 X112.2 Y97.2 E326.72021
G1 X122.8 Y97.2 E327.07277
G1 X122.8 Y98.996 E327.1325
G1 X114.944 Y98.996 E327.3938
G1 X114.944 Y136.004 E328.62469
G0 F9000 X114.463 Y135.713
;TYPE:FILL
G1 F3000 X112.679 Y136.192 E328.68612
G0 F9000 X113.422 Y137.32
G1 F3000 X114.463 Y133.435 E328.8199
G0 F9000 X114.464 Y133.12
G1 F3000 X112.678 Y131.335 E328.90388
G0 F9000 X112.679 Y129.98
G1 F3000 X114.462 Y129.502 E328.96528
G0 F9000 X114.464 Y124.635
G1 F3000 X112.678 Y122.849 E329.04929
G0 F9000 X112.68 Y123.768
G1 F3000 X114.463 Y123.29 E329.11068
G0 F9000 X112.68 Y117.556
G1 F3000 X114.462 Y117.079 E329.17204
G0 F9000 X114.463 Y116.149
G1 F3000 X112.678 Y114.364 E329.256
G0 F9000 X112.679 Y116.911
G1 F3000 X114.463 Y110.253 E329.48526
G0 F9000 X114.462 Y110.867
G1 F3000 X112.679 Y111.345 E329.54666
G0 F9000 X114.463 Y107.664
G1 F3000 X112.678 Y105.879 E329.63062
G0 F9000 X112.68 Y105.133
G1 F3000 X114.462 Y104.656 E329.69197
G0 F9000 X114.463 Y99.178
G1 F3000 X112.964 Y97.679 E329.76248
G0 F9000 X112.68 Y98.921
G1 F3000 X117.316 Y97.679 E329.92211
G0 F9000 X117.832 Y97.678
G1 F3000 X117.608 Y98.516 E329.95096
G0 F9000 X121.449 Y97.679
G1 F3000 X122.286 Y98.516 E329.99033
G1 F2700 E324.99033
G0 F9000 X114.716 Y98.768
G0 X114.716 Y136.232
G0 X119.858 Y136.482
G1 F2700 E329.99033
G1 F3000 X119.634 Y137.32 E330.01918
G0 F9000 X118.663 Y137.319
G1 F3000 X117.827 Y136.483 E330.05851
G0 F9000 X117.827 Y136.604
;MESH:NONMESH
G0 F300 X117.827 Y136.604 Z7
G0 F9000 X114.544 Y136.404
;TIME_ELAPSED:558.741430
;LAYER:34
;TYPE:WALL-INNER
;MESH:screenholder-mount.obj
G1 F1500 X122.4 Y136.404 E330.3198
G1 X122.4 Y137.4 E330.35293
G1 X112.6 Y137.4 E330.67888
G1 X112.6 Y97.6 E332.00263
G1 X122.4 Y97.6 E332.32858
G1 X122.4 Y98.596 E332.36171
G1 X114.544 Y98.596 E332.623
G1 X114.544 Y136.404 E333.8805
G0 F9000 X114.944 Y136.004
;TYPE:WALL-OUTER
G1 F1500 X122.8 Y136.004 E334.14179
G1 X122.8 Y137.8 E334.20152
G1 X112.2 Y137.8 E334.55408
G1 X112.2 Y97.2 E335.90444
G1 X122.8 Y97.2 E336.257
G1 X122.8 Y98.996 E336.31673
G1 X114.944 Y98.996 E336.57803
G1 X114.944 Y136.004 E337.80892
G0 F9000 X114.463 Y135.86
;TYPE:FILL
G1 F3000 X112.68 Y136.337 E337.87031
G0 F9000 X113.276 Y137.32
G1 F3000 X114.463 Y132.89 E338.02285
G1 X114.464 Y132.921
G1 X112.678 Y131.135 E338.10685
G0 F9000 X112.679 Y130.126
G1 F3000 X114.462 Y129.648 E338.16825
G0 F9000 X114.464 Y124.435
G1 F3000 X112.678 Y122.65 E338.25223
G0 F9000 X112.679 Y123.914
G1 F3000 X114.463 Y123.436 E338.31366
G0 F9000 X112.68 Y117.702
G1 F3000 X114.463 Y117.225 E338.37505
G0 F9000 X114.463 Y115.949
G1 F3000 X112.678 Y114.165 E338.45899
G0 F9000 X112.679 Y116.366
G1 F3000 X114.463 Y109.708 E338.68825
G0 F9000 X114.462 Y111.013
G1 F3000 X112.68 Y111.491 E338.74961
G0 F9000 X114.463 Y107.464
G1 F3000 X112.678 Y105.679 E338.83357
G0 F9000 X112.679 Y105.279
G1 F3000 X114.462 Y104.801 E338.89497
G0 F9000 X114.463 Y98.979
G1 F3000 X113.163 Y97.679 E338.95612
G0 F9000 X112.68 Y99.067
G1 F3000 X114.462 Y98.59 E339.01747
G0 F9000 X114.74 Y98.515
G1 F3000 X117.861 Y97.679 E339.12494
G1 X117.686 Y97.678
G1 X117.462 Y98.515 E339.15376
G0 F9000 X121.649 Y97.679
G1 F3000 X122.319 Y98.35 E339.1853
G1 F2700 E334.1853
G0 F9000 X114.716 Y98.768
G0 X114.716 Y136.232
G0 X119.712 Y136.482
G1 F2700 E339.1853
G1 F3000 X119.488 Y137.319 E339.21411
G0 F9000 X118.862 Y137.319
G1 F3000 X118.026 Y136.483 E339.25344
G0 F9000 X118.026 Y136.604
;MESH:NONMESH
G0 F300 X118.026 Y136.604 Z7.2
G0 F9000 X114.544 Y136.404
;TIME_ELAPSED:573.749103
;LAYER:35
;TYPE:WALL-INNER
;MESH:screenholder-mount.obj
G1 F1500 X122.4 Y136.404 E339.51473
G1 X122.4 Y137.4 E339.54786
G1 X112.6 Y137.4 E339.8738
G1 X112.6 Y97.6 E341.19756
G1 X122.4 Y97.6 E341.52351
G1 X122.4 Y98.596 E341.55663
G1 X114.544 Y98.596 E341.81793
G1 X114.544 Y136.404 E343.07543
G0 F9000 X114.944 Y136.004
;TYPE:WALL-OUTER
G1 F1500 X122.8 Y136.004 E343.33672
G1 X122.8 Y137.8 E343.39645
G1 X112.2 Y137.8 E343.74901
G1 X112.2 Y97.2 E345.09937
G1 X122.8 Y97.2 E345.45193
G1 X122.8 Y98.996 E345.51166
G1 X114.944 Y98.996 E345.77296
G1 X114.944 Y136.004 E347.00385
G0 F9000 X114.463 Y136.007
;TYPE:FILL
G1 F3000 X112.679 Y136.485 E347.06528
G0 F9000 X113.129 Y137.32
G1 F3000 X114.463 Y132.341 E347.23672
G0 F9000 X114.464 Y132.72
G1 F3000 X112.678 Y130.934 E347.32073
G0 F9000 X112.679 Y130.273
G1 F3000 X114.462 Y129.795 E347.38212
G0 F9000 X114.464 Y124.235
G1 F3000 X112.678 Y122.449 E347.46613
G0 F9000 X112.679 Y124.061
G1 F3000 X114.463 Y123.583 E347.52756
G0 F9000 X112.68 Y117.849
G1 F3000 X114.462 Y117.372 E347.58892
G0 F9000 X114.463 Y115.749
G1 F3000 X112.678 Y113.964 E347.67288
G0 F9000 X112.679 Y115.818
G1 F3000 X114.463 Y109.159 E347.90217
G0 F9000 X114.463 Y107.263
G1 F3000 X112.678 Y105.479 E347.9861
G1 X112.679 Y105.426
G1 X114.462 Y104.948 E348.0475
G0 F9000 X112.68 Y99.214
G1 F3000 X114.462 Y98.737 E348.10886
G1 X114.463 Y98.778
G1 X113.364 Y97.679 E348.16055
G0 F9000 X115.289 Y98.515
G1 F3000 X118.41 Y97.679 E348.26802
G0 F9000 X117.539 Y97.678
G1 F3000 X117.315 Y98.515 E348.29683
G0 F9000 X121.85 Y97.679
G1 F3000 X122.319 Y98.149 E348.31892
G0 F9000 X114.716 Y98.768
G0 X114.462 Y111.16
G1 F3000 X112.68 Y111.638 E348.38028
G0 F9000 X114.716 Y136.232
G0 X118.227 Y136.483
G1 F3000 X119.063 Y137.319 E348.41961
G0 F9000 X119.341 Y137.319
G1 F3000 X119.565 Y136.482 E348.44842
G0 F9000 X119.565 Y136.604
;MESH:NONMESH
G0 F300 X119.565 Y136.604 Z7.4
G0 F9000 X114.544 Y136.404
;TIME_ELAPSED:588.443901
;LAYER:36
;TYPE:WALL-INNER
;MESH:screenholder-mount.obj
G1 F1500 X122.4 Y136.404 E348.70972
G1 X122.4 Y137.4 E348.74284
G1 X112.6 Y137.4 E349.06879
G1 X112.6 Y97.6 E350.39255
G1 X122.4 Y97.6 E350.71849
G1 X122.4 Y98.596 E350.75162
G1 X114.544 Y98.596 E351.01291
G1 X114.544 Y136.404 E352.27041
G0 F9000 X114.944 Y136.004
;TYPE:WALL-OUTER
G1 F1500 X122.8 Y136.004 E352.5317
G1 X122.8 Y137.8 E352.59144
G1 X112.2 Y137.8 E352.944
G1 X112.2 Y97.2 E354.29436
G1 X122.8 Y97.2 E354.64692
G1 X122.8 Y98.996 E354.70665
G1 X114.944 Y98.996 E354.96794
G1 X114.944 Y136.004 E356.19883
G0 F9000 X114.463 Y136.153
;TYPE:FILL
G1 F3000 X112.68 Y136.63 E356.26022
G0 F9000 X112.983 Y137.32
G1 F3000 X114.463 Y131.797 E356.4504
G0 F9000 X114.464 Y132.521
G1 F3000 X112.678 Y130.735 E356.53441
G0 F9000 X112.679 Y130.419
G1 F3000 X114.463 Y129.941 E356.59584
G0 F9000 X114.464 Y124.035
G1 F3000 X112.678 Y122.25 E356.67982
G0 F9000 X112.679 Y124.207
G1 F3000 X114.462 Y123.729 E356.74122
G0 F9000 X112.68 Y117.995
G1 F3000 X114.463 Y117.518 E356.80261
G0 F9000 X114.463 Y115.549
G1 F3000 X112.678 Y113.764 E356.88657
G0 F9000 X112.679 Y115.273
G1 F3000 X114.463 Y108.615 E357.11582
G0 F9000 X114.463 Y107.064
G1 F3000 X112.678 Y105.279 E357.19979
G0 F9000 X112.68 Y105.572
G1 F3000 X114.462 Y105.094 E357.26115
G0 F9000 X114.462 Y111.306
G1 F3000 X112.68 Y111.784 E357.32251
G0 F9000 X112.679 Y99.36
G1 F3000 X114.462 Y98.883 E357.3839
G0 F9000 X114.463 Y98.579
G1 F3000 X113.564 Y97.679 E357.42621
G0 F9000 X115.834 Y98.515
G1 F3000 X118.954 Y97.679 E357.53365
G0 F9000 X117.394 Y97.678
G1 F3000 X117.169 Y98.515 E357.56247
G0 F9000 X122.049 Y97.679
G1 F3000 X122.319 Y97.949 E357.57517
G1 F2700 E352.57517
G0 F9000 X114.716 Y98.768
G0 X114.716 Y136.232
G0 X119.419 Y136.482
G1 F2700 E357.57517
G1 F3000 X119.195 Y137.32 E357.60402
G1 X119.262 Y137.319
G1 X118.426 Y136.483 E357.64335
G0 F9000 X118.426 Y136.604
;MESH:NONMESH
G0 F300 X118.426 Y136.604 Z7.6
G0 F9000 X114.544 Y136.404
;TIME_ELAPSED:603.683381
;LAYER:37
;TYPE:WALL-INNER
;MESH:screenholder-mount.obj
G1 F1500 X122.4 Y136.404 E357.90464
G1 X122.4 Y137.4 E357.93776
G1 X112.6 Y137.4 E358.26371
G1 X112.6 Y97.6 E359.58747
G1 X122.4 Y97.6 E359.91342
G1 X122.4 Y98.596 E359.94654
G1 X114.544 Y98.596 E360.20783
G1 X114.544 Y136.404 E361.46533
G0 F9000 X114.944 Y136.004
;TYPE:WALL-OUTER
G1 F1500 X122.8 Y136.004 E361.72663
G1 X122.8 Y137.8 E361.78636
G1 X112.2 Y137.8 E362.13892
G1 X112.2 Y97.2 E363.48928
G1 X122.8 Y97.2 E363.84184
G1 X122.8 Y98.996 E363.90157
G1 X114.944 Y98.996 E364.16286
G1 X114.944 Y136.004 E365.39376
G0 F9000 X114.463 Y136.3
;TYPE:FILL
G1 F3000 X112.68 Y136.777 E365.45514
G0 F9000 X112.836 Y137.32
G1 F3000 X114.463 Y131.248 E365.66422
G0 F9000 X114.464 Y132.32
G1 F3000 X112.678 Y130.534 E365.74823
G1 X112.679 Y130.566
G1 X114.462 Y130.088 E365.80963
G0 F9000 X112.679 Y124.354
G1 F3000 X114.462 Y123.876 E365.87103
G1 X114.464 Y123.834
G1 X112.678 Y122.049 E365.95501
G0 F9000 X112.68 Y118.142
G1 F3000 X114.463 Y117.665 E366.0164
G0 F9000 X114.463 Y115.348
G1 F3000 X112.678 Y113.564 E366.10034
G0 F9000 X112.679 Y114.724
G1 F3000 X114.463 Y108.066 E366.32959
G0 F9000 X114.463 Y106.863
G1 F3000 X112.678 Y105.078 E366.41355
G0 F9000 X112.68 Y105.719
G1 F3000 X114.462 Y105.241 E366.47492
G0 F9000 X114.462 Y111.453
G1 F3000 X112.68 Y111.931 E366.53628
G0 F9000 X112.68 Y99.507
G1 F3000 X114.462 Y99.03 E366.59764
G0 F9000 X114.601 Y98.516
G1 F3000 X113.764 Y97.679 E366.63701
G0 F9000 X116.383 Y98.515
G1 F3000 X119.503 Y97.679 E366.74444
G0 F9000 X117.247 Y97.678
G1 F3000 X117.022 Y98.515 E366.77327
G0 F9000 X122.25 Y97.679
G1 F3000 X122.319 Y97.749 E366.77654
G1 F2700 E361.77654
G0 F9000 X114.716 Y98.768
G0 X114.716 Y136.232
G0 X119.272 Y136.482
G1 F2700 E366.77654
G1 F3000 X119.048 Y137.32 E366.80539
G0 F9000 X119.463 Y137.319
G1 F3000 X118.627 Y136.483 E366.84471
G0 F9000 X118.627 Y136.604
;MESH:NONMESH
G0 F300 X118.627 Y136.604 Z7.8
G0 F9000 X114.544 Y136.404
;TIME_ELAPSED:618.826562
;LAYER:38
;TYPE:WALL-INNER
;MESH:screenholder-mount.obj
G1 F1500 X122.4 Y136.404 E367.106
G1 X122.4 Y137.4 E367.13913
G1 X112.6 Y137.4 E367.46508
G1 X112.6 Y97.6 E368.78883
G1 X122.4 Y97.6 E369.11478
G1 X122.4 Y98.596 E369.14791
G1 X114.544 Y98.596 E369.4092
G1 X114.544 Y136.404 E370.6667
G0 F9000 X114.944 Y136.004
;TYPE:WALL-OUTER
G1 F1500 X122.8 Y136.004 E370.92799
G1 X122.8 Y137.8 E370.98773
G1 X112.2 Y137.8 E371.34028
G1 X112.2 Y97.2 E372.69065
G1 X122.8 Y97.2 E373.0432
G1 X122.8 Y98.996 E373.10294
G1 X114.944 Y98.996 E373.36423
G1 X114.944 Y136.004 E374.59512
G0 F9000 X114.463 Y136.446
;TYPE:FILL
G1 F3000 X112.679 Y136.923 E374.65654
G0 F9000 X112.69 Y137.32
G1 F3000 X114.463 Y130.703 E374.88439
G0 F9000 X114.463 Y130.234
G1 F3000 X112.68 Y130.712 E374.94578
G0 F9000 X112.678 Y130.335
G1 F3000 X114.464 Y132.12 E375.02977
G0 F9000 X114.716 Y136.232
G0 X118.827 Y136.483
G1 F3000 X119.662 Y137.319 E375.06907
G0 F9000 X118.902 Y137.32
G1 F3000 X119.126 Y136.482 E375.09792
G0 F9000 X114.716 Y136.232
G0 X114.462 Y124.022
G1 F3000 X112.679 Y124.5 E375.15932
G0 F9000 X114.464 Y123.635
G1 F3000 X112.678 Y121.85 E375.2433
G0 F9000 X112.679 Y118.288
G1 F3000 X114.462 Y117.811 E375.30469
G0 F9000 X114.463 Y115.149
G1 F3000 X112.678 Y113.364 E375.38865
G0 F9000 X112.679 Y114.18
G1 F3000 X114.463 Y107.522 E375.61791
G0 F9000 X114.463 Y106.664
G1 F3000 X112.678 Y104.879 E375.70187
G0 F9000 X112.68 Y105.865
G1 F3000 X114.462 Y105.387 E375.76323
G0 F9000 X114.462 Y111.599
G1 F3000 X112.68 Y112.077 E375.8246
G0 F9000 X112.679 Y99.653
G1 F3000 X114.462 Y99.176 E375.88599
G0 F9000 X114.8 Y98.516
G1 F3000 X113.964 Y97.679 E375.92533
G0 F9000 X116.876 Y98.515
G1 F3000 X117.101 Y97.678 E375.95416
G0 F9000 X116.927 Y98.515
G1 F3000 X120.047 Y97.679 E376.06159
G0 F9000 X120.047 Y97.8
G1 F2700 E371.06159
;MESH:NONMESH
G0 F300 X120.047 Y97.8 Z8
G0 F9000 X114.716 Y98.768
G0 X114.544 Y136.404
;TIME_ELAPSED:633.889698
;LAYER:39
;TYPE:WALL-INNER
;MESH:screenholder-mount.obj
G1 F2700 E376.06159
G1 F1500 X122.4 Y136.404 E376.32288
G1 X122.4 Y137.4 E376.35601
G1 X112.6 Y137.4 E376.68196
G1 X112.6 Y97.6 E378.00571
G1 X122.4 Y97.6 E378.33166
G1 X122.4 Y98.596 E378.36479
G1 X114.544 Y98.596 E378.62608
G1 X114.544 Y136.404 E379.88358
G0 F9000 X114.944 Y136.004
;TYPE:WALL-OUTER
G1 F1500 X122.8 Y136.004 E380.14487
G1 X122.8 Y137.8 E380.20461
G1 X112.2 Y137.8 E380.55716
G1 X112.2 Y97.2 E381.90753
G1 X122.8 Y97.2 E382.26008
G1 X122.8 Y98.996 E382.31982
G1 X114.944 Y98.996 E382.58111
G1 X114.944 Y136.004 E383.812
G0 F9000 X114.869 Y136.483
;TYPE:FILL
G1 F3000 X112.679 Y137.069 E383.8874
G0 F9000 X112.679 Y136.816
G1 F3000 X114.463 Y130.158 E384.11666
G0 F9000 X114.463 Y130.38
G1 F3000 X112.68 Y130.858 E384.17806
G0 F9000 X112.678 Y130.135
G1 F3000 X114.464 Y131.921 E384.26207
G0 F9000 X114.716 Y136.232
G0 X118.98 Y136.483
G1 F3000 X118.756 Y137.32 E384.29088
G0 F9000 X119.026 Y136.483
G1 F3000 X119.862 Y137.319 E384.33021
G0 F9000 X114.716 Y136.232
G0 X114.463 Y124.168
G1 F3000 X112.68 Y124.646 E384.3916
G0 F9000 X114.464 Y123.436
G1 F3000 X112.678 Y121.65 E384.47561
G0 F9000 X112.679 Y118.434
G1 F3000 X114.462 Y117.957 E384.537
G0 F9000 X114.463 Y114.95
G1 F3000 X112.678 Y113.165 E384.62096
G0 F9000 X112.679 Y113.635
G1 F3000 X114.463 Y106.976 E384.85025
G0 F9000 X114.463 Y106.464
G1 F3000 X112.678 Y104.68 E384.93419
G0 F9000 X112.68 Y106.011
G1 F3000 X114.462 Y105.533 E384.99555
G0 F9000 X114.463 Y111.745
G1 F3000 X112.679 Y112.223 E385.05698
G0 F9000 X112.68 Y99.799
G1 F3000 X114.462 Y99.322 E385.11834
G0 F9000 X115 Y98.516
G1 F3000 X114.163 Y97.679 E385.15771
G0 F9000 X116.73 Y98.515
G1 F3000 X116.955 Y97.678 E385.18654
G0 F9000 X117.472 Y98.515
G1 F3000 X120.592 Y97.679 E385.29397
G0 F9000 X120.592 Y97.8
G1 F2700 E380.29397
;MESH:NONMESH
G0 F300 X120.592 Y97.8 Z8.2
G0 F9000 X114.716 Y98.768
G0 X114.544 Y136.404
;TIME_ELAPSED:649.189666
;LAYER:40
;TYPE:WALL-INNER
;MESH:screenholder-mount.obj
G1 F2700 E385.29397
G1 F1500 X122.4 Y136.404 E385.55526
G1 X122.4 Y137.4 E385.58839
G1 X112.6 Y137.4 E385.91434
G1 X112.6 Y97.6 E387.23809
G1 X122.4 Y97.6 E387.56404
G1 X122.4 Y98.596 E387.59717
G1 X114.544 Y98.596 E387.85846
G1 X114.544 Y136.404 E389.11596
G0 F9000 X114.944 Y136.004
;TYPE:WALL-OUTER
G1 F1500 X122.8 Y136.004 E389.37725
G1 X122.8 Y137.8 E389.43698
G1 X112.2 Y137.8 E389.78954
G1 X112.2 Y97.2 E391.1399
G1 X122.8 Y97.2 E391.49246
G1 X122.8 Y98.996 E391.5522
G1 X114.944 Y98.996 E391.81349
G1 X114.944 Y136.004 E393.04438
G0 F9000 X115.418 Y136.483
;TYPE:FILL
G1 F3000 X112.679 Y137.216 E393.13868
G0 F9000 X112.679 Y136.267
G1 F3000 X114.463 Y129.609 E393.36794
G0 F9000 X114.463 Y130.527
G1 F3000 X112.68 Y131.005 E393.42934
G0 F9000 X112.678 Y129.935
G1 F3000 X114.464 Y131.72 E393.51332
G0 F9000 X114.716 Y136.232
G0 X118.833 Y136.482
G1 F3000 X118.609 Y137.32 E393.54217
G0 F9000 X119.227 Y136.483
G1 F3000 X120.063 Y137.319 E393.5815
G0 F9000 X114.716 Y136.232
G0 X114.462 Y124.315
G1 F3000 X112.68 Y124.793 E393.64286
G0 F9000 X114.464 Y123.235
G1 F3000 X112.678 Y121.449 E393.72687
G0 F9000 X112.679 Y118.581
G1 F3000 X114.462 Y118.104 E393.78826
G0 F9000 X114.463 Y114.749
G1 F3000 X112.678 Y112.964 E393.87222
G1 X112.679 Y113.086
G1 X114.463 Y106.428 E394.10148
G1 X114.463 Y106.264
G1 X112.678 Y104.479 E394.18544
G0 F9000 X112.68 Y106.158
G1 F3000 X114.462 Y105.68 E394.2468
G0 F9000 X114.463 Y111.892
G1 F3000 X112.68 Y112.37 E394.3082
G0 F9000 X112.68 Y99.946
G1 F3000 X114.462 Y99.469 E394.36955
G0 F9000 X114.716 Y98.768
G0 X115.201 Y98.516
G1 F3000 X114.364 Y97.679 E394.40892
G0 F9000 X116.583 Y98.515
G1 F3000 X116.808 Y97.678 E394.43775
G0 F9000 X118.022 Y98.515
G1 F3000 X121.141 Y97.679 E394.54515
G0 F9000 X121.141 Y97.8
G1 F2700 E389.54515
;MESH:NONMESH
G0 F300 X121.141 Y97.8 Z8.4
G0 F9000 X114.716 Y98.768
G0 X114.544 Y136.404
;TIME_ELAPSED:664.605897
;LAYER:41
;TYPE:WALL-INNER
;MESH:screenholder-mount.obj
G1 F2700 E394.54515
G1 F1500 X122.4 Y136.404 E394.80644
G1 X122.4 Y137.4 E394.83957
G1 X112.6 Y137.4 E395.16552
G1 X112.6 Y97.6 E396.48927
G1 X122.4 Y97.6 E396.81522
G1 X122.4 Y98.596 E396.84835
G1 X114.544 Y98.596 E397.10964
G1 X114.544 Y136.404 E398.36714
G0 F9000 X114.944 Y136.004
;TYPE:WALL-OUTER
G1 F1500 X122.8 Y136.004 E398.62843
G1 X122.8 Y137.8 E398.68817
G1 X112.2 Y137.8 E399.04072
G1 X112.2 Y97.2 E400.39109
G1 X122.8 Y97.2 E400.74364
G1 X122.8 Y98.996 E400.80338
G1 X114.944 Y98.996 E401.06467
G1 X114.944 Y136.004 E402.29556
G0 F9000 X114.644 Y136.004
G0 X115.962 Y136.483
;TYPE:FILL
G1 F3000 X112.84 Y137.319 E402.40306
G0 F9000 X112.679 Y135.723
G1 F3000 X114.463 Y129.065 E402.63232
G0 F9000 X114.462 Y130.673
G1 F3000 X112.679 Y131.151 E402.69371
G0 F9000 X112.678 Y129.735
G1 F3000 X114.464 Y131.521 E402.77772
G0 F9000 X114.716 Y136.232
G0 X118.687 Y136.482
G1 F3000 X118.463 Y137.32 E402.80657
G0 F9000 X119.426 Y136.483
G1 F3000 X120.262 Y137.319 E402.84589
G0 F9000 X114.716 Y136.232
G0 X114.463 Y124.461
G1 F3000 X112.68 Y124.939 E402.90729
G0 F9000 X114.464 Y123.035
G1 F3000 X112.678 Y121.25 E402.99127
G0 F9000 X112.68 Y118.727
G1 F3000 X114.462 Y118.25 E403.05263
G0 F9000 X114.463 Y114.549
G1 F3000 X112.678 Y112.765 E403.13657
G0 F9000 X112.679 Y112.541
G1 F3000 X114.463 Y105.883 E403.36583
G1 X114.462 Y105.826
G1 X112.68 Y106.304 E403.42719
G0 F9000 X114.463 Y106.064
G1 F3000 X112.678 Y104.279 E403.51115
G0 F9000 X112.68 Y100.092
G1 F3000 X114.462 Y99.615 E403.57251
G0 F9000 X114.716 Y98.768
G0 X115.4 Y98.516
G1 F3000 X114.564 Y97.679 E403.61185
G0 F9000 X116.437 Y98.516
G1 F3000 X116.662 Y97.678 E403.64071
G0 F9000 X118.566 Y98.515
G1 F3000 X121.685 Y97.679 E403.74811
G0 F9000 X114.716 Y98.768
G0 X114.462 Y112.038
G1 F3000 X112.679 Y112.516 E403.80951
G0 F9000 X112.8 Y112.516
;MESH:NONMESH
G0 F300 X112.8 Y112.516 Z8.6
G0 F9000 X114.544 Y136.404
;TIME_ELAPSED:679.907835
;LAYER:42
;TYPE:WALL-INNER
;MESH:screenholder-mount.obj
G1 F1500 X122.4 Y136.404 E404.0708
G1 X122.4 Y137.4 E404.10393
G1 X112.6 Y137.4 E404.42988
G1 X112.6 Y97.6 E405.75363
G1 X122.4 Y97.6 E406.07958
G1 X122.4 Y98.596 E406.11271
G1 X114.544 Y98.596 E406.374
G1 X114.544 Y136.404 E407.6315
G0 F9000 X114.944 Y136.004
;TYPE:WALL-OUTER
G1 F1500 X122.8 Y136.004 E407.89279
G1 X122.8 Y137.8 E407.95253
G1 X112.2 Y137.8 E408.30508
G1 X112.2 Y97.2 E409.65545
G1 X122.8 Y97.2 E410.008
G1 X122.8 Y98.996 E410.06774
G1 X114.944 Y98.996 E410.32903
G1 X114.944 Y136.004 E411.55992
G0 F9000 X114.644 Y136.004
G0 X116.511 Y136.483
;TYPE:FILL
G1 F3000 X113.389 Y137.319 E411.66742
G0 F9000 X112.679 Y135.174
G1 F3000 X114.463 Y128.516 E411.89667
G0 F9000 X112.678 Y129.534
G1 F3000 X114.464 Y131.32 E411.98068
G0 F9000 X114.463 Y130.82
G1 F3000 X112.679 Y131.298 E412.04211
G0 F9000 X112.68 Y125.086
G1 F3000 X114.463 Y124.608 E412.10351
G0 F9000 X114.464 Y122.835
G1 F3000 X112.678 Y121.049 E412.18752
G0 F9000 X112.68 Y118.874
G1 F3000 X114.462 Y118.397 E412.24887
G0 F9000 X114.463 Y114.349
G1 F3000 X112.678 Y112.564 E412.33283
G1 X112.679 Y112.663
G1 X114.462 Y112.185 E412.39423
G0 F9000 X112.679 Y111.992
G1 F3000 X114.463 Y105.334 E412.62349
G0 F9000 X114.463 Y105.863
G1 F3000 X112.678 Y104.079 E412.70743
G0 F9000 X112.68 Y106.451
G1 F3000 X114.462 Y105.973 E412.76879
G0 F9000 X112.68 Y100.239
G1 F3000 X114.462 Y99.762 E412.83015
G0 F9000 X114.716 Y98.768
G0 X115.601 Y98.516
G1 F3000 X114.764 Y97.679 E412.86952
G0 F9000 X116.29 Y98.516
G1 F3000 X116.515 Y97.678 E412.89838
G0 F9000 X119.115 Y98.515
G1 F3000 X122.234 Y97.679 E413.00578
G1 F2700 E408.00578
G0 F9000 X114.716 Y98.768
G0 X114.716 Y136.232
G0 X119.627 Y136.483
G1 F2700 E413.00578
G1 F3000 X120.463 Y137.319 E413.0451
G0 F9000 X118.54 Y136.482
G1 F3000 X118.316 Y137.32 E413.07395
G0 F9000 X118.316 Y137.2
;MESH:NONMESH
G0 F300 X118.316 Y137.2 Z8.8
G0 F9000 X114.544 Y136.404
;TIME_ELAPSED:695.172596
;LAYER:43
;TYPE:WALL-INNER
;MESH:screenholder-mount.obj
G1 F1500 X122.4 Y136.404 E413.33524
G1 X122.4 Y137.4 E413.36837
G1 X112.6 Y137.4 E413.69432
G1 X112.6 Y97.6 E415.01807
G1 X122.4 Y97.6 E415.34402
G1 X122.4 Y98.596 E415.37715
G1 X114.544 Y98.596 E415.63844
G1 X114.544 Y136.404 E416.89594
G0 F9000 X114.944 Y136.004
;TYPE:WALL-OUTER
G1 F1500 X122.8 Y136.004 E417.15723
G1 X122.8 Y137.8 E417.21696
G1 X112.2 Y137.8 E417.56952
G1 X112.2 Y97.2 E418.91988
G1 X122.8 Y97.2 E419.27244
G1 X122.8 Y98.996 E419.33218
G1 X114.944 Y98.996 E419.59347
G1 X114.944 Y136.004 E420.82436
G0 F9000 X114.644 Y136.004
G0 X113.934 Y137.319
;TYPE:FILL
G1 F3000 X117.056 Y136.483 E420.93186
G0 F9000 X118.394 Y136.482
G1 F3000 X118.17 Y137.319 E420.96067
G0 F9000 X119.827 Y136.483
G1 F3000 X120.662 Y137.319 E420.99997
G0 F9000 X114.716 Y136.232
G0 X112.679 Y134.63
G1 F3000 X114.463 Y127.971 E421.22926
G0 F9000 X112.678 Y129.335
G1 F3000 X114.464 Y131.12 E421.31325
G1 X114.462 Y130.966
G1 X112.679 Y131.444 E421.37464
G0 F9000 X112.68 Y125.232
G1 F3000 X114.463 Y124.754 E421.43604
G0 F9000 X114.464 Y122.635
G1 F3000 X112.678 Y120.85 E421.52003
G0 F9000 X112.68 Y119.02
G1 F3000 X114.462 Y118.543 E421.58138
G0 F9000 X114.463 Y114.149
G1 F3000 X112.678 Y112.364 E421.66534
G0 F9000 X112.68 Y112.808
G1 F3000 X114.462 Y112.331 E421.7267
G0 F9000 X112.679 Y111.448
G1 F3000 X114.463 Y104.789 E421.95599
G0 F9000 X114.463 Y105.664
G1 F3000 X112.678 Y103.879 E422.03995
G0 F9000 X112.679 Y106.597
G1 F3000 X114.463 Y106.119 E422.10138
G0 F9000 X112.68 Y100.385
G1 F3000 X114.462 Y99.908 E422.16274
G0 F9000 X114.716 Y98.768
G0 X115.8 Y98.516
G1 F3000 X114.964 Y97.679 E422.20208
G0 F9000 X116.369 Y97.678
G1 F3000 X116.144 Y98.515 E422.23091
G0 F9000 X119.66 Y98.515
G1 F3000 X122.319 Y97.803 E422.32246
G0 F9000 X122.2 Y97.803
G1 F2700 E417.32246
;MESH:NONMESH
G0 F300 X122.2 Y97.803 Z9
G0 F9000 X114.716 Y98.768
G0 X114.544 Y136.404
;TIME_ELAPSED:710.206581
;LAYER:44
;TYPE:WALL-INNER
;MESH:screenholder-mount.obj
G1 F2700 E422.32246
G1 F1500 X122.4 Y136.404 E422.58375
G1 X122.4 Y137.4 E422.61688
G1 X112.6 Y137.4 E422.94283
G1 X112.6 Y97.6 E424.26658
G1 X122.4 Y97.6 E424.59253
G1 X122.4 Y98.596 E424.62566
G1 X114.544 Y98.596 E424.88695
G1 X114.544 Y136.404 E426.14445
G0 F9000 X114.944 Y136.004
;TYPE:WALL-OUTER
G1 F1500 X122.8 Y136.004 E426.40574
G1 X122.8 Y137.8 E426.46548
G1 X112.2 Y137.8 E426.81804
G1 X112.2 Y97.2 E428.1684
G1 X122.8 Y97.2 E428.52095
G1 X122.8 Y98.996 E428.58069
G1 X114.944 Y98.996 E428.84198
G1 X114.944 Y136.004 E430.07287
G0 F9000 X114.644 Y136.004
G0 X114.479 Y137.319
;TYPE:FILL
G1 F3000 X117.6 Y136.483 E430.18034
G0 F9000 X118.248 Y136.482
G1 F3000 X118.024 Y137.32 E430.20919
G0 F9000 X120.026 Y136.483
G1 F3000 X120.862 Y137.319 E430.24851
G0 F9000 X114.716 Y136.232
G0 X112.679 Y134.085
G1 F3000 X114.463 Y127.427 E430.47777
G0 F9000 X112.678 Y129.136
G1 F3000 X114.464 Y130.921 E430.56175
G1 X114.463 Y131.112
G1 X112.679 Y131.59 E430.62318
G0 F9000 X112.679 Y125.378
G1 F3000 X114.462 Y124.9 E430.68458
G0 F9000 X114.464 Y122.436
G1 F3000 X112.678 Y120.65 E430.76859
G0 F9000 X112.68 Y119.166
G1 F3000 X114.463 Y118.688 E430.82998
G0 F9000 X114.463 Y113.95
G1 F3000 X112.678 Y112.165 E430.91394
G0 F9000 X112.68 Y112.955
G1 F3000 X114.462 Y112.477 E430.97531
G0 F9000 X112.679 Y110.903
G1 F3000 X114.463 Y104.245 E431.20457
G0 F9000 X114.463 Y105.464
G1 F3000 X112.678 Y103.68 E431.2885
G0 F9000 X112.679 Y106.743
G1 F3000 X114.462 Y106.265 E431.3499
G0 F9000 X112.68 Y100.531
G1 F3000 X114.462 Y100.054 E431.41126
G0 F9000 X114.69 Y98.897
G0 X115.163 Y97.679
G1 F3000 X116 Y98.516 E431.45063
G1 X115.998 Y98.515
G1 X116.223 Y97.678 E431.47945
G0 F9000 X120.205 Y98.515
G1 F3000 X122.318 Y97.949 E431.55221
G1 X122.319 Y98.109
G1 X122.21 Y98.516 E431.56622
G0 F9000 X122.2 Y98.396
G1 F2700 E426.56622
;MESH:NONMESH
G0 F300 X122.2 Y98.396 Z9.2
G0 F9000 X114.716 Y98.768
G0 X114.544 Y136.404
;TIME_ELAPSED:725.420693
;LAYER:45
;TYPE:WALL-INNER
;MESH:screenholder-mount.obj
G1 F2700 E431.56622
G1 F1500 X122.4 Y136.404 E431.82752
G1 X122.4 Y137.4 E431.86064
G1 X112.6 Y137.4 E432.18659
G1 X112.6 Y97.6 E433.51035
G1 X122.4 Y97.6 E433.8363
G1 X122.4 Y98.596 E433.86942
G1 X114.544 Y98.596 E434.13071
G1 X114.544 Y136.404 E435.38821
G0 F9000 X114.944 Y136.004
;TYPE:WALL-OUTER
G1 F1500 X122.8 Y136.004 E435.64951
G1 X122.8 Y137.8 E435.70924
G1 X112.2 Y137.8 E436.0618
G1 X112.2 Y97.2 E437.41216
G1 X122.8 Y97.2 E437.76472
G1 X122.8 Y98.996 E437.82445
G1 X114.944 Y98.996 E438.08574
G1 X114.944 Y136.004 E439.31663
G0 F9000 X114.644 Y136.004
G0 X115.028 Y137.319
;TYPE:FILL
G1 F3000 X118.148 Y136.483 E439.42407
G1 X118.101 Y136.482
G1 X117.877 Y137.32 E439.45292
G0 F9000 X120.227 Y136.483
G1 F3000 X121.063 Y137.319 E439.49224
G0 F9000 X114.716 Y136.232
G0 X114.462 Y131.259
G1 F3000 X112.679 Y131.737 E439.55364
G0 F9000 X112.679 Y133.536
G1 F3000 X114.463 Y126.878 E439.78289
G0 F9000 X114.462 Y125.047
G1 F3000 X112.679 Y125.525 E439.84429
G0 F9000 X112.678 Y128.935
G1 F3000 X114.464 Y130.72 E439.92828
G0 F9000 X114.464 Y122.235
G1 F3000 X112.678 Y120.449 E440.01228
G0 F9000 X112.68 Y119.313
G1 F3000 X114.463 Y118.835 E440.07368
G0 F9000 X114.463 Y113.749
G1 F3000 X112.678 Y111.964 E440.15764
G0 F9000 X112.68 Y113.102
G1 F3000 X114.462 Y112.624 E440.21901
G0 F9000 X112.679 Y110.354
G1 F3000 X114.463 Y103.696 E440.44826
G0 F9000 X114.463 Y105.264
G1 F3000 X112.678 Y103.479 E440.53223
G0 F9000 X112.68 Y100.678
G1 F3000 X114.462 Y100.201 E440.59358
G0 F9000 X114.716 Y98.768
G0 X115.851 Y98.515
G1 F3000 X116.076 Y97.678 E440.62241
G0 F9000 X115.364 Y97.679
G1 F3000 X116.2 Y98.516 E440.66176
G0 F9000 X120.754 Y98.515
G1 F3000 X122.319 Y98.096 E440.71564
G0 F9000 X122.287 Y97.678
G1 F3000 X122.063 Y98.516 E440.74449
G0 F9000 X114.716 Y98.768
G0 X114.462 Y106.412
G1 F3000 X112.679 Y106.89 E440.80589
G0 F9000 X112.8 Y106.89
;MESH:NONMESH
G0 F300 X112.8 Y106.89 Z9.4
G0 F9000 X114.544 Y136.404
;TIME_ELAPSED:740.715324
;LAYER:46
;TYPE:WALL-INNER
;MESH:screenholder-mount.obj
G1 F1500 X122.4 Y136.404 E441.06718
G1 X122.4 Y137.4 E441.10031
G1 X112.6 Y137.4 E441.42626
G1 X112.6 Y97.6 E442.75001
G1 X122.4 Y97.6 E443.07596
G1 X122.4 Y98.596 E443.10909
G1 X114.544 Y98.596 E443.37038
G1 X114.544 Y136.404 E444.62788
G0 F9000 X114.944 Y136.004
;TYPE:WALL-OUTER
G1 F1500 X122.8 Y136.004 E444.88917
G1 X122.8 Y137.8 E444.9489
G1 X112.2 Y137.8 E445.30146
G1 X112.2 Y97.2 E446.65182
G1 X122.8 Y97.2 E447.00438
G1 X122.8 Y98.996 E447.06411
G1 X114.944 Y98.996 E447.32541
G1 X114.944 Y136.004 E448.5563
G0 F9000 X114.644 Y136.004
G0 X115.572 Y137.319
;TYPE:FILL
G1 F3000 X118.692 Y136.483 E448.66373
G0 F9000 X117.955 Y136.482
G1 F3000 X117.731 Y137.32 E448.69258
G0 F9000 X120.426 Y136.483
G1 F3000 X121.262 Y137.319 E448.7319
G0 F9000 X112.777 Y137.319
G1 F3000 X112.678 Y137.221 E448.73654
G0 F9000 X112.679 Y132.992
G1 F3000 X114.463 Y126.334 E448.96579
G0 F9000 X114.462 Y125.193
G1 F3000 X112.679 Y125.671 E449.02719
G0 F9000 X112.678 Y128.735
G1 F3000 X114.464 Y130.521 E449.1112
G0 F9000 X114.463 Y131.405
G1 F3000 X112.68 Y131.882 E449.17259
G0 F9000 X114.464 Y122.036
G1 F3000 X112.678 Y120.25 E449.2566
G0 F9000 X112.679 Y119.459
G1 F3000 X114.463 Y118.981 E449.31802
G0 F9000 X114.463 Y113.55
G1 F3000 X112.678 Y111.765 E449.40199
G0 F9000 X112.68 Y113.248
G1 F3000 X114.462 Y112.77 E449.46335
G0 F9000 X112.679 Y109.81
G1 F3000 X114.463 Y103.152 E449.69261
G0 F9000 X112.678 Y103.28
G1 F3000 X114.463 Y105.064 E449.77655
G0 F9000 X114.462 Y106.558
G1 F3000 X112.68 Y107.036 E449.83791
G0 F9000 X112.679 Y100.824
G1 F3000 X114.462 Y100.347 E449.8993
G0 F9000 X114.716 Y98.768
G0 X115.705 Y98.515
G1 F3000 X115.93 Y97.678 E449.92813
G0 F9000 X115.563 Y97.679
G1 F3000 X116.4 Y98.516 E449.9675
G0 F9000 X121.298 Y98.515
G1 F3000 X122.318 Y98.242 E450.00261
G0 F9000 X121.917 Y98.515
G1 F3000 X122.141 Y97.678 E450.03143
G0 F9000 X122.141 Y97.8
G1 F2700 E445.03143
;MESH:NONMESH
G0 F300 X122.141 Y97.8 Z9.6
G0 F9000 X114.716 Y98.768
G0 X114.544 Y136.404
;TIME_ELAPSED:756.050576
;LAYER:47
;TYPE:WALL-INNER
;MESH:screenholder-mount.obj
G1 F2700 E450.03143
G1 F1500 X122.4 Y136.404 E450.29272
G1 X122.4 Y137.4 E450.32585
G1 X112.6 Y137.4 E450.6518
G1 X112.6 Y97.6 E451.97555
G1 X122.4 Y97.6 E452.3015
G1 X122.4 Y98.596 E452.33463
G1 X114.544 Y98.596 E452.59592
G1 X114.544 Y136.404 E453.85342
G0 F9000 X114.944 Y136.004
;TYPE:WALL-OUTER
G1 F1500 X122.8 Y136.004 E454.11471
G1 X122.8 Y137.8 E454.17445
G1 X112.2 Y137.8 E454.52701
G1 X112.2 Y97.2 E455.87737
G1 X122.8 Y97.2 E456.22992
G1 X122.8 Y98.996 E456.28966
G1 X114.944 Y98.996 E456.55095
G1 X114.944 Y136.004 E457.78184
G0 F9000 X114.644 Y136.004
G0 X116.121 Y137.319
;TYPE:FILL
G1 F3000 X119.241 Y136.483 E457.88928
G0 F9000 X120.627 Y136.483
G1 F3000 X121.463 Y137.319 E457.9286
G0 F9000 X117.808 Y136.482
G1 F3000 X117.584 Y137.32 E457.95745
G0 F9000 X112.977 Y137.319
G1 F3000 X112.678 Y137.02 E457.97151
G0 F9000 X112.679 Y132.443
G1 F3000 X114.463 Y125.785 E458.20077
G0 F9000 X114.462 Y125.34
G1 F3000 X112.679 Y125.818 E458.26217
G0 F9000 X112.678 Y128.535
G1 F3000 X114.464 Y130.32 E458.34615
G0 F9000 X114.463 Y131.552
G1 F3000 X112.68 Y132.029 E458.40754
G0 F9000 X114.464 Y121.835
G1 F3000 X112.678 Y120.049 E458.49155
G0 F9000 X112.679 Y119.606
G1 F3000 X114.463 Y119.128 E458.55298
G0 F9000 X114.463 Y113.349
G1 F3000 X112.678 Y111.564 E458.63694
G0 F9000 X112.68 Y113.395
G1 F3000 X114.462 Y112.917 E458.6983
G0 F9000 X112.679 Y109.261
G1 F3000 X114.463 Y102.603 E458.92756
G0 F9000 X112.678 Y103.079
G1 F3000 X114.463 Y104.863 E459.0115
G0 F9000 X114.462 Y106.705
G1 F3000 X112.68 Y107.183 E459.07286
G0 F9000 X112.679 Y100.971
G1 F3000 X114.462 Y100.494 E459.13425
G0 F9000 X114.716 Y98.768
G0 X115.558 Y98.515
G1 F3000 X115.783 Y97.678 E459.16308
G1 X115.764 Y97.679
G1 X116.601 Y98.516 E459.20245
G0 F9000 X121.77 Y98.515
G1 F3000 X121.994 Y97.678 E459.23127
G0 F9000 X122.318 Y98.389
G1 F3000 X121.847 Y98.515 E459.24748
G0 F9000 X121.847 Y98.396
G1 F2700 E454.24748
;MESH:NONMESH
G0 F300 X121.847 Y98.396 Z9.8
G0 F9000 X114.716 Y98.768
G0 X114.544 Y136.404
;TIME_ELAPSED:771.534226
;LAYER:48
;TYPE:WALL-INNER
;MESH:screenholder-mount.obj
G1 F2700 E459.24748
G1 F1500 X122.4 Y136.404 E459.50877
G1 X122.4 Y137.4 E459.5419
G1 X112.6 Y137.4 E459.86785
G1 X112.6 Y97.6 E461.1916
G1 X122.4 Y97.6 E461.51755
G1 X122.4 Y98.596 E461.55068
G1 X114.544 Y98.596 E461.81197
G1 X114.544 Y136.404 E463.06947
G0 F9000 X114.944 Y136.004
;TYPE:WALL-OUTER
G1 F1500 X122.8 Y136.004 E463.33076
G1 X122.8 Y137.8 E463.3905
G1 X112.2 Y137.8 E463.74306
G1 X112.2 Y97.2 E465.09342
G1 X122.8 Y97.2 E465.44597
G1 X122.8 Y98.996 E465.50571
G1 X114.944 Y98.996 E465.767
G1 X114.944 Y136.004 E466.99789
G0 F9000 X114.644 Y136.004
G0 X116.666 Y137.319
;TYPE:FILL
G1 F3000 X119.786 Y136.483 E467.10532
G0 F9000 X120.826 Y136.483
G1 F3000 X121.662 Y137.319 E467.14465
G0 F9000 X117.662 Y136.482
G1 F3000 X117.438 Y137.32 E467.1735
G0 F9000 X113.177 Y137.319
G1 F3000 X112.678 Y136.82 E467.19697
G0 F9000 X112.68 Y132.176
G1 F3000 X114.463 Y131.698 E467.25837
G0 F9000 X114.464 Y130.121
G1 F3000 X112.678 Y128.335 E467.34237
G0 F9000 X112.68 Y125.964
G1 F3000 X114.462 Y125.486 E467.40374
G0 F9000 X114.463 Y125.239
G1 F3000 X112.679 Y131.898 E467.63303
G0 F9000 X114.464 Y121.635
G1 F3000 X112.678 Y119.85 E467.71701
G1 X112.679 Y119.752
G1 X114.462 Y119.275 E467.7784
G0 F9000 X112.68 Y113.541
G1 F3000 X114.463 Y113.063 E467.8398
G1 X114.463 Y113.149
G1 X112.678 Y111.365 E467.92374
G0 F9000 X112.679 Y108.717
G1 F3000 X114.463 Y102.058 E468.15303
G0 F9000 X114.462 Y100.64
G1 F3000 X112.68 Y101.117 E468.21438
G0 F9000 X112.678 Y102.879
G1 F3000 X114.463 Y104.664 E468.29834
G0 F9000 X114.462 Y106.851
G1 F3000 X112.68 Y107.329 E468.35971
G0 F9000 X114.716 Y98.768
G0 X115.412 Y98.515
G1 F3000 X115.637 Y97.678 E468.38853
G0 F9000 X115.964 Y97.679
G1 F3000 X116.8 Y98.516 E468.42788
G0 F9000 X121.624 Y98.515
G1 F3000 X121.848 Y97.678 E468.4567
G0 F9000 X121.848 Y97.8
G1 F2700 E463.4567
;MESH:NONMESH
G0 F300 X121.848 Y97.8 Z10
G0 F9000 X114.716 Y98.768
G0 X114.544 Y136.404
;TIME_ELAPSED:786.802807
;LAYER:49
;TYPE:WALL-INNER
;MESH:screenholder-mount.obj
G1 F2700 E468.4567
G1 F1500 X122.4 Y136.404 E468.71799
G1 X122.4 Y137.4 E468.75112
G1 X112.6 Y137.4 E469.07707
G1 X112.6 Y97.6 E470.40082
G1 X122.4 Y97.6 E470.72677
G1 X122.4 Y98.596 E470.7599
G1 X114.544 Y98.596 E471.02119
G1 X114.544 Y136.404 E472.27869
G0 F9000 X114.944 Y136.004
;TYPE:WALL-OUTER
G1 F1500 X122.8 Y136.004 E472.53998
G1 X122.8 Y137.8 E472.59972
G1 X112.2 Y137.8 E472.95227
G1 X112.2 Y97.2 E474.30263
G1 X122.8 Y97.2 E474.65519
G1 X122.8 Y98.996 E474.71493
G1 X114.944 Y98.996 E474.97622
G1 X114.944 Y136.004 E476.20711
G0 F9000 X114.644 Y136.004
G0 X113.378 Y137.319
;TYPE:FILL
G1 F3000 X112.678 Y136.62 E476.24001
G0 F9000 X112.68 Y132.323
G1 F3000 X114.463 Y131.845 E476.30141
G0 F9000 X112.679 Y131.35
G1 F3000 X114.463 Y124.692 E476.53067
G0 F9000 X114.462 Y125.633
G1 F3000 X112.679 Y126.111 E476.59206
G0 F9000 X112.678 Y128.134
G1 F3000 X114.464 Y129.92 E476.67607
G0 F9000 X114.716 Y136.232
G0 X117.515 Y136.482
G1 F3000 X117.291 Y137.32 E476.70492
G1 X117.214 Y137.319
G1 X120.334 Y136.483 E476.81235
G0 F9000 X121.027 Y136.483
G1 F3000 X121.863 Y137.319 E476.85168
G0 F9000 X114.716 Y136.232
G0 X114.464 Y121.434
G1 F3000 X112.678 Y119.649 E476.93566
G0 F9000 X112.679 Y119.899
G1 F3000 X114.462 Y119.422 E476.99705
G0 F9000 X112.68 Y113.688
G1 F3000 X114.463 Y113.21 E477.05845
G0 F9000 X114.463 Y112.948
G1 F3000 X112.678 Y111.164 E477.14238
G0 F9000 X112.679 Y108.168
G1 F3000 X114.463 Y101.51 E477.37164
G0 F9000 X114.462 Y100.787
G1 F3000 X112.68 Y101.264 E477.433
G0 F9000 X112.678 Y102.678
G1 F3000 X114.463 Y104.463 E477.51696
G0 F9000 X114.462 Y106.998
G1 F3000 X112.68 Y107.476 E477.57832
G0 F9000 X114.716 Y98.768
G0 X115.265 Y98.515
G1 F3000 X115.49 Y97.678 E477.60715
G0 F9000 X116.164 Y97.679
G1 F3000 X117.001 Y98.516 E477.64652
G0 F9000 X121.477 Y98.515
G1 F3000 X121.701 Y97.678 E477.67534
G0 F9000 X121.701 Y97.8
G1 F2700 E472.67534
;MESH:NONMESH
G0 F300 X121.701 Y97.8 Z10.2
G0 F9000 X114.716 Y98.768
G0 X114.544 Y136.404
;TIME_ELAPSED:802.383763
;LAYER:50
;TYPE:WALL-INNER
;MESH:screenholder-mount.obj
G1 F2700 E477.67534
G1 F1500 X122.4 Y136.404 E477.93663
G1 X122.4 Y137.4 E477.96976
G1 X112.6 Y137.4 E478.29571
G1 X112.6 Y97.6 E479.61946
G1 X122.4 Y97.6 E479.94541
G1 X122.4 Y98.596 E479.97854
G1 X114.544 Y98.596 E480.23983
G1 X114.544 Y136.404 E481.49733
G0 F9000 X114.944 Y136.004
;TYPE:WALL-OUTER
G1 F1500 X122.8 Y136.004 E481.75862
G1 X122.8 Y137.8 E481.81835
G1 X112.2 Y137.8 E482.17091
G1 X112.2 Y97.2 E483.52127
G1 X122.8 Y97.2 E483.87383
G1 X122.8 Y98.996 E483.93357
G1 X114.944 Y98.996 E484.19486
G1 X114.944 Y136.004 E485.42575
G0 F9000 X114.644 Y136.004
G0 X113.577 Y137.319
;TYPE:FILL
G1 F3000 X112.678 Y136.42 E485.46804
G0 F9000 X112.679 Y132.469
G1 F3000 X114.463 Y131.991 E485.52946
G0 F9000 X112.679 Y130.804
G1 F3000 X114.463 Y124.146 E485.75872
G0 F9000 X114.463 Y125.779
G1 F3000 X112.68 Y126.257 E485.82012
G0 F9000 X112.678 Y127.935
G1 F3000 X114.464 Y129.72 E485.9041
G0 F9000 X114.716 Y136.232
G0 X117.37 Y136.482
G1 F3000 X117.145 Y137.32 E485.93296
G0 F9000 X117.759 Y137.319
G1 F3000 X120.879 Y136.483 E486.04039
G0 F9000 X121.227 Y136.483
G1 F3000 X122.062 Y137.319 E486.07969
G0 F9000 X114.716 Y136.232
G0 X114.464 Y121.235
G1 F3000 X112.678 Y119.45 E486.16368
G0 F9000 X112.679 Y120.045
G1 F3000 X114.462 Y119.568 E486.22507
G0 F9000 X112.679 Y113.834
G1 F3000 X114.463 Y113.356 E486.2865
G0 F9000 X114.463 Y112.749
G1 F3000 X112.678 Y110.964 E486.37046
G0 F9000 X114.462 Y107.144
G1 F3000 X112.68 Y107.622 E486.43182
G1 X112.679 Y107.623
G1 X114.463 Y100.965 E486.66108
G1 X114.462 Y100.933
G1 X112.68 Y101.41 E486.72244
G0 F9000 X112.678 Y102.479
G1 F3000 X114.463 Y104.264 E486.8064
G0 F9000 X114.716 Y98.768
G0 X115.119 Y98.516
G1 F3000 X115.344 Y97.678 E486.83526
G0 F9000 X116.364 Y97.679
G1 F3000 X117.2 Y98.516 E486.8746
G0 F9000 X121.331 Y98.515
G1 F3000 X121.555 Y97.678 E486.90342
G0 F9000 X121.555 Y97.8
G1 F2700 E481.90342
;MESH:NONMESH
G0 F300 X121.555 Y97.8 Z10.4
G0 F9000 X114.716 Y98.768
G0 X114.544 Y136.404
;TIME_ELAPSED:817.877847
;LAYER:51
;TYPE:WALL-INNER
;MESH:screenholder-mount.obj
G1 F2700 E486.90342
G1 F1500 X122.4 Y136.404 E487.16471
G1 X122.4 Y137.4 E487.19784
G1 X112.6 Y137.4 E487.52379
G1 X112.6 Y97.6 E488.84754
G1 X122.4 Y97.6 E489.17349
G1 X122.4 Y98.596 E489.20662
G1 X114.544 Y98.596 E489.46791
G1 X114.544 Y136.404 E490.72541
G0 F9000 X114.944 Y136.004
;TYPE:WALL-OUTER
G1 F1500 X122.8 Y136.004 E490.9867
G1 X122.8 Y137.8 E491.04644
G1 X112.2 Y137.8 E491.39899
G1 X112.2 Y97.2 E492.74935
G1 X122.8 Y97.2 E493.10191
G1 X122.8 Y98.996 E493.16165
G1 X114.944 Y98.996 E493.42294
G1 X114.944 Y136.004 E494.65383
G0 F9000 X114.644 Y136.004
G0 X113.777 Y137.319
;TYPE:FILL
G1 F3000 X112.678 Y136.221 E494.7055
G0 F9000 X112.679 Y132.615
G1 F3000 X114.462 Y132.137 E494.7669
G0 F9000 X112.679 Y130.26
G1 F3000 X114.463 Y123.602 E494.99615
G0 F9000 X114.463 Y125.925
G1 F3000 X112.68 Y126.403 E495.05755
G0 F9000 X112.678 Y127.736
G1 F3000 X114.464 Y129.521 E495.14154
G0 F9000 X114.716 Y136.232
G0 X117.224 Y136.482
G1 F3000 X116.999 Y137.319 E495.17036
G0 F9000 X118.305 Y137.319
G1 F3000 X121.424 Y136.483 E495.27776
G1 X121.426 Y136.483
G1 X122.262 Y137.319 E495.31709
G0 F9000 X114.716 Y136.232
G0 X114.464 Y121.036
G1 F3000 X112.678 Y119.25 E495.40109
G0 F9000 X112.68 Y120.191
G1 F3000 X114.462 Y119.714 E495.46245
G0 F9000 X112.679 Y113.98
G1 F3000 X114.462 Y113.502 E495.52385
G0 F9000 X114.463 Y112.55
G1 F3000 X112.678 Y110.765 E495.60781
G0 F9000 X112.679 Y107.768
G1 F3000 X114.463 Y107.29 E495.66924
G0 F9000 X112.679 Y107.078
G1 F3000 X114.463 Y100.42 E495.89849
G0 F9000 X114.462 Y101.079
G1 F3000 X112.68 Y101.556 E495.95985
G0 F9000 X112.678 Y102.28
G1 F3000 X114.463 Y104.064 E496.04379
G0 F9000 X114.716 Y98.768
G0 X114.974 Y98.515
G1 F3000 X115.198 Y97.678 E496.07261
G0 F9000 X116.563 Y97.679
G1 F3000 X117.4 Y98.516 E496.11198
G0 F9000 X121.185 Y98.515
G1 F3000 X121.409 Y97.678 E496.1408
G0 F9000 X121.409 Y97.8
G1 F2700 E491.1408
;MESH:NONMESH
G0 F300 X121.409 Y97.8 Z10.6
G0 F9000 X114.716 Y98.768
G0 X114.544 Y136.404
;TIME_ELAPSED:833.512711
;LAYER:52
;TYPE:WALL-INNER
;MESH:screenholder-mount.obj
G1 F2700 E496.1408
G1 F1500 X122.4 Y136.404 E496.40209
G1 X122.4 Y137.4 E496.43521
G1 X112.6 Y137.4 E496.76116
G1 X112.6 Y97.6 E498.08492
G1 X122.4 Y97.6 E498.41087
G1 X122.4 Y98.596 E498.44399
G1 X114.544 Y98.596 E498.70528
G1 X114.544 Y136.404 E499.96278
G0 F9000 X114.944 Y136.004
;TYPE:WALL-OUTER
G1 F1500 X122.8 Y136.004 E500.22408
G1 X122.8 Y137.8 E500.28381
G1 X112.2 Y137.8 E500.63637
G1 X112.2 Y97.2 E501.98673
G1 X122.8 Y97.2 E502.33929
G1 X122.8 Y98.996 E502.39902
G1 X114.944 Y98.996 E502.66031
G1 X114.944 Y136.004 E503.8912
G0 F9000 X114.644 Y136.004
G0 X113.977 Y137.319
;TYPE:FILL
G1 F3000 X112.678 Y136.02 E503.95231
G0 F9000 X112.679 Y132.762
G1 F3000 X114.462 Y132.284 E504.0137
G0 F9000 X114.464 Y129.32
G1 F3000 X112.678 Y127.535 E504.09769
G0 F9000 X112.68 Y126.55
G1 F3000 X114.463 Y126.072 E504.15908
G0 F9000 X114.463 Y123.053
G1 F3000 X112.679 Y129.711 E504.38834
G0 F9000 X114.716 Y136.232
G0 X117.077 Y136.482
G1 F3000 X116.852 Y137.319 E504.41717
G0 F9000 X118.853 Y137.319
G1 F3000 X121.972 Y136.483 E504.52457
G0 F9000 X121.627 Y136.483
G1 F3000 X122.32 Y137.176 E504.55717
G0 F9000 X114.716 Y136.232
G0 X114.464 Y120.835
G1 F3000 X112.678 Y119.049 E504.64117
G0 F9000 X112.68 Y120.338
G1 F3000 X114.462 Y119.861 E504.70253
G0 F9000 X112.679 Y114.127
G1 F3000 X114.462 Y113.649 E504.76393
G0 F9000 X114.463 Y112.349
G1 F3000 X112.678 Y110.564 E504.84789
G0 F9000 X112.68 Y107.915
G1 F3000 X114.462 Y107.437 E504.90925
G0 F9000 X112.679 Y106.529
G1 F3000 X114.463 Y99.871 E505.13851
G0 F9000 X114.462 Y101.226
G1 F3000 X112.68 Y101.703 E505.19987
G0 F9000 X112.678 Y102.079
G1 F3000 X114.463 Y103.864 E505.28383
G0 F9000 X114.716 Y98.768
G0 X114.827 Y98.515
G1 F3000 X115.051 Y97.678 E505.31265
G0 F9000 X116.764 Y97.679
G1 F3000 X117.601 Y98.516 E505.35202
G0 F9000 X121.038 Y98.515
G1 F3000 X121.262 Y97.678 E505.38083
G0 F9000 X121.262 Y97.8
G1 F2700 E500.38083
;MESH:NONMESH
G0 F300 X121.262 Y97.8 Z10.8
G0 F9000 X114.716 Y98.768
G0 X114.544 Y136.404
;TIME_ELAPSED:849.235812
;LAYER:53
;TYPE:WALL-INNER
;MESH:screenholder-mount.obj
G1 F2700 E505.38083
G1 F1500 X122.4 Y136.404 E505.64213
G1 X122.4 Y137.4 E505.67525
G1 X112.6 Y137.4 E506.0012
G1 X112.6 Y97.6 E507.32496
G1 X122.4 Y97.6 E507.6509
G1 X122.4 Y98.596 E507.68403
G1 X114.544 Y98.596 E507.94532
G1 X114.544 Y136.404 E509.20282
G0 F9000 X114.944 Y136.004
;TYPE:WALL-OUTER
G1 F1500 X122.8 Y136.004 E509.46411
G1 X122.8 Y137.8 E509.52385
G1 X112.2 Y137.8 E509.87641
G1 X112.2 Y97.2 E511.22677
G1 X122.8 Y97.2 E511.57933
G1 X122.8 Y98.996 E511.63906
G1 X114.944 Y98.996 E511.90035
G1 X114.944 Y136.004 E513.13124
G0 F9000 X114.644 Y136.004
G0 X114.177 Y137.319
;TYPE:FILL
G1 F3000 X112.678 Y135.821 E513.20173
G0 F9000 X112.679 Y132.908
G1 F3000 X114.462 Y132.43 E513.26313
G0 F9000 X114.464 Y129.121
G1 F3000 X112.678 Y127.335 E513.34713
G0 F9000 X112.679 Y126.696
G1 F3000 X114.463 Y126.218 E513.40856
G0 F9000 X112.679 Y129.166
G1 F3000 X114.463 Y122.508 E513.63782
G0 F9000 X114.464 Y120.635
G1 F3000 X112.678 Y118.85 E513.7218
G0 F9000 X112.68 Y120.484
G1 F3000 X114.463 Y120.006 E513.7832
G0 F9000 X112.68 Y114.272
G1 F3000 X114.462 Y113.795 E513.84456
G0 F9000 X114.463 Y112.149
G1 F3000 X112.678 Y110.365 E513.9285
G0 F9000 X112.679 Y108.061
G1 F3000 X114.462 Y107.583 E513.98989
G0 F9000 X112.679 Y105.984
G1 F3000 X114.463 Y99.326 E514.21915
G0 F9000 X114.68 Y98.515
G1 F3000 X114.905 Y97.677 E514.24801
G0 F9000 X116.963 Y97.679
G1 F3000 X117.8 Y98.516 E514.28738
G0 F9000 X120.892 Y98.516
G1 F3000 X121.116 Y97.678 E514.31623
G0 F9000 X114.716 Y98.768
G0 X114.462 Y101.372
G1 F3000 X112.68 Y101.849 E514.37759
G1 X112.678 Y101.879
G1 X114.463 Y103.664 E514.46155
G1 F2700 E509.46155
G0 F9000 X114.716 Y136.232
G0 X116.931 Y136.482
G1 F2700 E514.46155
G1 F3000 X116.706 Y137.319 E514.49037
G0 F9000 X119.398 Y137.319
G1 F3000 X122.319 Y136.536 E514.59096
G0 F9000 X122.32 Y136.977
G1 F3000 X121.826 Y136.483 E514.61419
G0 F9000 X121.826 Y136.604
;MESH:NONMESH
G0 F300 X121.826 Y136.604 Z11
G0 F9000 X114.474 Y136.404
;TIME_ELAPSED:864.543174
;LAYER:54
;TYPE:WALL-INNER
;MESH:screenholder-mount.obj
G1 F1500 X122.4 Y136.404 E514.87781
G1 X122.4 Y137.4 E514.91094
G1 X112.6 Y137.4 E515.23689
G1 X112.6 Y97.6 E516.56064
G1 X122.4 Y97.6 E516.88659
G1 X122.4 Y98.596 E516.91972
G1 X114.475 Y98.596 E517.18331
G1 X114.474 Y136.404 E518.4408
G0 F9000 X114.874 Y136.004
;TYPE:WALL-OUTER
G1 F1500 X122.8 Y136.004 E518.70442
G1 X122.8 Y137.8 E518.76416
G1 X112.2 Y137.8 E519.11672
G1 X112.2 Y97.2 E520.46708
G1 X122.8 Y97.2 E520.81964
G1 X122.8 Y98.996 E520.87937
G1 X114.875 Y98.996 E521.14296
G1 X114.874 Y136.004 E522.37385
G0 F9000 X114.575 Y136.003
G0 X114.378 Y137.319
;TYPE:FILL
G1 F3000 X112.678 Y135.62 E522.45379
G0 F9000 X112.679 Y133.055
G1 F3000 X114.393 Y132.595 E522.51281
G0 F9000 X114.394 Y128.85
G1 F3000 X112.678 Y127.134 E522.59353
G0 F9000 X112.679 Y126.843
G1 F3000 X114.393 Y126.384 E522.65255
G0 F9000 X112.679 Y128.618
G1 F3000 X114.393 Y122.221 E522.87282
G0 F9000 X114.394 Y120.365
G1 F3000 X112.678 Y118.649 E522.95353
G0 F9000 X112.68 Y120.631
G1 F3000 X114.393 Y120.172 E523.01252
G0 F9000 X112.68 Y114.419
G1 F3000 X114.393 Y113.961 E523.07149
G0 F9000 X114.394 Y111.879
G1 F3000 X112.678 Y110.164 E523.15218
G0 F9000 X112.679 Y108.208
G1 F3000 X114.393 Y107.749 E523.2112
G0 F9000 X112.679 Y105.436
G1 F3000 X114.394 Y99.037 E523.43154
G0 F9000 X114.533 Y98.515
G1 F3000 X114.758 Y97.677 E523.4604
G0 F9000 X117.164 Y97.679
G1 F3000 X118 Y98.515 E523.49972
G0 F9000 X120.745 Y98.516
G1 F3000 X120.969 Y97.678 E523.52857
G0 F9000 X114.647 Y98.768
G0 X114.393 Y101.537
G1 F3000 X112.68 Y101.996 E523.58756
G0 F9000 X112.678 Y101.679
G1 F3000 X114.394 Y103.394 E523.66825
G1 F2700 E518.66825
G0 F9000 X114.646 Y136.232
G0 X116.783 Y136.483
G1 F2700 E523.66825
G1 F3000 X116.559 Y137.319 E523.69704
G0 F9000 X119.946 Y137.319
G1 F3000 X122.319 Y136.683 E523.77875
G1 X122.32 Y136.776
G1 X122.027 Y136.483 E523.79253
G0 F9000 X122.027 Y136.604
;MESH:NONMESH
G0 F300 X122.027 Y136.604 Z11.2
G0 F9000 X114.692 Y136.404
;TIME_ELAPSED:879.620514
;LAYER:55
;TYPE:WALL-INNER
;MESH:screenholder-mount.obj
G1 F1500 X122.4 Y136.404 E524.0489
G1 X122.4 Y137.4 E524.08203
G1 X112.6 Y137.4 E524.40798
G1 X112.6 Y97.6 E525.73173
G1 X122.4 Y97.6 E526.05768
G1 X122.4 Y98.596 E526.09081
G1 X114.693 Y98.596 E526.34714
G1 X114.692 Y136.404 E527.60464
G0 F9000 X115.092 Y136.004
;TYPE:WALL-OUTER
G1 F1500 X122.8 Y136.004 E527.86101
G1 X122.8 Y137.8 E527.92075
G1 X112.2 Y137.8 E528.2733
G1 X112.2 Y97.2 E529.62366
G1 X122.8 Y97.2 E529.97622
G1 X122.8 Y98.996 E530.03596
G1 X115.093 Y98.996 E530.29229
G1 X115.092 Y136.004 E531.52318
G0 F9000 X114.793 Y136.003
G0 X114.577 Y137.319
;TYPE:FILL
G1 F3000 X112.678 Y135.42 E531.61251
G0 F9000 X112.679 Y133.201
G1 F3000 X114.611 Y132.683 E531.67904
G0 F9000 X114.612 Y128.868
G1 F3000 X112.678 Y126.935 E531.76998
G1 X112.679 Y126.989
G1 X114.611 Y126.471 E531.83651
G0 F9000 X112.679 Y128.073
G1 F3000 X114.611 Y120.862 E532.08481
G0 F9000 X114.612 Y120.383
G1 F3000 X112.678 Y118.45 E532.17575
G0 F9000 X112.68 Y120.777
G1 F3000 X114.611 Y120.26 E532.24224
G0 F9000 X112.68 Y114.565
G1 F3000 X114.611 Y114.048 E532.30873
G0 F9000 X114.612 Y111.898
G1 F3000 X112.678 Y109.965 E532.39967
G0 F9000 X112.68 Y108.354
G1 F3000 X114.611 Y107.836 E532.46617
G0 F9000 X112.679 Y104.891
G1 F3000 X114.612 Y97.678 E532.71454
G0 F9000 X117.364 Y97.679
G1 F3000 X118.199 Y98.515 E532.75384
G0 F9000 X120.599 Y98.516
G1 F3000 X120.823 Y97.678 E532.78269
G0 F9000 X114.865 Y98.768
G0 X114.611 Y101.625
G1 F3000 X112.679 Y102.142 E532.84921
G0 F9000 X112.678 Y101.479
G1 F3000 X114.612 Y103.412 E532.94016
G1 F2700 E527.94016
G0 F9000 X114.864 Y136.232
G0 X116.638 Y136.482
G1 F2700 E532.94016
G1 F3000 X116.413 Y137.32 E532.96902
G0 F9000 X120.491 Y137.319
G1 F3000 X122.319 Y136.829 E533.03196
G0 F9000 X122.32 Y136.576
G1 F3000 X122.226 Y136.483 E533.03636
G0 F9000 X122.2 Y136.604
;MESH:NONMESH
G0 F300 X122.2 Y136.604 Z11.4
G0 F9000 X114.981 Y136.404
;TIME_ELAPSED:894.611566
;LAYER:56
;TYPE:WALL-INNER
;MESH:screenholder-mount.obj
G1 F1500 X122.4 Y136.404 E533.28312
G1 X122.4 Y137.4 E533.31624
G1 X112.6 Y137.4 E533.64219
G1 X112.6 Y97.6 E534.96595
G1 X122.4 Y97.6 E535.2919
G1 X122.4 Y98.596 E535.32502
G1 X114.982 Y98.596 E535.57175
G1 X114.981 Y136.404 E536.82925
G0 F9000 X115.381 Y136.004
;TYPE:WALL-OUTER
G1 F1500 X122.8 Y136.004 E537.076
G1 X122.8 Y137.8 E537.13574
G1 X112.2 Y137.8 E537.4883
G1 X112.2 Y97.2 E538.83866
G1 X122.8 Y97.2 E539.19121
G1 X122.8 Y98.996 E539.25095
G1 X115.382 Y98.996 E539.49767
G1 X115.381 Y136.004 E540.72856
G0 F9000 X115.082 Y136.003
G0 X116.491 Y136.482
;TYPE:FILL
G1 F3000 X116.266 Y137.32 E540.75742
G0 F9000 X114.778 Y137.319
G1 F3000 X112.678 Y135.22 E540.85618
G0 F9000 X112.679 Y133.348
G1 F3000 X114.9 Y132.753 E540.93265
G0 F9000 X114.901 Y128.957
G1 F3000 X112.678 Y126.734 E541.03722
G0 F9000 X112.679 Y127.136
G1 F3000 X114.9 Y126.541 E541.11369
G0 F9000 X112.679 Y127.524
G1 F3000 X114.901 Y119.234 E541.39915
G0 F9000 X114.899 Y120.329
G1 F3000 X112.68 Y120.924 E541.47556
G0 F9000 X114.901 Y120.471
G1 F3000 X112.678 Y118.249 E541.5801
G0 F9000 X112.68 Y114.712
G1 F3000 X114.9 Y114.118 E541.65654
G0 F9000 X114.901 Y111.986
G1 F3000 X112.678 Y109.764 E541.76108
G0 F9000 X112.679 Y108.501
G1 F3000 X114.9 Y107.906 E541.83755
G0 F9000 X112.679 Y104.343
G1 F3000 X114.465 Y97.678 E542.06705
G0 F9000 X117.564 Y97.679
G1 F3000 X118.401 Y98.516 E542.10642
G0 F9000 X120.452 Y98.516
G1 F3000 X120.676 Y97.678 E542.13527
G0 F9000 X115.154 Y98.768
G0 X114.9 Y101.694
G1 F3000 X112.68 Y102.289 E542.21172
G0 F9000 X112.678 Y101.278
G1 F3000 X114.901 Y103.501 E542.31628
G1 F2700 E537.31628
G0 F9000 X115.153 Y136.232
G0 X122.319 Y136.976
G1 F2700 E542.31628
G1 F3000 X121.04 Y137.319 E542.36032
G0 F9000 X121.04 Y137.2
;MESH:NONMESH
G0 F300 X121.04 Y137.2 Z11.6
G0 F9000 X115.271 Y136.404
;TIME_ELAPSED:909.662855
;LAYER:57
;TYPE:WALL-INNER
;MESH:screenholder-mount.obj
G1 F1500 X122.4 Y136.404 E542.59743
G1 X122.4 Y137.4 E542.63056
G1 X112.6 Y137.4 E542.95651
G1 X112.6 Y97.6 E544.28026
G1 X122.4 Y97.6 E544.60621
G1 X122.4 Y98.596 E544.63934
G1 X115.272 Y98.596 E544.87642
G1 X115.271 Y136.404 E546.13392
G0 F9000 X115.671 Y136.004
;TYPE:WALL-OUTER
G1 F1500 X122.8 Y136.004 E546.37103
G1 X122.8 Y137.8 E546.43076
G1 X112.2 Y137.8 E546.78332
G1 X112.2 Y97.2 E548.13368
G1 X122.8 Y97.2 E548.48624
G1 X122.8 Y98.996 E548.54598
G1 X115.672 Y98.996 E548.78305
G1 X115.671 Y136.004 E550.01394
G0 F9000 X116.345 Y136.482
;TYPE:FILL
G1 F3000 X116.12 Y137.32 E550.0428
G0 F9000 X114.977 Y137.319
G1 F3000 X112.678 Y135.02 E550.15094
G0 F9000 X112.68 Y133.493
G1 F3000 X115.19 Y132.821 E550.23736
G0 F9000 X115.191 Y129.047
G1 F3000 X112.678 Y126.535 E550.35554
G0 F9000 X112.679 Y126.98
G1 F3000 X115.19 Y117.607 E550.67829
G0 F9000 X112.678 Y118.05
G1 F3000 X115.191 Y120.562 E550.79647
G1 X115.19 Y120.398
G1 X112.679 Y121.07 E550.88292
G0 F9000 X115.19 Y126.609
G1 F3000 X112.679 Y127.282 E550.96938
G0 F9000 X112.68 Y114.858
G1 F3000 X115.19 Y114.186 E551.05581
G0 F9000 X115.191 Y112.077
G1 F3000 X112.678 Y109.564 E551.17401
G0 F9000 X112.68 Y108.647
G1 F3000 X115.19 Y107.974 E551.26044
G0 F9000 X115.191 Y103.591
G1 F3000 X112.678 Y101.079 E551.37862
G0 F9000 X112.679 Y102.435
G1 F3000 X115.191 Y101.762 E551.46512
G0 F9000 X112.679 Y103.798
G1 F3000 X114.319 Y97.678 E551.67585
G0 F9000 X117.764 Y97.679
G1 F3000 X118.6 Y98.516 E551.7152
G0 F9000 X120.306 Y98.515
G1 F3000 X120.531 Y97.678 E551.74403
G1 F2700 E546.74403
G0 F9000 X115.444 Y98.768
G0 X115.443 Y136.232
G0 X122.318 Y137.122
G1 F2700 E551.74403
G1 F3000 X121.584 Y137.319 E551.7693
G0 F9000 X121.584 Y137.2
;MESH:NONMESH
G0 F300 X121.584 Y137.2 Z11.8
G0 F9000 X115.56 Y136.404
;TIME_ELAPSED:924.885583
;LAYER:58
;TYPE:WALL-INNER
;MESH:screenholder-mount.obj
G1 F1500 X122.4 Y136.404 E551.9968
G1 X122.4 Y137.4 E552.02993
G1 X112.6 Y137.4 E552.35588
G1 X112.6 Y97.6 E553.67963
G1 X122.4 Y97.6 E554.00558
G1 X122.4 Y98.596 E554.03871
G1 X115.561 Y98.596 E554.26618
G1 X115.56 Y136.404 E555.52367
G0 F9000 X115.96 Y136.004
;TYPE:WALL-OUTER
G1 F1500 X122.8 Y136.004 E555.75117
G1 X122.8 Y137.8 E555.81091
G1 X112.2 Y137.8 E556.16347
G1 X112.2 Y97.2 E557.51383
G1 X122.8 Y97.2 E557.86639
G1 X122.8 Y98.996 E557.92612
G1 X115.961 Y98.996 E558.15359
G1 X115.96 Y136.004 E559.38448
G0 F9000 X116.198 Y136.483
;TYPE:FILL
G1 F3000 X115.974 Y137.32 E559.4133
G0 F9000 X115.177 Y137.319
G1 F3000 X112.678 Y134.821 E559.53082
G0 F9000 X112.68 Y133.639
G1 F3000 X114.392 Y133.181 E559.58976
G0 F9000 X114.175 Y133.18
G0 X114.175 Y128.05
G0 X114.394 Y128.051
G1 F3000 X112.678 Y126.335 E559.67048
G1 X112.679 Y126.435
G1 X114.393 Y120.038 E559.89075
G0 F9000 X114.394 Y119.566
G1 F3000 X112.678 Y117.85 E559.97146
G0 F9000 X112.679 Y115.004
G1 F3000 X114.393 Y114.545 E560.03048
G0 F9000 X114.175 Y114.544
G0 X114.175 Y111.079
G0 X114.394 Y111.08
G1 F3000 X112.678 Y109.365 E560.11117
G0 F9000 X112.68 Y108.793
G1 F3000 X114.393 Y108.334 E560.17016
G0 F9000 X114.175 Y108.333
G0 X112.679 Y103.253
G1 F3000 X114.173 Y97.678 E560.36212
G0 F9000 X112.678 Y100.88
G1 F3000 X114.394 Y102.595 E560.44282
G0 F9000 X114.394 Y102.122
G1 F3000 X112.68 Y102.581 E560.50183
G0 F9000 X114.247 Y98.368
G0 X117.963 Y97.679
G1 F3000 X118.799 Y98.515 E560.54115
G0 F9000 X120.16 Y98.515
G1 F3000 X120.385 Y97.678 E560.56998
G1 F2700 E555.56998
G0 F9000 X115.733 Y98.768
G0 X115.378 Y136.632
G0 X114.246 Y136.632
G0 X114.175 Y120.756
G1 F2700 E560.56998
G0 F9000 X114.393 Y120.757
G1 F3000 X112.679 Y121.216 E560.629
G0 F9000 X114.175 Y126.968
G0 X114.392 Y126.969
G1 F3000 X112.68 Y127.428 E560.68795
G0 F9000 X114.246 Y136.632
G0 X122.319 Y136.822
G1 F3000 X122.186 Y137.32 E560.7051
G1 X122.13 Y137.319
G1 X122.319 Y137.268 E560.71161
G0 F9000 X115.45 Y136.415
G0 X115.17 Y136.414
;TYPE:SKIN
G1 F1500 X114.464 Y136.414 E560.73509
G1 X114.465 Y98.586 E561.99325
G1 X115.171 Y98.586 E562.01673
G1 X115.17 Y136.414 E563.2749
G0 F9000 X114.757 Y136.253
G1 F1500 X114.624 Y136.12 E563.28115
G0 F9000 X115.01 Y135.941
G1 F1500 X114.624 Y135.554 E563.29933
G0 F9000 X115.01 Y135.375
G1 F1500 X114.624 Y134.988 E563.31751
G0 F9000 X115.01 Y134.809
G1 F1500 X114.624 Y134.423 E563.33567
G0 F9000 X115.01 Y134.244
G1 F1500 X114.624 Y133.857 E563.35385
G0 F9000 X115.01 Y133.678
G1 F1500 X114.624 Y133.291 E563.37203
G0 F9000 X115.01 Y133.112
G1 F1500 X114.624 Y132.726 E563.39019
G0 F9000 X115.01 Y132.547
G1 F1500 X114.624 Y132.16 E563.40837
G0 F9000 X115.01 Y131.981
G1 F1500 X114.624 Y131.594 E563.42655
G0 F9000 X115.01 Y131.415
G1 F1500 X114.624 Y131.029 E563.4447
G0 F9000 X115.01 Y130.85
G1 F1500 X114.624 Y130.463 E563.46288
G0 F9000 X115.01 Y130.284
G1 F1500 X114.624 Y129.897 E563.48106
G0 F9000 X115.01 Y129.718
G1 F1500 X114.624 Y129.331 E563.49924
G0 F9000 X115.01 Y129.153
G1 F1500 X114.624 Y128.766 E563.51742
G0 F9000 X115.01 Y128.587
G1 F1500 X114.624 Y128.2 E563.5356
G0 F9000 X115.01 Y128.021
G1 F1500 X114.624 Y127.634 E563.55378
G0 F9000 X115.01 Y127.455
G1 F1500 X114.624 Y127.069 E563.57194
G0 F9000 X115.01 Y126.89
G1 F1500 X114.624 Y126.503 E563.59012
G0 F9000 X115.01 Y126.324
G1 F1500 X114.624 Y125.937 E563.6083
G0 F9000 X115.01 Y125.758
G1 F1500 X114.624 Y125.372 E563.62645
G0 F9000 X115.01 Y125.193
G1 F1500 X114.624 Y124.806 E563.64463
G0 F9000 X115.01 Y124.627
G1 F1500 X114.624 Y124.24 E563.66281
G0 F9000 X115.01 Y124.061
G1 F1500 X114.624 Y123.675 E563.68097
G0 F9000 X115.01 Y123.496
G1 F1500 X114.624 Y123.109 E563.69915
G0 F9000 X115.01 Y122.93
G1 F1500 X114.624 Y122.543 E563.71733
G0 F9000 X115.01 Y122.364
G1 F1500 X114.624 Y121.978 E563.73548
G0 F9000 X115.01 Y121.799
G1 F1500 X114.624 Y121.412 E563.75366
G0 F9000 X115.01 Y121.233
G1 F1500 X114.624 Y120.846 E563.77184
G0 F9000 X115.01 Y120.667
G1 F1500 X114.624 Y120.28 E563.79002
G0 F9000 X115.01 Y120.102
G1 F1500 X114.624 Y119.715 E563.8082
G0 F9000 X115.01 Y119.536
G1 F1500 X114.624 Y119.149 E563.82638
G0 F9000 X115.01 Y118.97
G1 F1500 X114.624 Y118.583 E563.84456
G0 F9000 X115.01 Y118.405
G1 F1500 X114.624 Y118.018 E563.86274
G0 F9000 X115.01 Y117.839
G1 F1500 X114.624 Y117.452 E563.88092
G0 F9000 X115.01 Y117.273
G1 F1500 X114.624 Y116.886 E563.8991
G0 F9000 X115.01 Y116.707
G1 F1500 X114.624 Y116.321 E563.91726
G0 F9000 X115.01 Y116.142
G1 F1500 X114.624 Y115.755 E563.93544
G0 F9000 X115.01 Y115.576
G1 F1500 X114.624 Y115.189 E563.95362
G0 F9000 X115.01 Y115.01
G1 F1500 X114.624 Y114.624 E563.97177
G0 F9000 X115.01 Y114.445
G1 F1500 X114.624 Y114.058 E563.98995
G0 F9000 X115.01 Y113.879
G1 F1500 X114.624 Y113.492 E564.00813
G0 F9000 X115.01 Y113.313
G1 F1500 X114.624 Y112.927 E564.02629
G0 F9000 X115.01 Y112.748
G1 F1500 X114.624 Y112.361 E564.04447
G0 F9000 X115.01 Y112.182
G1 F1500 X114.624 Y111.795 E564.06265
G0 F9000 X115.01 Y111.616
G1 F1500 X114.624 Y111.23 E564.08081
G0 F9000 X115.01 Y111.051
G1 F1500 X114.624 Y110.664 E564.09899
G0 F9000 X115.01 Y110.485
G1 F1500 X114.624 Y110.098 E564.11717
G0 F9000 X115.01 Y109.919
G1 F1500 X114.624 Y109.532 E564.13535
G0 F9000 X115.01 Y109.354
G1 F1500 X114.624 Y108.967 E564.15353
G0 F9000 X115.01 Y108.788
G1 F1500 X114.624 Y108.401 E564.1717
G0 F9000 X115.01 Y108.222
G1 F1500 X114.624 Y107.835 E564.18988
G0 F9000 X115.01 Y107.657
G1 F1500 X114.624 Y107.27 E564.20806
G0 F9000 X115.01 Y107.091
G1 F1500 X114.624 Y106.704 E564.22624
G0 F9000 X115.01 Y106.525
G1 F1500 X114.624 Y106.138 E564.24442
G0 F9000 X115.01 Y105.959
G1 F1500 X114.624 Y105.573 E564.26258
G0 F9000 X115.01 Y105.394
G1 F1500 X114.624 Y105.007 E564.28076
G0 F9000 X115.01 Y104.828
G1 F1500 X114.624 Y104.441 E564.29894
G0 F9000 X115.01 Y104.262
G1 F1500 X114.624 Y103.876 E564.3171
G0 F9000 X115.01 Y103.697
G1 F1500 X114.624 Y103.31 E564.33528
G0 F9000 X115.01 Y103.131
G1 F1500 X114.624 Y102.744 E564.35346
G0 F9000 X115.01 Y102.565
G1 F1500 X114.624 Y102.179 E564.37161
G0 F9000 X115.01 Y102
G1 F1500 X114.624 Y101.613 E564.38979
G0 F9000 X115.01 Y101.434
G1 F1500 X114.624 Y101.047 E564.40797
G0 F9000 X115.01 Y100.868
G1 F1500 X114.624 Y100.481 E564.42615
G0 F9000 X115.01 Y100.303
G1 F1500 X114.624 Y99.916 E564.44433
G0 F9000 X115.01 Y99.737
G1 F1500 X114.624 Y99.35 E564.46251
G0 F9000 X115.01 Y99.171
G1 F1500 X114.624 Y98.784 E564.48069
G0 F9000 X113.875 Y98.783
G1 F2700 E559.48069
;MESH:NONMESH
G0 F300 X113.875 Y98.783 Z12
G0 F9000 X114.247 Y98.368
G0 X115.379 Y98.368
G0 X115.732 Y136.232
G0 X115.85 Y136.404
;TIME_ELAPSED:950.611400
;LAYER:59
;TYPE:WALL-INNER
;MESH:screenholder-mount.obj
G1 F2700 E564.48069
G1 F1500 X122.4 Y136.404 E564.69854
G1 X122.4 Y137.4 E564.73167
G1 X112.6 Y137.4 E565.05762
G1 X112.6 Y97.6 E566.38137
G1 X122.4 Y97.6 E566.70732
G1 X122.4 Y98.596 E566.74045
G1 X115.851 Y98.596 E566.95827
G1 X115.85 Y136.404 E568.21577
G0 F9000 X116.25 Y136.004
;TYPE:WALL-OUTER
G1 F1500 X122.8 Y136.004 E568.43362
G1 X122.8 Y137.8 E568.49336
G1 X112.2 Y137.8 E568.84592
G1 X112.2 Y97.2 E570.19628
G1 X122.8 Y97.2 E570.54884
G1 X122.8 Y98.996 E570.60857
G1 X116.251 Y98.996 E570.82639
G1 X116.25 Y136.004 E572.05728
G0 F9000 X116.051 Y136.483
;TYPE:FILL
G1 F3000 X115.827 Y137.32 E572.0861
G0 F9000 X115.377 Y137.319
G1 F3000 X112.678 Y134.62 E572.21305
G0 F9000 X112.68 Y133.786
G1 F3000 X114.611 Y133.269 E572.27954
G0 F9000 X114.393 Y133.268
G0 X114.393 Y128.067
G0 X114.612 Y128.068
G1 F3000 X112.678 Y126.135 E572.37049
G0 F9000 X112.679 Y125.887
G1 F3000 X114.612 Y118.674 E572.61886
G0 F9000 X114.612 Y119.583
G1 F3000 X112.678 Y117.649 E572.70983
G0 F9000 X112.68 Y115.151
G1 F3000 X114.611 Y114.634 E572.77631
G0 F9000 X114.393 Y114.633
G0 X114.393 Y111.096
G0 X114.612 Y111.097
G1 F3000 X112.678 Y109.164 E572.86726
G0 F9000 X112.68 Y108.94
G1 F3000 X114.611 Y108.422 E572.93376
G0 F9000 X114.393 Y108.421
G0 X114.393 Y102.611
G0 X114.612 Y102.612
G1 F3000 X112.678 Y100.679 E573.0247
G0 F9000 X112.679 Y102.705
G1 F3000 X114.026 Y97.678 E573.1978
G0 F9000 X118.164 Y97.679
G1 F3000 X119 Y98.515 E573.23712
G0 F9000 X120.013 Y98.515
G1 F3000 X120.238 Y97.678 E573.26595
G0 F9000 X114.465 Y98.368
G0 X114.393 Y102.21
G0 X114.611 Y102.211
G1 F3000 X112.68 Y102.728 E573.33244
G0 F9000 X114.393 Y120.845
G0 X114.611 Y120.846
G1 F3000 X112.679 Y121.363 E573.39896
G0 F9000 X114.393 Y127.056
G0 X114.611 Y127.057
G1 F3000 X112.68 Y127.575 E573.46545
G0 F9000 X114.464 Y136.632
G0 X122.263 Y136.482
G1 F3000 X122.039 Y137.32 E573.4943
G0 F9000 X115.74 Y136.415
G0 X115.46 Y136.414
;TYPE:SKIN
G1 F1500 X114.682 Y136.414 E573.52018
G1 X114.683 Y98.586 E574.77834
G1 X115.461 Y98.586 E574.80422
G1 X115.46 Y136.414 E576.06238
G0 F9000 X114.911 Y136.253
G1 F1500 X115.3 Y135.864 E576.08068
G0 F9000 X114.842 Y135.756
G1 F1500 X115.3 Y135.298 E576.10223
G0 F9000 X114.842 Y135.19
G1 F1500 X115.3 Y134.732 E576.12377
G0 F9000 X114.842 Y134.624
G1 F1500 X115.3 Y134.167 E576.14529
G0 F9000 X114.842 Y134.058
G1 F1500 X115.3 Y133.601 E576.16681
G0 F9000 X114.842 Y133.493
G1 F1500 X115.3 Y133.035 E576.18835
G0 F9000 X114.842 Y132.927
G1 F1500 X115.3 Y132.47 E576.20987
G0 F9000 X114.842 Y132.361
G1 F1500 X115.3 Y131.904 E576.23139
G0 F9000 X114.842 Y131.796
G1 F1500 X115.3 Y131.338 E576.25293
G0 F9000 X114.842 Y131.23
G1 F1500 X115.3 Y130.773 E576.27445
G0 F9000 X114.842 Y130.664
G1 F1500 X115.3 Y130.207 E576.29597
G0 F9000 X114.842 Y130.099
G1 F1500 X115.3 Y129.641 E576.31751
G0 F9000 X114.842 Y129.533
G1 F1500 X115.3 Y129.075 E576.33906
G0 F9000 X114.842 Y128.967
G1 F1500 X115.3 Y128.51 E576.36058
G0 F9000 X114.842 Y128.402
G1 F1500 X115.3 Y127.944 E576.38212
G0 F9000 X114.842 Y127.836
G1 F1500 X115.3 Y127.378 E576.40366
G0 F9000 X114.842 Y127.27
G1 F1500 X115.3 Y126.813 E576.42518
G0 F9000 X114.842 Y126.705
G1 F1500 X115.3 Y126.247 E576.44672
G0 F9000 X114.842 Y126.139
G1 F1500 X115.3 Y125.681 E576.46827
G0 F9000 X114.842 Y125.573
G1 F1500 X115.3 Y125.116 E576.48979
G0 F9000 X114.842 Y125.007
G1 F1500 X115.3 Y124.55 E576.51131
G0 F9000 X114.842 Y124.442
G1 F1500 X115.3 Y123.984 E576.53285
G0 F9000 X114.842 Y123.876
G1 F1500 X115.3 Y123.419 E576.55437
G0 F9000 X114.842 Y123.31
G1 F1500 X115.3 Y122.853 E576.57589
G0 F9000 X114.842 Y122.745
G1 F1500 X115.3 Y122.287 E576.59743
G0 F9000 X114.842 Y122.179
G1 F1500 X115.3 Y121.722 E576.61895
G0 F9000 X114.842 Y121.613
G1 F1500 X115.3 Y121.156 E576.64047
G0 F9000 X114.842 Y121.048
G1 F1500 X115.3 Y120.59 E576.66201
G0 F9000 X114.842 Y120.482
G1 F1500 X115.3 Y120.025 E576.68353
G0 F9000 X114.842 Y119.916
G1 F1500 X115.3 Y119.459 E576.70505
G0 F9000 X114.842 Y119.351
G1 F1500 X115.3 Y118.893 E576.72659
G0 F9000 X114.842 Y118.785
G1 F1500 X115.3 Y118.327 E576.74814
G0 F9000 X114.842 Y118.219
G1 F1500 X115.3 Y117.762 E576.76966
G0 F9000 X114.842 Y117.654
G1 F1500 X115.3 Y117.196 E576.7912
G0 F9000 X114.842 Y117.088
G1 F1500 X115.3 Y116.63 E576.81274
G0 F9000 X114.842 Y116.522
G1 F1500 X115.3 Y116.065 E576.83426
G0 F9000 X114.842 Y115.957
G1 F1500 X115.3 Y115.499 E576.8558
G0 F9000 X114.842 Y115.391
G1 F1500 X115.3 Y114.933 E576.87735
G0 F9000 X114.842 Y114.825
G1 F1500 X115.3 Y114.368 E576.89887
G0 F9000 X114.842 Y114.259
G1 F1500 X115.3 Y113.802 E576.92039
G0 F9000 X114.842 Y113.694
G1 F1500 X115.3 Y113.236 E576.94193
G0 F9000 X114.842 Y113.128
G1 F1500 X115.3 Y112.671 E576.96345
G0 F9000 X114.842 Y112.562
G1 F1500 X115.3 Y112.105 E576.98497
G0 F9000 X114.842 Y111.997
G1 F1500 X115.3 Y111.539 E577.00651
G0 F9000 X114.842 Y111.431
G1 F1500 X115.3 Y110.974 E577.02803
G0 F9000 X114.842 Y110.865
G1 F1500 X115.3 Y110.408 E577.04955
G0 F9000 X114.842 Y110.3
G1 F1500 X115.3 Y109.842 E577.07109
G0 F9000 X114.842 Y109.734
G1 F1500 X115.3 Y109.276 E577.09264
G0 F9000 X114.842 Y109.168
G1 F1500 X115.3 Y108.711 E577.11415
G0 F9000 X114.842 Y108.603
G1 F1500 X115.3 Y108.145 E577.1357
G0 F9000 X114.842 Y108.037
G1 F1500 X115.3 Y107.579 E577.15724
G0 F9000 X114.842 Y107.471
G1 F1500 X115.3 Y107.014 E577.17876
G0 F9000 X114.842 Y106.906
G1 F1500 X115.3 Y106.448 E577.2003
G0 F9000 X114.842 Y106.34
G1 F1500 X115.3 Y105.882 E577.22185
G0 F9000 X114.842 Y105.774
G1 F1500 X115.3 Y105.317 E577.24337
G0 F9000 X114.842 Y105.209
G1 F1500 X115.3 Y104.751 E577.26491
G0 F9000 X114.842 Y104.643
G1 F1500 X115.3 Y104.185 E577.28645
G0 F9000 X114.842 Y104.077
G1 F1500 X115.3 Y103.62 E577.30797
G0 F9000 X114.842 Y103.511
G1 F1500 X115.3 Y103.054 E577.32949
G0 F9000 X114.842 Y102.946
G1 F1500 X115.3 Y102.488 E577.35103
G0 F9000 X114.842 Y102.38
G1 F1500 X115.3 Y101.923 E577.37255
G0 F9000 X114.842 Y101.814
G1 F1500 X115.3 Y101.357 E577.39407
G0 F9000 X114.842 Y101.249
G1 F1500 X115.3 Y100.791 E577.41561
G0 F9000 X114.842 Y100.683
G1 F1500 X115.3 Y100.226 E577.43713
G0 F9000 X114.842 Y100.117
G1 F1500 X115.3 Y99.66 E577.45865
G0 F9000 X114.842 Y99.552
G1 F1500 X115.3 Y99.094 E577.4802
G0 F9000 X115.083 Y98.746
G1 F1500 X114.842 Y98.986 E577.49151
G0 F9000 X114.093 Y98.985
G1 F2700 E572.49151
;MESH:NONMESH
G0 F300 X114.093 Y98.985 Z12.2
G0 F9000 X114.465 Y98.368
G0 X115.669 Y98.368
G0 X116.022 Y136.232
G0 X116.14 Y136.404
;TIME_ELAPSED:976.187362
;LAYER:60
;TYPE:WALL-INNER
;MESH:screenholder-mount.obj
G1 F2700 E577.49151
G1 F1500 X122.4 Y136.404 E577.69972
G1 X122.4 Y137.4 E577.73284
G1 X112.6 Y137.4 E578.05879
G1 X112.6 Y97.6 E579.38255
G1 X122.4 Y97.6 E579.7085
G1 X122.4 Y98.596 E579.74162
G1 X116.141 Y98.596 E579.9498
G1 X116.14 Y136.404 E581.2073
G0 F9000 X116.54 Y136.004
;TYPE:WALL-OUTER
G1 F1500 X122.8 Y136.004 E581.41551
G1 X122.8 Y137.8 E581.47524
G1 X112.2 Y137.8 E581.8278
G1 X112.2 Y97.2 E583.17816
G1 X122.8 Y97.2 E583.53072
G1 X122.8 Y98.996 E583.59045
G1 X116.541 Y98.996 E583.79863
G1 X116.54 Y136.004 E585.02952
G0 F9000 X115.906 Y136.482
;TYPE:FILL
G1 F3000 X115.681 Y137.319 E585.05835
G1 X115.577 Y137.319
G1 X112.678 Y134.42 E585.19471
G0 F9000 X112.679 Y133.932
G1 F3000 X114.9 Y133.337 E585.27118
G0 F9000 X114.682 Y133.336
G0 X114.682 Y128.157
G0 X114.901 Y128.158
G1 F3000 X112.678 Y125.935 E585.37574
G0 F9000 X112.679 Y125.341
G1 F3000 X114.9 Y117.051 E585.6612
G0 F9000 X114.682 Y117.05
G0 X112.678 Y117.45
G1 F3000 X114.901 Y119.672 E585.76573
G0 F9000 X114.682 Y119.671
G0 X114.682 Y120.913
G0 X114.9 Y120.914
G1 F3000 X112.68 Y121.509 E585.84218
G0 F9000 X114.682 Y127.125
G0 X114.899 Y127.126
G1 F3000 X112.68 Y127.721 E585.91859
G0 F9000 X112.679 Y115.298
G1 F3000 X114.9 Y114.702 E585.99507
G0 F9000 X114.682 Y114.701
G0 X114.682 Y111.186
G0 X114.901 Y111.187
G1 F3000 X112.678 Y108.965 E586.09961
G1 X112.68 Y109.086
G1 X114.899 Y108.491 E586.17603
G0 F9000 X114.682 Y108.49
G0 X114.682 Y102.701
G0 X114.901 Y102.702
G1 F3000 X112.678 Y100.479 E586.28059
G0 F9000 X112.679 Y102.16
G1 F3000 X113.88 Y97.678 E586.43492
G0 F9000 X118.364 Y97.679
G1 F3000 X119.2 Y98.516 E586.47427
G0 F9000 X119.867 Y98.515
G1 F3000 X120.092 Y97.678 E586.50309
G0 F9000 X114.754 Y98.368
G0 X114.682 Y102.278
G0 X114.9 Y102.279
G1 F3000 X112.68 Y102.874 E586.57954
G1 F2700 E581.57954
G0 F9000 X114.754 Y98.368
G0 X115.959 Y98.368
G0 X116.312 Y136.232
G0 X122.117 Y136.482
G1 F2700 E586.57954
G1 F3000 X121.893 Y137.32 E586.60839
G0 F9000 X116.03 Y136.415
G0 X115.75 Y136.414
;TYPE:SKIN
G1 F1500 X114.971 Y136.414 E586.6343
G1 X114.972 Y98.586 E587.89246
G1 X115.751 Y98.586 E587.91837
G1 X115.75 Y136.414 E589.17653
G0 F9000 X115.322 Y136.253
G1 F1500 X115.131 Y136.061 E589.18554
G0 F9000 X115.59 Y135.955
G1 F1500 X115.131 Y135.495 E589.20716
G0 F9000 X115.59 Y135.389
G1 F1500 X115.131 Y134.93 E589.22875
G0 F9000 X115.59 Y134.824
G1 F1500 X115.131 Y134.364 E589.25036
G0 F9000 X115.59 Y134.258
G1 F1500 X115.131 Y133.798 E589.27197
G0 F9000 X115.59 Y133.692
G1 F1500 X115.131 Y133.233 E589.29356
G0 F9000 X115.59 Y133.126
G1 F1500 X115.131 Y132.667 E589.31515
G0 F9000 X115.59 Y132.561
G1 F1500 X115.131 Y132.101 E589.33677
G0 F9000 X115.59 Y131.995
G1 F1500 X115.131 Y131.536 E589.35836
G0 F9000 X115.59 Y131.429
G1 F1500 X115.131 Y130.97 E589.37995
G0 F9000 X115.59 Y130.864
G1 F1500 X115.131 Y130.404 E589.40156
G0 F9000 X115.59 Y130.298
G1 F1500 X115.131 Y129.838 E589.42317
G0 F9000 X115.59 Y129.732
G1 F1500 X115.131 Y129.273 E589.44476
G0 F9000 X115.59 Y129.167
G1 F1500 X115.131 Y128.707 E589.46638
G0 F9000 X115.59 Y128.601
G1 F1500 X115.131 Y128.141 E589.48799
G0 F9000 X115.59 Y128.035
G1 F1500 X115.131 Y127.576 E589.50958
G0 F9000 X115.59 Y127.47
G1 F1500 X115.131 Y127.01 E589.53119
G0 F9000 X115.59 Y126.904
G1 F1500 X115.131 Y126.444 E589.55281
G0 F9000 X115.59 Y126.338
G1 F1500 X115.131 Y125.879 E589.5744
G0 F9000 X115.59 Y125.773
G1 F1500 X115.131 Y125.313 E589.59601
G0 F9000 X115.59 Y125.207
G1 F1500 X115.131 Y124.747 E589.61762
G0 F9000 X115.59 Y124.641
G1 F1500 X115.131 Y124.182 E589.63921
G0 F9000 X115.59 Y124.076
G1 F1500 X115.131 Y123.616 E589.66083
G0 F9000 X115.59 Y123.51
G1 F1500 X115.131 Y123.05 E589.68244
G0 F9000 X115.59 Y122.944
G1 F1500 X115.131 Y122.485 E589.70403
G0 F9000 X115.59 Y122.378
G1 F1500 X115.131 Y121.919 E589.72562
G0 F9000 X115.59 Y121.813
G1 F1500 X115.131 Y121.353 E589.74723
G0 F9000 X115.59 Y121.247
G1 F1500 X115.131 Y120.787 E589.76885
G0 F9000 X115.59 Y120.681
G1 F1500 X115.131 Y120.222 E589.79044
G0 F9000 X115.59 Y120.116
G1 F1500 X115.131 Y119.656 E589.81205
G0 F9000 X115.59 Y119.55
G1 F1500 X115.131 Y119.09 E589.83366
G0 F9000 X115.59 Y118.984
G1 F1500 X115.131 Y118.525 E589.85525
G0 F9000 X115.59 Y118.419
G1 F1500 X115.131 Y117.959 E589.87687
G0 F9000 X115.59 Y117.853
G1 F1500 X115.131 Y117.393 E589.89848
G0 F9000 X115.59 Y117.287
G1 F1500 X115.131 Y116.828 E589.92007
G0 F9000 X115.59 Y116.722
G1 F1500 X115.131 Y116.262 E589.94168
G0 F9000 X115.59 Y116.156
G1 F1500 X115.131 Y115.696 E589.9633
G0 F9000 X115.59 Y115.59
G1 F1500 X115.131 Y115.131 E589.98489
G0 F9000 X115.59 Y115.025
G1 F1500 X115.131 Y114.565 E590.0065
G0 F9000 X115.59 Y114.459
G1 F1500 X115.131 Y113.999 E590.02812
G0 F9000 X115.59 Y113.893
G1 F1500 X115.131 Y113.434 E590.04971
G0 F9000 X115.59 Y113.328
G1 F1500 X115.131 Y112.868 E590.07132
G0 F9000 X115.59 Y112.762
G1 F1500 X115.131 Y112.302 E590.09293
G0 F9000 X115.59 Y112.196
G1 F1500 X115.131 Y111.737 E590.11452
G0 F9000 X115.59 Y111.63
G1 F1500 X115.131 Y111.171 E590.13611
G0 F9000 X115.59 Y111.065
G1 F1500 X115.131 Y110.605 E590.15773
G0 F9000 X115.59 Y110.499
G1 F1500 X115.131 Y110.039 E590.17934
G0 F9000 X115.59 Y109.933
G1 F1500 X115.131 Y109.474 E590.20093
G0 F9000 X115.59 Y109.368
G1 F1500 X115.131 Y108.908 E590.22254
G0 F9000 X115.59 Y108.802
G1 F1500 X115.131 Y108.342 E590.24416
G0 F9000 X115.59 Y108.236
G1 F1500 X115.131 Y107.777 E590.26575
G0 F9000 X115.59 Y107.671
G1 F1500 X115.131 Y107.211 E590.28736
G0 F9000 X115.59 Y107.105
G1 F1500 X115.131 Y106.645 E590.30897
G0 F9000 X115.59 Y106.539
G1 F1500 X115.131 Y106.08 E590.33056
G0 F9000 X115.59 Y105.974
G1 F1500 X115.131 Y105.514 E590.35218
G0 F9000 X115.59 Y105.408
G1 F1500 X115.131 Y104.948 E590.37379
G0 F9000 X115.59 Y104.842
G1 F1500 X115.131 Y104.383 E590.39538
G0 F9000 X115.59 Y104.277
G1 F1500 X115.131 Y103.817 E590.41699
G0 F9000 X115.59 Y103.711
G1 F1500 X115.131 Y103.251 E590.43861
G0 F9000 X115.59 Y103.145
G1 F1500 X115.131 Y102.686 E590.4602
G0 F9000 X115.59 Y102.579
G1 F1500 X115.131 Y102.12 E590.48179
G0 F9000 X115.59 Y102.014
G1 F1500 X115.131 Y101.554 E590.5034
G0 F9000 X115.59 Y101.448
G1 F1500 X115.131 Y100.988 E590.52501
G0 F9000 X115.59 Y100.882
G1 F1500 X115.131 Y100.423 E590.5466
G0 F9000 X115.59 Y100.317
G1 F1500 X115.131 Y99.857 E590.56822
G0 F9000 X115.59 Y99.751
G1 F1500 X115.131 Y99.291 E590.58983
G0 F9000 X115.59 Y99.185
G1 F1500 X115.15 Y98.746 E590.6105
G0 F9000 X115.15 Y97.996
G1 F2700 E585.6105
;MESH:NONMESH
G0 F300 X115.15 Y97.996 Z12.4
G0 F9000 X115.959 Y98.368
G0 X116.312 Y136.232
G0 X116.429 Y136.404
;TIME_ELAPSED:1002.538873
;LAYER:61
;TYPE:WALL-INNER
;MESH:screenholder-mount.obj
G1 F2700 E590.6105
G1 F1500 X122.4 Y136.404 E590.8091
G1 X122.4 Y137.4 E590.84223
G1 X112.6 Y137.4 E591.16818
G1 X112.6 Y97.6 E592.49193
G1 X122.4 Y97.6 E592.81788
G1 X122.4 Y98.596 E592.85101
G1 X116.43 Y98.596 E593.04957
G1 X116.429 Y136.404 E594.30707
G0 F9000 X116.829 Y136.004
;TYPE:WALL-OUTER
G1 F1500 X122.8 Y136.004 E594.50566
G1 X122.8 Y137.8 E594.5654
G1 X112.2 Y137.8 E594.91796
G1 X112.2 Y97.2 E596.26832
G1 X122.8 Y97.2 E596.62088
G1 X122.8 Y98.996 E596.68061
G1 X116.83 Y98.996 E596.87917
G1 X116.829 Y136.004 E598.11007
G0 F9000 X116.53 Y136.003
G0 X116.247 Y136.632
G0 X115.759 Y136.704
G0 X115.759 Y136.482
;TYPE:FILL
G1 F3000 X115.534 Y137.32 E598.13892
G0 F9000 X115.778 Y137.319
G1 F3000 X112.678 Y134.22 E598.28472
G1 X112.679 Y134.079
G1 X115.19 Y133.407 E598.37117
G0 F9000 X114.972 Y133.406
G0 X114.972 Y128.246
G0 X115.191 Y128.247
G1 F3000 X112.678 Y125.734 E598.48937
G0 F9000 X112.679 Y124.792
G1 F3000 X115.191 Y115.42 E598.81209
G0 F9000 X115.191 Y114.772
G1 F3000 X112.679 Y115.445 E598.89859
G0 F9000 X112.678 Y117.249
G1 F3000 X115.191 Y119.761 E599.01677
G0 F9000 X114.972 Y119.76
G0 X114.972 Y120.982
G0 X115.19 Y120.983
G1 F3000 X112.679 Y121.656 E599.10323
G0 F9000 X114.972 Y127.194
G0 X115.19 Y127.195
G1 F3000 X112.68 Y127.868 E599.18966
G0 F9000 X115.043 Y136.632
G0 X121.97 Y136.482
G1 F3000 X121.746 Y137.32 E599.21851
G1 F2700 E594.21851
G0 F9000 X116.601 Y136.232
G0 X116.248 Y98.368
G0 X115.044 Y98.368
G0 X114.972 Y111.275
G1 F2700 E599.21851
G0 F9000 X115.191 Y111.276
G1 F3000 X112.678 Y108.764 E599.33669
G0 F9000 X112.68 Y109.233
G1 F3000 X115.191 Y108.56 E599.42316
G0 F9000 X114.972 Y108.559
G0 X114.972 Y102.79
G0 X115.191 Y102.791
G1 F3000 X112.678 Y100.279 E599.54134
G0 F9000 X112.679 Y101.611
G1 F3000 X113.733 Y97.678 E599.67677
G0 F9000 X118.564 Y97.679
G1 F3000 X119.401 Y98.516 E599.71614
G0 F9000 X119.72 Y98.515
G1 F3000 X119.945 Y97.678 E599.74496
G0 F9000 X115.044 Y98.368
G0 X114.972 Y102.347
G0 X115.19 Y102.348
G1 F3000 X112.68 Y103.021 E599.83139
G0 F9000 X115.044 Y98.368
G0 X115.262 Y98.586
;TYPE:SKIN
G1 F1500 X116.04 Y98.586 E599.85727
G1 X116.039 Y136.414 E601.11544
G1 X115.261 Y136.414 E601.14131
G1 X115.262 Y98.586 E602.39948
G0 F9000 X115.648 Y98.746
G1 F1500 X115.421 Y98.973 E602.41015
G0 F9000 X115.878 Y99.081
G1 F1500 X115.421 Y99.539 E602.43167
G0 F9000 X115.878 Y99.647
G1 F1500 X115.421 Y100.105 E602.45319
G0 F9000 X115.878 Y100.213
G1 F1500 X115.421 Y100.67 E602.47469
G0 F9000 X115.878 Y100.778
G1 F1500 X115.421 Y101.236 E602.49621
G0 F9000 X115.878 Y101.344
G1 F1500 X115.421 Y101.802 E602.51773
G0 F9000 X115.878 Y101.91
G1 F1500 X115.421 Y102.367 E602.53922
G0 F9000 X115.878 Y102.476
G1 F1500 X115.421 Y102.933 E602.56072
G0 F9000 X115.878 Y103.041
G1 F1500 X115.421 Y103.499 E602.58224
G0 F9000 X115.878 Y103.607
G1 F1500 X115.421 Y104.064 E602.60373
G0 F9000 X115.878 Y104.173
G1 F1500 X115.421 Y104.63 E602.62523
G0 F9000 X115.878 Y104.738
G1 F1500 X115.421 Y105.196 E602.64675
G0 F9000 X115.878 Y105.304
G1 F1500 X115.421 Y105.761 E602.66825
G0 F9000 X115.878 Y105.87
G1 F1500 X115.421 Y106.327 E602.68974
G0 F9000 X115.878 Y106.435
G1 F1500 X115.421 Y106.893 E602.71126
G0 F9000 X115.878 Y107.001
G1 F1500 X115.421 Y107.459 E602.73278
G0 F9000 X115.878 Y107.567
G1 F1500 X115.421 Y108.024 E602.75428
G0 F9000 X115.878 Y108.132
G1 F1500 X115.421 Y108.59 E602.7758
G0 F9000 X115.878 Y108.698
G1 F1500 X115.421 Y109.156 E602.79731
G0 F9000 X115.878 Y109.264
G1 F1500 X115.421 Y109.721 E602.81881
G0 F9000 X115.878 Y109.829
G1 F1500 X115.421 Y110.287 E602.84033
G0 F9000 X115.878 Y110.395
G1 F1500 X115.421 Y110.853 E602.86185
G0 F9000 X115.878 Y110.961
G1 F1500 X115.421 Y111.418 E602.88335
G0 F9000 X115.878 Y111.527
G1 F1500 X115.421 Y111.984 E602.90484
G0 F9000 X115.878 Y112.092
G1 F1500 X115.421 Y112.55 E602.92636
G0 F9000 X115.878 Y112.658
G1 F1500 X115.421 Y113.115 E602.94786
G0 F9000 X115.878 Y113.224
G1 F1500 X115.421 Y113.681 E602.96935
G0 F9000 X115.878 Y113.789
G1 F1500 X115.421 Y114.247 E602.99087
G0 F9000 X115.878 Y114.355
G1 F1500 X115.421 Y114.812 E603.01237
G0 F9000 X115.878 Y114.921
G1 F1500 X115.421 Y115.378 E603.03386
G0 F9000 X115.878 Y115.486
G1 F1500 X115.421 Y115.944 E603.05538
G0 F9000 X115.878 Y116.052
G1 F1500 X115.421 Y116.509 E603.07688
G0 F9000 X115.878 Y116.618
G1 F1500 X115.421 Y117.075 E603.09837
G0 F9000 X115.878 Y117.183
G1 F1500 X115.421 Y117.641 E603.11989
G0 F9000 X115.878 Y117.749
G1 F1500 X115.421 Y118.207 E603.14141
G0 F9000 X115.878 Y118.315
G1 F1500 X115.421 Y118.772 E603.16291
G0 F9000 X115.878 Y118.88
G1 F1500 X115.421 Y119.338 E603.18443
G0 F9000 X115.878 Y119.446
G1 F1500 X115.421 Y119.904 E603.20595
G0 F9000 X115.878 Y120.012
G1 F1500 X115.421 Y120.469 E603.22744
G0 F9000 X115.878 Y120.577
G1 F1500 X115.421 Y121.035 E603.24896
G0 F9000 X115.878 Y121.143
G1 F1500 X115.421 Y121.601 E603.27048
G0 F9000 X115.878 Y121.709
G1 F1500 X115.421 Y122.166 E603.29198
G0 F9000 X115.878 Y122.275
G1 F1500 X115.421 Y122.732 E603.31347
G0 F9000 X115.878 Y122.84
G1 F1500 X115.421 Y123.298 E603.33499
G0 F9000 X115.878 Y123.406
G1 F1500 X115.421 Y123.863 E603.35649
G0 F9000 X115.878 Y123.972
G1 F1500 X115.421 Y124.429 E603.37799
G0 F9000 X115.878 Y124.537
G1 F1500 X115.421 Y124.995 E603.39951
G0 F9000 X115.878 Y125.103
G1 F1500 X115.421 Y125.56 E603.421
G0 F9000 X115.878 Y125.669
G1 F1500 X115.421 Y126.126 E603.4425
G0 F9000 X115.878 Y126.234
G1 F1500 X115.421 Y126.692 E603.46402
G0 F9000 X115.878 Y126.8
G1 F1500 X115.421 Y127.258 E603.48554
G0 F9000 X115.878 Y127.366
G1 F1500 X115.421 Y127.823 E603.50703
G0 F9000 X115.878 Y127.931
G1 F1500 X115.421 Y128.389 E603.52855
G0 F9000 X115.878 Y128.497
G1 F1500 X115.421 Y128.955 E603.55007
G0 F9000 X115.878 Y129.063
G1 F1500 X115.421 Y129.52 E603.57157
G0 F9000 X115.878 Y129.628
G1 F1500 X115.421 Y130.086 E603.59309
G0 F9000 X115.878 Y130.194
G1 F1500 X115.421 Y130.652 E603.61461
G0 F9000 X115.878 Y130.76
G1 F1500 X115.421 Y131.217 E603.6361
G0 F9000 X115.878 Y131.325
G1 F1500 X115.421 Y131.783 E603.65762
G0 F9000 X115.878 Y131.891
G1 F1500 X115.421 Y132.349 E603.67914
G0 F9000 X115.878 Y132.457
G1 F1500 X115.421 Y132.914 E603.70064
G0 F9000 X115.878 Y133.023
G1 F1500 X115.421 Y133.48 E603.72213
G0 F9000 X115.878 Y133.588
G1 F1500 X115.421 Y134.046 E603.74365
G0 F9000 X115.878 Y134.154
G1 F1500 X115.421 Y134.611 E603.76515
G0 F9000 X115.878 Y134.72
G1 F1500 X115.421 Y135.177 E603.78664
G0 F9000 X115.878 Y135.285
G1 F1500 X115.421 Y135.743 E603.80816
G0 F9000 X115.878 Y135.851
G1 F1500 X115.476 Y136.253 E603.82707
G0 F9000 X115.476 Y137.004
;MESH:NONMESH
G0 F300 X115.476 Y137.004 Z12.6
G0 F9000 X116.719 Y136.404
;TIME_ELAPSED:1028.478100
;LAYER:62
;TYPE:WALL-INNER
;MESH:screenholder-mount.obj
G1 F1500 X122.4 Y136.404 E604.01602
G1 X122.4 Y137.4 E604.04915
G1 X112.6 Y137.4 E604.3751
G1 X112.6 Y97.6 E605.69885
G1 X122.4 Y97.6 E606.0248
G1 X122.4 Y98.596 E606.05793
G1 X116.72 Y98.596 E606.24685
G1 X116.719 Y136.404 E607.50435
G0 F9000 X117.119 Y136.004
;TYPE:WALL-OUTER
G1 F1500 X122.8 Y136.004 E607.6933
G1 X122.8 Y137.8 E607.75303
G1 X112.2 Y137.8 E608.10559
G1 X112.2 Y97.2 E609.45595
G1 X122.8 Y97.2 E609.80851
G1 X122.8 Y98.996 E609.86824
G1 X117.12 Y98.996 E610.05716
G1 X117.119 Y136.004 E611.28805
G0 F9000 X116.82 Y136.003
G0 X116.537 Y136.632
G0 X115.613 Y136.704
G0 X115.613 Y136.482
;TYPE:FILL
G1 F3000 X115.388 Y137.319 E611.31688
G0 F9000 X115.977 Y137.319
G1 F3000 X112.678 Y134.02 E611.47205
G0 F9000 X112.679 Y134.225
G1 F3000 X115.478 Y133.475 E611.56843
G0 F9000 X115.261 Y133.474
G0 X115.261 Y128.336
G0 X115.48 Y128.337
G1 F3000 X112.678 Y125.535 E611.70023
G0 F9000 X112.679 Y124.248
G1 F3000 X115.479 Y113.797 E612.06009
G0 F9000 X115.261 Y113.796
G0 X115.261 Y114.839
G0 X115.479 Y114.84
G1 F3000 X112.679 Y115.591 E612.15651
G0 F9000 X112.678 Y117.05
G1 F3000 X115.48 Y119.851 E612.28828
G0 F9000 X115.261 Y119.85
G0 X115.261 Y121.051
G0 X115.479 Y121.052
G1 F3000 X112.68 Y121.802 E612.38466
G0 F9000 X115.261 Y127.263
G0 X115.479 Y127.264
G1 F3000 X112.68 Y128.014 E612.48104
G0 F9000 X115.332 Y136.632
G0 X121.824 Y136.483
G1 F3000 X121.6 Y137.32 E612.50986
G1 F2700 E607.50986
G0 F9000 X116.891 Y136.232
G0 X116.538 Y98.368
G0 X115.333 Y98.368
G0 X115.261 Y111.365
G1 F2700 E612.50986
G0 F9000 X115.48 Y111.366
G1 F3000 X112.678 Y108.564 E612.64166
G0 F9000 X112.679 Y109.379
G1 F3000 X115.48 Y108.628 E612.73811
G0 F9000 X115.261 Y108.627
G0 X115.261 Y102.88
G0 X115.48 Y102.881
G1 F3000 X112.678 Y100.079 E612.86991
G0 F9000 X112.679 Y101.066
G1 F3000 X113.587 Y97.678 E612.98657
G0 F9000 X115.261 Y102.416
G0 X115.479 Y102.417
G1 F3000 X112.68 Y103.167 E613.08295
G0 F9000 X115.333 Y98.368
G0 X118.764 Y97.679
G1 F3000 X119.6 Y98.515 E613.12227
G1 X119.574 Y98.516
G1 X119.798 Y97.678 E613.15112
G0 F9000 X116.609 Y98.587
G0 X116.33 Y98.586
;TYPE:SKIN
G1 F1500 X116.329 Y136.414 E614.40929
G1 X115.55 Y136.414 E614.4352
G1 X115.551 Y98.586 E615.69336
G1 X116.33 Y98.586 E615.71927
G0 F9000 X116.169 Y99.198
G1 F1500 X115.716 Y98.746 E615.74056
G0 F9000 X115.71 Y99.305
G1 F1500 X116.169 Y99.764 E615.76215
G0 F9000 X115.71 Y99.871
G1 F1500 X116.169 Y100.329 E615.78371
G0 F9000 X115.71 Y100.436
G1 F1500 X116.169 Y100.895 E615.8053
G0 F9000 X115.71 Y101.002
G1 F1500 X116.169 Y101.461 E615.82689
G0 F9000 X115.71 Y101.568
G1 F1500 X116.169 Y102.027 E615.84848
G0 F9000 X115.71 Y102.133
G1 F1500 X116.169 Y102.592 E615.87007
G0 F9000 X115.71 Y102.699
G1 F1500 X116.169 Y103.158 E615.89166
G0 F9000 X115.71 Y103.265
G1 F1500 X116.169 Y103.724 E615.91325
G0 F9000 X115.71 Y103.83
G1 F1500 X116.169 Y104.289 E615.93484
G0 F9000 X115.71 Y104.396
G1 F1500 X116.169 Y104.855 E615.95643
G0 F9000 X115.71 Y104.962
G1 F1500 X116.169 Y105.421 E615.97802
G0 F9000 X115.71 Y105.527
G1 F1500 X116.169 Y105.986 E615.99961
G0 F9000 X115.71 Y106.093
G1 F1500 X116.169 Y106.552 E616.0212
G0 F9000 X115.71 Y106.659
G1 F1500 X116.169 Y107.118 E616.04279
G0 F9000 X115.71 Y107.224
G1 F1500 X116.169 Y107.683 E616.06438
G0 F9000 X115.71 Y107.79
G1 F1500 X116.169 Y108.249 E616.08597
G0 F9000 X115.71 Y108.356
G1 F1500 X116.169 Y108.815 E616.10756
G0 F9000 X115.71 Y108.922
G1 F1500 X116.169 Y109.38 E616.12913
G0 F9000 X115.71 Y109.487
G1 F1500 X116.169 Y109.946 E616.15072
G0 F9000 X115.71 Y110.053
G1 F1500 X116.169 Y110.512 E616.17231
G0 F9000 X115.71 Y110.619
G1 F1500 X116.169 Y111.077 E616.19387
G0 F9000 X115.71 Y111.184
G1 F1500 X116.169 Y111.643 E616.21546
G0 F9000 X115.71 Y111.75
G1 F1500 X116.169 Y112.209 E616.23705
G0 F9000 X115.71 Y112.316
G1 F1500 X116.169 Y112.775 E616.25864
G0 F9000 X115.71 Y112.881
G1 F1500 X116.169 Y113.34 E616.28023
G0 F9000 X115.71 Y113.447
G1 F1500 X116.169 Y113.906 E616.30182
G0 F9000 X115.71 Y114.013
G1 F1500 X116.169 Y114.472 E616.32341
G0 F9000 X115.71 Y114.578
G1 F1500 X116.169 Y115.037 E616.345
G0 F9000 X115.71 Y115.144
G1 F1500 X116.169 Y115.603 E616.36659
G0 F9000 X115.71 Y115.71
G1 F1500 X116.169 Y116.169 E616.38818
G0 F9000 X115.71 Y116.275
G1 F1500 X116.169 Y116.734 E616.40977
G0 F9000 X115.71 Y116.841
G1 F1500 X116.169 Y117.3 E616.43136
G0 F9000 X115.71 Y117.407
G1 F1500 X116.169 Y117.866 E616.45295
G0 F9000 X115.71 Y117.972
G1 F1500 X116.169 Y118.431 E616.47454
G0 F9000 X115.71 Y118.538
G1 F1500 X116.169 Y118.997 E616.49613
G0 F9000 X115.71 Y119.104
G1 F1500 X116.169 Y119.563 E616.51772
G0 F9000 X115.71 Y119.67
G1 F1500 X116.169 Y120.128 E616.53929
G0 F9000 X115.71 Y120.235
G1 F1500 X116.169 Y120.694 E616.56088
G0 F9000 X115.71 Y120.801
G1 F1500 X116.169 Y121.26 E616.58247
G0 F9000 X115.71 Y121.367
G1 F1500 X116.169 Y121.826 E616.60406
G0 F9000 X115.71 Y121.932
G1 F1500 X116.169 Y122.391 E616.62565
G0 F9000 X115.71 Y122.498
G1 F1500 X116.169 Y122.957 E616.64724
G0 F9000 X115.71 Y123.064
G1 F1500 X116.169 Y123.523 E616.66883
G0 F9000 X115.71 Y123.629
G1 F1500 X116.169 Y124.088 E616.69042
G0 F9000 X115.71 Y124.195
G1 F1500 X116.169 Y124.654 E616.71201
G0 F9000 X115.71 Y124.761
G1 F1500 X116.169 Y125.22 E616.7336
G0 F9000 X115.71 Y125.326
G1 F1500 X116.169 Y125.785 E616.75519
G0 F9000 X115.71 Y125.892
G1 F1500 X116.169 Y126.351 E616.77678
G0 F9000 X115.71 Y126.458
G1 F1500 X116.169 Y126.917 E616.79837
G0 F9000 X115.71 Y127.023
G1 F1500 X116.169 Y127.482 E616.81996
G0 F9000 X115.71 Y127.589
G1 F1500 X116.169 Y128.048 E616.84155
G0 F9000 X115.71 Y128.155
G1 F1500 X116.169 Y128.614 E616.86314
G0 F9000 X115.71 Y128.721
G1 F1500 X116.169 Y129.179 E616.88471
G0 F9000 X115.71 Y129.286
G1 F1500 X116.169 Y129.745 E616.9063
G0 F9000 X115.71 Y129.852
G1 F1500 X116.169 Y130.311 E616.92789
G0 F9000 X115.71 Y130.418
G1 F1500 X116.169 Y130.876 E616.94945
G0 F9000 X115.71 Y130.983
G1 F1500 X116.169 Y131.442 E616.97104
G0 F9000 X115.71 Y131.549
G1 F1500 X116.169 Y132.008 E616.99263
G0 F9000 X115.71 Y132.115
G1 F1500 X116.169 Y132.574 E617.01422
G0 F9000 X115.71 Y132.68
G1 F1500 X116.169 Y133.139 E617.03581
G0 F9000 X115.71 Y133.246
G1 F1500 X116.169 Y133.705 E617.0574
G0 F9000 X115.71 Y133.812
G1 F1500 X116.169 Y134.271 E617.07899
G0 F9000 X115.71 Y134.377
G1 F1500 X116.169 Y134.836 E617.10058
G0 F9000 X115.71 Y134.943
G1 F1500 X116.169 Y135.402 E617.12217
G0 F9000 X115.71 Y135.509
G1 F1500 X116.169 Y135.968 E617.14376
G0 F9000 X115.888 Y136.253
G1 F1500 X115.71 Y136.074 E617.15216
G0 F9000 X114.961 Y136.073
;MESH:NONMESH
G0 F300 X114.961 Y136.073 Z12.8
G0 F9000 X115.332 Y136.632
G0 X116.537 Y136.632
G0 X117.009 Y136.404
;TIME_ELAPSED:1054.407891
;LAYER:63
;TYPE:WALL-INNER
;MESH:screenholder-mount.obj
G1 F1500 X122.4 Y136.404 E617.33146
G1 X122.4 Y137.4 E617.36459
G1 X112.6 Y137.4 E617.69054
G1 X112.6 Y97.6 E619.01429
G1 X122.4 Y97.6 E619.34024
G1 X122.4 Y98.596 E619.37337
G1 X117.01 Y98.596 E619.55264
G1 X117.009 Y136.404 E620.81014
G0 F9000 X117.409 Y136.004
;TYPE:WALL-OUTER
G1 F1500 X122.8 Y136.004 E620.98945
G1 X122.8 Y137.8 E621.04918
G1 X112.2 Y137.8 E621.40174
G1 X112.2 Y97.2 E622.7521
G1 X122.8 Y97.2 E623.10466
G1 X122.8 Y98.996 E623.16439
G1 X117.41 Y98.996 E623.34366
G1 X117.409 Y136.004 E624.57456
G0 F9000 X117.11 Y136.003
G0 X116.827 Y136.632
G0 X115.622 Y136.632
G0 X115.551 Y135.354
G0 X115.769 Y135.355
;TYPE:FILL
G1 F3000 X115.242 Y137.32 E624.64222
G0 F9000 X116.176 Y137.319
G1 F3000 X112.678 Y133.821 E624.80676
G0 F9000 X112.679 Y134.372
G1 F3000 X115.768 Y133.544 E624.91312
G0 F9000 X115.551 Y133.543
G0 X115.551 Y128.426
G0 X115.77 Y128.427
G1 F3000 X112.678 Y125.336 E625.05854
G0 F9000 X112.679 Y123.703
G1 F3000 X115.77 Y112.168 E625.45573
G0 F9000 X115.77 Y111.456
G1 F3000 X112.678 Y108.365 E625.60115
G0 F9000 X112.679 Y109.525
G1 F3000 X115.769 Y108.697 E625.70754
G0 F9000 X115.551 Y108.696
G0 X115.551 Y102.97
G0 X115.77 Y102.971
G1 F3000 X112.678 Y99.88 E625.85296
G0 F9000 X112.679 Y100.521
G1 F3000 X113.441 Y97.678 E625.95086
G0 F9000 X115.551 Y102.484
G0 X115.77 Y102.485
G1 F3000 X112.68 Y103.313 E626.05726
G0 F9000 X115.623 Y98.368
G0 X116.305 Y98.368
G0 X119.428 Y98.516
G1 F3000 X119.652 Y97.678 E626.08611
G0 F9000 X118.963 Y97.679
G1 F3000 X119.799 Y98.515 E626.12543
G0 F9000 X116.828 Y98.368
G0 X115.623 Y98.368
G0 X115.551 Y114.908
G0 X115.769 Y114.909
G1 F3000 X112.68 Y115.736 E626.23179
G0 F9000 X112.678 Y116.85
G1 F3000 X115.77 Y119.942 E626.37723
G0 F9000 X115.551 Y119.941
G0 X115.551 Y121.119
G0 X115.769 Y121.12
G1 F3000 X112.68 Y121.948 E626.48359
G0 F9000 X115.551 Y127.331
G0 X115.768 Y127.332
G1 F3000 X112.679 Y128.16 E626.58996
G0 F9000 X115.622 Y136.632
G0 X115.963 Y136.632
G0 X121.678 Y136.482
G1 F3000 X121.454 Y137.319 E626.61878
G0 F9000 X116.899 Y136.415
G0 X116.619 Y136.414
;TYPE:SKIN
G1 F1500 X115.84 Y136.414 E626.64469
G1 X115.841 Y98.586 E627.90285
G1 X116.62 Y98.586 E627.92876
G1 X116.619 Y136.414 E629.18693
G0 F9000 X116.041 Y136.253
G1 F1500 X116.459 Y135.836 E629.20657
G0 F9000 X116 Y135.729
G1 F1500 X116.459 Y135.27 E629.22816
G0 F9000 X116 Y135.163
G1 F1500 X116.459 Y134.705 E629.24972
G0 F9000 X116 Y134.597
G1 F1500 X116.459 Y134.139 E629.27129
G0 F9000 X116 Y134.032
G1 F1500 X116.459 Y133.573 E629.29288
G0 F9000 X116 Y133.466
G1 F1500 X116.459 Y133.008 E629.31444
G0 F9000 X116 Y132.9
G1 F1500 X116.459 Y132.442 E629.33601
G0 F9000 X116 Y132.335
G1 F1500 X116.459 Y131.876 E629.3576
G0 F9000 X116 Y131.769
G1 F1500 X116.459 Y131.311 E629.37917
G0 F9000 X116 Y131.203
G1 F1500 X116.459 Y130.745 E629.40073
G0 F9000 X116 Y130.637
G1 F1500 X116.459 Y130.179 E629.4223
G0 F9000 X116 Y130.072
G1 F1500 X116.459 Y129.614 E629.44387
G0 F9000 X116 Y129.506
G1 F1500 X116.459 Y129.048 E629.46543
G0 F9000 X116 Y128.94
G1 F1500 X116.459 Y128.482 E629.487
G0 F9000 X116 Y128.375
G1 F1500 X116.459 Y127.917 E629.50857
G0 F9000 X116 Y127.809
G1 F1500 X116.459 Y127.351 E629.53013
G0 F9000 X116 Y127.243
G1 F1500 X116.459 Y126.785 E629.5517
G0 F9000 X116 Y126.678
G1 F1500 X116.459 Y126.219 E629.57329
G0 F9000 X116 Y126.112
G1 F1500 X116.459 Y125.654 E629.59486
G0 F9000 X116 Y125.546
G1 F1500 X116.459 Y125.088 E629.61642
G0 F9000 X116 Y124.981
G1 F1500 X116.459 Y124.522 E629.63801
G0 F9000 X116 Y124.415
G1 F1500 X116.459 Y123.957 E629.65958
G0 F9000 X116 Y123.849
G1 F1500 X116.459 Y123.391 E629.68114
G0 F9000 X116 Y123.284
G1 F1500 X116.459 Y122.825 E629.70273
G0 F9000 X116 Y122.718
G1 F1500 X116.459 Y122.26 E629.7243
G0 F9000 X116 Y122.152
G1 F1500 X116.459 Y121.694 E629.74587
G0 F9000 X116 Y121.587
G1 F1500 X116.459 Y121.128 E629.76746
G0 F9000 X116 Y121.021
G1 F1500 X116.459 Y120.563 E629.78902
G0 F9000 X116 Y120.455
G1 F1500 X116.459 Y119.997 E629.81059
G0 F9000 X116 Y119.889
G1 F1500 X116.459 Y119.431 E629.83216
G0 F9000 X116 Y119.324
G1 F1500 X116.459 Y118.866 E629.85372
G0 F9000 X116 Y118.758
G1 F1500 X116.459 Y118.3 E629.87529
G0 F9000 X116 Y118.192
G1 F1500 X116.459 Y117.734 E629.89686
G0 F9000 X116 Y117.627
G1 F1500 X116.459 Y117.169 E629.91842
G0 F9000 X116 Y117.061
G1 F1500 X116.459 Y116.603 E629.93999
G0 F9000 X116 Y116.495
G1 F1500 X116.459 Y116.037 E629.96156
G0 F9000 X116 Y115.93
G1 F1500 X116.459 Y115.471 E629.98315
G0 F9000 X116 Y115.364
G1 F1500 X116.459 Y114.906 E630.00471
G0 F9000 X116 Y114.798
G1 F1500 X116.459 Y114.34 E630.02628
G0 F9000 X116 Y114.233
G1 F1500 X116.459 Y113.774 E630.04787
G0 F9000 X116 Y113.667
G1 F1500 X116.459 Y113.209 E630.06943
G0 F9000 X116 Y113.101
G1 F1500 X116.459 Y112.643 E630.091
G0 F9000 X116 Y112.536
G1 F1500 X116.459 Y112.077 E630.11259
G0 F9000 X116 Y111.97
G1 F1500 X116.459 Y111.512 E630.13416
G0 F9000 X116 Y111.404
G1 F1500 X116.459 Y110.946 E630.15572
G0 F9000 X116 Y110.838
G1 F1500 X116.459 Y110.38 E630.17729
G0 F9000 X116 Y110.273
G1 F1500 X116.459 Y109.815 E630.19886
G0 F9000 X116 Y109.707
G1 F1500 X116.459 Y109.249 E630.22042
G0 F9000 X116 Y109.141
G1 F1500 X116.459 Y108.683 E630.24199
G0 F9000 X116 Y108.576
G1 F1500 X116.459 Y108.118 E630.26356
G0 F9000 X116 Y108.01
G1 F1500 X116.459 Y107.552 E630.28512
G0 F9000 X116 Y107.444
G1 F1500 X116.459 Y106.986 E630.30669
G0 F9000 X116 Y106.879
G1 F1500 X116.459 Y106.42 E630.32828
G0 F9000 X116 Y106.313
G1 F1500 X116.459 Y105.855 E630.34985
G0 F9000 X116 Y105.747
G1 F1500 X116.459 Y105.289 E630.37141
G0 F9000 X116 Y105.182
G1 F1500 X116.459 Y104.723 E630.393
G0 F9000 X116 Y104.616
G1 F1500 X116.459 Y104.158 E630.41457
G0 F9000 X116 Y104.05
G1 F1500 X116.459 Y103.592 E630.43613
G0 F9000 X116 Y103.485
G1 F1500 X116.459 Y103.026 E630.45772
G0 F9000 X116 Y102.919
G1 F1500 X116.459 Y102.461 E630.47929
G0 F9000 X116 Y102.353
G1 F1500 X116.459 Y101.895 E630.50086
G0 F9000 X116 Y101.788
G1 F1500 X116.459 Y101.329 E630.52245
G0 F9000 X116 Y101.222
G1 F1500 X116.459 Y100.764 E630.54401
G0 F9000 X116 Y100.656
G1 F1500 X116.459 Y100.198 E630.56558
G0 F9000 X116 Y100.09
G1 F1500 X116.459 Y99.632 E630.58715
G0 F9000 X116 Y99.525
G1 F1500 X116.459 Y99.067 E630.60871
G0 F9000 X116.214 Y98.746
G1 F1500 X116 Y98.959 E630.61876
G0 F9000 X115.251 Y98.958
G1 F2700 E625.61876
;MESH:NONMESH
G0 F300 X115.251 Y98.958 Z13
G0 F9000 X115.623 Y98.368
G0 X116.828 Y98.368
G0 X117.181 Y136.232
G0 X117.298 Y136.404
;TIME_ELAPSED:1080.331217
;LAYER:64
;TYPE:WALL-INNER
;MESH:screenholder-mount.obj
G1 F2700 E630.61876
G1 F1500 X122.4 Y136.404 E630.78845
G1 X122.4 Y137.4 E630.82158
G1 X112.6 Y137.4 E631.14753
G1 X112.6 Y97.6 E632.47128
G1 X122.4 Y97.6 E632.79723
G1 X122.4 Y98.596 E632.83036
G1 X117.299 Y98.596 E633.00002
G1 X117.298 Y136.404 E634.25751
G0 F9000 X117.698 Y136.004
;TYPE:WALL-OUTER
G1 F1500 X122.8 Y136.004 E634.42721
G1 X122.8 Y137.8 E634.48694
G1 X112.2 Y137.8 E634.8395
G1 X112.2 Y97.2 E636.18986
G1 X122.8 Y97.2 E636.54242
G1 X122.8 Y98.996 E636.60215
G1 X117.699 Y98.996 E636.77181
G1 X117.698 Y136.004 E638.00271
G0 F9000 X117.399 Y136.003
G0 X117.145 Y136.569
G0 X116.377 Y137.319
;TYPE:FILL
G1 F3000 X112.678 Y133.62 E638.17669
G0 F9000 X112.679 Y134.519
G1 F3000 X116.058 Y133.613 E638.29305
G1 X116.06 Y133.72
G1 X115.095 Y137.32 E638.41701
G0 F9000 X121.307 Y137.32
G1 F3000 X121.531 Y136.482 E638.44586
G0 F9000 X117.116 Y136.632
G0 X115.912 Y136.632
G0 X115.841 Y128.515
G0 X116.06 Y128.516
G1 F3000 X112.678 Y125.135 E638.60492
G0 F9000 X112.679 Y123.155
G1 F3000 X116.06 Y110.537 E639.0394
G0 F9000 X115.841 Y110.536
G0 X115.841 Y111.545
G0 X116.06 Y111.546
G1 F3000 X112.678 Y108.164 E639.19848
G0 F9000 X112.679 Y109.672
G1 F3000 X116.059 Y108.766 E639.31487
G0 F9000 X115.841 Y108.765
G0 X115.841 Y103.059
G0 X116.06 Y103.06
G1 F3000 X112.678 Y99.679 E639.47392
G0 F9000 X112.679 Y99.973
G1 F3000 X113.294 Y97.678 E639.55295
G0 F9000 X115.841 Y102.553
G0 X116.059 Y102.554
G1 F3000 X112.68 Y103.46 E639.6693
G0 F9000 X115.913 Y98.368
G0 X116.594 Y98.368
G0 X119.281 Y98.516
G1 F3000 X119.505 Y97.678 E639.69815
G0 F9000 X119.164 Y97.679
G1 F3000 X120 Y98.515 E639.73748
G0 F9000 X117.117 Y98.368
G0 X115.913 Y98.368
G0 X115.841 Y114.977
G0 X116.059 Y114.978
G1 F3000 X112.68 Y115.883 E639.85382
G0 F9000 X112.678 Y116.649
G1 F3000 X116.06 Y120.031 E640.0129
G0 F9000 X115.841 Y120.03
G0 X115.841 Y121.189
G0 X116.058 Y121.19
G1 F3000 X112.68 Y122.095 E640.12922
G0 F9000 X112.679 Y128.307
G1 F3000 X116.058 Y127.401 E640.24557
G0 F9000 X115.841 Y127.4
G0 X115.841 Y136.413
G0 X116.13 Y136.414
;TYPE:SKIN
G1 F1500 X116.131 Y98.586 E641.50374
G1 X116.909 Y98.586 E641.52962
G1 X116.908 Y136.414 E642.78778
G1 X116.13 Y136.414 E642.81366
G0 F9000 X116.454 Y136.253
G1 F1500 X116.29 Y136.089 E642.82137
G0 F9000 X116.748 Y135.981
G1 F1500 X116.29 Y135.523 E642.84291
G0 F9000 X116.748 Y135.415
G1 F1500 X116.29 Y134.957 E642.86446
G0 F9000 X116.748 Y134.85
G1 F1500 X116.29 Y134.392 E642.886
G0 F9000 X116.748 Y134.284
G1 F1500 X116.29 Y133.826 E642.90754
G0 F9000 X116.748 Y133.718
G1 F1500 X116.29 Y133.26 E642.92908
G0 F9000 X116.748 Y133.153
G1 F1500 X116.29 Y132.694 E642.95065
G0 F9000 X116.748 Y132.587
G1 F1500 X116.29 Y132.129 E642.97219
G0 F9000 X116.748 Y132.021
G1 F1500 X116.29 Y131.563 E642.99374
G0 F9000 X116.748 Y131.456
G1 F1500 X116.29 Y130.997 E643.0153
G0 F9000 X116.748 Y130.89
G1 F1500 X116.29 Y130.432 E643.03685
G0 F9000 X116.748 Y130.324
G1 F1500 X116.29 Y129.866 E643.05839
G0 F9000 X116.748 Y129.759
G1 F1500 X116.29 Y129.3 E643.07996
G0 F9000 X116.748 Y129.193
G1 F1500 X116.29 Y128.735 E643.1015
G0 F9000 X116.748 Y128.627
G1 F1500 X116.29 Y128.169 E643.12304
G0 F9000 X116.748 Y128.061
G1 F1500 X116.29 Y127.603 E643.14458
G0 F9000 X116.748 Y127.496
G1 F1500 X116.29 Y127.038 E643.16613
G0 F9000 X116.748 Y126.93
G1 F1500 X116.29 Y126.472 E643.18767
G0 F9000 X116.748 Y126.364
G1 F1500 X116.29 Y125.906 E643.20921
G0 F9000 X116.748 Y125.799
G1 F1500 X116.29 Y125.341 E643.23076
G0 F9000 X116.748 Y125.233
G1 F1500 X116.29 Y124.775 E643.2523
G0 F9000 X116.748 Y124.667
G1 F1500 X116.29 Y124.209 E643.27384
G0 F9000 X116.748 Y124.102
G1 F1500 X116.29 Y123.643 E643.29541
G0 F9000 X116.748 Y123.536
G1 F1500 X116.29 Y123.078 E643.31695
G0 F9000 X116.748 Y122.97
G1 F1500 X116.29 Y122.512 E643.33849
G0 F9000 X116.748 Y122.405
G1 F1500 X116.29 Y121.946 E643.36006
G0 F9000 X116.748 Y121.839
G1 F1500 X116.29 Y121.381 E643.3816
G0 F9000 X116.748 Y121.273
G1 F1500 X116.29 Y120.815 E643.40315
G0 F9000 X116.748 Y120.708
G1 F1500 X116.29 Y120.249 E643.42471
G0 F9000 X116.748 Y120.142
G1 F1500 X116.29 Y119.684 E643.44626
G0 F9000 X116.748 Y119.576
G1 F1500 X116.29 Y119.118 E643.4678
G0 F9000 X116.748 Y119.011
G1 F1500 X116.29 Y118.552 E643.48937
G0 F9000 X116.748 Y118.445
G1 F1500 X116.29 Y117.987 E643.51091
G0 F9000 X116.748 Y117.879
G1 F1500 X116.29 Y117.421 E643.53245
G0 F9000 X116.748 Y117.313
G1 F1500 X116.29 Y116.855 E643.55399
G0 F9000 X116.748 Y116.748
G1 F1500 X116.29 Y116.29 E643.57554
G0 F9000 X116.748 Y116.182
G1 F1500 X116.29 Y115.724 E643.59708
G0 F9000 X116.748 Y115.616
G1 F1500 X116.29 Y115.158 E643.61862
G0 F9000 X116.748 Y115.051
G1 F1500 X116.29 Y114.593 E643.64017
G0 F9000 X116.748 Y114.485
G1 F1500 X116.29 Y114.027 E643.66171
G0 F9000 X116.748 Y113.919
G1 F1500 X116.29 Y113.461 E643.68325
G0 F9000 X116.748 Y113.354
G1 F1500 X116.29 Y112.895 E643.70482
G0 F9000 X116.748 Y112.788
G1 F1500 X116.29 Y112.33 E643.72636
G0 F9000 X116.748 Y112.222
G1 F1500 X116.29 Y111.764 E643.7479
G0 F9000 X116.748 Y111.657
G1 F1500 X116.29 Y111.198 E643.76947
G0 F9000 X116.748 Y111.091
G1 F1500 X116.29 Y110.633 E643.79101
G0 F9000 X116.748 Y110.525
G1 F1500 X116.29 Y110.067 E643.81256
G0 F9000 X116.748 Y109.96
G1 F1500 X116.29 Y109.501 E643.83412
G0 F9000 X116.748 Y109.394
G1 F1500 X116.29 Y108.936 E643.85567
G0 F9000 X116.748 Y108.828
G1 F1500 X116.29 Y108.37 E643.87721
G0 F9000 X116.748 Y108.262
G1 F1500 X116.29 Y107.804 E643.89875
G0 F9000 X116.748 Y107.697
G1 F1500 X116.29 Y107.239 E643.92029
G0 F9000 X116.748 Y107.131
G1 F1500 X116.29 Y106.673 E643.94184
G0 F9000 X116.748 Y106.565
G1 F1500 X116.29 Y106.107 E643.96338
G0 F9000 X116.748 Y106
G1 F1500 X116.29 Y105.542 E643.98492
G0 F9000 X116.748 Y105.434
G1 F1500 X116.29 Y104.976 E644.00647
G0 F9000 X116.748 Y104.868
G1 F1500 X116.29 Y104.41 E644.02801
G0 F9000 X116.748 Y104.303
G1 F1500 X116.29 Y103.844 E644.04958
G0 F9000 X116.748 Y103.737
G1 F1500 X116.29 Y103.279 E644.07112
G0 F9000 X116.748 Y103.171
G1 F1500 X116.29 Y102.713 E644.09266
G0 F9000 X116.748 Y102.606
G1 F1500 X116.29 Y102.147 E644.11423
G0 F9000 X116.748 Y102.04
G1 F1500 X116.29 Y101.582 E644.13577
G0 F9000 X116.748 Y101.474
G1 F1500 X116.29 Y101.016 E644.15731
G0 F9000 X116.748 Y100.909
G1 F1500 X116.29 Y100.45 E644.17888
G0 F9000 X116.748 Y100.343
G1 F1500 X116.29 Y99.885 E644.20042
G0 F9000 X116.748 Y99.777
G1 F1500 X116.29 Y99.319 E644.22197
G0 F9000 X116.748 Y99.212
G1 F1500 X116.29 Y98.753 E644.24353
G0 F9000 X115.541 Y98.752
G1 F2700 E639.24353
;MESH:NONMESH
G0 F300 X115.541 Y98.752 Z13.2
G0 F9000 X115.913 Y98.368
G0 X117.117 Y98.368
G0 X117.47 Y136.232
G0 X117.588 Y136.404
;TIME_ELAPSED:1106.457521
;LAYER:65
;TYPE:WALL-INNER
;MESH:screenholder-mount.obj
G1 F2700 E644.24353
G1 F1500 X122.4 Y136.404 E644.40358
G1 X122.4 Y137.4 E644.43671
G1 X112.6 Y137.4 E644.76266
G1 X112.6 Y97.6 E646.08641
G1 X122.4 Y97.6 E646.41236
G1 X122.4 Y98.596 E646.44549
G1 X117.589 Y98.596 E646.6055
G1 X117.588 Y136.404 E647.863
G0 F9000 X117.988 Y136.004
;TYPE:WALL-OUTER
G1 F1500 X122.8 Y136.004 E648.02305
G1 X122.8 Y137.8 E648.08278
G1 X112.2 Y137.8 E648.43534
G1 X112.2 Y97.2 E649.7857
G1 X122.8 Y97.2 E650.13826
G1 X122.8 Y98.996 E650.19799
G1 X117.989 Y98.996 E650.35801
G1 X117.988 Y136.004 E651.5889
G0 F9000 X117.689 Y136.003
G0 X117.435 Y136.569
G0 X116.577 Y137.319
;TYPE:FILL
G1 F3000 X112.678 Y133.421 E651.77227
G0 F9000 X112.68 Y134.664
G1 F3000 X116.347 Y133.682 E651.89854
G0 F9000 X116.13 Y133.681
G0 X116.13 Y132.097
G0 X116.348 Y132.098
G1 F3000 X114.949 Y137.32 E652.07834
G0 F9000 X121.161 Y137.319
G1 F3000 X121.385 Y136.482 E652.10716
G0 F9000 X117.406 Y136.632
G0 X116.201 Y136.632
G0 X116.13 Y128.605
G0 X116.349 Y128.606
G1 F3000 X112.678 Y124.935 E652.27984
G0 F9000 X112.679 Y122.61
G1 F3000 X116.349 Y108.914 E652.75144
G1 X116.348 Y108.835
G1 X112.68 Y109.818 E652.87774
G0 F9000 X112.678 Y107.965
G1 F3000 X116.349 Y111.635 E653.05039
G0 F9000 X116.13 Y111.634
G0 X116.13 Y115.046
G0 X116.347 Y115.047
G1 F3000 X112.68 Y116.029 E653.17665
G0 F9000 X112.678 Y116.45
G1 F3000 X116.349 Y120.121 E653.34932
G0 F9000 X116.13 Y120.12
G0 X116.13 Y121.257
G0 X116.347 Y121.258
G1 F3000 X112.679 Y122.241 E653.47563
G0 F9000 X112.679 Y128.453
G1 F3000 X116.348 Y127.47 E653.60196
G0 F9000 X116.13 Y127.469
G0 X112.679 Y103.606
G1 F3000 X116.348 Y102.623 E653.7283
G0 F9000 X116.349 Y103.15
G1 F3000 X112.678 Y99.48 E653.90095
G1 X112.679 Y99.428
G1 X113.148 Y97.678 E653.96121
G0 F9000 X119.135 Y98.515
G1 F3000 X119.359 Y97.678 E653.99003
G1 X119.363 Y97.679
G1 X120.2 Y98.516 E654.0294
G0 F9000 X117.478 Y98.587
G0 X117.199 Y98.586
;TYPE:SKIN
G1 F1500 X117.198 Y136.414 E655.28756
G1 X116.419 Y136.414 E655.31347
G1 X116.42 Y98.586 E656.57163
G1 X117.199 Y98.586 E656.59754
G0 F9000 X116.78 Y98.746
G1 F1500 X116.579 Y98.946 E656.60697
G0 F9000 X117.038 Y99.053
G1 F1500 X116.579 Y99.512 E656.62856
G0 F9000 X117.038 Y99.619
G1 F1500 X116.579 Y100.078 E656.65015
G0 F9000 X117.038 Y100.185
G1 F1500 X116.579 Y100.643 E656.67172
G0 F9000 X117.038 Y100.75
G1 F1500 X116.579 Y101.209 E656.69331
G0 F9000 X117.038 Y101.316
G1 F1500 X116.579 Y101.775 E656.7149
G0 F9000 X117.038 Y101.882
G1 F1500 X116.579 Y102.34 E656.73647
G0 F9000 X117.038 Y102.447
G1 F1500 X116.579 Y102.906 E656.75806
G0 F9000 X117.038 Y103.013
G1 F1500 X116.579 Y103.472 E656.77965
G0 F9000 X117.038 Y103.579
G1 F1500 X116.579 Y104.038 E656.80124
G0 F9000 X117.038 Y104.144
G1 F1500 X116.579 Y104.603 E656.82283
G0 F9000 X117.038 Y104.71
G1 F1500 X116.579 Y105.169 E656.84442
G0 F9000 X117.038 Y105.276
G1 F1500 X116.579 Y105.735 E656.86601
G0 F9000 X117.038 Y105.841
G1 F1500 X116.579 Y106.3 E656.8876
G0 F9000 X117.038 Y106.407
G1 F1500 X116.579 Y106.866 E656.90919
G0 F9000 X117.038 Y106.973
G1 F1500 X116.579 Y107.432 E656.93078
G0 F9000 X117.038 Y107.538
G1 F1500 X116.579 Y107.997 E656.95237
G0 F9000 X117.038 Y108.104
G1 F1500 X116.579 Y108.563 E656.97396
G0 F9000 X117.038 Y108.67
G1 F1500 X116.579 Y109.129 E656.99555
G0 F9000 X117.038 Y109.235
G1 F1500 X116.579 Y109.694 E657.01714
G0 F9000 X117.038 Y109.801
G1 F1500 X116.579 Y110.26 E657.03873
G0 F9000 X117.038 Y110.367
G1 F1500 X116.579 Y110.826 E657.06032
G0 F9000 X117.038 Y110.933
G1 F1500 X116.579 Y111.391 E657.08188
G0 F9000 X117.038 Y111.498
G1 F1500 X116.579 Y111.957 E657.10347
G0 F9000 X117.038 Y112.064
G1 F1500 X116.579 Y112.523 E657.12506
G0 F9000 X117.038 Y112.63
G1 F1500 X116.579 Y113.089 E657.14665
G0 F9000 X117.038 Y113.195
G1 F1500 X116.579 Y113.654 E657.16824
G0 F9000 X117.038 Y113.761
G1 F1500 X116.579 Y114.22 E657.18983
G0 F9000 X117.038 Y114.327
G1 F1500 X116.579 Y114.786 E657.21142
G0 F9000 X117.038 Y114.892
G1 F1500 X116.579 Y115.351 E657.23301
G0 F9000 X117.038 Y115.458
G1 F1500 X116.579 Y115.917 E657.2546
G0 F9000 X117.038 Y116.024
G1 F1500 X116.579 Y116.483 E657.27619
G0 F9000 X117.038 Y116.589
G1 F1500 X116.579 Y117.048 E657.29778
G0 F9000 X117.038 Y117.155
G1 F1500 X116.579 Y117.614 E657.31937
G0 F9000 X117.038 Y117.721
G1 F1500 X116.579 Y118.18 E657.34096
G0 F9000 X117.038 Y118.286
G1 F1500 X116.579 Y118.745 E657.36255
G0 F9000 X117.038 Y118.852
G1 F1500 X116.579 Y119.311 E657.38414
G0 F9000 X117.038 Y119.418
G1 F1500 X116.579 Y119.877 E657.40573
G0 F9000 X117.038 Y119.983
G1 F1500 X116.579 Y120.442 E657.42732
G0 F9000 X117.038 Y120.549
G1 F1500 X116.579 Y121.008 E657.44891
G0 F9000 X117.038 Y121.115
G1 F1500 X116.579 Y121.574 E657.4705
G0 F9000 X117.038 Y121.681
G1 F1500 X116.579 Y122.139 E657.49207
G0 F9000 X117.038 Y122.246
G1 F1500 X116.579 Y122.705 E657.51366
G0 F9000 X117.038 Y122.812
G1 F1500 X116.579 Y123.271 E657.53525
G0 F9000 X117.038 Y123.378
G1 F1500 X116.579 Y123.837 E657.55684
G0 F9000 X117.038 Y123.943
G1 F1500 X116.579 Y124.402 E657.57843
G0 F9000 X117.038 Y124.509
G1 F1500 X116.579 Y124.968 E657.60002
G0 F9000 X117.038 Y125.075
G1 F1500 X116.579 Y125.534 E657.62161
G0 F9000 X117.038 Y125.64
G1 F1500 X116.579 Y126.099 E657.6432
G0 F9000 X117.038 Y126.206
G1 F1500 X116.579 Y126.665 E657.66479
G0 F9000 X117.038 Y126.772
G1 F1500 X116.579 Y127.231 E657.68638
G0 F9000 X117.038 Y127.337
G1 F1500 X116.579 Y127.796 E657.70797
G0 F9000 X117.038 Y127.903
G1 F1500 X116.579 Y128.362 E657.72956
G0 F9000 X117.038 Y128.469
G1 F1500 X116.579 Y128.928 E657.75115
G0 F9000 X117.038 Y129.034
G1 F1500 X116.579 Y129.493 E657.77274
G0 F9000 X117.038 Y129.6
G1 F1500 X116.579 Y130.059 E657.79433
G0 F9000 X117.038 Y130.166
G1 F1500 X116.579 Y130.625 E657.81592
G0 F9000 X117.038 Y130.732
G1 F1500 X116.579 Y131.19 E657.83748
G0 F9000 X117.038 Y131.297
G1 F1500 X116.579 Y131.756 E657.85907
G0 F9000 X117.038 Y131.863
G1 F1500 X116.579 Y132.322 E657.88066
G0 F9000 X117.038 Y132.429
G1 F1500 X116.579 Y132.887 E657.90223
G0 F9000 X117.038 Y132.994
G1 F1500 X116.579 Y133.453 E657.92382
G0 F9000 X117.038 Y133.56
G1 F1500 X116.579 Y134.019 E657.94541
G0 F9000 X117.038 Y134.126
G1 F1500 X116.579 Y134.585 E657.967
G0 F9000 X117.038 Y134.691
G1 F1500 X116.579 Y135.15 E657.98859
G0 F9000 X117.038 Y135.257
G1 F1500 X116.579 Y135.716 E658.01018
G0 F9000 X117.038 Y135.823
G1 F1500 X116.608 Y136.253 E658.03041
G0 F9000 X116.608 Y137.004
;MESH:NONMESH
G0 F300 X116.608 Y137.004 Z13.4
G0 F9000 X117.877 Y136.404
;TIME_ELAPSED:1131.290167
;LAYER:66
;TYPE:WALL-INNER
;MESH:screenholder-mount.obj
G1 F1500 X122.4 Y136.404 E658.18084
G1 X122.4 Y137.4 E658.21397
G1 X112.6 Y137.4 E658.53992
G1 X112.6 Y97.6 E659.86367
G1 X122.4 Y97.6 E660.18962
G1 X122.4 Y98.596 E660.22275
G1 X117.878 Y98.596 E660.37315
G1 X117.877 Y136.404 E661.63065
G0 F9000 X118.277 Y136.004
;TYPE:WALL-OUTER
G1 F1500 X122.8 Y136.004 E661.78109
G1 X122.8 Y137.8 E661.84082
G1 X112.2 Y137.8 E662.19338
G1 X112.2 Y97.2 E663.54374
G1 X122.8 Y97.2 E663.8963
G1 X122.8 Y98.996 E663.95603
G1 X118.278 Y98.996 E664.10643
G1 X118.277 Y136.004 E665.33733
G0 F9000 X117.978 Y136.003
G0 X117.724 Y136.569
G0 X116.777 Y137.319
;TYPE:FILL
G1 F3000 X112.678 Y133.22 E665.53013
G0 F9000 X112.68 Y134.811
G1 F3000 X116.637 Y133.751 E665.66638
G0 F9000 X116.42 Y133.75
G0 X116.42 Y130.466
G0 X116.638 Y130.467
G1 F3000 X114.802 Y137.32 E665.90235
G0 F9000 X121.014 Y137.319
G1 F3000 X121.238 Y136.482 E665.93117
G0 F9000 X117.695 Y136.632
G0 X116.491 Y136.632
G0 X116.42 Y128.694
G0 X116.639 Y128.695
G1 F3000 X112.678 Y124.735 E666.11746
G0 F9000 X112.679 Y122.388
G1 F3000 X116.637 Y121.328 E666.25374
G0 F9000 X116.42 Y121.327
G0 X116.42 Y120.209
G0 X116.639 Y120.21
G1 F3000 X112.678 Y116.249 E666.44005
G1 X112.68 Y116.176
G1 X116.637 Y115.116 E666.57631
G0 F9000 X116.42 Y115.115
G0 X116.42 Y111.723
G0 X116.639 Y111.724
G1 F3000 X112.678 Y107.764 E666.7626
G0 F9000 X112.68 Y109.965
G1 F3000 X116.637 Y108.904 E666.89885
G0 F9000 X116.42 Y108.903
G0 X116.42 Y107.282
G0 X116.639 Y107.283
G1 F3000 X112.679 Y122.061 E667.40771
G0 F9000 X112.679 Y128.6
G1 F3000 X116.638 Y127.539 E667.54404
G0 F9000 X116.42 Y127.538
G0 X112.679 Y103.753
G1 F3000 X116.638 Y102.692 E667.68036
G0 F9000 X116.639 Y103.239
G1 F3000 X112.678 Y99.279 E667.86665
G0 F9000 X112.679 Y98.879
G1 F3000 X113.001 Y97.678 E667.90801
G0 F9000 X118.988 Y98.516
G1 F3000 X119.212 Y97.678 E667.93686
G0 F9000 X119.564 Y97.679
G1 F3000 X120.401 Y98.516 E667.97623
G0 F9000 X117.767 Y98.587
G0 X117.488 Y98.586
;TYPE:SKIN
G1 F1500 X117.487 Y136.414 E669.23439
G1 X116.709 Y136.414 E669.26027
G1 X116.71 Y98.586 E670.51843
G1 X117.488 Y98.586 E670.54431
G0 F9000 X116.868 Y98.766
G1 F1500 X117.327 Y99.225 E670.5659
G0 F9000 X116.868 Y99.332
G1 F1500 X117.327 Y99.791 E670.58749
G0 F9000 X116.868 Y99.897
G1 F1500 X117.327 Y100.356 E670.60908
G0 F9000 X116.868 Y100.463
G1 F1500 X117.327 Y100.922 E670.63067
G0 F9000 X116.868 Y101.029
G1 F1500 X117.327 Y101.488 E670.65226
G0 F9000 X116.868 Y101.594
G1 F1500 X117.327 Y102.053 E670.67385
G0 F9000 X116.868 Y102.16
G1 F1500 X117.327 Y102.619 E670.69544
G0 F9000 X116.868 Y102.726
G1 F1500 X117.327 Y103.185 E670.71703
G0 F9000 X116.868 Y103.292
G1 F1500 X117.327 Y103.75 E670.7386
G0 F9000 X116.868 Y103.857
G1 F1500 X117.327 Y104.316 E670.76019
G0 F9000 X116.868 Y104.423
G1 F1500 X117.327 Y104.882 E670.78177
G0 F9000 X116.868 Y104.989
G1 F1500 X117.327 Y105.448 E670.80336
G0 F9000 X116.868 Y105.554
G1 F1500 X117.327 Y106.013 E670.82495
G0 F9000 X116.868 Y106.12
G1 F1500 X117.327 Y106.579 E670.84654
G0 F9000 X116.868 Y106.686
G1 F1500 X117.327 Y107.145 E670.86813
G0 F9000 X116.868 Y107.251
G1 F1500 X117.327 Y107.71 E670.88972
G0 F9000 X116.868 Y107.817
G1 F1500 X117.327 Y108.276 E670.91131
G0 F9000 X116.868 Y108.383
G1 F1500 X117.327 Y108.842 E670.9329
G0 F9000 X116.868 Y108.948
G1 F1500 X117.327 Y109.407 E670.95449
G0 F9000 X116.868 Y109.514
G1 F1500 X117.327 Y109.973 E670.97608
G0 F9000 X116.868 Y110.08
G1 F1500 X117.327 Y110.539 E670.99767
G0 F9000 X116.868 Y110.645
G1 F1500 X117.327 Y111.104 E671.01926
G0 F9000 X116.868 Y111.211
G1 F1500 X117.327 Y111.67 E671.04085
G0 F9000 X116.868 Y111.777
G1 F1500 X117.327 Y112.236 E671.06244
G0 F9000 X116.868 Y112.343
G1 F1500 X117.327 Y112.801 E671.08401
G0 F9000 X116.868 Y112.908
G1 F1500 X117.327 Y113.367 E671.1056
G0 F9000 X116.868 Y113.474
G1 F1500 X117.327 Y113.933 E671.12719
G0 F9000 X116.868 Y114.04
G1 F1500 X117.327 Y114.498 E671.14876
G0 F9000 X116.868 Y114.605
G1 F1500 X117.327 Y115.064 E671.17035
G0 F9000 X116.868 Y115.171
G1 F1500 X117.327 Y115.63 E671.19194
G0 F9000 X116.868 Y115.737
G1 F1500 X117.327 Y116.196 E671.21353
G0 F9000 X116.868 Y116.302
G1 F1500 X117.327 Y116.761 E671.23512
G0 F9000 X116.868 Y116.868
G1 F1500 X117.327 Y117.327 E671.25671
G0 F9000 X116.868 Y117.434
G1 F1500 X117.327 Y117.893 E671.2783
G0 F9000 X116.868 Y117.999
G1 F1500 X117.327 Y118.458 E671.29989
G0 F9000 X116.868 Y118.565
G1 F1500 X117.327 Y119.024 E671.32148
G0 F9000 X116.868 Y119.131
G1 F1500 X117.327 Y119.59 E671.34307
G0 F9000 X116.868 Y119.696
G1 F1500 X117.327 Y120.155 E671.36466
G0 F9000 X116.868 Y120.262
G1 F1500 X117.327 Y120.721 E671.38625
G0 F9000 X116.868 Y120.828
G1 F1500 X117.327 Y121.287 E671.40784
G0 F9000 X116.868 Y121.393
G1 F1500 X117.327 Y121.852 E671.42943
G0 F9000 X116.868 Y121.959
G1 F1500 X117.327 Y122.418 E671.45102
G0 F9000 X116.868 Y122.525
G1 F1500 X117.327 Y122.984 E671.47261
G0 F9000 X116.868 Y123.091
G1 F1500 X117.327 Y123.549 E671.49417
G0 F9000 X116.868 Y123.656
G1 F1500 X117.327 Y124.115 E671.51576
G0 F9000 X116.868 Y124.222
G1 F1500 X117.327 Y124.681 E671.53735
G0 F9000 X116.868 Y124.788
G1 F1500 X117.327 Y125.246 E671.55892
G0 F9000 X116.868 Y125.353
G1 F1500 X117.327 Y125.812 E671.58051
G0 F9000 X116.868 Y125.919
G1 F1500 X117.327 Y126.378 E671.6021
G0 F9000 X116.868 Y126.485
G1 F1500 X117.327 Y126.944 E671.62369
G0 F9000 X116.868 Y127.05
G1 F1500 X117.327 Y127.509 E671.64528
G0 F9000 X116.868 Y127.616
G1 F1500 X117.327 Y128.075 E671.66687
G0 F9000 X116.868 Y128.182
G1 F1500 X117.327 Y128.641 E671.68846
G0 F9000 X116.868 Y128.747
G1 F1500 X117.327 Y129.206 E671.71005
G0 F9000 X116.868 Y129.313
G1 F1500 X117.327 Y129.772 E671.73164
G0 F9000 X116.868 Y129.879
G1 F1500 X117.327 Y130.338 E671.75323
G0 F9000 X116.868 Y130.444
G1 F1500 X117.327 Y130.903 E671.77482
G0 F9000 X116.868 Y131.01
G1 F1500 X117.327 Y131.469 E671.79641
G0 F9000 X116.868 Y131.576
G1 F1500 X117.327 Y132.035 E671.818
G0 F9000 X116.868 Y132.141
G1 F1500 X117.327 Y132.6 E671.83959
G0 F9000 X116.868 Y132.707
G1 F1500 X117.327 Y133.166 E671.86118
G0 F9000 X116.868 Y133.273
G1 F1500 X117.327 Y133.732 E671.88277
G0 F9000 X116.868 Y133.839
G1 F1500 X117.327 Y134.297 E671.90433
G0 F9000 X116.868 Y134.404
G1 F1500 X117.327 Y134.863 E671.92592
G0 F9000 X116.868 Y134.97
G1 F1500 X117.327 Y135.429 E671.94751
G0 F9000 X116.868 Y135.536
G1 F1500 X117.327 Y135.995 E671.9691
G0 F9000 X117.019 Y136.253
G1 F1500 X116.868 Y136.101 E671.97623
G0 F9000 X116.12 Y136.1
;MESH:NONMESH
G0 F300 X116.12 Y136.1 Z13.6
G0 F9000 X116.491 Y136.632
G0 X117.695 Y136.632
G0 X118.167 Y136.404
;TIME_ELAPSED:1156.293883
;LAYER:67
;TYPE:WALL-INNER
;MESH:screenholder-mount.obj
G1 F1500 X122.4 Y136.404 E672.11702
G1 X122.4 Y137.4 E672.15015
G1 X112.6 Y137.4 E672.4761
G1 X112.6 Y97.6 E673.79985
G1 X122.4 Y97.6 E674.1258
G1 X122.4 Y98.596 E674.15893
G1 X118.168 Y98.596 E674.29968
G1 X118.167 Y136.404 E675.55718
G0 F9000 X118.567 Y136.004
;TYPE:WALL-OUTER
G1 F1500 X122.8 Y136.004 E675.69797
G1 X122.8 Y137.8 E675.75771
G1 X112.2 Y137.8 E676.11027
G1 X112.2 Y97.2 E677.46063
G1 X122.8 Y97.2 E677.81319
G1 X122.8 Y98.996 E677.87292
G1 X118.568 Y98.996 E678.01368
G1 X118.567 Y136.004 E679.24457
G0 F9000 X118.268 Y136.003
G0 X118.014 Y136.569
G0 X116.977 Y137.319
;TYPE:FILL
G1 F3000 X112.678 Y133.02 E679.44678
G0 F9000 X112.68 Y134.957
G1 F3000 X116.928 Y133.819 E679.59305
G0 F9000 X116.71 Y133.818
G0 X114.656 Y137.32
G1 F3000 X116.928 Y128.84 E679.88504
G1 X116.929 Y128.786
G1 X112.678 Y124.535 E680.085
G0 F9000 X112.679 Y122.534
G1 F3000 X116.927 Y121.396 E680.23127
G0 F9000 X116.71 Y121.395
G0 X116.71 Y120.299
G0 X116.929 Y120.3
G1 F3000 X112.678 Y116.05 E680.4312
G0 F9000 X112.68 Y116.322
G1 F3000 X116.928 Y115.184 E680.57747
G0 F9000 X116.71 Y115.183
G0 X116.71 Y111.814
G0 X116.929 Y111.815
G1 F3000 X112.678 Y107.565 E680.7774
G0 F9000 X112.68 Y110.111
G1 F3000 X116.928 Y108.972 E680.92368
G0 F9000 X116.71 Y108.971
G0 X116.71 Y105.655
G0 X116.929 Y105.656
G1 F3000 X112.679 Y121.517 E681.46983
G0 F9000 X112.679 Y128.746
G1 F3000 X116.928 Y127.607 E681.61614
G0 F9000 X116.71 Y127.606
G0 X116.781 Y136.632
G0 X117.462 Y136.632
G0 X121.092 Y136.482
G1 F3000 X120.868 Y137.32 E681.64499
G1 F2700 E676.64499
G0 F9000 X118.339 Y136.232
G0 X117.986 Y98.368
G0 X116.782 Y98.368
G0 X116.71 Y103.329
G1 F2700 E681.64499
G0 F9000 X116.929 Y103.33
G1 F3000 X112.678 Y99.079 E681.84495
G0 F9000 X112.679 Y98.335
G1 F3000 X112.855 Y97.678 E681.86757
G0 F9000 X112.68 Y103.899
G1 F3000 X116.928 Y102.761 E682.01384
G0 F9000 X116.71 Y102.76
G0 X116.782 Y98.368
G0 X117.756 Y98.368
G0 X118.842 Y98.515
G1 F3000 X119.067 Y97.678 E682.04267
G0 F9000 X119.764 Y97.679
G1 F3000 X120.6 Y98.516 E682.08201
G0 F9000 X118.057 Y98.587
G0 X117.778 Y98.586
;TYPE:SKIN
G1 F1500 X117.777 Y136.414 E683.34018
G1 X116.999 Y136.414 E683.36605
G1 X117 Y98.586 E684.62422
G1 X117.778 Y98.586 E684.6501
G0 F9000 X117.345 Y98.746
G1 F1500 X117.159 Y98.932 E684.65884
G0 F9000 X117.616 Y99.04
G1 F1500 X117.159 Y99.498 E684.68036
G0 F9000 X117.616 Y99.606
G1 F1500 X117.159 Y100.064 E684.70188
G0 F9000 X117.616 Y100.172
G1 F1500 X117.159 Y100.629 E684.72338
G0 F9000 X117.616 Y100.737
G1 F1500 X117.159 Y101.195 E684.7449
G0 F9000 X117.616 Y101.303
G1 F1500 X117.159 Y101.761 E684.76642
G0 F9000 X117.616 Y101.869
G1 F1500 X117.159 Y102.326 E684.78791
G0 F9000 X117.616 Y102.435
G1 F1500 X117.159 Y102.892 E684.80941
G0 F9000 X117.616 Y103
G1 F1500 X117.159 Y103.458 E684.83093
G0 F9000 X117.616 Y103.566
G1 F1500 X117.159 Y104.023 E684.85242
G0 F9000 X117.616 Y104.132
G1 F1500 X117.159 Y104.589 E684.87392
G0 F9000 X117.616 Y104.697
G1 F1500 X117.159 Y105.155 E684.89544
G0 F9000 X117.616 Y105.263
G1 F1500 X117.159 Y105.72 E684.91694
G0 F9000 X117.616 Y105.829
G1 F1500 X117.159 Y106.286 E684.93843
G0 F9000 X117.616 Y106.394
G1 F1500 X117.159 Y106.852 E684.95995
G0 F9000 X117.616 Y106.96
G1 F1500 X117.159 Y107.418 E684.98147
G0 F9000 X117.616 Y107.526
G1 F1500 X117.159 Y107.983 E685.00297
G0 F9000 X117.616 Y108.091
G1 F1500 X117.159 Y108.549 E685.02449
G0 F9000 X117.616 Y108.657
G1 F1500 X117.159 Y109.115 E685.04601
G0 F9000 X117.616 Y109.223
G1 F1500 X117.159 Y109.68 E685.0675
G0 F9000 X117.616 Y109.788
G1 F1500 X117.159 Y110.246 E685.08902
G0 F9000 X117.616 Y110.354
G1 F1500 X117.159 Y110.812 E685.11054
G0 F9000 X117.616 Y110.92
G1 F1500 X117.159 Y111.377 E685.13204
G0 F9000 X117.616 Y111.485
G1 F1500 X117.159 Y111.943 E685.15356
G0 F9000 X117.616 Y112.051
G1 F1500 X117.159 Y112.509 E685.17507
G0 F9000 X117.616 Y112.617
G1 F1500 X117.159 Y113.074 E685.19657
G0 F9000 X117.616 Y113.183
G1 F1500 X117.159 Y113.64 E685.21807
G0 F9000 X117.616 Y113.748
G1 F1500 X117.159 Y114.206 E685.23959
G0 F9000 X117.616 Y114.314
G1 F1500 X117.159 Y114.771 E685.26108
G0 F9000 X117.616 Y114.88
G1 F1500 X117.159 Y115.337 E685.28258
G0 F9000 X117.616 Y115.445
G1 F1500 X117.159 Y115.903 E685.3041
G0 F9000 X117.616 Y116.011
G1 F1500 X117.159 Y116.468 E685.32559
G0 F9000 X117.616 Y116.577
G1 F1500 X117.159 Y117.034 E685.34709
G0 F9000 X117.616 Y117.142
G1 F1500 X117.159 Y117.6 E685.36861
G0 F9000 X117.616 Y117.708
G1 F1500 X117.159 Y118.166 E685.39013
G0 F9000 X117.616 Y118.274
G1 F1500 X117.159 Y118.731 E685.41162
G0 F9000 X117.616 Y118.839
G1 F1500 X117.159 Y119.297 E685.43314
G0 F9000 X117.616 Y119.405
G1 F1500 X117.159 Y119.863 E685.45466
G0 F9000 X117.616 Y119.971
G1 F1500 X117.159 Y120.428 E685.47616
G0 F9000 X117.616 Y120.536
G1 F1500 X117.159 Y120.994 E685.49768
G0 F9000 X117.616 Y121.102
G1 F1500 X117.159 Y121.56 E685.5192
G0 F9000 X117.616 Y121.668
G1 F1500 X117.159 Y122.125 E685.54069
G0 F9000 X117.616 Y122.234
G1 F1500 X117.159 Y122.691 E685.56219
G0 F9000 X117.616 Y122.799
G1 F1500 X117.159 Y123.257 E685.58371
G0 F9000 X117.616 Y123.365
G1 F1500 X117.159 Y123.822 E685.6052
G0 F9000 X117.616 Y123.931
G1 F1500 X117.159 Y124.388 E685.6267
G0 F9000 X117.616 Y124.496
G1 F1500 X117.159 Y124.954 E685.64822
G0 F9000 X117.616 Y125.062
G1 F1500 X117.159 Y125.519 E685.66972
G0 F9000 X117.616 Y125.628
G1 F1500 X117.159 Y126.085 E685.69121
G0 F9000 X117.616 Y126.193
G1 F1500 X117.159 Y126.651 E685.71273
G0 F9000 X117.616 Y126.759
G1 F1500 X117.159 Y127.216 E685.73423
G0 F9000 X117.616 Y127.325
G1 F1500 X117.159 Y127.782 E685.75572
G0 F9000 X117.616 Y127.89
G1 F1500 X117.159 Y128.348 E685.77724
G0 F9000 X117.616 Y128.456
G1 F1500 X117.159 Y128.914 E685.79876
G0 F9000 X117.616 Y129.022
G1 F1500 X117.159 Y129.479 E685.82026
G0 F9000 X117.616 Y129.587
G1 F1500 X117.159 Y130.045 E685.84178
G0 F9000 X117.616 Y130.153
G1 F1500 X117.159 Y130.611 E685.8633
G0 F9000 X117.616 Y130.719
G1 F1500 X117.159 Y131.176 E685.88479
G0 F9000 X117.616 Y131.284
G1 F1500 X117.159 Y131.742 E685.90631
G0 F9000 X117.616 Y131.85
G1 F1500 X117.159 Y132.308 E685.92783
G0 F9000 X117.616 Y132.416
G1 F1500 X117.159 Y132.873 E685.94933
G0 F9000 X117.616 Y132.982
G1 F1500 X117.159 Y133.439 E685.97082
G0 F9000 X117.616 Y133.547
G1 F1500 X117.159 Y134.005 E685.99234
G0 F9000 X117.616 Y134.113
G1 F1500 X117.159 Y134.57 E686.01384
G0 F9000 X117.616 Y134.679
G1 F1500 X117.159 Y135.136 E686.03533
G0 F9000 X117.616 Y135.244
G1 F1500 X117.159 Y135.702 E686.05685
G0 F9000 X117.616 Y135.81
G1 F1500 X117.173 Y136.253 E686.07769
G0 F9000 X117.173 Y137.004
;MESH:NONMESH
G0 F300 X117.173 Y137.004 Z13.8
G0 F9000 X118.458 Y136.404
;TIME_ELAPSED:1182.310588
;LAYER:68
;TYPE:WALL-INNER
;MESH:screenholder-mount.obj
G1 F1500 X122.4 Y136.404 E686.2088
G1 X122.4 Y137.4 E686.24193
G1 X112.6 Y137.4 E686.56788
G1 X112.6 Y97.6 E687.89163
G1 X122.4 Y97.6 E688.21758
G1 X122.4 Y98.596 E688.25071
G1 X118.458 Y98.596 E688.38182
G1 X118.458 Y136.404 E689.63932
G0 F9000 X118.858 Y136.004
;TYPE:WALL-OUTER
G1 F1500 X122.8 Y136.004 E689.77043
G1 X122.8 Y137.8 E689.83017
G1 X112.2 Y137.8 E690.18272
G1 X112.2 Y97.2 E691.53308
G1 X122.8 Y97.2 E691.88564
G1 X122.8 Y98.996 E691.94538
G1 X118.858 Y98.996 E692.07649
G1 X118.858 Y136.004 E693.30738
G0 F9000 X118.558 Y136.004
G0 X118.305 Y136.569
G0 X117.178 Y137.319
;TYPE:FILL
G1 F3000 X112.678 Y132.82 E693.51902
G0 F9000 X112.68 Y135.104
G1 F3000 X117.217 Y133.889 E693.67524
G0 F9000 X116.999 Y133.888
G0 X114.509 Y137.32
G1 F3000 X117.217 Y127.213 E694.02326
G0 F9000 X117.217 Y127.677
G1 F3000 X112.679 Y128.893 E694.17952
G0 F9000 X116.999 Y128.873
G0 X117.218 Y128.874
G1 F3000 X112.678 Y124.334 E694.39306
G0 F9000 X112.679 Y122.681
G1 F3000 X117.217 Y121.465 E694.54932
G0 F9000 X116.999 Y121.464
G0 X116.999 Y120.388
G0 X117.218 Y120.389
G1 F3000 X112.678 Y115.849 E694.76287
G0 F9000 X112.68 Y116.469
G1 F3000 X117.218 Y115.253 E694.91913
G0 F9000 X116.999 Y115.252
G0 X116.999 Y111.902
G0 X117.218 Y111.903
G1 F3000 X112.678 Y107.364 E695.13266
G0 F9000 X112.68 Y110.258
G1 F3000 X117.218 Y109.042 E695.28891
G0 F9000 X116.999 Y109.041
G0 X116.999 Y104.029
G0 X117.218 Y104.03
G1 F3000 X112.679 Y120.968 E695.87215
G0 F9000 X112.68 Y104.046
G1 F3000 X117.218 Y102.83 E696.02841
G0 F9000 X117.218 Y103.418
G1 F3000 X112.678 Y98.878 E696.24196
G0 F9000 X112.68 Y97.834
G1 F3000 X113.259 Y97.679 E696.26189
G0 F9000 X112.708 Y97.678
G1 F3000 X112.679 Y97.786 E696.26561
G0 F9000 X118.276 Y98.368
G0 X118.695 Y98.515
G1 F3000 X118.92 Y97.678 E696.29444
G0 F9000 X119.964 Y97.679
G1 F3000 X120.8 Y98.515 E696.33376
G1 F2700 E691.33376
G0 F9000 X118.63 Y98.768
G0 X118.63 Y136.232
G0 X120.945 Y136.482
G1 F2700 E696.33376
G1 F3000 X120.721 Y137.32 E696.36261
G0 F9000 X118.348 Y136.414
G0 X118.068 Y136.414
;TYPE:SKIN
G1 F1500 X117.288 Y136.414 E696.38856
G1 X117.289 Y98.586 E697.64672
G1 X118.068 Y98.586 E697.67263
G1 X118.068 Y136.414 E698.9308
G0 F9000 X117.585 Y136.253
G1 F1500 X117.448 Y136.115 E698.93726
G0 F9000 X117.907 Y136.009
G1 F1500 X117.448 Y135.55 E698.95885
G0 F9000 X117.907 Y135.444
G1 F1500 X117.448 Y134.984 E698.98047
G0 F9000 X117.907 Y134.878
G1 F1500 X117.448 Y134.418 E699.00208
G0 F9000 X117.907 Y134.312
G1 F1500 X117.448 Y133.853 E699.02367
G0 F9000 X117.907 Y133.747
G1 F1500 X117.448 Y133.287 E699.04528
G0 F9000 X117.907 Y133.181
G1 F1500 X117.448 Y132.721 E699.0669
G0 F9000 X117.907 Y132.615
G1 F1500 X117.448 Y132.156 E699.08849
G0 F9000 X117.907 Y132.05
G1 F1500 X117.448 Y131.59 E699.1101
G0 F9000 X117.907 Y131.484
G1 F1500 X117.448 Y131.024 E699.13171
G0 F9000 X117.907 Y130.918
G1 F1500 X117.448 Y130.459 E699.1533
G0 F9000 X117.907 Y130.353
G1 F1500 X117.448 Y129.893 E699.17492
G0 F9000 X117.907 Y129.787
G1 F1500 X117.448 Y129.327 E699.19653
G0 F9000 X117.907 Y129.221
G1 F1500 X117.448 Y128.762 E699.21812
G0 F9000 X117.907 Y128.655
G1 F1500 X117.448 Y128.196 E699.23971
G0 F9000 X117.907 Y128.09
G1 F1500 X117.448 Y127.63 E699.26132
G0 F9000 X117.907 Y127.524
G1 F1500 X117.448 Y127.064 E699.28294
G0 F9000 X117.907 Y126.958
G1 F1500 X117.448 Y126.499 E699.30453
G0 F9000 X117.907 Y126.393
G1 F1500 X117.448 Y125.933 E699.32614
G0 F9000 X117.907 Y125.827
G1 F1500 X117.448 Y125.367 E699.34775
G0 F9000 X117.907 Y125.261
G1 F1500 X117.448 Y124.802 E699.36934
G0 F9000 X117.907 Y124.696
G1 F1500 X117.448 Y124.236 E699.39096
G0 F9000 X117.907 Y124.13
G1 F1500 X117.448 Y123.67 E699.41257
G0 F9000 X117.907 Y123.564
G1 F1500 X117.448 Y123.105 E699.43416
G0 F9000 X117.907 Y122.999
G1 F1500 X117.448 Y122.539 E699.45578
G0 F9000 X117.907 Y122.433
G1 F1500 X117.448 Y121.973 E699.47739
G0 F9000 X117.907 Y121.867
G1 F1500 X117.448 Y121.408 E699.49898
G0 F9000 X117.907 Y121.302
G1 F1500 X117.448 Y120.842 E699.52059
G0 F9000 X117.907 Y120.736
G1 F1500 X117.448 Y120.276 E699.54221
G0 F9000 X117.907 Y120.17
G1 F1500 X117.448 Y119.711 E699.5638
G0 F9000 X117.907 Y119.604
G1 F1500 X117.448 Y119.145 E699.58539
G0 F9000 X117.907 Y119.039
G1 F1500 X117.448 Y118.579 E699.607
G0 F9000 X117.907 Y118.473
G1 F1500 X117.448 Y118.014 E699.62859
G0 F9000 X117.907 Y117.907
G1 F1500 X117.448 Y117.448 E699.65018
G0 F9000 X117.907 Y117.342
G1 F1500 X117.448 Y116.882 E699.67179
G0 F9000 X117.907 Y116.776
G1 F1500 X117.448 Y116.316 E699.69341
G0 F9000 X117.907 Y116.21
G1 F1500 X117.448 Y115.751 E699.715
G0 F9000 X117.907 Y115.645
G1 F1500 X117.448 Y115.185 E699.73661
G0 F9000 X117.907 Y115.079
G1 F1500 X117.448 Y114.619 E699.75822
G0 F9000 X117.907 Y114.513
G1 F1500 X117.448 Y114.054 E699.77981
G0 F9000 X117.907 Y113.948
G1 F1500 X117.448 Y113.488 E699.80143
G0 F9000 X117.907 Y113.382
G1 F1500 X117.448 Y112.922 E699.82304
G0 F9000 X117.907 Y112.816
G1 F1500 X117.448 Y112.357 E699.84463
G0 F9000 X117.907 Y112.251
G1 F1500 X117.448 Y111.791 E699.86624
G0 F9000 X117.907 Y111.685
G1 F1500 X117.448 Y111.225 E699.88786
G0 F9000 X117.907 Y111.119
G1 F1500 X117.448 Y110.66 E699.90945
G0 F9000 X117.907 Y110.554
G1 F1500 X117.448 Y110.094 E699.93106
G0 F9000 X117.907 Y109.988
G1 F1500 X117.448 Y109.528 E699.95267
G0 F9000 X117.907 Y109.422
G1 F1500 X117.448 Y108.963 E699.97426
G0 F9000 X117.907 Y108.856
G1 F1500 X117.448 Y108.397 E699.99585
G0 F9000 X117.907 Y108.291
G1 F1500 X117.448 Y107.831 E700.01747
G0 F9000 X117.907 Y107.725
G1 F1500 X117.448 Y107.265 E700.03908
G0 F9000 X117.907 Y107.159
G1 F1500 X117.448 Y106.7 E700.06067
G0 F9000 X117.907 Y106.594
G1 F1500 X117.448 Y106.134 E700.08228
G0 F9000 X117.907 Y106.028
G1 F1500 X117.448 Y105.568 E700.1039
G0 F9000 X117.907 Y105.462
G1 F1500 X117.448 Y105.003 E700.12549
G0 F9000 X117.907 Y104.897
G1 F1500 X117.448 Y104.437 E700.1471
G0 F9000 X117.907 Y104.331
G1 F1500 X117.448 Y103.871 E700.16871
G0 F9000 X117.907 Y103.765
G1 F1500 X117.448 Y103.306 E700.1903
G0 F9000 X117.907 Y103.2
G1 F1500 X117.448 Y102.74 E700.21192
G0 F9000 X117.907 Y102.634
G1 F1500 X117.448 Y102.174 E700.23353
G0 F9000 X117.907 Y102.068
G1 F1500 X117.448 Y101.609 E700.25512
G0 F9000 X117.907 Y101.503
G1 F1500 X117.448 Y101.043 E700.27673
G0 F9000 X117.907 Y100.937
G1 F1500 X117.448 Y100.477 E700.29835
G0 F9000 X117.907 Y100.371
G1 F1500 X117.448 Y99.912 E700.31994
G0 F9000 X117.907 Y99.806
G1 F1500 X117.448 Y99.346 E700.34155
G0 F9000 X117.907 Y99.24
G1 F1500 X117.448 Y98.78 E700.36317
G0 F9000 X116.699 Y98.779
G1 F2700 E695.36317
;MESH:NONMESH
G0 F300 X116.699 Y98.779 Z14
G0 F9000 X117.071 Y98.368
G0 X118.276 Y98.368
G0 X118.63 Y136.232
G0 X118.747 Y136.404
;TIME_ELAPSED:1208.856903
;LAYER:69
;TYPE:WALL-INNER
;MESH:screenholder-mount.obj
G1 F2700 E700.36317
G1 F1500 X122.4 Y136.404 E700.48466
G1 X122.4 Y137.4 E700.51779
G1 X112.6 Y137.4 E700.84374
G1 X112.6 Y97.6 E702.16749
G1 X122.4 Y97.6 E702.49344
G1 X122.4 Y98.596 E702.52657
G1 X118.747 Y98.596 E702.64807
G1 X118.747 Y136.404 E703.90557
G0 F9000 X119.147 Y136.004
;TYPE:WALL-OUTER
G1 F1500 X122.8 Y136.004 E704.02707
G1 X122.8 Y137.8 E704.0868
G1 X112.2 Y137.8 E704.43936
G1 X112.2 Y97.2 E705.78972
G1 X122.8 Y97.2 E706.14228
G1 X122.8 Y98.996 E706.20202
G1 X119.147 Y98.996 E706.32351
G1 X119.147 Y136.004 E707.55441
G0 F9000 X118.847 Y136.004
G0 X120.799 Y136.482
;TYPE:FILL
G1 F3000 X120.575 Y137.32 E707.58326
G0 F9000 X117.377 Y137.319
G1 F3000 X112.678 Y132.62 E707.80428
G0 F9000 X112.679 Y135.25
G1 F3000 X117.506 Y133.957 E707.97049
G0 F9000 X117.289 Y133.956
G0 X114.363 Y137.32
G1 F3000 X117.507 Y125.587 E708.3745
G0 F9000 X117.289 Y125.586
G0 X117.289 Y127.744
G0 X117.506 Y127.745
G1 F3000 X112.68 Y129.039 E708.54068
G0 F9000 X117.289 Y128.963
G0 X117.508 Y128.964
G1 F3000 X112.678 Y124.135 E708.76785
G0 F9000 X112.679 Y122.827
G1 F3000 X117.507 Y121.534 E708.93408
G0 F9000 X117.289 Y121.533
G0 X117.289 Y120.478
G0 X117.508 Y120.479
G1 F3000 X112.678 Y115.65 E709.16125
G0 F9000 X112.679 Y116.615
G1 F3000 X117.507 Y115.322 E709.32749
G0 F9000 X117.289 Y115.321
G0 X117.289 Y111.993
G0 X117.508 Y111.994
G1 F3000 X112.678 Y107.164 E709.55468
G0 F9000 X112.68 Y104.192
G1 F3000 X117.508 Y102.898 E709.72092
G0 F9000 X117.508 Y102.402
G1 F3000 X112.679 Y120.423 E710.34145
G0 F9000 X112.68 Y110.404
G1 F3000 X117.507 Y109.11 E710.50767
G0 F9000 X117.289 Y109.109
G0 X117.289 Y103.508
G0 X117.508 Y103.509
G1 F3000 X112.678 Y98.679 E710.73486
G0 F9000 X112.68 Y97.98
G1 F3000 X113.804 Y97.679 E710.77356
G0 F9000 X118.565 Y98.368
G0 X118.549 Y98.515
G1 F3000 X118.774 Y97.678 E710.80238
G0 F9000 X120.164 Y97.679
G1 F3000 X121 Y98.515 E710.84171
G0 F9000 X118.637 Y98.586
G0 X118.357 Y98.586
;TYPE:SKIN
G1 F1500 X118.357 Y136.414 E712.09987
G1 X117.578 Y136.414 E712.12578
G1 X117.579 Y98.586 E713.38395
G1 X118.357 Y98.586 E713.40982
G0 F9000 X117.911 Y98.746
G1 F1500 X117.738 Y98.918 E713.41794
G0 F9000 X118.195 Y99.027
G1 F1500 X117.738 Y99.484 E713.43943
G0 F9000 X118.195 Y99.593
G1 F1500 X117.738 Y100.049 E713.4609
G0 F9000 X118.195 Y100.158
G1 F1500 X117.738 Y100.615 E713.4824
G0 F9000 X118.195 Y100.724
G1 F1500 X117.738 Y101.181 E713.5039
G0 F9000 X118.195 Y101.29
G1 F1500 X117.738 Y101.747 E713.52539
G0 F9000 X118.195 Y101.855
G1 F1500 X117.738 Y102.312 E713.54689
G0 F9000 X118.195 Y102.421
G1 F1500 X117.738 Y102.878 E713.56838
G0 F9000 X118.195 Y102.987
G1 F1500 X117.738 Y103.444 E713.58988
G0 F9000 X118.195 Y103.552
G1 F1500 X117.738 Y104.009 E713.61138
G0 F9000 X118.195 Y104.118
G1 F1500 X117.738 Y104.575 E713.63287
G0 F9000 X118.195 Y104.684
G1 F1500 X117.738 Y105.141 E713.65437
G0 F9000 X118.195 Y105.25
G1 F1500 X117.738 Y105.706 E713.67584
G0 F9000 X118.195 Y105.815
G1 F1500 X117.738 Y106.272 E713.69734
G0 F9000 X118.195 Y106.381
G1 F1500 X117.738 Y106.838 E713.71883
G0 F9000 X118.195 Y106.947
G1 F1500 X117.738 Y107.403 E713.7403
G0 F9000 X118.195 Y107.512
G1 F1500 X117.738 Y107.969 E713.7618
G0 F9000 X118.195 Y108.078
G1 F1500 X117.738 Y108.535 E713.7833
G0 F9000 X118.195 Y108.644
G1 F1500 X117.738 Y109.1 E713.80477
G0 F9000 X118.195 Y109.209
G1 F1500 X117.738 Y109.666 E713.82626
G0 F9000 X118.195 Y109.775
G1 F1500 X117.738 Y110.232 E713.84776
G0 F9000 X118.195 Y110.341
G1 F1500 X117.738 Y110.797 E713.86923
G0 F9000 X118.195 Y110.906
G1 F1500 X117.738 Y111.363 E713.89073
G0 F9000 X118.195 Y111.472
G1 F1500 X117.738 Y111.929 E713.91222
G0 F9000 X118.195 Y112.038
G1 F1500 X117.738 Y112.495 E713.93372
G0 F9000 X118.195 Y112.603
G1 F1500 X117.738 Y113.06 E713.95522
G0 F9000 X118.195 Y113.169
G1 F1500 X117.738 Y113.626 E713.97671
G0 F9000 X118.195 Y113.735
G1 F1500 X117.738 Y114.192 E713.99821
G0 F9000 X118.195 Y114.3
G1 F1500 X117.738 Y114.757 E714.0197
G0 F9000 X118.195 Y114.866
G1 F1500 X117.738 Y115.323 E714.0412
G0 F9000 X118.195 Y115.432
G1 F1500 X117.738 Y115.889 E714.06269
G0 F9000 X118.195 Y115.998
G1 F1500 X117.738 Y116.454 E714.08417
G0 F9000 X118.195 Y116.563
G1 F1500 X117.738 Y117.02 E714.10566
G0 F9000 X118.195 Y117.129
G1 F1500 X117.738 Y117.586 E714.12716
G0 F9000 X118.196 Y117.694
G1 F1500 X117.738 Y118.151 E714.14868
G0 F9000 X118.196 Y118.26
G1 F1500 X117.738 Y118.717 E714.1702
G0 F9000 X118.196 Y118.825
G1 F1500 X117.738 Y119.283 E714.19174
G0 F9000 X118.196 Y119.391
G1 F1500 X117.738 Y119.848 E714.21326
G0 F9000 X118.196 Y119.957
G1 F1500 X117.738 Y120.414 E714.23478
G0 F9000 X118.196 Y120.522
G1 F1500 X117.738 Y120.98 E714.25632
G0 F9000 X118.196 Y121.088
G1 F1500 X117.738 Y121.545 E714.27784
G0 F9000 X118.196 Y121.654
G1 F1500 X117.738 Y122.111 E714.29936
G0 F9000 X118.196 Y122.219
G1 F1500 X117.738 Y122.677 E714.3209
G0 F9000 X118.196 Y122.785
G1 F1500 X117.738 Y123.243 E714.34245
G0 F9000 X118.196 Y123.351
G1 F1500 X117.738 Y123.808 E714.36397
G0 F9000 X118.196 Y123.916
G1 F1500 X117.738 Y124.374 E714.38551
G0 F9000 X118.196 Y124.482
G1 F1500 X117.738 Y124.94 E714.40705
G0 F9000 X118.196 Y125.048
G1 F1500 X117.738 Y125.505 E714.42857
G0 F9000 X118.196 Y125.613
G1 F1500 X117.738 Y126.071 E714.45011
G0 F9000 X118.196 Y126.179
G1 F1500 X117.738 Y126.637 E714.47166
G0 F9000 X118.196 Y126.745
G1 F1500 X117.738 Y127.202 E714.49318
G0 F9000 X118.196 Y127.311
G1 F1500 X117.738 Y127.768 E714.5147
G0 F9000 X118.196 Y127.876
G1 F1500 X117.738 Y128.334 E714.53624
G0 F9000 X118.196 Y128.442
G1 F1500 X117.738 Y128.899 E714.55776
G0 F9000 X118.196 Y129.008
G1 F1500 X117.738 Y129.465 E714.57928
G0 F9000 X118.196 Y129.573
G1 F1500 X117.738 Y130.031 E714.60082
G0 F9000 X118.196 Y130.139
G1 F1500 X117.738 Y130.596 E714.62234
G0 F9000 X118.196 Y130.705
G1 F1500 X117.738 Y131.162 E714.64386
G0 F9000 X118.196 Y131.27
G1 F1500 X117.738 Y131.728 E714.6654
G0 F9000 X118.196 Y131.836
G1 F1500 X117.738 Y132.294 E714.68695
G0 F9000 X118.196 Y132.402
G1 F1500 X117.738 Y132.859 E714.70847
G0 F9000 X118.196 Y132.967
G1 F1500 X117.738 Y133.425 E714.73001
G0 F9000 X118.196 Y133.533
G1 F1500 X117.738 Y133.991 E714.75155
G0 F9000 X118.196 Y134.099
G1 F1500 X117.738 Y134.556 E714.77307
G0 F9000 X118.196 Y134.664
G1 F1500 X117.738 Y135.122 E714.79461
G0 F9000 X118.196 Y135.23
G1 F1500 X117.738 Y135.688 E714.81616
G0 F9000 X118.196 Y135.796
G1 F1500 X117.738 Y136.253 E714.83768
G0 F9000 X116.989 Y136.252
;MESH:NONMESH
G0 F300 X116.989 Y136.252 Z14.2
G0 F9000 X117.36 Y136.632
G0 X118.565 Y136.632
G0 X119.037 Y136.404
;TIME_ELAPSED:1233.986542
;LAYER:70
;TYPE:WALL-INNER
;MESH:screenholder-mount.obj
G1 F1500 X122.4 Y136.404 E714.94953
G1 X122.4 Y137.4 E714.98266
G1 X112.6 Y137.4 E715.30861
G1 X112.6 Y97.6 E716.63236
G1 X122.4 Y97.6 E716.95831
G1 X122.4 Y98.596 E716.99144
G1 X119.037 Y98.596 E717.10329
G1 X119.037 Y136.404 E718.36079
G0 F9000 X119.437 Y136.004
;TYPE:WALL-OUTER
G1 F1500 X122.8 Y136.004 E718.47264
G1 X122.8 Y137.8 E718.53238
G1 X112.2 Y137.8 E718.88494
G1 X112.2 Y97.2 E720.2353
G1 X122.8 Y97.2 E720.58785
G1 X122.8 Y98.996 E720.64759
G1 X119.437 Y98.996 E720.75944
G1 X119.437 Y136.004 E721.99033
G0 F9000 X119.137 Y136.004
G0 X120.653 Y136.483
;TYPE:FILL
G1 F3000 X120.429 Y137.32 E722.01915
G0 F9000 X117.577 Y137.319
G1 F3000 X112.678 Y132.421 E722.24956
G0 F9000 X112.679 Y135.396
G1 F3000 X117.796 Y134.025 E722.42576
G0 F9000 X117.578 Y134.024
G0 X114.217 Y137.319
G1 F3000 X117.796 Y123.963 E722.88565
G0 F9000 X117.578 Y123.962
G0 X117.578 Y121.601
G0 X117.795 Y121.602
G1 F3000 X112.68 Y122.973 E723.06178
G0 F9000 X112.678 Y123.936
G1 F3000 X117.797 Y129.054 E723.30254
G0 F9000 X117.578 Y129.053
G0 X117.578 Y127.813
G0 X117.796 Y127.814
G1 F3000 X112.68 Y129.185 E723.47871
G0 F9000 X112.679 Y119.878
G1 F3000 X117.797 Y100.78 E724.13632
G0 F9000 X117.578 Y100.779
G0 X117.578 Y102.966
G0 X117.796 Y102.967
G1 F3000 X112.68 Y104.338 E724.31248
G0 F9000 X112.678 Y106.965
G1 F3000 X117.797 Y112.084 E724.55327
G0 F9000 X117.578 Y112.083
G0 X117.578 Y109.178
G0 X117.796 Y109.179
G1 F3000 X112.679 Y110.55 E724.72946
G0 F9000 X112.678 Y115.45
G1 F3000 X117.797 Y120.569 E724.97024
G0 F9000 X117.578 Y120.568
G0 X117.578 Y115.389
G0 X117.796 Y115.39
G1 F3000 X112.679 Y116.761 E725.14644
G0 F9000 X117.578 Y103.597
G0 X117.797 Y103.598
G1 F3000 X112.678 Y98.48 E725.3872
G0 F9000 X112.68 Y98.126
G1 F3000 X114.349 Y97.679 E725.44466
G0 F9000 X118.403 Y98.296
G0 X118.403 Y98.515
G1 F3000 X118.628 Y97.678 E725.47349
G0 F9000 X120.363 Y97.679
G1 F3000 X121.2 Y98.516 E725.51286
G0 F9000 X118.927 Y98.586
G0 X118.647 Y98.586
;TYPE:SKIN
G1 F1500 X118.647 Y136.414 E726.77103
G1 X117.867 Y136.414 E726.79697
G1 X117.868 Y98.586 E728.05513
G1 X118.647 Y98.586 E728.08104
G0 F9000 X118.026 Y98.793
G1 F1500 X118.486 Y99.253 E728.10268
G0 F9000 X118.026 Y99.359
G1 F1500 X118.486 Y99.818 E728.12429
G0 F9000 X118.026 Y99.924
G1 F1500 X118.486 Y100.384 E728.14593
G0 F9000 X118.026 Y100.49
G1 F1500 X118.486 Y100.95 E728.16757
G0 F9000 X118.026 Y101.056
G1 F1500 X118.486 Y101.515 E728.18918
G0 F9000 X118.026 Y101.621
G1 F1500 X118.486 Y102.081 E728.21082
G0 F9000 X118.026 Y102.187
G1 F1500 X118.486 Y102.647 E728.23245
G0 F9000 X118.026 Y102.753
G1 F1500 X118.486 Y103.212 E728.25407
G0 F9000 X118.026 Y103.318
G1 F1500 X118.486 Y103.778 E728.2757
G0 F9000 X118.026 Y103.884
G1 F1500 X118.486 Y104.344 E728.29734
G0 F9000 X118.026 Y104.45
G1 F1500 X118.486 Y104.909 E728.31896
G0 F9000 X118.026 Y105.015
G1 F1500 X118.486 Y105.475 E728.34059
G0 F9000 X118.026 Y105.581
G1 F1500 X118.486 Y106.041 E728.36223
G0 F9000 X118.026 Y106.147
G1 F1500 X118.486 Y106.606 E728.38384
G0 F9000 X118.026 Y106.713
G1 F1500 X118.486 Y107.172 E728.40546
G0 F9000 X118.026 Y107.278
G1 F1500 X118.486 Y107.738 E728.42709
G0 F9000 X118.026 Y107.844
G1 F1500 X118.486 Y108.304 E728.44873
G0 F9000 X118.026 Y108.41
G1 F1500 X118.486 Y108.869 E728.47034
G0 F9000 X118.026 Y108.975
G1 F1500 X118.486 Y109.435 E728.49198
G0 F9000 X118.026 Y109.541
G1 F1500 X118.486 Y110.001 E728.51362
G0 F9000 X118.026 Y110.107
G1 F1500 X118.486 Y110.566 E728.53523
G0 F9000 X118.026 Y110.672
G1 F1500 X118.486 Y111.132 E728.55687
G0 F9000 X118.026 Y111.238
G1 F1500 X118.486 Y111.698 E728.57851
G0 F9000 X118.026 Y111.804
G1 F1500 X118.486 Y112.263 E728.60012
G0 F9000 X118.026 Y112.369
G1 F1500 X118.486 Y112.829 E728.62176
G0 F9000 X118.026 Y112.935
G1 F1500 X118.486 Y113.395 E728.64339
G0 F9000 X118.026 Y113.501
G1 F1500 X118.486 Y113.96 E728.66501
G0 F9000 X118.026 Y114.066
G1 F1500 X118.486 Y114.526 E728.68664
G0 F9000 X118.026 Y114.632
G1 F1500 X118.486 Y115.092 E728.70828
G0 F9000 X118.026 Y115.198
G1 F1500 X118.486 Y115.657 E728.72989
G0 F9000 X118.026 Y115.763
G1 F1500 X118.486 Y116.223 E728.75153
G0 F9000 X118.026 Y116.329
G1 F1500 X118.486 Y116.789 E728.77317
G0 F9000 X118.026 Y116.895
G1 F1500 X118.486 Y117.354 E728.79478
G0 F9000 X118.026 Y117.461
G1 F1500 X118.487 Y117.921 E728.81644
G0 F9000 X118.026 Y118.026
G1 F1500 X118.487 Y118.487 E728.83813
G0 F9000 X118.026 Y118.592
G1 F1500 X118.487 Y119.052 E728.85979
G0 F9000 X118.026 Y119.158
G1 F1500 X118.487 Y119.618 E728.88145
G0 F9000 X118.026 Y119.723
G1 F1500 X118.487 Y120.184 E728.90313
G0 F9000 X118.026 Y120.289
G1 F1500 X118.487 Y120.749 E728.92479
G0 F9000 X118.026 Y120.855
G1 F1500 X118.487 Y121.315 E728.94645
G0 F9000 X118.026 Y121.42
G1 F1500 X118.487 Y121.881 E728.96814
G0 F9000 X118.026 Y121.986
G1 F1500 X118.487 Y122.446 E728.9898
G0 F9000 X118.026 Y122.552
G1 F1500 X118.487 Y123.012 E729.01146
G0 F9000 X118.026 Y123.117
G1 F1500 X118.487 Y123.578 E729.03314
G0 F9000 X118.026 Y123.683
G1 F1500 X118.487 Y124.143 E729.0548
G0 F9000 X118.026 Y124.249
G1 F1500 X118.487 Y124.709 E729.07646
G0 F9000 X118.026 Y124.814
G1 F1500 X118.487 Y125.275 E729.09815
G0 F9000 X118.026 Y125.38
G1 F1500 X118.487 Y125.84 E729.11981
G0 F9000 X118.026 Y125.946
G1 F1500 X118.487 Y126.406 E729.14147
G0 F9000 X118.026 Y126.512
G1 F1500 X118.487 Y126.972 E729.16313
G0 F9000 X118.026 Y127.077
G1 F1500 X118.487 Y127.538 E729.18481
G0 F9000 X118.026 Y127.643
G1 F1500 X118.487 Y128.103 E729.20647
G0 F9000 X118.026 Y128.209
G1 F1500 X118.487 Y128.669 E729.22813
G0 F9000 X118.026 Y128.774
G1 F1500 X118.487 Y129.235 E729.24982
G0 F9000 X118.026 Y129.34
G1 F1500 X118.487 Y129.8 E729.27148
G0 F9000 X118.026 Y129.906
G1 F1500 X118.487 Y130.366 E729.29314
G0 F9000 X118.026 Y130.471
G1 F1500 X118.487 Y130.932 E729.31482
G0 F9000 X118.026 Y131.037
G1 F1500 X118.487 Y131.497 E729.33648
G0 F9000 X118.026 Y131.603
G1 F1500 X118.487 Y132.063 E729.35814
G0 F9000 X118.026 Y132.168
G1 F1500 X118.487 Y132.629 E729.37983
G0 F9000 X118.026 Y132.734
G1 F1500 X118.487 Y133.194 E729.40149
G0 F9000 X118.026 Y133.3
G1 F1500 X118.487 Y133.76 E729.42315
G0 F9000 X118.026 Y133.865
G1 F1500 X118.487 Y134.326 E729.44483
G0 F9000 X118.026 Y134.431
G1 F1500 X118.487 Y134.891 E729.46649
G0 F9000 X118.026 Y134.997
G1 F1500 X118.487 Y135.457 E729.48815
G0 F9000 X118.026 Y135.562
G1 F1500 X118.487 Y136.023 E729.50984
G0 F9000 X118.151 Y136.253
G1 F1500 X118.026 Y136.128 E729.51572
G0 F9000 X117.278 Y136.127
;MESH:NONMESH
G0 F300 X117.278 Y136.127 Z14.4
G0 F9000 X117.649 Y136.632
G0 X118.855 Y136.632
G0 X119.327 Y136.404
;TIME_ELAPSED:1259.349377
;LAYER:71
;TYPE:WALL-INNER
;MESH:screenholder-mount.obj
G1 F1500 X122.4 Y136.404 E729.61792
G1 X122.4 Y137.4 E729.65105
G1 X112.6 Y137.4 E729.977
G1 X112.6 Y97.6 E731.30075
G1 X122.4 Y97.6 E731.6267
G1 X122.4 Y98.596 E731.65983
G1 X119.326 Y98.596 E731.76207
G1 X119.327 Y136.404 E733.01957
G0 F9000 X119.727 Y136.004
;TYPE:WALL-OUTER
G1 F1500 X122.8 Y136.004 E733.12178
G1 X122.8 Y137.8 E733.18152
G1 X112.2 Y137.8 E733.53407
G1 X112.2 Y97.2 E734.88443
G1 X122.8 Y97.2 E735.23699
G1 X122.8 Y98.996 E735.29673
G1 X119.726 Y98.996 E735.39897
G1 X119.727 Y136.004 E736.62986
G0 F9000 X120.506 Y136.482
;TYPE:FILL
G1 F3000 X120.282 Y137.32 E736.65871
G0 F9000 X117.777 Y137.319
G1 F3000 X112.678 Y132.22 E736.89855
G0 F9000 X112.68 Y129.332
G1 F3000 X118.086 Y127.883 E737.0847
G0 F9000 X117.868 Y127.882
G0 X117.868 Y129.142
G0 X118.087 Y129.143
G1 F3000 X112.678 Y123.735 E737.3391
G0 F9000 X112.68 Y123.12
G1 F3000 X118.086 Y121.671 E737.52525
G0 F9000 X118.086 Y122.332
G1 F3000 X114.07 Y137.319 E738.04131
G0 F9000 X112.679 Y135.543
G1 F3000 X118.086 Y134.095 E738.22748
G0 F9000 X117.868 Y134.094
G0 X117.868 Y120.657
G0 X118.087 Y120.658
G1 F3000 X112.678 Y115.249 E738.48191
G0 F9000 X112.679 Y116.908
G1 F3000 X118.086 Y115.46 E738.66808
G0 F9000 X117.868 Y115.459
G0 X117.868 Y112.172
G0 X118.087 Y112.173
G1 F3000 X112.678 Y106.764 E738.9225
G0 F9000 X112.68 Y104.485
G1 F3000 X118.086 Y103.036 E739.10865
G0 F9000 X118.087 Y103.688
G1 F3000 X112.678 Y98.279 E739.36308
G1 X112.68 Y98.273
G1 X114.898 Y97.679 E739.43945
G0 F9000 X118.256 Y98.296
G0 X118.256 Y98.515
G1 F3000 X118.481 Y97.678 E739.46828
G0 F9000 X117.94 Y98.368
G0 X117.868 Y99.144
G0 X118.087 Y99.145
G1 F3000 X112.679 Y119.329 E740.16328
G0 F9000 X112.68 Y110.697
G1 F3000 X118.086 Y109.248 E740.34943
G0 F9000 X117.868 Y109.247
G0 X117.94 Y98.368
G0 X118.621 Y98.368
G0 X121.401 Y98.516
G1 F3000 X120.564 Y97.679 E740.3888
G0 F9000 X119.217 Y98.586
G0 X118.936 Y98.586
;TYPE:SKIN
G1 F1500 X118.937 Y136.414 E741.64696
G1 X118.157 Y136.414 E741.67291
G1 X118.158 Y98.586 E742.93107
G1 X118.936 Y98.586 E742.95695
G0 F9000 X118.477 Y98.746
G1 F1500 X118.317 Y98.905 E742.96445
G0 F9000 X118.775 Y99.013
G1 F1500 X118.317 Y99.471 E742.98599
G0 F9000 X118.775 Y99.579
G1 F1500 X118.317 Y100.037 E743.00753
G0 F9000 X118.775 Y100.144
G1 F1500 X118.317 Y100.602 E743.02908
G0 F9000 X118.775 Y100.71
G1 F1500 X118.317 Y101.168 E743.05062
G0 F9000 X118.775 Y101.276
G1 F1500 X118.317 Y101.734 E743.07216
G0 F9000 X118.775 Y101.841
G1 F1500 X118.317 Y102.299 E743.09371
G0 F9000 X118.775 Y102.407
G1 F1500 X118.317 Y102.865 E743.11525
G0 F9000 X118.775 Y102.973
G1 F1500 X118.317 Y103.431 E743.13679
G0 F9000 X118.775 Y103.538
G1 F1500 X118.317 Y103.997 E743.15836
G0 F9000 X118.775 Y104.104
G1 F1500 X118.317 Y104.562 E743.1799
G0 F9000 X118.775 Y104.67
G1 F1500 X118.317 Y105.128 E743.20144
G0 F9000 X118.775 Y105.235
G1 F1500 X118.317 Y105.694 E743.22301
G0 F9000 X118.775 Y105.801
G1 F1500 X118.317 Y106.259 E743.24455
G0 F9000 X118.775 Y106.367
G1 F1500 X118.317 Y106.825 E743.2661
G0 F9000 X118.775 Y106.932
G1 F1500 X118.317 Y107.391 E743.28766
G0 F9000 X118.775 Y107.498
G1 F1500 X118.317 Y107.956 E743.30921
G0 F9000 X118.775 Y108.064
G1 F1500 X118.317 Y108.522 E743.33075
G0 F9000 X118.775 Y108.629
G1 F1500 X118.317 Y109.088 E743.35232
G0 F9000 X118.775 Y109.195
G1 F1500 X118.317 Y109.653 E743.37386
G0 F9000 X118.775 Y109.761
G1 F1500 X118.317 Y110.219 E743.3954
G0 F9000 X118.775 Y110.327
G1 F1500 X118.317 Y110.785 E743.41694
G0 F9000 X118.775 Y110.892
G1 F1500 X118.317 Y111.35 E743.43849
G0 F9000 X118.775 Y111.458
G1 F1500 X118.317 Y111.916 E743.46003
G0 F9000 X118.775 Y112.024
G1 F1500 X118.317 Y112.482 E743.48157
G0 F9000 X118.775 Y112.589
G1 F1500 X118.317 Y113.047 E743.50312
G0 F9000 X118.775 Y113.155
G1 F1500 X118.317 Y113.613 E743.52466
G0 F9000 X118.775 Y113.721
G1 F1500 X118.317 Y114.179 E743.5462
G0 F9000 X118.775 Y114.286
G1 F1500 X118.317 Y114.745 E743.56777
G0 F9000 X118.775 Y114.852
G1 F1500 X118.317 Y115.31 E743.58931
G0 F9000 X118.775 Y115.418
G1 F1500 X118.317 Y115.876 E743.61085
G0 F9000 X118.775 Y115.983
G1 F1500 X118.317 Y116.442 E743.63242
G0 F9000 X118.775 Y116.549
G1 F1500 X118.317 Y117.007 E743.65396
G0 F9000 X118.775 Y117.115
G1 F1500 X118.317 Y117.573 E743.67551
G0 F9000 X118.776 Y117.68
G1 F1500 X118.317 Y118.139 E743.6971
G0 F9000 X118.776 Y118.245
G1 F1500 X118.317 Y118.704 E743.71869
G0 F9000 X118.776 Y118.811
G1 F1500 X118.317 Y119.27 E743.74028
G0 F9000 X118.776 Y119.377
G1 F1500 X118.317 Y119.836 E743.76187
G0 F9000 X118.776 Y119.942
G1 F1500 X118.317 Y120.401 E743.78346
G0 F9000 X118.776 Y120.508
G1 F1500 X118.317 Y120.967 E743.80505
G0 F9000 X118.776 Y121.074
G1 F1500 X118.317 Y121.533 E743.82664
G0 F9000 X118.776 Y121.64
G1 F1500 X118.317 Y122.098 E743.8482
G0 F9000 X118.776 Y122.205
G1 F1500 X118.317 Y122.664 E743.86979
G0 F9000 X118.776 Y122.771
G1 F1500 X118.317 Y123.23 E743.89138
G0 F9000 X118.776 Y123.337
G1 F1500 X118.317 Y123.796 E743.91297
G0 F9000 X118.776 Y123.902
G1 F1500 X118.317 Y124.361 E743.93456
G0 F9000 X118.776 Y124.468
G1 F1500 X118.317 Y124.927 E743.95615
G0 F9000 X118.776 Y125.034
G1 F1500 X118.317 Y125.493 E743.97774
G0 F9000 X118.776 Y125.599
G1 F1500 X118.317 Y126.058 E743.99933
G0 F9000 X118.776 Y126.165
G1 F1500 X118.317 Y126.624 E744.02092
G0 F9000 X118.776 Y126.731
G1 F1500 X118.317 Y127.19 E744.04251
G0 F9000 X118.776 Y127.296
G1 F1500 X118.317 Y127.755 E744.0641
G0 F9000 X118.776 Y127.862
G1 F1500 X118.317 Y128.321 E744.08569
G0 F9000 X118.776 Y128.428
G1 F1500 X118.317 Y128.887 E744.10728
G0 F9000 X118.776 Y128.993
G1 F1500 X118.317 Y129.452 E744.12887
G0 F9000 X118.776 Y129.559
G1 F1500 X118.317 Y130.018 E744.15046
G0 F9000 X118.776 Y130.125
G1 F1500 X118.317 Y130.584 E744.17205
G0 F9000 X118.776 Y130.691
G1 F1500 X118.317 Y131.149 E744.19362
G0 F9000 X118.776 Y131.256
G1 F1500 X118.317 Y131.715 E744.21521
G0 F9000 X118.776 Y131.822
G1 F1500 X118.317 Y132.281 E744.2368
G0 F9000 X118.776 Y132.388
G1 F1500 X118.317 Y132.846 E744.25836
G0 F9000 X118.776 Y132.953
G1 F1500 X118.317 Y133.412 E744.27995
G0 F9000 X118.776 Y133.519
G1 F1500 X118.317 Y133.978 E744.30154
G0 F9000 X118.776 Y134.085
G1 F1500 X118.317 Y134.544 E744.32313
G0 F9000 X118.776 Y134.65
G1 F1500 X118.317 Y135.109 E744.34472
G0 F9000 X118.776 Y135.216
G1 F1500 X118.317 Y135.675 E744.36631
G0 F9000 X118.776 Y135.782
G1 F1500 X118.317 Y136.241 E744.3879
G0 F9000 X117.568 Y136.24
;MESH:NONMESH
G0 F300 X117.568 Y136.24 Z14.6
G0 F9000 X117.939 Y136.632
G0 X119.145 Y136.632
G0 X119.616 Y136.404
;TIME_ELAPSED:1284.508693
;LAYER:72
;TYPE:WALL-INNER
;MESH:screenholder-mount.obj
G1 F1500 X122.4 Y136.404 E744.4805
G1 X122.4 Y137.4 E744.51363
G1 X112.6 Y137.4 E744.83958
G1 X112.6 Y97.6 E746.16333
G1 X122.4 Y97.6 E746.48928
G1 X122.4 Y98.596 E746.52241
G1 X119.616 Y98.596 E746.615
G1 X119.616 Y136.404 E747.8725
G0 F9000 X120.016 Y136.004
;TYPE:WALL-OUTER
G1 F1500 X122.8 Y136.004 E747.9651
G1 X122.8 Y137.8 E748.02483
G1 X112.2 Y137.8 E748.37739
G1 X112.2 Y97.2 E749.72775
G1 X122.8 Y97.2 E750.08031
G1 X122.8 Y98.996 E750.14004
G1 X120.016 Y98.996 E750.23264
G1 X120.016 Y136.004 E751.46353
G0 F9000 X120.36 Y136.482
;TYPE:FILL
G1 F3000 X120.136 Y137.32 E751.49238
G0 F9000 X117.977 Y137.319
G1 F3000 X112.678 Y132.021 E751.74161
G0 F9000 X112.679 Y129.478
G1 F3000 X118.376 Y127.951 E751.93778
G0 F9000 X118.158 Y127.951
G0 X118.158 Y129.235
G0 X118.378 Y129.235
G1 F3000 X112.678 Y123.535 E752.20589
G0 F9000 X112.68 Y123.266
G1 F3000 X118.376 Y121.74 E752.40202
G0 F9000 X118.378 Y120.749
G1 F3000 X112.678 Y115.05 E752.67011
G0 F9000 X112.68 Y117.054
G1 F3000 X118.376 Y115.528 E752.86624
G0 F9000 X118.158 Y115.528
G0 X118.158 Y112.264
G0 X118.378 Y112.264
G1 F3000 X112.678 Y106.565 E753.13433
G0 F9000 X112.68 Y104.631
G1 F3000 X118.377 Y103.104 E753.3305
G0 F9000 X118.378 Y103.779
G1 F3000 X112.678 Y98.079 E753.59861
G0 F9000 X112.68 Y98.419
G1 F3000 X115.442 Y97.679 E753.69371
G0 F9000 X118.335 Y97.678
G1 F3000 X112.679 Y118.785 E754.4205
G0 F9000 X118.158 Y120.7
G0 X118.378 Y120.7
G1 F3000 X113.924 Y137.319 E754.99276
G0 F9000 X112.679 Y135.689
G1 F3000 X118.376 Y134.163 E755.18892
G0 F9000 X118.158 Y134.163
G0 X112.679 Y110.843
G1 F3000 X118.376 Y109.316 E755.38509
G0 F9000 X118.158 Y109.316
G0 X118.23 Y98.368
G0 X118.911 Y98.368
G0 X121.6 Y98.516
G1 F3000 X120.763 Y97.679 E755.42446
G0 F9000 X119.506 Y98.586
G0 X119.226 Y98.586
;TYPE:SKIN
G1 F1500 X119.226 Y136.414 E756.68263
G1 X118.448 Y136.414 E756.7085
G1 X118.448 Y98.586 E757.96667
G1 X119.226 Y98.586 E757.99254
G0 F9000 X118.607 Y98.808
G1 F1500 X119.066 Y99.267 E758.01413
G0 F9000 X118.607 Y99.373
G1 F1500 X119.066 Y99.832 E758.03572
G0 F9000 X118.607 Y99.939
G1 F1500 X119.066 Y100.398 E758.05731
G0 F9000 X118.607 Y100.505
G1 F1500 X119.066 Y100.964 E758.0789
G0 F9000 X118.607 Y101.071
G1 F1500 X119.066 Y101.529 E758.10047
G0 F9000 X118.607 Y101.636
G1 F1500 X119.066 Y102.095 E758.12206
G0 F9000 X118.607 Y102.202
G1 F1500 X119.066 Y102.661 E758.14365
G0 F9000 X118.607 Y102.768
G1 F1500 X119.066 Y103.226 E758.16522
G0 F9000 X118.607 Y103.333
G1 F1500 X119.066 Y103.792 E758.18681
G0 F9000 X118.607 Y103.899
G1 F1500 X119.066 Y104.358 E758.2084
G0 F9000 X118.607 Y104.465
G1 F1500 X119.066 Y104.924 E758.22999
G0 F9000 X118.607 Y105.03
G1 F1500 X119.066 Y105.489 E758.25158
G0 F9000 X118.607 Y105.596
G1 F1500 X119.066 Y106.055 E758.27317
G0 F9000 X118.607 Y106.162
G1 F1500 X119.066 Y106.621 E758.29476
G0 F9000 X118.607 Y106.727
G1 F1500 X119.066 Y107.186 E758.31635
G0 F9000 X118.607 Y107.293
G1 F1500 X119.066 Y107.752 E758.33794
G0 F9000 X118.607 Y107.859
G1 F1500 X119.066 Y108.318 E758.35953
G0 F9000 X118.607 Y108.424
G1 F1500 X119.066 Y108.883 E758.38112
G0 F9000 X118.607 Y108.99
G1 F1500 X119.066 Y109.449 E758.40271
G0 F9000 X118.607 Y109.556
G1 F1500 X119.066 Y110.015 E758.4243
G0 F9000 X118.607 Y110.121
G1 F1500 X119.066 Y110.58 E758.44589
G0 F9000 X118.607 Y110.687
G1 F1500 X119.066 Y111.146 E758.46748
G0 F9000 X118.607 Y111.253
G1 F1500 X119.066 Y111.712 E758.48907
G0 F9000 X118.607 Y111.819
G1 F1500 X119.066 Y112.277 E758.51063
G0 F9000 X118.607 Y112.384
G1 F1500 X119.066 Y112.843 E758.53222
G0 F9000 X118.607 Y112.95
G1 F1500 X119.066 Y113.409 E758.55381
G0 F9000 X118.607 Y113.516
G1 F1500 X119.066 Y113.975 E758.5754
G0 F9000 X118.607 Y114.081
G1 F1500 X119.066 Y114.54 E758.59699
G0 F9000 X118.607 Y114.647
G1 F1500 X119.066 Y115.106 E758.61858
G0 F9000 X118.607 Y115.213
G1 F1500 X119.066 Y115.672 E758.64017
G0 F9000 X118.607 Y115.778
G1 F1500 X119.066 Y116.237 E758.66176
G0 F9000 X118.607 Y116.344
G1 F1500 X119.066 Y116.803 E758.68335
G0 F9000 X118.607 Y116.91
G1 F1500 X119.066 Y117.369 E758.70494
G0 F9000 X118.607 Y117.475
G1 F1500 X119.066 Y117.934 E758.72653
G0 F9000 X118.607 Y118.041
G1 F1500 X119.066 Y118.5 E758.74812
G0 F9000 X118.607 Y118.607
G1 F1500 X119.066 Y119.066 E758.76971
G0 F9000 X118.607 Y119.172
G1 F1500 X119.066 Y119.631 E758.7913
G0 F9000 X118.607 Y119.738
G1 F1500 X119.066 Y120.197 E758.81289
G0 F9000 X118.607 Y120.304
G1 F1500 X119.066 Y120.763 E758.83448
G0 F9000 X118.607 Y120.87
G1 F1500 X119.066 Y121.328 E758.85605
G0 F9000 X118.607 Y121.435
G1 F1500 X119.066 Y121.894 E758.87764
G0 F9000 X118.607 Y122.001
G1 F1500 X119.066 Y122.46 E758.89923
G0 F9000 X118.607 Y122.567
G1 F1500 X119.066 Y123.025 E758.9208
G0 F9000 X118.607 Y123.132
G1 F1500 X119.066 Y123.591 E758.94239
G0 F9000 X118.607 Y123.698
G1 F1500 X119.066 Y124.157 E758.96398
G0 F9000 X118.607 Y124.264
G1 F1500 X119.066 Y124.723 E758.98556
G0 F9000 X118.607 Y124.829
G1 F1500 X119.066 Y125.288 E759.00715
G0 F9000 X118.607 Y125.395
G1 F1500 X119.066 Y125.854 E759.02874
G0 F9000 X118.607 Y125.961
G1 F1500 X119.066 Y126.42 E759.05033
G0 F9000 X118.607 Y126.526
G1 F1500 X119.066 Y126.985 E759.07192
G0 F9000 X118.607 Y127.092
G1 F1500 X119.066 Y127.551 E759.09351
G0 F9000 X118.607 Y127.658
G1 F1500 X119.066 Y128.117 E759.1151
G0 F9000 X118.607 Y128.223
G1 F1500 X119.066 Y128.682 E759.13669
G0 F9000 X118.607 Y128.789
G1 F1500 X119.066 Y129.248 E759.15828
G0 F9000 X118.607 Y129.355
G1 F1500 X119.066 Y129.814 E759.17987
G0 F9000 X118.607 Y129.92
G1 F1500 X119.066 Y130.379 E759.20146
G0 F9000 X118.607 Y130.486
G1 F1500 X119.066 Y130.945 E759.22305
G0 F9000 X118.607 Y131.052
G1 F1500 X119.066 Y131.511 E759.24464
G0 F9000 X118.607 Y131.618
G1 F1500 X119.066 Y132.076 E759.26621
G0 F9000 X118.607 Y132.183
G1 F1500 X119.066 Y132.642 E759.2878
G0 F9000 X118.607 Y132.749
G1 F1500 X119.066 Y133.208 E759.30939
G0 F9000 X118.607 Y133.315
G1 F1500 X119.066 Y133.773 E759.33096
G0 F9000 X118.607 Y133.88
G1 F1500 X119.066 Y134.339 E759.35255
G0 F9000 X118.607 Y134.446
G1 F1500 X119.066 Y134.905 E759.37414
G0 F9000 X118.607 Y135.012
G1 F1500 X119.066 Y135.471 E759.39573
G0 F9000 X118.607 Y135.577
G1 F1500 X119.066 Y136.036 E759.41732
G0 F9000 X118.716 Y136.253
G1 F1500 X118.607 Y136.143 E759.42247
G0 F9000 X117.858 Y136.143
;MESH:NONMESH
G0 F300 X117.858 Y136.143 Z14.8
G0 F9000 X118.23 Y136.632
G0 X119.434 Y136.632
G0 X119.906 Y136.404
;TIME_ELAPSED:1309.590052
;LAYER:73
;TYPE:WALL-INNER
;MESH:screenholder-mount.obj
G1 F1500 X122.4 Y136.404 E759.50542
G1 X122.4 Y137.4 E759.53855
G1 X112.6 Y137.4 E759.86449
G1 X112.6 Y97.6 E761.18825
G1 X122.4 Y97.6 E761.5142
G1 X122.4 Y98.596 E761.54732
G1 X119.906 Y98.596 E761.63028
G1 X119.906 Y136.404 E762.88777
G0 F9000 X120.306 Y136.004
;TYPE:WALL-OUTER
G1 F1500 X122.8 Y136.004 E762.97073
G1 X122.8 Y137.8 E763.03046
G1 X112.2 Y137.8 E763.38302
G1 X112.2 Y97.2 E764.73338
G1 X122.8 Y97.2 E765.08594
G1 X122.8 Y98.996 E765.14567
G1 X120.306 Y98.996 E765.22862
G1 X120.306 Y136.004 E766.45951
G0 F9000 X120.213 Y136.483
;TYPE:FILL
G1 F3000 X119.989 Y137.32 E766.48833
G0 F9000 X118.178 Y137.319
G1 F3000 X112.678 Y131.82 E766.74701
G0 F9000 X112.679 Y129.625
G1 F3000 X118.665 Y128.021 E766.95313
G0 F9000 X118.447 Y128.021
G0 X118.447 Y129.323
G0 X118.667 Y129.323
G1 F3000 X112.678 Y123.334 E767.23484
G1 X112.68 Y123.413
G1 X118.666 Y121.809 E767.44095
G0 F9000 X118.667 Y120.838
G1 F3000 X112.678 Y114.849 E767.72266
G0 F9000 X112.68 Y117.201
G1 F3000 X118.665 Y115.598 E767.92874
G0 F9000 X118.447 Y115.598
G0 X118.447 Y112.352
G0 X118.666 Y112.352
G1 F3000 X112.678 Y106.364 E768.21039
G0 F9000 X112.68 Y104.778
G1 F3000 X118.665 Y103.174 E768.41648
G0 F9000 X118.666 Y103.866
G1 F3000 X112.678 Y97.879 E768.69811
G0 F9000 X112.68 Y98.566
G1 F3000 X115.991 Y97.679 E768.81212
G0 F9000 X118.188 Y97.678
G1 F3000 X112.679 Y118.236 E769.52001
G0 F9000 X118.447 Y119.074
G0 X118.666 Y119.074
G1 F3000 X113.777 Y137.319 E770.14825
G0 F9000 X112.679 Y135.836
G1 F3000 X118.665 Y134.232 E770.35437
G0 F9000 X118.447 Y134.232
G0 X112.679 Y110.99
G1 F3000 X118.665 Y109.386 E770.56049
G0 F9000 X118.447 Y109.386
G0 X118.519 Y98.368
G0 X119.494 Y98.368
G0 X121.801 Y98.516
G1 F3000 X120.964 Y97.679 E770.59986
G0 F9000 X119.796 Y98.586
G0 X119.516 Y98.586
;TYPE:SKIN
G1 F1500 X119.516 Y136.414 E771.85802
G1 X118.737 Y136.414 E771.88393
G1 X118.737 Y98.586 E773.14209
G1 X119.516 Y98.586 E773.168
G0 F9000 X119.042 Y98.746
G1 F1500 X118.896 Y98.892 E773.17487
G0 F9000 X119.355 Y98.999
G1 F1500 X118.896 Y99.458 E773.19646
G0 F9000 X119.355 Y99.564
G1 F1500 X118.896 Y100.023 E773.21805
G0 F9000 X119.355 Y100.13
G1 F1500 X118.896 Y100.589 E773.23964
G0 F9000 X119.355 Y100.696
G1 F1500 X118.896 Y101.155 E773.26123
G0 F9000 X119.355 Y101.261
G1 F1500 X118.896 Y101.72 E773.28282
G0 F9000 X119.355 Y101.827
G1 F1500 X118.896 Y102.286 E773.30441
G0 F9000 X119.355 Y102.393
G1 F1500 X118.896 Y102.852 E773.326
G0 F9000 X119.355 Y102.958
G1 F1500 X118.896 Y103.417 E773.34759
G0 F9000 X119.355 Y103.524
G1 F1500 X118.896 Y103.983 E773.36918
G0 F9000 X119.355 Y104.09
G1 F1500 X118.896 Y104.549 E773.39077
G0 F9000 X119.355 Y104.656
G1 F1500 X118.896 Y105.114 E773.41234
G0 F9000 X119.355 Y105.221
G1 F1500 X118.896 Y105.68 E773.43393
G0 F9000 X119.355 Y105.787
G1 F1500 X118.896 Y106.246 E773.45552
G0 F9000 X119.355 Y106.353
G1 F1500 X118.896 Y106.812 E773.47711
G0 F9000 X119.355 Y106.918
G1 F1500 X118.896 Y107.377 E773.4987
G0 F9000 X119.355 Y107.484
G1 F1500 X118.896 Y107.943 E773.52029
G0 F9000 X119.355 Y108.05
G1 F1500 X118.896 Y108.509 E773.54188
G0 F9000 X119.355 Y108.615
G1 F1500 X118.896 Y109.074 E773.56347
G0 F9000 X119.355 Y109.181
G1 F1500 X118.896 Y109.64 E773.58506
G0 F9000 X119.355 Y109.747
G1 F1500 X118.896 Y110.206 E773.60665
G0 F9000 X119.355 Y110.312
G1 F1500 X118.896 Y110.771 E773.62824
G0 F9000 X119.355 Y110.878
G1 F1500 X118.896 Y111.337 E773.64983
G0 F9000 X119.355 Y111.444
G1 F1500 X118.896 Y111.903 E773.67142
G0 F9000 X119.355 Y112.009
G1 F1500 X118.896 Y112.468 E773.69301
G0 F9000 X119.355 Y112.575
G1 F1500 X118.896 Y113.034 E773.7146
G0 F9000 X119.355 Y113.141
G1 F1500 X118.896 Y113.6 E773.73619
G0 F9000 X119.355 Y113.707
G1 F1500 X118.896 Y114.165 E773.75775
G0 F9000 X119.355 Y114.272
G1 F1500 X118.896 Y114.731 E773.77934
G0 F9000 X119.355 Y114.838
G1 F1500 X118.896 Y115.297 E773.80093
G0 F9000 X119.355 Y115.404
G1 F1500 X118.896 Y115.862 E773.8225
G0 F9000 X119.355 Y115.969
G1 F1500 X118.896 Y116.428 E773.84409
G0 F9000 X119.355 Y116.535
G1 F1500 X118.896 Y116.994 E773.86568
G0 F9000 X119.355 Y117.101
G1 F1500 X118.897 Y117.559 E773.88722
G0 F9000 X119.355 Y117.666
G1 F1500 X118.897 Y118.125 E773.90879
G0 F9000 X119.355 Y118.232
G1 F1500 X118.897 Y118.69 E773.93033
G0 F9000 X119.355 Y118.798
G1 F1500 X118.897 Y119.256 E773.95188
G0 F9000 X119.355 Y119.363
G1 F1500 X118.897 Y119.822 E773.97344
G0 F9000 X119.355 Y119.929
G1 F1500 X118.897 Y120.387 E773.99498
G0 F9000 X119.355 Y120.495
G1 F1500 X118.897 Y120.953 E774.01653
G0 F9000 X119.355 Y121.06
G1 F1500 X118.897 Y121.519 E774.03809
G0 F9000 X119.355 Y121.626
G1 F1500 X118.897 Y122.084 E774.05964
G0 F9000 X119.355 Y122.192
G1 F1500 X118.897 Y122.65 E774.08118
G0 F9000 X119.355 Y122.757
G1 F1500 X118.897 Y123.216 E774.10275
G0 F9000 X119.355 Y123.323
G1 F1500 X118.897 Y123.781 E774.12429
G0 F9000 X119.355 Y123.889
G1 F1500 X118.897 Y124.347 E774.14583
G0 F9000 X119.355 Y124.455
G1 F1500 X118.897 Y124.913 E774.16737
G0 F9000 X119.355 Y125.02
G1 F1500 X118.897 Y125.478 E774.18892
G0 F9000 X119.355 Y125.586
G1 F1500 X118.897 Y126.044 E774.21046
G0 F9000 X119.355 Y126.152
G1 F1500 X118.897 Y126.61 E774.232
G0 F9000 X119.355 Y126.717
G1 F1500 X118.897 Y127.175 E774.25355
G0 F9000 X119.355 Y127.283
G1 F1500 X118.897 Y127.741 E774.27509
G0 F9000 X119.355 Y127.849
G1 F1500 X118.897 Y128.307 E774.29663
G0 F9000 X119.355 Y128.414
G1 F1500 X118.897 Y128.873 E774.3182
G0 F9000 X119.355 Y128.98
G1 F1500 X118.897 Y129.438 E774.33974
G0 F9000 X119.355 Y129.546
G1 F1500 X118.897 Y130.004 E774.36128
G0 F9000 X119.355 Y130.111
G1 F1500 X118.897 Y130.57 E774.38285
G0 F9000 X119.355 Y130.677
G1 F1500 X118.897 Y131.135 E774.40439
G0 F9000 X119.355 Y131.243
G1 F1500 X118.897 Y131.701 E774.42594
G0 F9000 X119.355 Y131.808
G1 F1500 X118.897 Y132.267 E774.4475
G0 F9000 X119.355 Y132.374
G1 F1500 X118.897 Y132.832 E774.46905
G0 F9000 X119.355 Y132.94
G1 F1500 X118.897 Y133.398 E774.49059
G0 F9000 X119.355 Y133.506
G1 F1500 X118.897 Y133.964 E774.51213
G0 F9000 X119.355 Y134.071
G1 F1500 X118.897 Y134.529 E774.53367
G0 F9000 X119.355 Y134.637
G1 F1500 X118.897 Y135.095 E774.55522
G0 F9000 X119.355 Y135.203
G1 F1500 X118.897 Y135.661 E774.57676
G0 F9000 X119.355 Y135.768
G1 F1500 X118.897 Y136.226 E774.5983
G0 F9000 X118.147 Y136.226
;MESH:NONMESH
G0 F300 X118.147 Y136.226 Z15
G0 F9000 X118.519 Y136.632
G0 X119.724 Y136.632
G0 X120.195 Y136.404
;TIME_ELAPSED:1334.678483
;LAYER:74
;TYPE:WALL-INNER
;MESH:screenholder-mount.obj
G1 F1500 X122.4 Y136.404 E774.67164
G1 X122.4 Y137.4 E774.70477
G1 X112.6 Y137.4 E775.03072
G1 X112.6 Y97.6 E776.35447
G1 X122.4 Y97.6 E776.68042
G1 X122.4 Y98.596 E776.71355
G1 X120.195 Y98.596 E776.78689
G1 X120.195 Y136.404 E778.04439
G0 F9000 X120.595 Y136.004
;TYPE:WALL-OUTER
G1 F1500 X122.8 Y136.004 E778.11772
G1 X122.8 Y137.8 E778.17746
G1 X112.2 Y137.8 E778.53002
G1 X112.2 Y97.2 E779.88038
G1 X122.8 Y97.2 E780.23294
G1 X122.8 Y98.996 E780.29267
G1 X120.595 Y98.996 E780.36601
G1 X120.595 Y136.004 E781.5969
G0 F9000 X120.067 Y136.483
;TYPE:FILL
G1 F3000 X119.843 Y137.319 E781.62569
G0 F9000 X118.377 Y137.319
G1 F3000 X112.678 Y131.62 E781.89375
G0 F9000 X112.679 Y129.771
G1 F3000 X118.955 Y128.089 E782.10986
G0 F9000 X118.737 Y128.089
G0 X118.737 Y129.413
G0 X118.957 Y129.413
G1 F3000 X112.678 Y123.135 E782.40518
G0 F9000 X112.68 Y123.559
G1 F3000 X118.955 Y121.877 E782.62125
G0 F9000 X118.957 Y120.928
G1 F3000 X112.678 Y114.65 E782.91658
G0 F9000 X112.68 Y117.347
G1 F3000 X118.955 Y115.666 E783.13264
G0 F9000 X118.737 Y115.666
G0 X118.737 Y117.448
G0 X118.956 Y117.448
G1 F3000 X113.631 Y137.32 E783.81691
G0 F9000 X112.679 Y135.982
G1 F3000 X118.955 Y134.301 E784.033
G0 F9000 X118.737 Y134.301
G0 X112.679 Y117.691
G1 F3000 X118.042 Y97.678 E784.72213
G0 F9000 X116.536 Y97.679
G1 F3000 X112.68 Y98.712 E784.8549
G0 F9000 X112.678 Y97.679
G1 F3000 X118.956 Y103.957 E785.1502
G0 F9000 X118.955 Y103.242
G1 F3000 X112.679 Y104.924 E785.3663
G0 F9000 X112.678 Y106.165
G1 F3000 X118.956 Y112.442 E785.66158
G0 F9000 X118.737 Y112.442
G0 X118.737 Y109.454
G0 X118.955 Y109.454
G1 F3000 X112.68 Y111.135 E785.87765
G0 F9000 X118.809 Y98.368
G0 X119.783 Y98.368
G0 X122 Y98.516
G1 F3000 X121.164 Y97.679 E785.91699
G0 F9000 X120.085 Y98.586
G0 X119.805 Y98.586
;TYPE:SKIN
G1 F1500 X119.805 Y136.414 E787.17516
G1 X119.027 Y136.414 E787.20103
G1 X119.027 Y98.586 E788.4592
G1 X119.805 Y98.586 E788.48507
G0 F9000 X119.185 Y98.821
G1 F1500 X119.644 Y99.279 E788.50664
G0 F9000 X119.185 Y99.386
G1 F1500 X119.644 Y99.845 E788.52823
G0 F9000 X119.185 Y99.952
G1 F1500 X119.644 Y100.411 E788.54982
G0 F9000 X119.185 Y100.518
G1 F1500 X119.644 Y100.976 E788.57139
G0 F9000 X119.185 Y101.083
G1 F1500 X119.644 Y101.542 E788.59298
G0 F9000 X119.185 Y101.649
G1 F1500 X119.644 Y102.108 E788.61457
G0 F9000 X119.185 Y102.215
G1 F1500 X119.644 Y102.674 E788.63616
G0 F9000 X119.185 Y102.78
G1 F1500 X119.644 Y103.239 E788.65775
G0 F9000 X119.185 Y103.346
G1 F1500 X119.644 Y103.805 E788.67934
G0 F9000 X119.185 Y103.912
G1 F1500 X119.644 Y104.371 E788.70093
G0 F9000 X119.185 Y104.477
G1 F1500 X119.644 Y104.936 E788.72252
G0 F9000 X119.185 Y105.043
G1 F1500 X119.644 Y105.502 E788.74411
G0 F9000 X119.185 Y105.609
G1 F1500 X119.644 Y106.068 E788.7657
G0 F9000 X119.185 Y106.174
G1 F1500 X119.644 Y106.633 E788.78729
G0 F9000 X119.185 Y106.74
G1 F1500 X119.644 Y107.199 E788.80888
G0 F9000 X119.185 Y107.306
G1 F1500 X119.644 Y107.765 E788.83047
G0 F9000 X119.185 Y107.871
G1 F1500 X119.644 Y108.33 E788.85206
G0 F9000 X119.185 Y108.437
G1 F1500 X119.644 Y108.896 E788.87365
G0 F9000 X119.185 Y109.003
G1 F1500 X119.644 Y109.462 E788.89524
G0 F9000 X119.185 Y109.569
G1 F1500 X119.644 Y110.027 E788.9168
G0 F9000 X119.185 Y110.134
G1 F1500 X119.644 Y110.593 E788.93839
G0 F9000 X119.185 Y110.7
G1 F1500 X119.644 Y111.159 E788.95998
G0 F9000 X119.185 Y111.266
G1 F1500 X119.644 Y111.724 E788.98155
G0 F9000 X119.185 Y111.831
G1 F1500 X119.644 Y112.29 E789.00314
G0 F9000 X119.185 Y112.397
G1 F1500 X119.644 Y112.856 E789.02473
G0 F9000 X119.185 Y112.963
G1 F1500 X119.644 Y113.422 E789.04632
G0 F9000 X119.185 Y113.528
G1 F1500 X119.644 Y113.987 E789.06791
G0 F9000 X119.185 Y114.094
G1 F1500 X119.644 Y114.553 E789.0895
G0 F9000 X119.185 Y114.66
G1 F1500 X119.644 Y115.119 E789.11109
G0 F9000 X119.185 Y115.225
G1 F1500 X119.644 Y115.684 E789.13268
G0 F9000 X119.185 Y115.791
G1 F1500 X119.644 Y116.25 E789.15427
G0 F9000 X119.185 Y116.357
G1 F1500 X119.644 Y116.816 E789.17586
G0 F9000 X119.185 Y116.922
G1 F1500 X119.644 Y117.381 E789.19745
G0 F9000 X119.185 Y117.488
G1 F1500 X119.644 Y117.947 E789.21904
G0 F9000 X119.186 Y118.055
G1 F1500 X119.644 Y118.513 E789.24058
G0 F9000 X119.186 Y118.62
G1 F1500 X119.644 Y119.078 E789.26212
G0 F9000 X119.186 Y119.186
G1 F1500 X119.644 Y119.644 E789.28367
G0 F9000 X119.186 Y119.752
G1 F1500 X119.644 Y120.21 E789.30521
G0 F9000 X119.186 Y120.317
G1 F1500 X119.644 Y120.775 E789.32675
G0 F9000 X119.186 Y120.883
G1 F1500 X119.644 Y121.341 E789.34829
G0 F9000 X119.186 Y121.449
G1 F1500 X119.644 Y121.907 E789.36984
G0 F9000 X119.186 Y122.014
G1 F1500 X119.644 Y122.473 E789.3914
G0 F9000 X119.186 Y122.58
G1 F1500 X119.644 Y123.038 E789.41295
G0 F9000 X119.186 Y123.146
G1 F1500 X119.644 Y123.604 E789.43449
G0 F9000 X119.186 Y123.711
G1 F1500 X119.644 Y124.17 E789.45606
G0 F9000 X119.186 Y124.277
G1 F1500 X119.644 Y124.735 E789.4776
G0 F9000 X119.186 Y124.843
G1 F1500 X119.644 Y125.301 E789.49914
G0 F9000 X119.186 Y125.408
G1 F1500 X119.644 Y125.867 E789.52071
G0 F9000 X119.186 Y125.974
G1 F1500 X119.644 Y126.432 E789.54225
G0 F9000 X119.186 Y126.54
G1 F1500 X119.644 Y126.998 E789.56379
G0 F9000 X119.186 Y127.105
G1 F1500 X119.644 Y127.564 E789.58536
G0 F9000 X119.186 Y127.671
G1 F1500 X119.644 Y128.129 E789.6069
G0 F9000 X119.186 Y128.237
G1 F1500 X119.644 Y128.695 E789.62845
G0 F9000 X119.186 Y128.803
G1 F1500 X119.644 Y129.261 E789.64999
G0 F9000 X119.186 Y129.368
G1 F1500 X119.644 Y129.826 E789.67153
G0 F9000 X119.186 Y129.934
G1 F1500 X119.644 Y130.392 E789.69308
G0 F9000 X119.186 Y130.5
G1 F1500 X119.644 Y130.958 E789.71462
G0 F9000 X119.186 Y131.065
G1 F1500 X119.644 Y131.523 E789.73616
G0 F9000 X119.186 Y131.631
G1 F1500 X119.644 Y132.089 E789.7577
G0 F9000 X119.186 Y132.197
G1 F1500 X119.644 Y132.655 E789.77925
G0 F9000 X119.186 Y132.762
G1 F1500 X119.644 Y133.221 E789.80081
G0 F9000 X119.186 Y133.328
G1 F1500 X119.644 Y133.786 E789.82236
G0 F9000 X119.186 Y133.894
G1 F1500 X119.644 Y134.352 E789.8439
G0 F9000 X119.186 Y134.459
G1 F1500 X119.644 Y134.918 E789.86547
G0 F9000 X119.186 Y135.025
G1 F1500 X119.644 Y135.483 E789.88701
G0 F9000 X119.186 Y135.591
G1 F1500 X119.644 Y136.049 E789.90855
G0 F9000 X119.282 Y136.253
G1 F1500 X119.186 Y136.156 E789.91309
G0 F9000 X118.437 Y136.156
;MESH:NONMESH
G0 F300 X118.437 Y136.156 Z15.2
G0 F9000 X118.809 Y136.632
G0 X120.013 Y136.632
G0 X120.485 Y136.404
;TIME_ELAPSED:1359.736334
;LAYER:75
;TYPE:WALL-INNER
;MESH:screenholder-mount.obj
G1 F1500 X122.4 Y136.404 E789.97678
G1 X122.4 Y137.4 E790.00991
G1 X112.6 Y137.4 E790.33586
G1 X112.6 Y97.6 E791.65961
G1 X122.4 Y97.6 E791.98556
G1 X122.4 Y98.596 E792.01869
G1 X120.485 Y98.596 E792.08238
G1 X120.485 Y136.404 E793.33988
G0 F9000 X120.885 Y136.004
;TYPE:WALL-OUTER
G1 F1500 X122.8 Y136.004 E793.40358
G1 X122.8 Y137.8 E793.46331
G1 X112.2 Y137.8 E793.81587
G1 X112.2 Y97.2 E795.16623
G1 X122.8 Y97.2 E795.51879
G1 X122.8 Y98.996 E795.57852
G1 X120.885 Y98.996 E795.64222
G1 X120.885 Y136.004 E796.87311
G0 F9000 X120.585 Y136.004
G0 X119.92 Y136.704
G0 X119.92 Y136.483
;TYPE:FILL
G1 F3000 X119.696 Y137.319 E796.90189
G0 F9000 X118.578 Y137.319
G1 F3000 X112.678 Y131.42 E797.17939
G0 F9000 X112.679 Y129.918
G1 F3000 X119.246 Y128.158 E797.40552
G0 F9000 X119.026 Y128.158
G0 X119.026 Y129.503
G0 X119.247 Y129.503
G1 F3000 X112.678 Y122.934 E797.7145
G0 F9000 X112.68 Y123.706
G1 F3000 X119.245 Y121.947 E797.94056
G0 F9000 X119.246 Y121.017
G1 F3000 X112.678 Y114.449 E798.24949
G0 F9000 X112.679 Y117.143
G1 F3000 X117.895 Y97.678 E798.91974
G0 F9000 X117.084 Y97.679
G1 F3000 X112.68 Y98.859 E799.07139
G0 F9000 X112.879 Y97.679
G1 F3000 X119.245 Y104.045 E799.37083
G0 F9000 X119.244 Y103.312
G1 F3000 X112.679 Y105.071 E799.59688
G0 F9000 X112.678 Y105.964
G1 F3000 X119.246 Y112.531 E799.9058
G0 F9000 X119.026 Y112.531
G0 X119.026 Y109.524
G0 X119.245 Y109.524
G1 F3000 X112.679 Y111.283 E800.13188
G0 F9000 X112.68 Y117.494
G1 F3000 X119.245 Y115.735 E800.35794
G1 X119.245 Y115.819
G1 X113.484 Y137.32 E801.09829
G0 F9000 X112.679 Y136.129
G1 F3000 X119.245 Y134.37 E801.32437
G1 F2700 E796.32437
G0 F9000 X119.026 Y134.37
G0 X119.099 Y136.632
G0 X120.303 Y136.632
G0 X120.657 Y98.768
G0 X122.2 Y98.515
G1 F2700 E801.32437
G1 F3000 X121.364 Y97.679 E801.3637
G0 F9000 X120.375 Y98.586
G0 X120.095 Y98.586
;TYPE:SKIN
G1 F1500 X120.095 Y136.414 E802.62186
G1 X119.317 Y136.414 E802.64774
G1 X119.316 Y98.586 E803.9059
G1 X120.095 Y98.586 E803.93181
G0 F9000 X119.476 Y98.878
G1 F1500 X119.608 Y98.746 E803.93802
G0 F9000 X119.933 Y98.986
G1 F1500 X119.476 Y99.443 E803.95952
G0 F9000 X119.933 Y99.552
G1 F1500 X119.476 Y100.009 E803.98101
G0 F9000 X119.933 Y100.117
G1 F1500 X119.476 Y100.575 E804.00253
G0 F9000 X119.933 Y100.683
G1 F1500 X119.476 Y101.141 E804.02405
G0 F9000 X119.933 Y101.249
G1 F1500 X119.476 Y101.706 E804.04555
G0 F9000 X119.933 Y101.814
G1 F1500 X119.476 Y102.272 E804.06707
G0 F9000 X119.933 Y102.38
G1 F1500 X119.476 Y102.838 E804.08859
G0 F9000 X119.933 Y102.946
G1 F1500 X119.476 Y103.403 E804.11008
G0 F9000 X119.933 Y103.511
G1 F1500 X119.476 Y103.969 E804.1316
G0 F9000 X119.933 Y104.077
G1 F1500 X119.476 Y104.535 E804.15312
G0 F9000 X119.933 Y104.643
G1 F1500 X119.476 Y105.1 E804.17462
G0 F9000 X119.933 Y105.209
G1 F1500 X119.476 Y105.666 E804.19611
G0 F9000 X119.933 Y105.774
G1 F1500 X119.476 Y106.232 E804.21763
G0 F9000 X119.933 Y106.34
G1 F1500 X119.476 Y106.797 E804.23913
G0 F9000 X119.933 Y106.906
G1 F1500 X119.476 Y107.363 E804.26062
G0 F9000 X119.933 Y107.471
G1 F1500 X119.476 Y107.929 E804.28214
G0 F9000 X119.933 Y108.037
G1 F1500 X119.476 Y108.494 E804.30364
G0 F9000 X119.933 Y108.603
G1 F1500 X119.476 Y109.06 E804.32514
G0 F9000 X119.933 Y109.168
G1 F1500 X119.476 Y109.626 E804.34666
G0 F9000 X119.933 Y109.734
G1 F1500 X119.476 Y110.191 E804.36815
G0 F9000 X119.933 Y110.3
G1 F1500 X119.476 Y110.757 E804.38965
G0 F9000 X119.933 Y110.865
G1 F1500 X119.476 Y111.323 E804.41117
G0 F9000 X119.933 Y111.431
G1 F1500 X119.476 Y111.889 E804.43269
G0 F9000 X119.933 Y111.997
G1 F1500 X119.476 Y112.454 E804.45418
G0 F9000 X119.933 Y112.562
G1 F1500 X119.476 Y113.02 E804.4757
G0 F9000 X119.933 Y113.128
G1 F1500 X119.476 Y113.586 E804.49722
G0 F9000 X119.933 Y113.694
G1 F1500 X119.476 Y114.151 E804.51872
G0 F9000 X119.933 Y114.259
G1 F1500 X119.476 Y114.717 E804.54024
G0 F9000 X119.933 Y114.825
G1 F1500 X119.476 Y115.283 E804.56175
G0 F9000 X119.933 Y115.391
G1 F1500 X119.476 Y115.848 E804.58325
G0 F9000 X119.933 Y115.957
G1 F1500 X119.476 Y116.414 E804.60475
G0 F9000 X119.933 Y116.522
G1 F1500 X119.476 Y116.98 E804.62627
G0 F9000 X119.933 Y117.088
G1 F1500 X119.477 Y117.545 E804.64774
G0 F9000 X119.933 Y117.654
G1 F1500 X119.477 Y118.11 E804.66919
G0 F9000 X119.933 Y118.219
G1 F1500 X119.477 Y118.676 E804.69066
G0 F9000 X119.933 Y118.785
G1 F1500 X119.477 Y119.242 E804.71213
G0 F9000 X119.933 Y119.351
G1 F1500 X119.477 Y119.807 E804.73358
G0 F9000 X119.933 Y119.916
G1 F1500 X119.477 Y120.373 E804.75505
G0 F9000 X119.933 Y120.482
G1 F1500 X119.477 Y120.939 E804.77653
G0 F9000 X119.933 Y121.048
G1 F1500 X119.477 Y121.504 E804.79797
G0 F9000 X119.933 Y121.613
G1 F1500 X119.477 Y122.07 E804.81945
G0 F9000 X119.933 Y122.179
G1 F1500 X119.477 Y122.636 E804.84092
G0 F9000 X119.933 Y122.745
G1 F1500 X119.477 Y123.202 E804.86239
G0 F9000 X119.933 Y123.31
G1 F1500 X119.477 Y123.767 E804.88386
G0 F9000 X119.933 Y123.876
G1 F1500 X119.477 Y124.333 E804.90534
G0 F9000 X119.933 Y124.442
G1 F1500 X119.477 Y124.899 E804.92681
G0 F9000 X119.933 Y125.007
G1 F1500 X119.477 Y125.464 E804.94828
G0 F9000 X119.933 Y125.573
G1 F1500 X119.477 Y126.03 E804.96975
G0 F9000 X119.933 Y126.139
G1 F1500 X119.477 Y126.596 E804.99123
G0 F9000 X119.933 Y126.705
G1 F1500 X119.477 Y127.161 E805.01267
G0 F9000 X119.933 Y127.27
G1 F1500 X119.477 Y127.727 E805.03415
G0 F9000 X119.933 Y127.836
G1 F1500 X119.477 Y128.293 E805.05562
G0 F9000 X119.933 Y128.402
G1 F1500 X119.477 Y128.858 E805.07707
G0 F9000 X119.933 Y128.967
G1 F1500 X119.477 Y129.424 E805.09854
G0 F9000 X119.933 Y129.533
G1 F1500 X119.477 Y129.99 E805.12001
G0 F9000 X119.933 Y130.099
G1 F1500 X119.477 Y130.555 E805.14146
G0 F9000 X119.933 Y130.664
G1 F1500 X119.477 Y131.121 E805.16293
G0 F9000 X119.933 Y131.23
G1 F1500 X119.477 Y131.687 E805.18441
G0 F9000 X119.933 Y131.796
G1 F1500 X119.477 Y132.253 E805.20588
G0 F9000 X119.933 Y132.361
G1 F1500 X119.477 Y132.818 E805.22735
G0 F9000 X119.933 Y132.927
G1 F1500 X119.477 Y133.384 E805.24882
G0 F9000 X119.933 Y133.493
G1 F1500 X119.477 Y133.95 E805.2703
G0 F9000 X119.933 Y134.058
G1 F1500 X119.477 Y134.515 E805.29177
G0 F9000 X119.933 Y134.624
G1 F1500 X119.477 Y135.081 E805.31324
G0 F9000 X119.933 Y135.19
G1 F1500 X119.477 Y135.647 E805.33471
G0 F9000 X119.933 Y135.756
G1 F1500 X119.477 Y136.212 E805.35616
G0 F9000 X118.726 Y136.212
;MESH:NONMESH
G0 F300 X118.726 Y136.212 Z15.4
G0 F9000 X119.099 Y136.632
G0 X120.303 Y136.632
G0 X120.775 Y136.404
;TIME_ELAPSED:1385.269123
;LAYER:76
;TYPE:WALL-INNER
;MESH:screenholder-mount.obj
G1 F1500 X122.4 Y136.404 E805.41021
G1 X122.4 Y137.4 E805.44334
G1 X112.6 Y137.4 E805.76929
G1 X112.6 Y97.6 E807.09304
G1 X122.4 Y97.6 E807.41899
G1 X122.4 Y98.596 E807.45212
G1 X120.775 Y98.596 E807.50616
G1 X120.775 Y136.404 E808.76366
G0 F9000 X121.175 Y136.004
;TYPE:WALL-OUTER
G1 F1500 X122.8 Y136.004 E808.81771
G1 X122.8 Y137.8 E808.87745
G1 X112.2 Y137.8 E809.23
G1 X112.2 Y97.2 E810.58036
G1 X122.8 Y97.2 E810.93292
G1 X122.8 Y98.996 E810.99266
G1 X121.175 Y98.996 E811.04671
G1 X121.175 Y136.004 E812.2776
G0 F9000 X120.875 Y136.004
G0 X120.593 Y136.632
G0 X119.774 Y136.704
G0 X119.774 Y136.483
;TYPE:FILL
G1 F3000 X119.55 Y137.32 E812.30641
G0 F9000 X118.777 Y137.319
G1 F3000 X112.678 Y131.22 E812.59329
G0 F9000 X112.679 Y130.064
G1 F3000 X119.534 Y128.227 E812.82934
G0 F9000 X119.316 Y128.227
G0 X119.316 Y129.592
G0 X119.535 Y129.592
G1 F3000 X112.678 Y122.735 E813.15187
G0 F9000 X112.679 Y123.852
G1 F3000 X119.535 Y122.015 E813.38794
G0 F9000 X119.535 Y121.106
G1 F3000 X112.678 Y114.25 E813.71045
G0 F9000 X112.679 Y116.598
G1 F3000 X117.749 Y97.678 E814.36194
G1 X117.629 Y97.679
G1 X112.68 Y99.005 E814.53235
G0 F9000 X113.079 Y97.679
G1 F3000 X119.535 Y104.136 E814.83604
G0 F9000 X119.534 Y103.38
G1 F3000 X112.679 Y105.217 E815.07208
G0 F9000 X112.678 Y105.764
G1 F3000 X119.535 Y112.621 E815.39462
G0 F9000 X119.316 Y112.621
G0 X119.316 Y114.194
G0 X119.535 Y114.194
G1 F3000 X113.338 Y137.32 E816.19093
G0 F9000 X112.68 Y136.275
G1 F3000 X119.535 Y134.438 E816.42697
G0 F9000 X119.316 Y134.438
G0 X112.68 Y117.64
G1 F3000 X119.535 Y115.803 E816.66301
G0 F9000 X119.316 Y115.803
G0 X119.316 Y109.592
G0 X119.535 Y109.592
G1 F3000 X112.68 Y111.429 E816.89905
G0 F9000 X119.388 Y98.368
G0 X122.319 Y98.434
G1 F3000 X121.564 Y97.679 E816.93457
G0 F9000 X120.665 Y98.586
G0 X120.385 Y98.586
;TYPE:SKIN
G1 F1500 X120.385 Y136.414 E818.19273
G1 X119.606 Y136.414 E818.21864
G1 X119.606 Y98.586 E819.47681
G1 X120.385 Y98.586 E819.50272
G0 F9000 X119.765 Y98.835
G1 F1500 X120.224 Y99.294 E819.52431
G0 F9000 X119.765 Y99.4
G1 F1500 X120.224 Y99.859 E819.5459
G0 F9000 X119.765 Y99.966
G1 F1500 X120.224 Y100.425 E819.56749
G0 F9000 X119.765 Y100.532
G1 F1500 X120.224 Y100.991 E819.58908
G0 F9000 X119.765 Y101.097
G1 F1500 X120.224 Y101.556 E819.61067
G0 F9000 X119.765 Y101.663
G1 F1500 X120.224 Y102.122 E819.63226
G0 F9000 X119.765 Y102.229
G1 F1500 X120.224 Y102.688 E819.65385
G0 F9000 X119.765 Y102.794
G1 F1500 X120.224 Y103.253 E819.67544
G0 F9000 X119.765 Y103.36
G1 F1500 X120.224 Y103.819 E819.69703
G0 F9000 X119.765 Y103.926
G1 F1500 X120.224 Y104.385 E819.71862
G0 F9000 X119.765 Y104.491
G1 F1500 X120.224 Y104.95 E819.74021
G0 F9000 X119.765 Y105.057
G1 F1500 X120.224 Y105.516 E819.7618
G0 F9000 X119.765 Y105.623
G1 F1500 X120.224 Y106.082 E819.78339
G0 F9000 X119.765 Y106.189
G1 F1500 X120.224 Y106.647 E819.80495
G0 F9000 X119.765 Y106.754
G1 F1500 X120.224 Y107.213 E819.82654
G0 F9000 X119.765 Y107.32
G1 F1500 X120.224 Y107.779 E819.84813
G0 F9000 X119.765 Y107.886
G1 F1500 X120.224 Y108.345 E819.86972
G0 F9000 X119.765 Y108.451
G1 F1500 X120.224 Y108.91 E819.89131
G0 F9000 X119.765 Y109.017
G1 F1500 X120.224 Y109.476 E819.9129
G0 F9000 X119.765 Y109.583
G1 F1500 X120.224 Y110.042 E819.93449
G0 F9000 X119.765 Y110.148
G1 F1500 X120.224 Y110.607 E819.95608
G0 F9000 X119.765 Y110.714
G1 F1500 X120.224 Y111.173 E819.97767
G0 F9000 X119.765 Y111.28
G1 F1500 X120.224 Y111.739 E819.99926
G0 F9000 X119.765 Y111.845
G1 F1500 X120.224 Y112.304 E820.02085
G0 F9000 X119.765 Y112.411
G1 F1500 X120.224 Y112.87 E820.04244
G0 F9000 X119.765 Y112.977
G1 F1500 X120.224 Y113.436 E820.06403
G0 F9000 X119.765 Y113.542
G1 F1500 X120.224 Y114.001 E820.08562
G0 F9000 X119.765 Y114.108
G1 F1500 X120.224 Y114.567 E820.10721
G0 F9000 X119.765 Y114.674
G1 F1500 X120.224 Y115.133 E820.1288
G0 F9000 X119.765 Y115.24
G1 F1500 X120.224 Y115.698 E820.15037
G0 F9000 X119.765 Y115.805
G1 F1500 X120.224 Y116.264 E820.17196
G0 F9000 X119.765 Y116.371
G1 F1500 X120.224 Y116.83 E820.19355
G0 F9000 X119.765 Y116.937
G1 F1500 X120.224 Y117.395 E820.21511
G0 F9000 X119.765 Y117.502
G1 F1500 X120.225 Y117.962 E820.23675
G0 F9000 X119.765 Y118.068
G1 F1500 X120.225 Y118.528 E820.25839
G0 F9000 X119.765 Y118.634
G1 F1500 X120.225 Y119.093 E820.28
G0 F9000 X119.765 Y119.199
G1 F1500 X120.225 Y119.659 E820.30164
G0 F9000 X119.765 Y119.765
G1 F1500 X120.225 Y120.225 E820.32328
G0 F9000 X119.765 Y120.331
G1 F1500 X120.225 Y120.79 E820.34489
G0 F9000 X119.765 Y120.896
G1 F1500 X120.225 Y121.356 E820.36653
G0 F9000 X119.765 Y121.462
G1 F1500 X120.225 Y121.922 E820.38816
G0 F9000 X119.765 Y122.028
G1 F1500 X120.225 Y122.487 E820.40978
G0 F9000 X119.765 Y122.593
G1 F1500 X120.225 Y123.053 E820.43141
G0 F9000 X119.765 Y123.159
G1 F1500 X120.225 Y123.619 E820.45305
G0 F9000 X119.765 Y123.725
G1 F1500 X120.225 Y124.184 E820.47466
G0 F9000 X119.765 Y124.29
G1 F1500 X120.225 Y124.75 E820.4963
G0 F9000 X119.765 Y124.856
G1 F1500 X120.225 Y125.316 E820.51794
G0 F9000 X119.765 Y125.422
G1 F1500 X120.225 Y125.881 E820.53955
G0 F9000 X119.765 Y125.988
G1 F1500 X120.225 Y126.447 E820.56116
G0 F9000 X119.765 Y126.553
G1 F1500 X120.225 Y127.013 E820.5828
G0 F9000 X119.765 Y127.119
G1 F1500 X120.225 Y127.579 E820.60444
G0 F9000 X119.765 Y127.685
G1 F1500 X120.225 Y128.144 E820.62605
G0 F9000 X119.765 Y128.25
G1 F1500 X120.225 Y128.71 E820.64769
G0 F9000 X119.765 Y128.816
G1 F1500 X120.225 Y129.276 E820.66933
G0 F9000 X119.765 Y129.382
G1 F1500 X120.225 Y129.841 E820.69094
G0 F9000 X119.765 Y129.947
G1 F1500 X120.225 Y130.407 E820.71258
G0 F9000 X119.765 Y130.513
G1 F1500 X120.225 Y130.973 E820.73421
G0 F9000 X119.765 Y131.079
G1 F1500 X120.225 Y131.538 E820.75583
G0 F9000 X119.765 Y131.644
G1 F1500 X120.225 Y132.104 E820.77746
G0 F9000 X119.765 Y132.21
G1 F1500 X120.225 Y132.67 E820.7991
G0 F9000 X119.765 Y132.776
G1 F1500 X120.225 Y133.235 E820.82071
G0 F9000 X119.765 Y133.341
G1 F1500 X120.225 Y133.801 E820.84235
G0 F9000 X119.765 Y133.907
G1 F1500 X120.225 Y134.367 E820.86399
G0 F9000 X119.765 Y134.473
G1 F1500 X120.225 Y134.932 E820.8856
G0 F9000 X119.765 Y135.039
G1 F1500 X120.225 Y135.498 E820.90722
G0 F9000 X119.765 Y135.604
G1 F1500 X120.225 Y136.064 E820.92885
G0 F9000 X119.848 Y136.253
G1 F1500 X119.765 Y136.17 E820.93276
G0 F9000 X119.016 Y136.17
;MESH:NONMESH
G0 F300 X119.016 Y136.17 Z15.6
G0 F9000 X119.388 Y136.632
G0 X120.593 Y136.632
G0 X121.064 Y136.404
;TIME_ELAPSED:1410.476914
;LAYER:77
;TYPE:WALL-INNER
;MESH:screenholder-mount.obj
G1 F1500 X122.4 Y136.404 E820.97719
G1 X122.4 Y137.4 E821.01032
G1 X112.6 Y137.4 E821.33627
G1 X112.6 Y97.6 E822.66002
G1 X122.4 Y97.6 E822.98597
G1 X122.4 Y98.596 E823.0191
G1 X121.064 Y98.596 E823.06353
G1 X121.064 Y136.404 E824.32103
G0 F9000 X121.464 Y136.004
;TYPE:WALL-OUTER
G1 F1500 X122.8 Y136.004 E824.36547
G1 X122.8 Y137.8 E824.4252
G1 X112.2 Y137.8 E824.77776
G1 X112.2 Y97.2 E826.12812
G1 X122.8 Y97.2 E826.48068
G1 X122.8 Y98.996 E826.54042
G1 X121.464 Y98.996 E826.58485
G1 X121.464 Y136.004 E827.81574
G0 F9000 X121.164 Y136.004
G0 X120.882 Y136.632
G0 X119.678 Y136.632
G0 X119.606 Y135.749
G0 X119.825 Y135.749
;TYPE:FILL
G1 F3000 X119.404 Y137.32 E827.86984
G0 F9000 X118.977 Y137.319
G1 F3000 X112.678 Y131.021 E828.1661
G0 F9000 X112.68 Y130.209
G1 F3000 X119.825 Y128.295 E828.41212
G0 F9000 X119.606 Y128.295
G0 X119.606 Y129.683
G0 X119.826 Y129.683
G1 F3000 X112.678 Y122.535 E828.74834
G0 F9000 X112.679 Y123.998
G1 F3000 X119.824 Y122.084 E828.99436
G0 F9000 X119.826 Y121.198
G1 F3000 X112.678 Y114.05 E829.33058
G0 F9000 X112.679 Y116.054
G1 F3000 X117.603 Y97.678 E829.96333
G0 F9000 X118.174 Y97.679
G1 F3000 X112.679 Y99.151 E830.15254
G0 F9000 X113.278 Y97.679
G1 F3000 X119.826 Y104.227 E830.46054
G0 F9000 X119.825 Y103.448
G1 F3000 X112.68 Y105.363 E830.70657
G0 F9000 X112.678 Y105.565
G1 F3000 X119.826 Y112.712 E831.04277
G1 X119.825 Y112.567
G1 X113.192 Y137.32 E831.8951
G0 F9000 X112.68 Y136.421
G1 F3000 X119.824 Y134.507 E832.14109
G0 F9000 X119.606 Y134.507
G0 X112.679 Y117.786
G1 F3000 X119.824 Y115.872 E832.38712
G0 F9000 X119.606 Y115.872
G0 X119.606 Y109.66
G0 X119.825 Y109.66
G1 F3000 X112.68 Y111.575 E832.63315
G0 F9000 X119.678 Y98.368
G0 X122.319 Y98.235
G1 F3000 X121.763 Y97.679 E832.6593
G0 F9000 X120.954 Y98.586
G0 X120.674 Y98.586
;TYPE:SKIN
G1 F1500 X120.674 Y136.414 E833.91746
G1 X119.896 Y136.414 E833.94334
G1 X119.896 Y98.586 E835.2015
G1 X120.674 Y98.586 E835.22738
G0 F9000 X120.056 Y98.864
G1 F1500 X120.174 Y98.746 E835.23293
G0 F9000 X120.513 Y98.972
G1 F1500 X120.056 Y99.429 E835.25443
G0 F9000 X120.513 Y99.538
G1 F1500 X120.056 Y99.995 E835.27592
G0 F9000 X120.513 Y100.103
G1 F1500 X120.056 Y100.561 E835.29744
G0 F9000 X120.513 Y100.669
G1 F1500 X120.056 Y101.126 E835.31894
G0 F9000 X120.513 Y101.235
G1 F1500 X120.056 Y101.692 E835.34043
G0 F9000 X120.513 Y101.8
G1 F1500 X120.056 Y102.258 E835.36195
G0 F9000 X120.513 Y102.366
G1 F1500 X120.056 Y102.823 E835.38345
G0 F9000 X120.513 Y102.932
G1 F1500 X120.056 Y103.389 E835.40495
G0 F9000 X120.513 Y103.497
G1 F1500 X120.056 Y103.955 E835.42646
G0 F9000 X120.513 Y104.063
G1 F1500 X120.056 Y104.52 E835.44796
G0 F9000 X120.513 Y104.629
G1 F1500 X120.056 Y105.086 E835.46946
G0 F9000 X120.513 Y105.194
G1 F1500 X120.056 Y105.652 E835.49098
G0 F9000 X120.513 Y105.76
G1 F1500 X120.056 Y106.218 E835.5125
G0 F9000 X120.513 Y106.326
G1 F1500 X120.056 Y106.783 E835.53399
G0 F9000 X120.513 Y106.891
G1 F1500 X120.056 Y107.349 E835.55551
G0 F9000 X120.513 Y107.457
G1 F1500 X120.056 Y107.915 E835.57703
G0 F9000 X120.513 Y108.023
G1 F1500 X120.056 Y108.48 E835.59853
G0 F9000 X120.513 Y108.588
G1 F1500 X120.056 Y109.046 E835.62005
G0 F9000 X120.513 Y109.154
G1 F1500 X120.056 Y109.612 E835.64156
G0 F9000 X120.513 Y109.72
G1 F1500 X120.056 Y110.177 E835.66306
G0 F9000 X120.513 Y110.286
G1 F1500 X120.056 Y110.743 E835.68456
G0 F9000 X120.513 Y110.851
G1 F1500 X120.056 Y111.309 E835.70608
G0 F9000 X120.513 Y111.417
G1 F1500 X120.056 Y111.874 E835.72757
G0 F9000 X120.513 Y111.983
G1 F1500 X120.056 Y112.44 E835.74907
G0 F9000 X120.513 Y112.548
G1 F1500 X120.056 Y113.006 E835.77059
G0 F9000 X120.513 Y113.114
G1 F1500 X120.056 Y113.571 E835.79208
G0 F9000 X120.513 Y113.68
G1 F1500 X120.056 Y114.137 E835.81358
G0 F9000 X120.513 Y114.245
G1 F1500 X120.056 Y114.703 E835.8351
G0 F9000 X120.513 Y114.811
G1 F1500 X120.056 Y115.269 E835.85662
G0 F9000 X120.513 Y115.377
G1 F1500 X120.056 Y115.834 E835.87811
G0 F9000 X120.513 Y115.942
G1 F1500 X120.056 Y116.4 E835.89963
G0 F9000 X120.513 Y116.508
G1 F1500 X120.056 Y116.966 E835.92115
G0 F9000 X120.513 Y117.074
G1 F1500 X120.056 Y117.531 E835.94265
G0 F9000 X120.513 Y117.639
G1 F1500 X120.056 Y118.097 E835.96417
G0 F9000 X120.513 Y118.205
G1 F1500 X120.056 Y118.663 E835.98569
G0 F9000 X120.513 Y118.771
G1 F1500 X120.056 Y119.228 E836.00718
G0 F9000 X120.513 Y119.336
G1 F1500 X120.056 Y119.794 E836.0287
G0 F9000 X120.513 Y119.902
G1 F1500 X120.056 Y120.36 E836.05022
G0 F9000 X120.513 Y120.468
G1 F1500 X120.056 Y120.925 E836.07172
G0 F9000 X120.513 Y121.034
G1 F1500 X120.056 Y121.491 E836.09321
G0 F9000 X120.513 Y121.599
G1 F1500 X120.056 Y122.057 E836.11473
G0 F9000 X120.513 Y122.165
G1 F1500 X120.056 Y122.622 E836.13623
G0 F9000 X120.513 Y122.731
G1 F1500 X120.056 Y123.188 E836.15772
G0 F9000 X120.513 Y123.296
G1 F1500 X120.056 Y123.754 E836.17924
G0 F9000 X120.513 Y123.862
G1 F1500 X120.056 Y124.319 E836.20074
G0 F9000 X120.513 Y124.428
G1 F1500 X120.056 Y124.885 E836.22224
G0 F9000 X120.513 Y124.993
G1 F1500 X120.056 Y125.451 E836.24376
G0 F9000 X120.513 Y125.559
G1 F1500 X120.056 Y126.017 E836.26527
G0 F9000 X120.513 Y126.125
G1 F1500 X120.056 Y126.582 E836.28677
G0 F9000 X120.513 Y126.69
G1 F1500 X120.056 Y127.148 E836.30829
G0 F9000 X120.513 Y127.256
G1 F1500 X120.056 Y127.714 E836.32981
G0 F9000 X120.513 Y127.822
G1 F1500 X120.056 Y128.279 E836.35131
G0 F9000 X120.513 Y128.387
G1 F1500 X120.056 Y128.845 E836.37282
G0 F9000 X120.513 Y128.953
G1 F1500 X120.056 Y129.411 E836.39434
G0 F9000 X120.513 Y129.519
G1 F1500 X120.056 Y129.976 E836.41584
G0 F9000 X120.513 Y130.085
G1 F1500 X120.056 Y130.542 E836.43734
G0 F9000 X120.513 Y130.65
G1 F1500 X120.056 Y131.108 E836.45886
G0 F9000 X120.513 Y131.216
G1 F1500 X120.056 Y131.673 E836.48035
G0 F9000 X120.513 Y131.782
G1 F1500 X120.056 Y132.239 E836.50185
G0 F9000 X120.513 Y132.347
G1 F1500 X120.056 Y132.805 E836.52337
G0 F9000 X120.513 Y132.913
G1 F1500 X120.056 Y133.37 E836.54486
G0 F9000 X120.513 Y133.479
G1 F1500 X120.056 Y133.936 E836.56636
G0 F9000 X120.513 Y134.044
G1 F1500 X120.056 Y134.502 E836.58788
G0 F9000 X120.513 Y134.61
G1 F1500 X120.056 Y135.068 E836.6094
G0 F9000 X120.513 Y135.176
G1 F1500 X120.056 Y135.633 E836.63089
G0 F9000 X120.513 Y135.741
G1 F1500 X120.056 Y136.199 E836.65241
G0 F9000 X119.306 Y136.199
;MESH:NONMESH
G0 F300 X119.306 Y136.199 Z15.8
G0 F9000 X119.678 Y136.632
G0 X120.882 Y136.632
G0 X121.354 Y136.404
;TIME_ELAPSED:1435.685185
;LAYER:78
;TYPE:WALL-INNER
;MESH:screenholder-mount.obj
G1 F1500 X122.4 Y136.404 E836.6872
G1 X122.4 Y137.4 E836.72033
G1 X112.6 Y137.4 E837.04628
G1 X112.6 Y97.6 E838.37003
G1 X122.4 Y97.6 E838.69598
G1 X122.4 Y98.596 E838.72911
G1 X121.354 Y98.596 E838.7639
G1 X121.354 Y136.404 E840.0214
G0 F9000 X121.754 Y136.004
;TYPE:WALL-OUTER
G1 F1500 X122.8 Y136.004 E840.05619
G1 X122.8 Y137.8 E840.11592
G1 X112.2 Y137.8 E840.46848
G1 X112.2 Y97.2 E841.81884
G1 X122.8 Y97.2 E842.1714
G1 X122.8 Y98.996 E842.23113
G1 X121.754 Y98.996 E842.26592
G1 X121.754 Y136.004 E843.49682
G0 F9000 X121.454 Y136.004
G0 X121.172 Y136.632
G0 X119.967 Y136.632
G0 X119.894 Y134.576
G0 X120.113 Y134.576
;TYPE:FILL
G1 F3000 X112.68 Y136.568 E843.75276
G0 F9000 X113.045 Y137.32
G1 F3000 X120.113 Y110.942 E844.66105
G0 F9000 X119.894 Y110.942
G0 X119.894 Y109.73
G0 X120.113 Y109.73
G1 F3000 X112.68 Y111.722 E844.91699
G0 F9000 X112.678 Y113.849
G1 F3000 X120.114 Y121.285 E845.26676
G0 F9000 X120.113 Y122.153
G1 F3000 X112.679 Y124.145 E845.52274
G0 F9000 X112.678 Y122.335
G1 F3000 X120.114 Y129.771 E845.87251
G0 F9000 X119.894 Y129.771
G0 X119.894 Y128.365
G0 X120.114 Y128.365
G1 F3000 X112.68 Y130.356 E846.12848
G0 F9000 X112.678 Y130.82
G1 F3000 X119.177 Y137.319 E846.43417
G1 X119.257 Y137.32
G1 X120.114 Y134.122 E846.54429
G0 F9000 X119.894 Y134.122
G0 X112.679 Y117.933
G1 F3000 X120.113 Y115.941 E846.80027
G0 F9000 X119.894 Y115.941
G0 X119.894 Y112.799
G0 X120.114 Y112.799
G1 F3000 X112.678 Y105.364 E847.15001
G1 X112.68 Y105.51
G1 X120.113 Y103.518 E847.40596
G0 F9000 X120.114 Y104.314
G1 F3000 X113.479 Y97.679 E847.71805
G0 F9000 X112.679 Y99.298
G1 F3000 X118.722 Y97.679 E847.92613
G0 F9000 X117.456 Y97.678
G1 F3000 X112.679 Y115.505 E848.53997
G0 F9000 X119.967 Y98.368
G0 X122.319 Y98.034
G1 F3000 X121.964 Y97.679 E848.55667
G0 F9000 X121.244 Y98.586
G0 X120.964 Y98.586
;TYPE:SKIN
G1 F1500 X120.964 Y136.414 E849.81484
G1 X120.185 Y136.414 E849.84075
G1 X120.185 Y98.586 E851.09891
G1 X120.964 Y98.586 E851.12482
G0 F9000 X120.343 Y98.847
G1 F1500 X120.804 Y99.308 E851.1465
G0 F9000 X120.343 Y99.413
G1 F1500 X120.804 Y99.873 E851.16816
G0 F9000 X120.343 Y99.979
G1 F1500 X120.804 Y100.439 E851.18982
G0 F9000 X120.343 Y100.544
G1 F1500 X120.804 Y101.005 E851.21151
G0 F9000 X120.343 Y101.11
G1 F1500 X120.804 Y101.57 E851.23317
G0 F9000 X120.343 Y101.676
G1 F1500 X120.804 Y102.136 E851.25483
G0 F9000 X120.343 Y102.241
G1 F1500 X120.804 Y102.702 E851.27651
G0 F9000 X120.343 Y102.807
G1 F1500 X120.804 Y103.267 E851.29817
G0 F9000 X120.343 Y103.373
G1 F1500 X120.804 Y103.833 E851.31983
G0 F9000 X120.343 Y103.939
G1 F1500 X120.804 Y104.399 E851.34149
G0 F9000 X120.343 Y104.504
G1 F1500 X120.804 Y104.965 E851.36318
G0 F9000 X120.343 Y105.07
G1 F1500 X120.804 Y105.53 E851.38484
G0 F9000 X120.343 Y105.636
G1 F1500 X120.804 Y106.096 E851.4065
G0 F9000 X120.343 Y106.201
G1 F1500 X120.804 Y106.662 E851.42818
G0 F9000 X120.343 Y106.767
G1 F1500 X120.804 Y107.227 E851.44984
G0 F9000 X120.343 Y107.333
G1 F1500 X120.804 Y107.793 E851.4715
G0 F9000 X120.343 Y107.898
G1 F1500 X120.804 Y108.359 E851.49319
G0 F9000 X120.343 Y108.464
G1 F1500 X120.804 Y108.924 E851.51485
G0 F9000 X120.343 Y109.03
G1 F1500 X120.804 Y109.49 E851.53651
G0 F9000 X120.343 Y109.595
G1 F1500 X120.804 Y110.056 E851.55819
G0 F9000 X120.343 Y110.161
G1 F1500 X120.804 Y110.621 E851.57985
G0 F9000 X120.343 Y110.727
G1 F1500 X120.804 Y111.187 E851.60152
G0 F9000 X120.343 Y111.292
G1 F1500 X120.804 Y111.753 E851.6232
G0 F9000 X120.343 Y111.858
G1 F1500 X120.804 Y112.318 E851.64486
G0 F9000 X120.343 Y112.424
G1 F1500 X120.804 Y112.884 E851.66652
G0 F9000 X120.343 Y112.99
G1 F1500 X120.804 Y113.45 E851.68818
G0 F9000 X120.343 Y113.555
G1 F1500 X120.804 Y114.016 E851.70986
G0 F9000 X120.343 Y114.121
G1 F1500 X120.804 Y114.581 E851.73153
G0 F9000 X120.343 Y114.687
G1 F1500 X120.804 Y115.147 E851.75319
G0 F9000 X120.343 Y115.252
G1 F1500 X120.804 Y115.713 E851.77487
G0 F9000 X120.343 Y115.818
G1 F1500 X120.804 Y116.278 E851.79653
G0 F9000 X120.343 Y116.384
G1 F1500 X120.804 Y116.844 E851.81819
G0 F9000 X120.343 Y116.949
G1 F1500 X120.804 Y117.41 E851.83987
G0 F9000 X120.343 Y117.515
G1 F1500 X120.804 Y117.975 E851.86154
G0 F9000 X120.343 Y118.081
G1 F1500 X120.804 Y118.541 E851.8832
G0 F9000 X120.343 Y118.646
G1 F1500 X120.804 Y119.107 E851.90488
G0 F9000 X120.343 Y119.212
G1 F1500 X120.804 Y119.672 E851.92654
G0 F9000 X120.343 Y119.778
G1 F1500 X120.804 Y120.238 E851.9482
G0 F9000 X120.343 Y120.343
G1 F1500 X120.804 Y120.804 E851.96989
G0 F9000 X120.343 Y120.909
G1 F1500 X120.804 Y121.369 E851.99155
G0 F9000 X120.343 Y121.475
G1 F1500 X120.804 Y121.935 E852.01321
G0 F9000 X120.343 Y122.04
G1 F1500 X120.804 Y122.501 E852.03489
G0 F9000 X120.343 Y122.606
G1 F1500 X120.804 Y123.066 E852.05655
G0 F9000 X120.343 Y123.172
G1 F1500 X120.804 Y123.632 E852.07821
G0 F9000 X120.343 Y123.738
G1 F1500 X120.804 Y124.198 E852.09987
G0 F9000 X120.343 Y124.303
G1 F1500 X120.804 Y124.764 E852.12156
G0 F9000 X120.343 Y124.869
G1 F1500 X120.804 Y125.329 E852.14322
G0 F9000 X120.343 Y125.435
G1 F1500 X120.804 Y125.895 E852.16488
G0 F9000 X120.343 Y126
G1 F1500 X120.804 Y126.461 E852.18656
G0 F9000 X120.343 Y126.566
G1 F1500 X120.804 Y127.026 E852.20822
G0 F9000 X120.343 Y127.132
G1 F1500 X120.804 Y127.592 E852.22988
G0 F9000 X120.343 Y127.697
G1 F1500 X120.804 Y128.158 E852.25157
G0 F9000 X120.343 Y128.263
G1 F1500 X120.804 Y128.723 E852.27323
G0 F9000 X120.343 Y128.829
G1 F1500 X120.804 Y129.289 E852.29489
G0 F9000 X120.343 Y129.394
G1 F1500 X120.804 Y129.855 E852.31657
G0 F9000 X120.343 Y129.96
G1 F1500 X120.804 Y130.42 E852.33823
G0 F9000 X120.343 Y130.526
G1 F1500 X120.804 Y130.986 E852.35989
G0 F9000 X120.343 Y131.091
G1 F1500 X120.804 Y131.552 E852.38158
G0 F9000 X120.343 Y131.657
G1 F1500 X120.804 Y132.117 E852.40324
G0 F9000 X120.343 Y132.223
G1 F1500 X120.804 Y132.683 E852.4249
G0 F9000 X120.343 Y132.788
G1 F1500 X120.804 Y133.249 E852.44658
G0 F9000 X120.343 Y133.354
G1 F1500 X120.804 Y133.815 E852.46827
G0 F9000 X120.343 Y133.92
G1 F1500 X120.804 Y134.38 E852.48993
G0 F9000 X120.343 Y134.486
G1 F1500 X120.804 Y134.946 E852.51159
G0 F9000 X120.343 Y135.051
G1 F1500 X120.804 Y135.512 E852.53327
G0 F9000 X120.343 Y135.617
G1 F1500 X120.804 Y136.077 E852.55493
G0 F9000 X120.413 Y136.253
G1 F1500 X120.343 Y136.183 E852.55822
G0 F9000 X119.594 Y136.183
;MESH:NONMESH
G0 F300 X119.594 Y136.183 Z16
G0 F9000 X119.967 Y136.632
G0 X121.051 Y136.632
G0 X122.4 Y136.404
;TIME_ELAPSED:1461.115064
;LAYER:79
;TYPE:WALL-INNER
;MESH:screenholder-mount.obj
G1 F1500 X122.4 Y137.4 E852.59135
G1 X112.6 Y137.4 E852.9173
G1 X112.6 Y97.6 E854.24105
G1 X122.4 Y97.6 E854.567
G1 X122.4 Y98.596 E854.60013
G1 X121.643 Y98.596 E854.62531
G1 X121.643 Y136.404 E855.88281
G1 X122.4 Y136.404 E855.90798
G0 F9000 X122.043 Y136.004
;TYPE:WALL-OUTER
G1 F1500 X122.8 Y136.004 E855.93316
G1 X122.8 Y137.8 E855.9929
G1 X112.2 Y137.8 E856.34546
G1 X112.2 Y97.2 E857.69582
G1 X122.8 Y97.2 E858.04837
G1 X122.8 Y98.996 E858.10811
G1 X122.043 Y98.996 E858.13329
G1 X122.043 Y136.004 E859.36418
G0 F9000 X121.743 Y136.004
G0 X121.461 Y136.632
G0 X120.257 Y136.632
G0 X120.185 Y134.645
G0 X120.403 Y134.645
;TYPE:FILL
G1 F3000 X112.679 Y136.714 E859.63014
G0 F9000 X112.9 Y137.319
G1 F3000 X120.404 Y109.312 E860.59451
G0 F9000 X120.403 Y109.798
G1 F3000 X112.68 Y111.868 E860.86044
G0 F9000 X112.678 Y113.65
G1 F3000 X120.404 Y121.376 E861.22385
G0 F9000 X120.403 Y122.221
G1 F3000 X112.68 Y124.291 E861.48979
G0 F9000 X112.678 Y122.135
G1 F3000 X120.404 Y129.861 E861.85319
G0 F9000 X120.185 Y129.861
G0 X120.185 Y128.433
G0 X120.403 Y128.433
G1 F3000 X112.68 Y130.503 E862.11913
G1 X112.678 Y130.621
G1 X119.377 Y137.319 E862.43421
G0 F9000 X119.111 Y137.32
G1 F3000 X120.404 Y132.496 E862.60032
G0 F9000 X120.185 Y132.496
G0 X112.679 Y118.079
G1 F3000 X120.404 Y116.01 E862.86631
G0 F9000 X120.185 Y116.01
G0 X120.185 Y112.891
G0 X120.404 Y112.891
G1 F3000 X112.678 Y105.165 E863.22971
G0 F9000 X112.68 Y105.656
G1 F3000 X120.403 Y103.586 E863.49565
G0 F9000 X120.404 Y104.405
G1 F3000 X113.678 Y97.679 E863.81202
G0 F9000 X112.68 Y99.444
G1 F3000 X119.267 Y97.679 E864.03883
G0 F9000 X117.31 Y97.678
G1 F3000 X112.679 Y114.96 E864.63391
G0 F9000 X120.257 Y98.368
G0 X122.319 Y97.835
G1 F3000 X122.164 Y97.679 E864.64123
G0 F9000 X121.533 Y98.586
G0 X121.253 Y98.586
;TYPE:SKIN
G1 F1500 X121.253 Y136.414 E865.89939
G1 X120.475 Y136.414 E865.92527
G1 X120.475 Y98.586 E867.18343
G1 X121.253 Y98.586 E867.20931
G0 F9000 X120.739 Y98.746
G1 F1500 X120.634 Y98.851 E867.21425
G0 F9000 X121.092 Y98.959
G1 F1500 X120.634 Y99.417 E867.23579
G0 F9000 X121.092 Y99.525
G1 F1500 X120.634 Y99.982 E867.25731
G0 F9000 X121.092 Y100.09
G1 F1500 X120.634 Y100.548 E867.27885
G0 F9000 X121.092 Y100.656
G1 F1500 X120.634 Y101.114 E867.3004
G0 F9000 X121.092 Y101.222
G1 F1500 X120.634 Y101.679 E867.32192
G0 F9000 X121.092 Y101.788
G1 F1500 X120.634 Y102.245 E867.34343
G0 F9000 X121.092 Y102.353
G1 F1500 X120.634 Y102.811 E867.36498
G0 F9000 X121.092 Y102.919
G1 F1500 X120.634 Y103.376 E867.3865
G0 F9000 X121.092 Y103.485
G1 F1500 X120.634 Y103.942 E867.40802
G0 F9000 X121.092 Y104.05
G1 F1500 X120.634 Y104.508 E867.42956
G0 F9000 X121.092 Y104.616
G1 F1500 X120.634 Y105.073 E867.45108
G0 F9000 X121.092 Y105.182
G1 F1500 X120.634 Y105.639 E867.4726
G0 F9000 X121.092 Y105.747
G1 F1500 X120.634 Y106.205 E867.49414
G0 F9000 X121.092 Y106.313
G1 F1500 X120.634 Y106.771 E867.51568
G0 F9000 X121.092 Y106.879
G1 F1500 X120.634 Y107.336 E867.5372
G0 F9000 X121.092 Y107.444
G1 F1500 X120.634 Y107.902 E867.55875
G0 F9000 X121.092 Y108.01
G1 F1500 X120.634 Y108.468 E867.58029
G0 F9000 X121.092 Y108.576
G1 F1500 X120.634 Y109.033 E867.60181
G0 F9000 X121.092 Y109.141
G1 F1500 X120.634 Y109.599 E867.62335
G0 F9000 X121.092 Y109.707
G1 F1500 X120.634 Y110.165 E867.64489
G0 F9000 X121.092 Y110.273
G1 F1500 X120.634 Y110.73 E867.66641
G0 F9000 X121.092 Y110.838
G1 F1500 X120.634 Y111.296 E867.68796
G0 F9000 X121.092 Y111.404
G1 F1500 X120.634 Y111.862 E867.7095
G0 F9000 X121.092 Y111.97
G1 F1500 X120.634 Y112.427 E867.73102
G0 F9000 X121.092 Y112.536
G1 F1500 X120.634 Y112.993 E867.75254
G0 F9000 X121.092 Y113.101
G1 F1500 X120.634 Y113.559 E867.77408
G0 F9000 X121.092 Y113.667
G1 F1500 X120.634 Y114.124 E867.7956
G0 F9000 X121.092 Y114.233
G1 F1500 X120.634 Y114.69 E867.81712
G0 F9000 X121.092 Y114.798
G1 F1500 X120.634 Y115.256 E867.83866
G0 F9000 X121.092 Y115.364
G1 F1500 X120.634 Y115.821 E867.86018
G0 F9000 X121.092 Y115.93
G1 F1500 X120.634 Y116.387 E867.8817
G0 F9000 X121.092 Y116.495
G1 F1500 X120.634 Y116.953 E867.90324
G0 F9000 X121.092 Y117.061
G1 F1500 X120.634 Y117.519 E867.92479
G0 F9000 X121.092 Y117.627
G1 F1500 X120.634 Y118.084 E867.94631
G0 F9000 X121.092 Y118.192
G1 F1500 X120.634 Y118.65 E867.96785
G0 F9000 X121.092 Y118.758
G1 F1500 X120.634 Y119.216 E867.98939
G0 F9000 X121.092 Y119.324
G1 F1500 X120.634 Y119.781 E868.01091
G0 F9000 X121.092 Y119.889
G1 F1500 X120.634 Y120.347 E868.03246
G0 F9000 X121.092 Y120.455
G1 F1500 X120.634 Y120.913 E868.054
G0 F9000 X121.092 Y121.021
G1 F1500 X120.634 Y121.478 E868.07552
G0 F9000 X121.092 Y121.587
G1 F1500 X120.634 Y122.044 E868.09704
G0 F9000 X121.092 Y122.152
G1 F1500 X120.634 Y122.61 E868.11858
G0 F9000 X121.092 Y122.718
G1 F1500 X120.634 Y123.175 E868.1401
G0 F9000 X121.092 Y123.284
G1 F1500 X120.634 Y123.741 E868.16162
G0 F9000 X121.092 Y123.849
G1 F1500 X120.634 Y124.307 E868.18316
G0 F9000 X121.092 Y124.415
G1 F1500 X120.634 Y124.872 E868.20468
G0 F9000 X121.092 Y124.981
G1 F1500 X120.634 Y125.438 E868.2262
G0 F9000 X121.092 Y125.546
G1 F1500 X120.634 Y126.004 E868.24774
G0 F9000 X121.092 Y126.112
G1 F1500 X120.634 Y126.569 E868.26926
G0 F9000 X121.092 Y126.678
G1 F1500 X120.634 Y127.135 E868.29078
G0 F9000 X121.092 Y127.243
G1 F1500 X120.634 Y127.701 E868.31233
G0 F9000 X121.092 Y127.809
G1 F1500 X120.634 Y128.267 E868.33387
G0 F9000 X121.092 Y128.375
G1 F1500 X120.634 Y128.832 E868.35539
G0 F9000 X121.092 Y128.94
G1 F1500 X120.634 Y129.398 E868.37693
G0 F9000 X121.092 Y129.506
G1 F1500 X120.634 Y129.964 E868.39847
G0 F9000 X121.092 Y130.072
G1 F1500 X120.634 Y130.529 E868.41999
G0 F9000 X121.092 Y130.637
G1 F1500 X120.634 Y131.095 E868.44154
G0 F9000 X121.092 Y131.203
G1 F1500 X120.634 Y131.661 E868.46308
G0 F9000 X121.092 Y131.769
G1 F1500 X120.634 Y132.226 E868.4846
G0 F9000 X121.092 Y132.335
G1 F1500 X120.634 Y132.792 E868.50612
G0 F9000 X121.092 Y132.9
G1 F1500 X120.634 Y133.358 E868.52766
G0 F9000 X121.092 Y133.466
G1 F1500 X120.634 Y133.923 E868.54918
G0 F9000 X121.092 Y134.032
G1 F1500 X120.634 Y134.489 E868.5707
G0 F9000 X121.092 Y134.597
G1 F1500 X120.634 Y135.055 E868.59224
G0 F9000 X121.092 Y135.163
G1 F1500 X120.634 Y135.62 E868.61376
G0 F9000 X121.092 Y135.729
G1 F1500 X120.634 Y136.186 E868.63528
G0 F9000 X119.885 Y136.186
;MESH:NONMESH
G0 F300 X119.885 Y136.186 Z16.2
G0 F9000 X120.257 Y136.632
G0 X121.34 Y136.632
G0 X122.4 Y136.404
;TIME_ELAPSED:1486.511405
;LAYER:80
;TYPE:WALL-INNER
;MESH:screenholder-mount.obj
G1 F1500 X122.4 Y137.4 E868.66841
G1 X112.6 Y137.4 E868.99436
G1 X112.6 Y97.6 E870.31811
G1 X122.4 Y97.6 E870.64406
G1 X122.4 Y98.596 E870.67719
G1 X121.933 Y98.596 E870.69272
G1 X121.933 Y136.404 E871.95022
G1 X122.4 Y136.404 E871.96575
G0 F9000 X122.333 Y136.004
;TYPE:WALL-OUTER
G1 F1500 X122.8 Y136.004 E871.98128
G1 X122.8 Y137.8 E872.04102
G1 X112.2 Y137.8 E872.39358
G1 X112.2 Y97.2 E873.74394
G1 X122.8 Y97.2 E874.0965
G1 X122.8 Y98.996 E874.15623
G1 X122.333 Y98.996 E874.17176
G1 X122.333 Y136.004 E875.40265
G0 F9000 X122.033 Y136.004
G0 X121.751 Y136.632
G0 X120.547 Y136.632
G0 X120.475 Y134.714
G0 X120.693 Y134.714
;TYPE:FILL
G1 F3000 X112.679 Y136.861 E875.6786
G0 F9000 X112.753 Y137.319
G1 F3000 X120.694 Y107.68 E876.69917
G0 F9000 X120.475 Y107.68
G0 X120.475 Y109.867
G0 X120.693 Y109.867
G1 F3000 X112.68 Y112.015 E876.97509
G0 F9000 X112.678 Y113.449
G1 F3000 X120.695 Y121.466 E877.35218
G0 F9000 X120.693 Y122.291
G1 F3000 X112.679 Y124.438 E877.62813
G0 F9000 X112.678 Y121.934
G1 F3000 X120.695 Y129.951 E878.00523
G0 F9000 X120.694 Y130.862
G1 F3000 X118.964 Y137.32 E878.22759
G0 F9000 X119.578 Y137.319
G1 F3000 X112.678 Y130.42 E878.55212
G0 F9000 X112.68 Y130.65
G1 F3000 X120.693 Y128.502 E878.82805
G0 F9000 X120.475 Y128.502
G0 X120.475 Y116.079
G0 X120.694 Y116.079
G1 F3000 X112.679 Y118.226 E879.10403
G0 F9000 X112.679 Y114.412
G1 F3000 X117.163 Y97.678 E879.68024
G0 F9000 X119.815 Y97.679
G1 F3000 X112.68 Y99.591 E879.92592
G0 F9000 X113.879 Y97.679
G1 F3000 X120.694 Y104.494 E880.24648
G0 F9000 X120.693 Y103.656
G1 F3000 X112.68 Y105.803 E880.52239
G0 F9000 X112.678 Y104.964
G1 F3000 X120.694 Y112.98 E880.89944
G0 F9000 X120.475 Y112.98
G0 X120.547 Y98.368
G0 X120.765 Y98.586
;TYPE:SKIN
G1 F1500 X121.543 Y98.586 E880.92532
G1 X121.543 Y136.414 E882.18348
G1 X120.765 Y136.414 E882.20936
G1 X120.765 Y98.586 E883.46752
G0 F9000 X120.923 Y98.862
G1 F1500 X121.382 Y99.32 E883.48909
G0 F9000 X120.923 Y99.427
G1 F1500 X121.382 Y99.886 E883.51068
G0 F9000 X120.923 Y99.993
G1 F1500 X121.382 Y100.452 E883.53227
G0 F9000 X120.923 Y100.559
G1 F1500 X121.382 Y101.017 E883.55383
G0 F9000 X120.923 Y101.124
G1 F1500 X121.382 Y101.583 E883.57542
G0 F9000 X120.923 Y101.69
G1 F1500 X121.382 Y102.149 E883.59701
G0 F9000 X120.923 Y102.256
G1 F1500 X121.382 Y102.715 E883.6186
G0 F9000 X120.923 Y102.821
G1 F1500 X121.382 Y103.28 E883.64019
G0 F9000 X120.923 Y103.387
G1 F1500 X121.382 Y103.846 E883.66178
G0 F9000 X120.923 Y103.953
G1 F1500 X121.382 Y104.412 E883.68337
G0 F9000 X120.923 Y104.518
G1 F1500 X121.382 Y104.977 E883.70496
G0 F9000 X120.923 Y105.084
G1 F1500 X121.382 Y105.543 E883.72655
G0 F9000 X120.923 Y105.65
G1 F1500 X121.382 Y106.109 E883.74814
G0 F9000 X120.923 Y106.215
G1 F1500 X121.382 Y106.674 E883.76973
G0 F9000 X120.923 Y106.781
G1 F1500 X121.382 Y107.24 E883.79132
G0 F9000 X120.923 Y107.347
G1 F1500 X121.382 Y107.806 E883.81291
G0 F9000 X120.923 Y107.912
G1 F1500 X121.382 Y108.371 E883.8345
G0 F9000 X120.923 Y108.478
G1 F1500 X121.382 Y108.937 E883.85609
G0 F9000 X120.923 Y109.044
G1 F1500 X121.382 Y109.503 E883.87768
G0 F9000 X120.923 Y109.61
G1 F1500 X121.382 Y110.068 E883.89925
G0 F9000 X120.923 Y110.175
G1 F1500 X121.382 Y110.634 E883.92084
G0 F9000 X120.923 Y110.741
G1 F1500 X121.382 Y111.2 E883.94243
G0 F9000 X120.923 Y111.307
G1 F1500 X121.382 Y111.766 E883.96402
G0 F9000 X120.923 Y111.872
G1 F1500 X121.382 Y112.331 E883.98561
G0 F9000 X120.923 Y112.438
G1 F1500 X121.382 Y112.897 E884.0072
G0 F9000 X120.923 Y113.004
G1 F1500 X121.382 Y113.463 E884.02879
G0 F9000 X120.923 Y113.569
G1 F1500 X121.382 Y114.028 E884.05038
G0 F9000 X120.923 Y114.135
G1 F1500 X121.382 Y114.594 E884.07197
G0 F9000 X120.923 Y114.701
G1 F1500 X121.382 Y115.16 E884.09356
G0 F9000 X120.923 Y115.266
G1 F1500 X121.382 Y115.725 E884.11515
G0 F9000 X120.923 Y115.832
G1 F1500 X121.382 Y116.291 E884.13674
G0 F9000 X120.923 Y116.398
G1 F1500 X121.382 Y116.857 E884.15833
G0 F9000 X120.923 Y116.963
G1 F1500 X121.382 Y117.422 E884.17992
G0 F9000 X120.924 Y117.53
G1 F1500 X121.382 Y117.988 E884.20146
G0 F9000 X120.924 Y118.096
G1 F1500 X121.382 Y118.554 E884.22301
G0 F9000 X120.924 Y118.661
G1 F1500 X121.382 Y119.119 E884.24455
G0 F9000 X120.924 Y119.227
G1 F1500 X121.382 Y119.685 E884.26609
G0 F9000 X120.924 Y119.793
G1 F1500 X121.382 Y120.251 E884.28763
G0 F9000 X120.924 Y120.358
G1 F1500 X121.382 Y120.816 E884.30918
G0 F9000 X120.924 Y120.924
G1 F1500 X121.382 Y121.382 E884.33072
G0 F9000 X120.924 Y121.49
G1 F1500 X121.382 Y121.948 E884.35226
G0 F9000 X120.924 Y122.055
G1 F1500 X121.382 Y122.514 E884.37383
G0 F9000 X120.924 Y122.621
G1 F1500 X121.382 Y123.079 E884.39537
G0 F9000 X120.924 Y123.187
G1 F1500 X121.382 Y123.645 E884.41691
G0 F9000 X120.924 Y123.752
G1 F1500 X121.382 Y124.211 E884.43848
G0 F9000 X120.924 Y124.318
G1 F1500 X121.382 Y124.776 E884.46002
G0 F9000 X120.924 Y124.884
G1 F1500 X121.382 Y125.342 E884.48157
G0 F9000 X120.924 Y125.449
G1 F1500 X121.382 Y125.908 E884.50313
G0 F9000 X120.924 Y126.015
G1 F1500 X121.382 Y126.473 E884.52468
G0 F9000 X120.924 Y126.581
G1 F1500 X121.382 Y127.039 E884.54622
G0 F9000 X120.924 Y127.146
G1 F1500 X121.382 Y127.605 E884.56779
G0 F9000 X120.924 Y127.712
G1 F1500 X121.382 Y128.17 E884.58933
G0 F9000 X120.924 Y128.278
G1 F1500 X121.382 Y128.736 E884.61087
G0 F9000 X120.924 Y128.844
G1 F1500 X121.382 Y129.302 E884.63241
G0 F9000 X120.924 Y129.409
G1 F1500 X121.382 Y129.867 E884.65396
G0 F9000 X120.924 Y129.975
G1 F1500 X121.382 Y130.433 E884.6755
G0 F9000 X120.924 Y130.541
G1 F1500 X121.382 Y130.999 E884.69704
G0 F9000 X120.924 Y131.106
G1 F1500 X121.382 Y131.564 E884.71859
G0 F9000 X120.924 Y131.672
G1 F1500 X121.382 Y132.13 E884.74013
G0 F9000 X120.924 Y132.238
G1 F1500 X121.382 Y132.696 E884.76167
G0 F9000 X120.924 Y132.803
G1 F1500 X121.382 Y133.262 E884.78324
G0 F9000 X120.924 Y133.369
G1 F1500 X121.382 Y133.827 E884.80478
G0 F9000 X120.924 Y133.935
G1 F1500 X121.382 Y134.393 E884.82632
G0 F9000 X120.924 Y134.5
G1 F1500 X121.382 Y134.959 E884.84789
G0 F9000 X120.924 Y135.066
G1 F1500 X121.382 Y135.524 E884.86943
G0 F9000 X120.924 Y135.632
G1 F1500 X121.382 Y136.09 E884.89098
G0 F9000 X121.733 Y136.09
;MESH:NONMESH
G0 F300 X121.733 Y136.09 Z16.4
G0 F9000 X122.4 Y136.404
;TIME_ELAPSED:1511.644066
;LAYER:81
;TYPE:WALL-INNER
;MESH:screenholder-mount.obj
G1 F1500 X122.4 Y137.4 E884.9241
G1 X112.6 Y137.4 E885.25005
G1 X112.6 Y97.6 E886.57381
G1 X122.4 Y97.6 E886.89976
G1 X122.4 Y98.596 E886.93288
G1 X122.223 Y98.596 E886.93877
G1 X122.223 Y136.404 E888.19627
G1 X122.4 Y136.404 E888.20216
G0 F9000 X122.623 Y136.004
;TYPE:WALL-OUTER
G1 F1500 X122.8 Y136.004 E888.20804
G1 X122.8 Y137.8 E888.26778
G1 X112.2 Y137.8 E888.62034
G1 X112.2 Y97.2 E889.9707
G1 X122.8 Y97.2 E890.32325
G1 X122.8 Y98.996 E890.38299
G1 X122.623 Y98.996 E890.38888
G1 X122.623 Y136.004 E891.61977
G0 F9000 X122.323 Y136.004
G0 X122.041 Y136.632
G0 X120.836 Y136.632
G0 X120.764 Y134.782
G0 X120.982 Y134.782
;TYPE:FILL
G1 F3000 X119.679 Y135.132 E891.66464
G0 F9000 X119.899 Y135.132
G0 X119.899 Y134.107
G0 X119.679 Y134.107
G1 F3000 X120.983 Y129.239 E891.83226
G0 F9000 X120.982 Y128.571
G1 F3000 X119.679 Y128.92 E891.87713
G1 X119.678 Y128.735
G1 X120.983 Y130.04 E891.93851
G0 F9000 X120.764 Y130.04
G0 X119.827 Y137.218
G0 X119.678 Y137.22
G1 F3000 X119.777 Y137.319 E891.94317
G0 F9000 X119.899 Y122.708
G0 X119.679 Y122.708
G1 F3000 X120.982 Y122.359 E891.98803
G0 F9000 X120.983 Y121.555
G1 F3000 X119.678 Y120.249 E892.04944
G0 F9000 X119.899 Y120.249
G0 X119.899 Y116.497
G0 X119.678 Y116.497
G1 F3000 X120.982 Y116.148 E892.09434
G0 F9000 X120.764 Y116.148
G0 X120.764 Y113.069
G0 X120.983 Y113.069
G1 F3000 X119.678 Y111.764 E892.15572
G0 F9000 X119.678 Y110.926
G1 F3000 X120.983 Y106.057 E892.32338
G0 F9000 X120.764 Y106.057
G0 X120.764 Y104.584
G0 X120.983 Y104.584
G1 F3000 X119.678 Y103.279 E892.38476
G0 F9000 X119.679 Y104.073
G1 F3000 X120.982 Y103.724 E892.42963
G0 F9000 X120.764 Y103.724
G0 X120.764 Y109.936
G0 X120.982 Y109.936
G1 F3000 X119.678 Y110.285 E892.47453
G0 F9000 X119.899 Y110.285
G0 X119.827 Y97.782
G0 X119.678 Y97.862
G1 F3000 X120.362 Y97.679 E892.49808
G0 F9000 X119.609 Y97.99
;TYPE:SKIN
G1 F1500 X119.609 Y137.01 E893.79589
G1 X112.99 Y137.01 E894.01603
G1 X112.99 Y97.99 E895.31385
G1 X119.609 Y97.99 E895.53399
G0 F9000 X119.609 Y97.71
G0 X112.782 Y97.782
G0 X112.71 Y98.416
G0 X113.149 Y98.416
G1 F1500 X113.416 Y98.149 E895.54655
G0 F9000 X113.982 Y98.149
G1 F1500 X113.149 Y98.982 E895.58573
G0 F9000 X113.149 Y99.547
G1 F1500 X114.547 Y98.149 E895.65149
G0 F9000 X115.113 Y98.149
G1 F1500 X113.149 Y100.113 E895.74387
G0 F9000 X113.149 Y100.679
G1 F1500 X115.679 Y98.149 E895.86288
G0 F9000 X116.244 Y98.149
G1 F1500 X113.149 Y101.244 E896.00846
G0 F9000 X113.149 Y101.81
G1 F1500 X116.81 Y98.149 E896.18066
G0 F9000 X117.376 Y98.149
G1 F1500 X113.149 Y102.376 E896.37948
G0 F9000 X113.149 Y102.942
G1 F1500 X117.941 Y98.149 E896.60491
G0 F9000 X118.507 Y98.149
G1 F1500 X113.149 Y103.507 E896.85693
G0 F9000 X113.149 Y104.073
G1 F1500 X119.073 Y98.149 E897.13558
G0 F9000 X119.448 Y98.34
G1 F1500 X113.149 Y104.639 E897.43186
G0 F9000 X113.149 Y105.204
G1 F1500 X119.448 Y98.906 E897.72813
G0 F9000 X119.448 Y99.472
G1 F1500 X113.149 Y105.77 E898.02439
G0 F9000 X113.149 Y106.336
G1 F1500 X119.448 Y100.037 E898.32067
G0 F9000 X119.448 Y100.603
G1 F1500 X113.149 Y106.901 E898.61694
G0 F9000 X113.149 Y107.467
G1 F1500 X119.448 Y101.169 E898.9132
G0 F9000 X119.448 Y101.734
G1 F1500 X113.149 Y108.033 E899.20948
G0 F9000 X113.149 Y108.598
G1 F1500 X119.448 Y102.3 E899.50575
G0 F9000 X119.448 Y102.866
G1 F1500 X113.149 Y109.164 E899.80201
G0 F9000 X113.149 Y109.73
G1 F1500 X119.448 Y103.432 E900.09827
G0 F9000 X119.448 Y103.997
G1 F1500 X113.149 Y110.295 E900.39453
G0 F9000 X113.149 Y110.861
G1 F1500 X119.448 Y104.563 E900.69079
G0 F9000 X119.448 Y105.129
G1 F1500 X113.149 Y111.427 E900.98706
G0 F9000 X113.149 Y111.992
G1 F1500 X119.448 Y105.694 E901.28332
G0 F9000 X119.448 Y106.26
G1 F1500 X113.149 Y112.558 E901.57958
G0 F9000 X113.149 Y113.124
G1 F1500 X119.448 Y106.826 E901.87584
G0 F9000 X119.448 Y107.391
G1 F1500 X113.149 Y113.69 E902.17213
G0 F9000 X113.149 Y114.255
G1 F1500 X119.448 Y107.957 E902.46839
G0 F9000 X119.448 Y108.523
G1 F1500 X113.149 Y114.821 E902.76465
G0 F9000 X113.149 Y115.387
G1 F1500 X119.448 Y109.088 E903.06094
G0 F9000 X119.448 Y109.654
G1 F1500 X113.149 Y115.952 E903.3572
G0 F9000 X113.149 Y116.518
G1 F1500 X119.448 Y110.22 E903.65346
G0 F9000 X119.448 Y110.785
G1 F1500 X113.149 Y117.084 E903.94975
G0 F9000 X113.149 Y117.649
G1 F1500 X119.448 Y111.351 E904.24601
G0 F9000 X119.448 Y111.917
G1 F1500 X113.149 Y118.215 E904.54227
G0 F9000 X113.149 Y118.781
G1 F1500 X119.448 Y112.483 E904.83853
G0 F9000 X119.448 Y113.048
G1 F1500 X113.149 Y119.346 E905.1348
G0 F9000 X113.149 Y119.912
G1 F1500 X119.448 Y113.614 E905.43106
G0 F9000 X119.448 Y114.18
G1 F1500 X113.149 Y120.478 E905.72732
G0 F9000 X113.149 Y121.043
G1 F1500 X119.448 Y114.745 E906.02358
G0 F9000 X119.448 Y115.311
G1 F1500 X113.149 Y121.609 E906.31985
G0 F9000 X113.149 Y122.175
G1 F1500 X119.448 Y115.877 E906.61611
G0 F9000 X119.448 Y116.442
G1 F1500 X113.149 Y122.741 E906.91239
G0 F9000 X113.149 Y123.306
G1 F1500 X119.448 Y117.008 E907.20866
G0 F9000 X119.448 Y117.574
G1 F1500 X113.149 Y123.872 E907.50492
G0 F9000 X113.149 Y124.438
G1 F1500 X119.448 Y118.139 E907.8012
G0 F9000 X119.448 Y118.705
G1 F1500 X113.149 Y125.003 E908.09747
G0 F9000 X113.149 Y125.569
G1 F1500 X119.448 Y119.271 E908.39373
G0 F9000 X119.448 Y119.836
G1 F1500 X113.149 Y126.135 E908.69001
G0 F9000 X113.149 Y126.7
G1 F1500 X119.448 Y120.402 E908.98628
G0 F9000 X119.448 Y120.968
G1 F1500 X113.149 Y127.266 E909.28254
G0 F9000 X113.149 Y127.832
G1 F1500 X119.448 Y121.533 E909.57882
G0 F9000 X119.448 Y122.099
G1 F1500 X113.149 Y128.397 E909.87508
G0 F9000 X113.149 Y128.963
G1 F1500 X119.448 Y122.665 E910.17135
G0 F9000 X119.448 Y123.231
G1 F1500 X113.149 Y129.529 E910.46761
G0 F9000 X113.149 Y130.094
G1 F1500 X119.448 Y123.796 E910.76387
G0 F9000 X119.448 Y124.362
G1 F1500 X113.149 Y130.66 E911.06013
G0 F9000 X113.149 Y131.226
G1 F1500 X119.448 Y124.928 E911.3564
G0 F9000 X119.448 Y125.493
G1 F1500 X113.149 Y131.791 E911.65266
G0 F9000 X113.149 Y132.357
G1 F1500 X119.448 Y126.059 E911.94892
G0 F9000 X119.448 Y126.625
G1 F1500 X113.149 Y132.923 E912.24518
G0 F9000 X113.149 Y133.489
G1 F1500 X119.448 Y127.19 E912.54147
G0 F9000 X119.448 Y127.756
G1 F1500 X113.149 Y134.054 E912.83773
G0 F9000 X113.149 Y134.62
G1 F1500 X119.448 Y128.322 E913.13399
G0 F9000 X119.448 Y128.887
G1 F1500 X113.149 Y135.186 E913.43028
G0 F9000 X113.149 Y135.751
G1 F1500 X119.448 Y129.453 E913.72654
G0 F9000 X119.448 Y130.019
G1 F1500 X113.149 Y136.317 E914.0228
G0 F9000 X113.183 Y136.849
G1 F1500 X119.448 Y130.584 E914.31749
G0 F9000 X119.448 Y131.15
G1 F1500 X113.749 Y136.849 E914.58555
G0 F9000 X114.315 Y136.849
G1 F1500 X119.448 Y131.716 E914.82699
G0 F9000 X119.448 Y132.282
G1 F1500 X114.88 Y136.849 E915.04183
G0 F9000 X115.446 Y136.849
G1 F1500 X119.448 Y132.847 E915.23008
G0 F9000 X119.448 Y133.413
G1 F1500 X116.012 Y136.849 E915.39169
G0 F9000 X116.577 Y136.849
G1 F1500 X119.448 Y133.979 E915.52671
G0 F9000 X119.448 Y134.544
G1 F1500 X117.143 Y136.849 E915.63513
G0 F9000 X117.709 Y136.849
G1 F1500 X119.448 Y135.11 E915.71693
G0 F9000 X119.448 Y135.676
G1 F1500 X118.274 Y136.849 E915.77213
G0 F9000 X118.84 Y136.849
G1 F1500 X119.448 Y136.241 E915.80073
G0 F9000 X119.899 Y136.241
G0 X120.764 Y136.414
G0 X121.054 Y136.414
G1 F1500 X121.054 Y98.586 E917.05889
G1 X121.833 Y98.586 E917.0848
G1 X121.833 Y136.414 E918.34297
G1 X121.054 Y136.414 E918.36888
G0 F9000 X121.214 Y136.172
G1 F1500 X121.671 Y135.715 E918.39037
G0 F9000 X121.214 Y135.606
G1 F1500 X121.671 Y135.149 E918.41187
G0 F9000 X121.214 Y135.041
G1 F1500 X121.671 Y134.583 E918.43339
G0 F9000 X121.214 Y134.475
G1 F1500 X121.671 Y134.017 E918.45491
G0 F9000 X121.214 Y133.909
G1 F1500 X121.671 Y133.452 E918.4764
G0 F9000 X121.214 Y133.344
G1 F1500 X121.671 Y132.886 E918.49792
G0 F9000 X121.214 Y132.778
G1 F1500 X121.671 Y132.32 E918.51944
G0 F9000 X121.214 Y132.212
G1 F1500 X121.671 Y131.755 E918.54094
G0 F9000 X121.214 Y131.647
G1 F1500 X121.671 Y131.189 E918.56246
G0 F9000 X121.214 Y131.081
G1 F1500 X121.671 Y130.623 E918.58398
G0 F9000 X121.214 Y130.515
G1 F1500 X121.671 Y130.058 E918.60547
G0 F9000 X121.214 Y129.949
G1 F1500 X121.671 Y129.492 E918.62697
G0 F9000 X121.214 Y129.384
G1 F1500 X121.671 Y128.926 E918.64849
G0 F9000 X121.214 Y128.818
G1 F1500 X121.671 Y128.361 E918.66998
G0 F9000 X121.214 Y128.252
G1 F1500 X121.671 Y127.795 E918.69148
G0 F9000 X121.214 Y127.687
G1 F1500 X121.671 Y127.229 E918.713
G0 F9000 X121.214 Y127.121
G1 F1500 X121.671 Y126.664 E918.73449
G0 F9000 X121.214 Y126.555
G1 F1500 X121.671 Y126.098 E918.75599
G0 F9000 X121.214 Y125.99
G1 F1500 X121.671 Y125.532 E918.77751
G0 F9000 X121.214 Y125.424
G1 F1500 X121.671 Y124.966 E918.79903
G0 F9000 X121.214 Y124.858
G1 F1500 X121.671 Y124.401 E918.82052
G0 F9000 X121.214 Y124.293
G1 F1500 X121.671 Y123.835 E918.84204
G0 F9000 X121.214 Y123.727
G1 F1500 X121.671 Y123.269 E918.86356
G0 F9000 X121.214 Y123.161
G1 F1500 X121.671 Y122.704 E918.88506
G0 F9000 X121.214 Y122.596
G1 F1500 X121.671 Y122.138 E918.90658
G0 F9000 X121.214 Y122.03
G1 F1500 X121.671 Y121.572 E918.9281
G0 F9000 X121.214 Y121.464
G1 F1500 X121.671 Y121.007 E918.94959
G0 F9000 X121.214 Y120.898
G1 F1500 X121.671 Y120.441 E918.97109
G0 F9000 X121.214 Y120.333
G1 F1500 X121.671 Y119.875 E918.99261
G0 F9000 X121.214 Y119.767
G1 F1500 X121.671 Y119.31 E919.0141
G0 F9000 X121.214 Y119.201
G1 F1500 X121.671 Y118.744 E919.0356
G0 F9000 X121.214 Y118.636
G1 F1500 X121.671 Y118.178 E919.05712
G0 F9000 X121.214 Y118.07
G1 F1500 X121.671 Y117.613 E919.07862
G0 F9000 X121.214 Y117.504
G1 F1500 X121.671 Y117.047 E919.10011
G0 F9000 X121.214 Y116.939
G1 F1500 X121.671 Y116.481 E919.12163
G0 F9000 X121.214 Y116.373
G1 F1500 X121.671 Y115.916 E919.14313
G0 F9000 X121.214 Y115.807
G1 F1500 X121.671 Y115.35 E919.16462
G0 F9000 X121.214 Y115.242
G1 F1500 X121.671 Y114.784 E919.18614
G0 F9000 X121.214 Y114.676
G1 F1500 X121.671 Y114.218 E919.20766
G0 F9000 X121.214 Y114.11
G1 F1500 X121.671 Y113.653 E919.22916
G0 F9000 X121.214 Y113.545
G1 F1500 X121.671 Y113.087 E919.25068
G0 F9000 X121.214 Y112.979
G1 F1500 X121.671 Y112.521 E919.2722
G0 F9000 X121.214 Y112.413
G1 F1500 X121.671 Y111.956 E919.29369
G0 F9000 X121.214 Y111.848
G1 F1500 X121.671 Y111.39 E919.31521
G0 F9000 X121.214 Y111.282
G1 F1500 X121.671 Y110.824 E919.33673
G0 F9000 X121.214 Y110.716
G1 F1500 X121.671 Y110.259 E919.35823
G0 F9000 X121.214 Y110.15
G1 F1500 X121.671 Y109.693 E919.37972
G0 F9000 X121.214 Y109.585
G1 F1500 X121.671 Y109.127 E919.40124
G0 F9000 X121.214 Y109.019
G1 F1500 X121.671 Y108.562 E919.42274
G0 F9000 X121.214 Y108.453
G1 F1500 X121.671 Y107.996 E919.44423
G0 F9000 X121.214 Y107.888
G1 F1500 X121.671 Y107.43 E919.46575
G0 F9000 X121.214 Y107.322
G1 F1500 X121.671 Y106.865 E919.48725
G0 F9000 X121.214 Y106.756
G1 F1500 X121.671 Y106.299 E919.50875
G0 F9000 X121.214 Y106.191
G1 F1500 X121.671 Y105.733 E919.53026
G0 F9000 X121.214 Y105.625
G1 F1500 X121.671 Y105.167 E919.55178
G0 F9000 X121.214 Y105.059
G1 F1500 X121.671 Y104.602 E919.57328
G0 F9000 X121.214 Y104.494
G1 F1500 X121.671 Y104.036 E919.5948
G0 F9000 X121.214 Y103.928
G1 F1500 X121.671 Y103.47 E919.61632
G0 F9000 X121.214 Y103.362
G1 F1500 X121.671 Y102.905 E919.63781
G0 F9000 X121.214 Y102.797
G1 F1500 X121.671 Y102.339 E919.65933
G0 F9000 X121.214 Y102.231
G1 F1500 X121.671 Y101.773 E919.68085
G0 F9000 X121.214 Y101.665
G1 F1500 X121.671 Y101.208 E919.70235
G0 F9000 X121.214 Y101.1
G1 F1500 X121.671 Y100.642 E919.72387
G0 F9000 X121.214 Y100.534
G1 F1500 X121.671 Y100.076 E919.74539
G0 F9000 X121.214 Y99.968
G1 F1500 X121.671 Y99.511 E919.76688
G0 F9000 X121.214 Y99.402
G1 F1500 X121.671 Y98.945 E919.78838
G0 F9000 X121.305 Y98.746
G1 F1500 X121.214 Y98.837 E919.79266
G0 F9000 X120.464 Y98.837
G1 F2700 E914.79266
;MESH:NONMESH
G0 F300 X120.464 Y98.837 Z16.6
G0 F9000 X120.836 Y136.632
G0 X122.4 Y137.4
;TIME_ELAPSED:1569.509570
;LAYER:82
;TYPE:WALL-INNER
;MESH:screenholder-mount.obj
G1 F2700 E919.79266
G1 F1500 X112.6 Y137.4 E920.11861
G1 X112.6 Y97.6 E921.44236
G1 X122.4 Y97.6 E921.76831
G1 X122.4 Y137.4 E923.09207
G0 F9000 X122.8 Y137.8
;TYPE:WALL-OUTER
G1 F1500 X112.2 Y137.8 E923.44462
G1 X112.2 Y97.2 E924.79498
G1 X122.8 Y97.2 E925.14754
G1 X122.8 Y137.8 E926.4979
G0 F9000 X122.53 Y137.53
G0 X119.976 Y137.319
;TYPE:FILL
G1 F3000 X119.678 Y137.021 E926.51192
G0 F9000 X119.899 Y137.021
G0 X119.899 Y135.278
G0 X119.679 Y135.278
G1 F3000 X121.273 Y134.851 E926.56681
G0 F9000 X121.054 Y134.851
G0 X119.899 Y133.563
G0 X119.679 Y133.563
G1 F3000 X121.273 Y127.613 E926.77168
G0 F9000 X121.054 Y127.613
G0 X121.054 Y128.639
G0 X121.273 Y128.639
G1 F3000 X119.678 Y129.066 E926.8266
G0 F9000 X119.678 Y128.535
G1 F3000 X121.273 Y130.13 E926.90162
G0 F9000 X121.054 Y130.13
G0 X119.899 Y122.854
G0 X119.679 Y122.854
G1 F3000 X121.272 Y122.427 E926.95648
G0 F9000 X121.273 Y121.645
G1 F3000 X119.678 Y120.05 E927.0315
G0 F9000 X119.899 Y120.05
G0 X119.899 Y116.643
G0 X119.679 Y116.643
G1 F3000 X121.273 Y116.216 E927.08639
G0 F9000 X121.054 Y116.216
G0 X121.054 Y113.16
G0 X121.273 Y113.16
G1 F3000 X119.678 Y111.565 E927.16141
G0 F9000 X119.899 Y111.565
G0 X119.899 Y110.431
G0 X119.678 Y110.431
G1 F3000 X121.272 Y110.004 E927.2163
G0 F9000 X121.054 Y110.004
G0 X119.899 Y110.382
G0 X119.678 Y110.382
G1 F3000 X121.273 Y104.431 E927.42122
G0 F9000 X121.273 Y104.675
G1 F3000 X119.678 Y103.079 E927.49626
G0 F9000 X119.899 Y103.079
G0 X119.899 Y104.219
G0 X119.679 Y104.219
G1 F3000 X121.272 Y103.792 E927.55112
G0 F9000 X121.054 Y103.792
G0 X119.899 Y98.008
G0 X119.678 Y98.008
G1 F3000 X120.906 Y97.679 E927.5934
G0 F9000 X121.344 Y98.296
G0 X121.344 Y98.586
;TYPE:SKIN
G1 F1500 X122.01 Y98.586 E927.61555
G1 X122.01 Y136.414 E928.87372
G1 X121.344 Y136.414 E928.89587
G1 X121.344 Y98.586 E930.15403
G0 F9000 X121.503 Y98.876
G1 F1500 X121.849 Y99.221 E930.17028
G0 F9000 X121.503 Y99.441
G1 F1500 X121.849 Y99.787 E930.18656
G0 F9000 X121.503 Y100.007
G1 F1500 X121.849 Y100.353 E930.20283
G0 F9000 X121.503 Y100.573
G1 F1500 X121.849 Y100.918 E930.21908
G0 F9000 X121.503 Y101.138
G1 F1500 X121.849 Y101.484 E930.23536
G0 F9000 X121.503 Y101.704
G1 F1500 X121.849 Y102.05 E930.25163
G0 F9000 X121.503 Y102.27
G1 F1500 X121.849 Y102.616 E930.26791
G0 F9000 X121.503 Y102.835
G1 F1500 X121.849 Y103.181 E930.28418
G0 F9000 X121.503 Y103.401
G1 F1500 X121.849 Y103.747 E930.30046
G0 F9000 X121.503 Y103.967
G1 F1500 X121.849 Y104.313 E930.31673
G0 F9000 X121.503 Y104.533
G1 F1500 X121.849 Y104.878 E930.33298
G0 F9000 X121.503 Y105.098
G1 F1500 X121.849 Y105.444 E930.34926
G0 F9000 X121.503 Y105.664
G1 F1500 X121.849 Y106.01 E930.36553
G0 F9000 X121.503 Y106.23
G1 F1500 X121.849 Y106.575 E930.38178
G0 F9000 X121.503 Y106.795
G1 F1500 X121.849 Y107.141 E930.39806
G0 F9000 X121.503 Y107.361
G1 F1500 X121.849 Y107.707 E930.41433
G0 F9000 X121.503 Y107.927
G1 F1500 X121.849 Y108.272 E930.43059
G0 F9000 X121.503 Y108.492
G1 F1500 X121.849 Y108.838 E930.44686
G0 F9000 X121.503 Y109.058
G1 F1500 X121.849 Y109.404 E930.46314
G0 F9000 X121.503 Y109.624
G1 F1500 X121.849 Y109.969 E930.47939
G0 F9000 X121.503 Y110.189
G1 F1500 X121.849 Y110.535 E930.49566
G0 F9000 X121.503 Y110.755
G1 F1500 X121.849 Y111.101 E930.51194
G0 F9000 X121.503 Y111.321
G1 F1500 X121.849 Y111.667 E930.52821
G0 F9000 X121.503 Y111.886
G1 F1500 X121.849 Y112.232 E930.54449
G0 F9000 X121.503 Y112.452
G1 F1500 X121.849 Y112.798 E930.56076
G0 F9000 X121.503 Y113.018
G1 F1500 X121.849 Y113.364 E930.57703
G0 F9000 X121.503 Y113.583
G1 F1500 X121.849 Y113.929 E930.59331
G0 F9000 X121.503 Y114.149
G1 F1500 X121.849 Y114.495 E930.60958
G0 F9000 X121.503 Y114.715
G1 F1500 X121.849 Y115.061 E930.62586
G0 F9000 X121.503 Y115.281
G1 F1500 X121.849 Y115.626 E930.64211
G0 F9000 X121.503 Y115.846
G1 F1500 X121.849 Y116.192 E930.65839
G0 F9000 X121.503 Y116.412
G1 F1500 X121.849 Y116.758 E930.67466
G0 F9000 X121.503 Y116.978
G1 F1500 X121.849 Y117.323 E930.69091
G0 F9000 X121.503 Y117.543
G1 F1500 X121.85 Y117.89 E930.70723
G0 F9000 X121.503 Y118.109
G1 F1500 X121.85 Y118.455 E930.72353
G0 F9000 X121.503 Y118.675
G1 F1500 X121.85 Y119.021 E930.73983
G0 F9000 X121.503 Y119.24
G1 F1500 X121.85 Y119.587 E930.75615
G0 F9000 X121.503 Y119.806
G1 F1500 X121.85 Y120.152 E930.77245
G0 F9000 X121.503 Y120.372
G1 F1500 X121.85 Y120.718 E930.78875
G0 F9000 X121.503 Y120.937
G1 F1500 X121.85 Y121.284 E930.80507
G0 F9000 X121.503 Y121.503
G1 F1500 X121.85 Y121.85 E930.82139
G0 F9000 X121.503 Y122.069
G1 F1500 X121.85 Y122.415 E930.83769
G0 F9000 X121.503 Y122.634
G1 F1500 X121.85 Y122.981 E930.85401
G0 F9000 X121.503 Y123.2
G1 F1500 X121.85 Y123.547 E930.87033
G0 F9000 X121.503 Y123.766
G1 F1500 X121.85 Y124.112 E930.88663
G0 F9000 X121.503 Y124.331
G1 F1500 X121.85 Y124.678 E930.90295
G0 F9000 X121.503 Y124.897
G1 F1500 X121.85 Y125.244 E930.91928
G0 F9000 X121.503 Y125.463
G1 F1500 X121.85 Y125.809 E930.93557
G0 F9000 X121.503 Y126.029
G1 F1500 X121.85 Y126.375 E930.95187
G0 F9000 X121.503 Y126.594
G1 F1500 X121.85 Y126.941 E930.96819
G0 F9000 X121.503 Y127.16
G1 F1500 X121.85 Y127.506 E930.98449
G0 F9000 X121.503 Y127.726
G1 F1500 X121.85 Y128.072 E931.00079
G0 F9000 X121.503 Y128.291
G1 F1500 X121.85 Y128.638 E931.01711
G0 F9000 X121.503 Y128.857
G1 F1500 X121.85 Y129.203 E931.03341
G0 F9000 X121.503 Y129.423
G1 F1500 X121.85 Y129.769 E931.04971
G0 F9000 X121.503 Y129.988
G1 F1500 X121.85 Y130.335 E931.06603
G0 F9000 X121.503 Y130.554
G1 F1500 X121.85 Y130.901 E931.08235
G0 F9000 X121.503 Y131.12
G1 F1500 X121.85 Y131.466 E931.09865
G0 F9000 X121.503 Y131.685
G1 F1500 X121.85 Y132.032 E931.11497
G0 F9000 X121.503 Y132.251
G1 F1500 X121.85 Y132.598 E931.13129
G0 F9000 X121.503 Y132.817
G1 F1500 X121.85 Y133.163 E931.14759
G0 F9000 X121.503 Y133.382
G1 F1500 X121.85 Y133.729 E931.16392
G0 F9000 X121.503 Y133.948
G1 F1500 X121.85 Y134.295 E931.18024
G0 F9000 X121.503 Y134.514
G1 F1500 X121.85 Y134.86 E931.19654
G0 F9000 X121.503 Y135.08
G1 F1500 X121.85 Y135.426 E931.21283
G0 F9000 X121.503 Y135.645
G1 F1500 X121.85 Y135.992 E931.22916
G0 F9000 X122.29 Y135.992
G0 X122.218 Y136.632
G0 X119.609 Y137.29
G0 X119.609 Y137.01
G1 F1500 X112.99 Y137.01 E931.4493
G1 X112.99 Y97.99 E932.74711
G1 X119.609 Y97.99 E932.96726
G1 X119.609 Y137.01 E934.26507
G0 F9000 X119.609 Y137.29
G0 X113.656 Y137.29
G0 X113.656 Y136.849
G1 F1500 X113.149 Y136.342 E934.28892
G0 F9000 X113.149 Y135.776
G1 F1500 X114.221 Y136.849 E934.33937
G0 F9000 X114.787 Y136.849
G1 F1500 X113.149 Y135.21 E934.41644
G0 F9000 X113.149 Y134.645
G1 F1500 X115.353 Y136.849 E934.52011
G0 F9000 X115.918 Y136.849
G1 F1500 X113.149 Y134.079 E934.65038
G0 F9000 X113.149 Y133.513
G1 F1500 X116.484 Y136.849 E934.80727
G0 F9000 X117.05 Y136.849
G1 F1500 X113.149 Y132.948 E934.99076
G0 F9000 X113.149 Y132.382
G1 F1500 X117.615 Y136.849 E935.20085
G0 F9000 X118.181 Y136.849
G1 F1500 X113.149 Y131.816 E935.43756
G0 F9000 X113.149 Y131.251
G1 F1500 X118.747 Y136.849 E935.70088
G0 F9000 X119.312 Y136.849
G1 F1500 X113.149 Y130.685 E935.99079
G0 F9000 X113.149 Y130.119
G1 F1500 X119.448 Y136.419 E936.2871
G0 F9000 X119.448 Y135.853
G1 F1500 X113.149 Y129.553 E936.58341
G0 F9000 X113.149 Y128.988
G1 F1500 X119.448 Y135.287 E936.87969
G0 F9000 X119.448 Y134.722
G1 F1500 X113.149 Y128.422 E937.176
G0 F9000 X113.149 Y127.856
G1 F1500 X119.448 Y134.156 E937.47231
G0 F9000 X119.448 Y133.59
G1 F1500 X113.149 Y127.291 E937.7686
G0 F9000 X113.149 Y126.725
G1 F1500 X119.448 Y133.025 E938.06491
G0 F9000 X119.448 Y132.459
G1 F1500 X113.149 Y126.159 E938.36121
G0 F9000 X113.149 Y125.594
G1 F1500 X119.448 Y131.893 E938.6575
G0 F9000 X119.448 Y131.328
G1 F1500 X113.149 Y125.028 E938.95381
G0 F9000 X113.149 Y124.462
G1 F1500 X119.448 Y130.762 E939.25012
G0 F9000 X119.448 Y130.196
G1 F1500 X113.149 Y123.897 E939.5464
G0 F9000 X113.149 Y123.331
G1 F1500 X119.448 Y129.631 E939.84271
G0 F9000 X119.448 Y129.065
G1 F1500 X113.149 Y122.765 E940.13902
G0 F9000 X113.149 Y122.2
G1 F1500 X119.448 Y128.499 E940.43531
G0 F9000 X119.448 Y127.934
G1 F1500 X113.149 Y121.634 E940.73162
G0 F9000 X113.149 Y121.068
G1 F1500 X119.448 Y127.368 E941.02793
G0 F9000 X119.448 Y126.802
G1 F1500 X113.149 Y120.503 E941.32421
G0 F9000 X113.149 Y119.937
G1 F1500 X119.448 Y126.236 E941.6205
G0 F9000 X119.448 Y125.671
G1 F1500 X113.149 Y119.371 E941.91681
G0 F9000 X113.149 Y118.805
G1 F1500 X119.448 Y125.105 E942.21312
G0 F9000 X119.448 Y124.539
G1 F1500 X113.149 Y118.24 E942.5094
G0 F9000 X113.149 Y117.674
G1 F1500 X119.448 Y123.974 E942.80571
G0 F9000 X119.448 Y123.408
G1 F1500 X113.149 Y117.108 E943.10202
G0 F9000 X113.149 Y116.543
G1 F1500 X119.448 Y122.842 E943.39831
G0 F9000 X119.448 Y122.277
G1 F1500 X113.149 Y115.977 E943.69462
G0 F9000 X113.149 Y115.411
G1 F1500 X119.448 Y121.711 E943.99092
G0 F9000 X119.448 Y121.145
G1 F1500 X113.149 Y114.846 E944.28721
G0 F9000 X113.149 Y114.28
G1 F1500 X119.448 Y120.58 E944.58352
G0 F9000 X119.448 Y120.014
G1 F1500 X113.149 Y113.714 E944.87983
G0 F9000 X113.149 Y113.149
G1 F1500 X119.448 Y119.448 E945.17611
G0 F9000 X119.448 Y118.883
G1 F1500 X113.149 Y112.583 E945.47242
G0 F9000 X113.149 Y112.017
G1 F1500 X119.448 Y118.317 E945.76873
G0 F9000 X119.448 Y117.751
G1 F1500 X113.149 Y111.452 E946.06502
G0 F9000 X113.149 Y110.886
G1 F1500 X119.448 Y117.185 E946.3613
G0 F9000 X119.448 Y116.62
G1 F1500 X113.149 Y110.32 E946.65761
G0 F9000 X113.149 Y109.754
G1 F1500 X119.448 Y116.054 E946.95392
G0 F9000 X119.448 Y115.488
G1 F1500 X113.149 Y109.189 E947.25021
G0 F9000 X113.149 Y108.623
G1 F1500 X119.448 Y114.923 E947.54652
G0 F9000 X119.448 Y114.357
G1 F1500 X113.149 Y108.057 E947.84283
G0 F9000 X113.149 Y107.492
G1 F1500 X119.448 Y113.791 E948.13911
G0 F9000 X119.448 Y113.226
G1 F1500 X113.149 Y106.926 E948.43542
G0 F9000 X113.149 Y106.36
G1 F1500 X119.448 Y112.66 E948.73173
G0 F9000 X119.448 Y112.094
G1 F1500 X113.149 Y105.795 E949.02802
G0 F9000 X113.149 Y105.229
G1 F1500 X119.448 Y111.529 E949.32432
G0 F9000 X119.448 Y110.963
G1 F1500 X113.149 Y104.663 E949.62063
G0 F9000 X113.149 Y104.098
G1 F1500 X119.448 Y110.397 E949.91692
G0 F9000 X119.448 Y109.832
G1 F1500 X113.149 Y103.532 E950.21323
G0 F9000 X113.149 Y102.966
G1 F1500 X119.448 Y109.266 E950.50954
G0 F9000 X119.448 Y108.7
G1 F1500 X113.149 Y102.401 E950.80582
G0 F9000 X113.149 Y101.835
G1 F1500 X119.448 Y108.135 E951.10213
G0 F9000 X119.448 Y107.569
G1 F1500 X113.149 Y101.269 E951.39844
G0 F9000 X113.149 Y100.704
G1 F1500 X119.448 Y107.003 E951.69473
G0 F9000 X119.448 Y106.437
G1 F1500 X113.149 Y100.138 E951.99101
G0 F9000 X113.149 Y99.572
G1 F1500 X119.448 Y105.872 E952.28732
G0 F9000 X119.448 Y105.306
G1 F1500 X113.149 Y99.006 E952.58363
G0 F9000 X113.149 Y98.441
G1 F1500 X119.448 Y104.74 E952.87992
G0 F9000 X119.448 Y104.175
G1 F1500 X113.423 Y98.149 E953.16334
G0 F9000 X113.989 Y98.149
G1 F1500 X119.448 Y103.609 E953.42014
G0 F9000 X119.448 Y103.043
G1 F1500 X114.554 Y98.149 E953.65034
G0 F9000 X115.12 Y98.149
G1 F1500 X119.448 Y102.478 E953.85393
G0 F9000 X119.448 Y101.912
G1 F1500 X115.686 Y98.149 E954.03091
G0 F9000 X116.251 Y98.149
G1 F1500 X119.448 Y101.346 E954.18129
G0 F9000 X119.448 Y100.781
G1 F1500 X116.817 Y98.149 E954.30507
G0 F9000 X117.383 Y98.149
G1 F1500 X119.448 Y100.215 E954.40222
G0 F9000 X119.448 Y99.649
G1 F1500 X117.948 Y98.149 E954.47278
G0 F9000 X118.514 Y98.149
G1 F1500 X119.448 Y99.084 E954.51673
G0 F9000 X119.448 Y98.518
G1 F1500 X119.08 Y98.149 E954.53407
G0 F9000 X119.08 Y97.8
G1 F2700 E949.53407
;MESH:NONMESH
G0 F300 X119.08 Y97.8 Z16.8
G0 F9000 X119.08 Y97.71
G0 X119.827 Y97.782
G0 X121.126 Y136.632
G0 X122.4 Y137.4
;TIME_ELAPSED:1626.353883
;LAYER:83
;TYPE:WALL-INNER
;MESH:screenholder-mount.obj
G1 F2700 E954.53407
G1 F1500 X112.6 Y137.4 E954.86001
G1 X112.6 Y97.6 E956.18377
G1 X122.4 Y97.6 E956.50972
G1 X122.4 Y137.4 E957.83347
G0 F9000 X122.8 Y137.8
;TYPE:WALL-OUTER
G1 F1500 X112.2 Y137.8 E958.18603
G1 X112.2 Y97.2 E959.53639
G1 X122.8 Y97.2 E959.88895
G1 X122.8 Y137.8 E961.23931
G0 F9000 X122.53 Y137.53
G0 X120.177 Y137.319
;TYPE:FILL
G1 F3000 X119.678 Y136.82 E961.26278
G0 F9000 X119.899 Y136.82
G0 X119.899 Y135.425
G0 X119.679 Y135.425
G1 F3000 X122.319 Y134.717 E961.35369
G0 F9000 X119.899 Y133.014
G0 X119.679 Y133.014
G1 F3000 X122.319 Y123.16 E961.69299
G0 F9000 X122.32 Y122.491
G1 F3000 X119.678 Y119.849 E961.81726
G0 F9000 X119.899 Y119.849
G0 X119.899 Y116.79
G0 X119.679 Y116.79
G1 F3000 X122.319 Y116.082 E961.90817
G0 F9000 X122.32 Y114.006
G1 F3000 X119.678 Y111.364 E962.03245
G0 F9000 X119.678 Y110.578
G1 F3000 X122.318 Y109.871 E962.12335
G0 F9000 X119.899 Y109.833
G0 X119.678 Y109.833
G1 F3000 X122.319 Y99.978 E962.46269
G0 F9000 X121.454 Y97.679
G1 F3000 X119.678 Y98.155 E962.52385
G0 F9000 X119.899 Y98.155
G0 X119.899 Y102.879
G0 X119.678 Y102.879
G1 F3000 X122.32 Y105.52 E962.64809
G0 F9000 X122.319 Y103.659
G1 F3000 X119.679 Y104.366 E962.73899
G0 F9000 X119.899 Y104.366
G0 X122.319 Y122.294
G1 F3000 X119.679 Y123.001 E962.8299
G0 F9000 X119.899 Y123.001
G0 X119.899 Y128.334
G0 X119.678 Y128.334
G1 F3000 X122.32 Y130.976 E962.95417
G0 F9000 X122.318 Y128.506
G1 F3000 X119.678 Y129.213 E963.04507
G0 F9000 X119.899 Y129.213
G0 X119.827 Y137.218
G0 X119.609 Y137.01
;TYPE:SKIN
G1 F1500 X112.99 Y137.01 E963.26522
G1 X112.99 Y97.99 E964.56303
G1 X119.609 Y97.99 E964.78318
G1 X119.609 Y137.01 E966.08099
G0 F9000 X118.84 Y136.849
G1 F1500 X119.448 Y136.241 E966.10959
G0 F9000 X119.448 Y135.676
G1 F1500 X118.274 Y136.849 E966.16478
G0 F9000 X117.709 Y136.849
G1 F1500 X119.448 Y135.11 E966.24658
G0 F9000 X119.448 Y134.544
G1 F1500 X117.143 Y136.849 E966.355
G0 F9000 X116.577 Y136.849
G1 F1500 X119.448 Y133.979 E966.49002
G0 F9000 X119.448 Y133.413
G1 F1500 X116.012 Y136.849 E966.65164
G0 F9000 X115.446 Y136.849
G1 F1500 X119.448 Y132.847 E966.83988
G0 F9000 X119.448 Y132.282
G1 F1500 X114.88 Y136.849 E967.05472
G0 F9000 X114.315 Y136.849
G1 F1500 X119.448 Y131.716 E967.29616
G0 F9000 X119.448 Y131.15
G1 F1500 X113.749 Y136.849 E967.56423
G0 F9000 X113.183 Y136.849
G1 F1500 X119.448 Y130.584 E967.85891
G0 F9000 X119.448 Y130.019
G1 F1500 X113.149 Y136.317 E968.15517
G0 F9000 X113.149 Y135.751
G1 F1500 X119.448 Y129.453 E968.45144
G0 F9000 X119.448 Y128.887
G1 F1500 X113.149 Y135.186 E968.74772
G0 F9000 X113.149 Y134.62
G1 F1500 X119.448 Y128.322 E969.04398
G0 F9000 X119.448 Y127.756
G1 F1500 X113.149 Y134.054 E969.34025
G0 F9000 X113.149 Y133.489
G1 F1500 X119.448 Y127.19 E969.63653
G0 F9000 X119.448 Y126.625
G1 F1500 X113.149 Y132.923 E969.93279
G0 F9000 X113.149 Y132.357
G1 F1500 X119.448 Y126.059 E970.22906
G0 F9000 X119.448 Y125.493
G1 F1500 X113.149 Y131.791 E970.52532
G0 F9000 X113.149 Y131.226
G1 F1500 X119.448 Y124.928 E970.82158
G0 F9000 X119.448 Y124.362
G1 F1500 X113.149 Y130.66 E971.11784
G0 F9000 X113.149 Y130.094
G1 F1500 X119.448 Y123.796 E971.41411
G0 F9000 X119.448 Y123.231
G1 F1500 X113.149 Y129.529 E971.71037
G0 F9000 X113.149 Y128.963
G1 F1500 X119.448 Y122.665 E972.00663
G0 F9000 X119.448 Y122.099
G1 F1500 X113.149 Y128.397 E972.30289
G0 F9000 X113.149 Y127.832
G1 F1500 X119.448 Y121.533 E972.59918
G0 F9000 X119.448 Y120.968
G1 F1500 X113.149 Y127.266 E972.89544
G0 F9000 X113.149 Y126.7
G1 F1500 X119.448 Y120.402 E973.1917
G0 F9000 X119.448 Y119.836
G1 F1500 X113.149 Y126.135 E973.48799
G0 F9000 X113.149 Y125.569
G1 F1500 X119.448 Y119.271 E973.78425
G0 F9000 X119.448 Y118.705
G1 F1500 X113.149 Y125.003 E974.08051
G0 F9000 X113.149 Y124.438
G1 F1500 X119.448 Y118.139 E974.3768
G0 F9000 X119.448 Y117.574
G1 F1500 X113.149 Y123.872 E974.67306
G0 F9000 X113.149 Y123.306
G1 F1500 X119.448 Y117.008 E974.96932
G0 F9000 X119.448 Y116.442
G1 F1500 X113.149 Y122.741 E975.26561
G0 F9000 X113.149 Y122.175
G1 F1500 X119.448 Y115.877 E975.56187
G0 F9000 X119.448 Y115.311
G1 F1500 X113.149 Y121.609 E975.85813
G0 F9000 X113.149 Y121.043
G1 F1500 X119.448 Y114.745 E976.15439
G0 F9000 X119.448 Y114.18
G1 F1500 X113.149 Y120.478 E976.45066
G0 F9000 X113.149 Y119.912
G1 F1500 X119.448 Y113.614 E976.74692
G0 F9000 X119.448 Y113.048
G1 F1500 X113.149 Y119.346 E977.04318
G0 F9000 X113.149 Y118.781
G1 F1500 X119.448 Y112.483 E977.33944
G0 F9000 X119.448 Y111.917
G1 F1500 X113.149 Y118.215 E977.6357
G0 F9000 X113.149 Y117.649
G1 F1500 X119.448 Y111.351 E977.93197
G0 F9000 X119.448 Y110.785
G1 F1500 X113.149 Y117.084 E978.22825
G0 F9000 X113.149 Y116.518
G1 F1500 X119.448 Y110.22 E978.52451
G0 F9000 X119.448 Y109.654
G1 F1500 X113.149 Y115.952 E978.82078
G0 F9000 X113.149 Y115.387
G1 F1500 X119.448 Y109.088 E979.11706
G0 F9000 X119.448 Y108.523
G1 F1500 X113.149 Y114.821 E979.41332
G0 F9000 X113.149 Y114.255
G1 F1500 X119.448 Y107.957 E979.70959
G0 F9000 X119.448 Y107.391
G1 F1500 X113.149 Y113.69 E980.00587
G0 F9000 X113.149 Y113.124
G1 F1500 X119.448 Y106.826 E980.30213
G0 F9000 X119.448 Y106.26
G1 F1500 X113.149 Y112.558 E980.5984
G0 F9000 X113.149 Y111.992
G1 F1500 X119.448 Y105.694 E980.89466
G0 F9000 X119.448 Y105.129
G1 F1500 X113.149 Y111.427 E981.19092
G0 F9000 X113.149 Y110.861
G1 F1500 X119.448 Y104.563 E981.48718
G0 F9000 X119.448 Y103.997
G1 F1500 X113.149 Y110.295 E981.78344
G0 F9000 X113.149 Y109.73
G1 F1500 X119.448 Y103.432 E982.07971
G0 F9000 X119.448 Y102.866
G1 F1500 X113.149 Y109.164 E982.37597
G0 F9000 X113.149 Y108.598
G1 F1500 X119.448 Y102.3 E982.67223
G0 F9000 X119.448 Y101.734
G1 F1500 X113.149 Y108.033 E982.96852
G0 F9000 X113.149 Y107.467
G1 F1500 X119.448 Y101.169 E983.26478
G0 F9000 X119.448 Y100.603
G1 F1500 X113.149 Y106.901 E983.56104
G0 F9000 X113.149 Y106.336
G1 F1500 X119.448 Y100.037 E983.85733
G0 F9000 X119.448 Y99.472
G1 F1500 X113.149 Y105.77 E984.15359
G0 F9000 X113.149 Y105.204
G1 F1500 X119.448 Y98.906 E984.44985
G0 F9000 X119.448 Y98.34
G1 F1500 X113.149 Y104.639 E984.74614
G0 F9000 X113.149 Y104.073
G1 F1500 X119.073 Y98.149 E985.02478
G0 F9000 X118.507 Y98.149
G1 F1500 X113.149 Y103.507 E985.27681
G0 F9000 X113.149 Y102.942
G1 F1500 X117.941 Y98.149 E985.50223
G0 F9000 X117.376 Y98.149
G1 F1500 X113.149 Y102.376 E985.70106
G0 F9000 X113.149 Y101.81
G1 F1500 X116.81 Y98.149 E985.87326
G0 F9000 X116.244 Y98.149
G1 F1500 X113.149 Y101.244 E986.01884
G0 F9000 X113.149 Y100.679
G1 F1500 X115.679 Y98.149 E986.13784
G0 F9000 X115.113 Y98.149
G1 F1500 X113.149 Y100.113 E986.23022
G0 F9000 X113.149 Y99.547
G1 F1500 X114.547 Y98.149 E986.29598
G0 F9000 X113.982 Y98.149
G1 F1500 X113.149 Y98.982 E986.33516
G0 F9000 X113.149 Y98.416
G1 F1500 X113.416 Y98.149 E986.34772
G0 F9000 X113.416 Y97.8
G1 F2700 E981.34772
;MESH:NONMESH
G0 F300 X113.416 Y97.8 Z17
G0 F9000 X113.416 Y97.71
G0 X119.827 Y97.782
G0 X122.4 Y137.4
;TIME_ELAPSED:1674.860094
;LAYER:84
;TYPE:WALL-INNER
;MESH:screenholder-mount.obj
G1 F2700 E986.34772
G1 F1500 X112.6 Y137.4 E986.67367
G1 X112.6 Y97.6 E987.99742
G1 X122.4 Y97.6 E988.32337
G1 X122.4 Y137.4 E989.64713
G0 F9000 X122.8 Y137.8
;TYPE:WALL-OUTER
G1 F1500 X112.2 Y137.8 E989.99968
G1 X112.2 Y97.2 E991.35004
G1 X122.8 Y97.2 E991.7026
G1 X122.8 Y137.8 E993.05296
G0 F9000 X122.53 Y137.53
G0 X120.377 Y137.319
;TYPE:FILL
G1 F3000 X119.678 Y136.62 E993.08584
G0 F9000 X119.899 Y136.62
G0 X119.899 Y135.571
G0 X119.679 Y135.571
G1 F3000 X122.319 Y134.863 E993.17675
G0 F9000 X119.899 Y132.47
G0 X119.679 Y132.47
G1 F3000 X122.319 Y122.615 E993.51609
G1 X122.318 Y122.44
G1 X119.679 Y123.147 E993.60696
G0 F9000 X119.899 Y123.147
G0 X122.32 Y122.291
G1 F3000 X119.678 Y119.65 E993.7312
G0 F9000 X119.899 Y119.65
G0 X119.899 Y116.936
G0 X119.679 Y116.936
G1 F3000 X122.319 Y116.228 E993.82211
G0 F9000 X122.32 Y113.806
G1 F3000 X119.678 Y111.164 E993.94639
G0 F9000 X119.678 Y110.724
G1 F3000 X122.319 Y110.017 E994.03732
G0 F9000 X119.899 Y109.289
G0 X119.678 Y109.289
G1 F3000 X122.319 Y99.433 E994.3767
G0 F9000 X121.999 Y97.679
G1 F3000 X119.678 Y98.301 E994.45662
G0 F9000 X119.899 Y98.301
G0 X119.899 Y102.679
G0 X119.678 Y102.679
G1 F3000 X122.32 Y105.321 E994.58089
G0 F9000 X122.318 Y103.805
G1 F3000 X119.678 Y104.513 E994.6718
G0 F9000 X119.899 Y104.513
G0 X119.899 Y128.135
G0 X119.678 Y128.135
G1 F3000 X122.32 Y130.777 E994.79607
G0 F9000 X122.319 Y128.652
G1 F3000 X119.679 Y129.359 E994.88697
G0 F9000 X119.899 Y129.359
G0 X119.827 Y137.218
G0 X119.609 Y137.01
;TYPE:SKIN
G1 F1500 X112.99 Y137.01 E995.10712
G1 X112.99 Y97.99 E996.40493
G1 X119.609 Y97.99 E996.62508
G1 X119.609 Y137.01 E997.92289
G0 F9000 X119.609 Y137.29
G0 X113.656 Y137.29
G0 X113.656 Y136.849
G1 F1500 X113.149 Y136.342 E997.94674
G0 F9000 X113.149 Y135.776
G1 F1500 X114.221 Y136.849 E997.99718
G0 F9000 X114.787 Y136.849
G1 F1500 X113.149 Y135.21 E998.07425
G0 F9000 X113.149 Y134.645
G1 F1500 X115.353 Y136.849 E998.17792
G0 F9000 X115.918 Y136.849
G1 F1500 X113.149 Y134.079 E998.30819
G0 F9000 X113.149 Y133.513
G1 F1500 X116.484 Y136.849 E998.46508
G0 F9000 X117.05 Y136.849
G1 F1500 X113.149 Y132.948 E998.64857
G0 F9000 X113.149 Y132.382
G1 F1500 X117.615 Y136.849 E998.85866
G0 F9000 X118.181 Y136.849
G1 F1500 X113.149 Y131.816 E999.09538
G0 F9000 X113.149 Y131.251
G1 F1500 X118.747 Y136.849 E999.35869
G0 F9000 X119.312 Y136.849
G1 F1500 X113.149 Y130.685 E999.6486
G0 F9000 X113.149 Y130.119
G1 F1500 X119.448 Y136.419 E999.94491
G0 F9000 X119.448 Y135.853
G1 F1500 X113.149 Y129.553 E1000.24122
G0 F9000 X113.149 Y128.988
G1 F1500 X119.448 Y135.287 E1000.53751
G0 F9000 X119.448 Y134.722
G1 F1500 X113.149 Y128.422 E1000.83382
G0 F9000 X113.149 Y127.856
G1 F1500 X119.448 Y134.156 E1001.13013
G0 F9000 X119.448 Y133.59
G1 F1500 X113.149 Y127.291 E1001.42641
G0 F9000 X113.149 Y126.725
G1 F1500 X119.448 Y133.025 E1001.72272
G0 F9000 X119.448 Y132.459
G1 F1500 X113.149 Y126.159 E1002.01903
G0 F9000 X113.149 Y125.594
G1 F1500 X119.448 Y131.893 E1002.31531
G0 F9000 X119.448 Y131.328
G1 F1500 X113.149 Y125.028 E1002.61162
G0 F9000 X113.149 Y124.462
G1 F1500 X119.448 Y130.762 E1002.90793
G0 F9000 X119.448 Y130.196
G1 F1500 X113.149 Y123.897 E1003.20422
G0 F9000 X113.149 Y123.331
G1 F1500 X119.448 Y129.631 E1003.50053
G0 F9000 X119.448 Y129.065
G1 F1500 X113.149 Y122.765 E1003.79684
G0 F9000 X113.149 Y122.2
G1 F1500 X119.448 Y128.499 E1004.09312
G0 F9000 X119.448 Y127.934
G1 F1500 X113.149 Y121.634 E1004.38943
G0 F9000 X113.149 Y121.068
G1 F1500 X119.448 Y127.368 E1004.68574
G0 F9000 X119.448 Y126.802
G1 F1500 X113.149 Y120.503 E1004.98203
G0 F9000 X113.149 Y119.937
G1 F1500 X119.448 Y126.236 E1005.27831
G0 F9000 X119.448 Y125.671
G1 F1500 X113.149 Y119.371 E1005.57462
G0 F9000 X113.149 Y118.805
G1 F1500 X119.448 Y125.105 E1005.87093
G0 F9000 X119.448 Y124.539
G1 F1500 X113.149 Y118.24 E1006.16722
G0 F9000 X113.149 Y117.674
G1 F1500 X119.448 Y123.974 E1006.46353
G0 F9000 X119.448 Y123.408
G1 F1500 X113.149 Y117.108 E1006.75983
G0 F9000 X113.149 Y116.543
G1 F1500 X119.448 Y122.842 E1007.05612
G0 F9000 X119.448 Y122.277
G1 F1500 X113.149 Y115.977 E1007.35243
G0 F9000 X113.149 Y115.411
G1 F1500 X119.448 Y121.711 E1007.64874
G0 F9000 X119.448 Y121.145
G1 F1500 X113.149 Y114.846 E1007.94502
G0 F9000 X113.149 Y114.28
G1 F1500 X119.448 Y120.58 E1008.24133
G0 F9000 X119.448 Y120.014
G1 F1500 X113.149 Y113.714 E1008.53764
G0 F9000 X113.149 Y113.149
G1 F1500 X119.448 Y119.448 E1008.83393
G0 F9000 X119.448 Y118.883
G1 F1500 X113.149 Y112.583 E1009.13024
G0 F9000 X113.149 Y112.017
G1 F1500 X119.448 Y118.317 E1009.42655
G0 F9000 X119.448 Y117.751
G1 F1500 X113.149 Y111.452 E1009.72283
G0 F9000 X113.149 Y110.886
G1 F1500 X119.448 Y117.185 E1010.01912
G0 F9000 X119.448 Y116.62
G1 F1500 X113.149 Y110.32 E1010.31543
G0 F9000 X113.149 Y109.754
G1 F1500 X119.448 Y116.054 E1010.61174
G0 F9000 X119.448 Y115.488
G1 F1500 X113.149 Y109.189 E1010.90802
G0 F9000 X113.149 Y108.623
G1 F1500 X119.448 Y114.923 E1011.20433
G0 F9000 X119.448 Y114.357
G1 F1500 X113.149 Y108.057 E1011.50064
G0 F9000 X113.149 Y107.492
G1 F1500 X119.448 Y113.791 E1011.79693
G0 F9000 X119.448 Y113.226
G1 F1500 X113.149 Y106.926 E1012.09324
G0 F9000 X113.149 Y106.36
G1 F1500 X119.448 Y112.66 E1012.38954
G0 F9000 X119.448 Y112.094
G1 F1500 X113.149 Y105.795 E1012.68583
G0 F9000 X113.149 Y105.229
G1 F1500 X119.448 Y111.529 E1012.98214
G0 F9000 X119.448 Y110.963
G1 F1500 X113.149 Y104.663 E1013.27845
G0 F9000 X113.149 Y104.098
G1 F1500 X119.448 Y110.397 E1013.57473
G0 F9000 X119.448 Y109.832
G1 F1500 X113.149 Y103.532 E1013.87104
G0 F9000 X113.149 Y102.966
G1 F1500 X119.448 Y109.266 E1014.16735
G0 F9000 X119.448 Y108.7
G1 F1500 X113.149 Y102.401 E1014.46364
G0 F9000 X113.149 Y101.835
G1 F1500 X119.448 Y108.135 E1014.75995
G0 F9000 X119.448 Y107.569
G1 F1500 X113.149 Y101.269 E1015.05626
G0 F9000 X113.149 Y100.704
G1 F1500 X119.448 Y107.003 E1015.35254
G0 F9000 X119.448 Y106.437
G1 F1500 X113.149 Y100.138 E1015.64883
G0 F9000 X113.149 Y99.572
G1 F1500 X119.448 Y105.872 E1015.94514
G0 F9000 X119.448 Y105.306
G1 F1500 X113.149 Y99.006 E1016.24145
G0 F9000 X113.149 Y98.441
G1 F1500 X119.448 Y104.74 E1016.53773
G0 F9000 X119.448 Y104.175
G1 F1500 X113.423 Y98.149 E1016.82115
G0 F9000 X113.989 Y98.149
G1 F1500 X119.448 Y103.609 E1017.07795
G0 F9000 X119.448 Y103.043
G1 F1500 X114.554 Y98.149 E1017.30815
G0 F9000 X115.12 Y98.149
G1 F1500 X119.448 Y102.478 E1017.51175
G0 F9000 X119.448 Y101.912
G1 F1500 X115.686 Y98.149 E1017.68873
G0 F9000 X116.251 Y98.149
G1 F1500 X119.448 Y101.346 E1017.8391
G0 F9000 X119.448 Y100.781
G1 F1500 X116.817 Y98.149 E1017.96288
G0 F9000 X117.383 Y98.149
G1 F1500 X119.448 Y100.215 E1018.06003
G0 F9000 X119.448 Y99.649
G1 F1500 X117.948 Y98.149 E1018.13059
G0 F9000 X118.514 Y98.149
G1 F1500 X119.448 Y99.084 E1018.17455
G0 F9000 X119.448 Y98.518
G1 F1500 X119.08 Y98.149 E1018.19188
G0 F9000 X119.08 Y97.8
G1 F2700 E1013.19188
;MESH:NONMESH
G0 F300 X119.08 Y97.8 Z17.2
G0 F9000 X119.08 Y97.71
G0 X119.827 Y97.782
G0 X119.827 Y137.218
G0 X119.599 Y137.4
;TIME_ELAPSED:1723.331866
;LAYER:85
;TYPE:WALL-INNER
;MESH:screenholder-mount.obj
G1 F2700 E1018.19188
G1 F1282.4 X119.599 Y97.6 E1019.51563
G1 X122.4 Y97.6 E1019.60879
G1 X122.4 Y137.4 E1020.93255
G1 X119.599 Y137.4 E1021.02571
G0 F9000 X119.199 Y137.8
;TYPE:WALL-OUTER
G1 F1282.4 X119.199 Y97.2 E1022.37607
G1 X122.8 Y97.2 E1022.49584
G1 X122.8 Y137.8 E1023.8462
G1 X119.199 Y137.8 E1023.96597
G0 F9000 X119.469 Y137.53
G0 X120.577 Y137.319
;TYPE:FILL
G1 F2564.8 X119.678 Y136.419 E1024.00828
G0 F9000 X119.679 Y135.718
G1 F2564.8 X122.319 Y135.01 E1024.09919
G0 F9000 X119.679 Y131.921
G1 F2564.8 X122.319 Y122.066 E1024.43853
G1 X122.32 Y122.091
G1 X119.678 Y119.449 E1024.5628
G0 F9000 X119.679 Y117.083
G1 F2564.8 X122.319 Y116.375 E1024.65371
G0 F9000 X122.32 Y113.605
G1 F2564.8 X119.678 Y110.964 E1024.77796
G1 X119.678 Y110.871
G1 X122.318 Y110.164 E1024.86886
G0 F9000 X119.678 Y108.74
G1 F2564.8 X122.319 Y98.885 E1025.2082
G0 F9000 X122.319 Y97.74
G1 F2564.8 X119.678 Y98.448 E1025.29914
G0 F9000 X119.678 Y102.478
G1 F2564.8 X122.32 Y105.12 E1025.42341
G0 F9000 X122.318 Y103.952
G1 F2564.8 X119.678 Y104.66 E1025.51432
G0 F9000 X122.318 Y122.587
G1 F2564.8 X119.679 Y123.294 E1025.60519
G0 F9000 X119.678 Y127.934
G1 F2564.8 X122.32 Y130.576 E1025.72946
G0 F9000 X122.319 Y128.799
G1 F2564.8 X119.679 Y129.506 E1025.82037
G0 F9000 X119.799 Y129.506
;MESH:NONMESH
G0 F300 X119.799 Y129.506 Z17.4
G0 F9000 X119.599 Y137.4
;TIME_ELAPSED:1735.944538
;LAYER:86
;TYPE:WALL-INNER
;MESH:screenholder-mount.obj
G1 F1254.2 X119.599 Y97.6 E1027.14412
G1 X122.4 Y97.6 E1027.23728
G1 X122.4 Y137.4 E1028.56103
G1 X119.599 Y137.4 E1028.6542
G0 F9000 X119.199 Y137.8
;TYPE:WALL-OUTER
G1 F1254.2 X119.199 Y97.2 E1030.00456
G1 X122.8 Y97.2 E1030.12433
G1 X122.8 Y137.8 E1031.47469
G1 X119.199 Y137.8 E1031.59446
G0 F9000 X119.469 Y137.53
G0 X120.777 Y137.319
;TYPE:FILL
G1 F2508.4 X119.678 Y136.22 E1031.64615
G0 F9000 X119.679 Y135.864
G1 F2508.4 X122.319 Y135.156 E1031.73706
G0 F9000 X119.679 Y131.376
G1 F2508.4 X122.319 Y121.521 E1032.0764
G0 F9000 X122.32 Y121.891
G1 F2508.4 X119.678 Y119.25 E1032.20065
G0 F9000 X119.679 Y117.229
G1 F2508.4 X122.319 Y116.521 E1032.29155
G0 F9000 X122.32 Y113.406
G1 F2508.4 X119.678 Y110.764 E1032.41583
G0 F9000 X119.679 Y111.017
G1 F2508.4 X122.319 Y110.31 E1032.50673
G0 F9000 X119.678 Y108.195
G1 F2508.4 X122.319 Y98.34 E1032.84607
G0 F9000 X122.318 Y97.886
G1 F2508.4 X119.679 Y98.594 E1032.93695
G0 F9000 X119.678 Y102.279
G1 F2508.4 X122.32 Y104.921 E1033.06122
G0 F9000 X122.318 Y104.098
G1 F2508.4 X119.678 Y104.806 E1033.15213
G0 F9000 X122.318 Y122.733
G1 F2508.4 X119.678 Y123.44 E1033.24303
G0 F9000 X119.678 Y127.735
G1 F2508.4 X122.32 Y130.377 E1033.3673
G0 F9000 X122.319 Y128.945
G1 F2508.4 X119.679 Y129.652 E1033.4582
G0 F9000 X119.799 Y129.652
;MESH:NONMESH
G0 F300 X119.799 Y129.652 Z17.6
G0 F9000 X119.599 Y137.4
;TIME_ELAPSED:1748.561642
;LAYER:87
;TYPE:WALL-INNER
;MESH:screenholder-mount.obj
G1 F1255.3 X119.599 Y97.6 E1034.78196
G1 X122.4 Y97.6 E1034.87512
G1 X122.4 Y137.4 E1036.19887
G1 X119.599 Y137.4 E1036.29203
G0 F9000 X119.199 Y137.8
;TYPE:WALL-OUTER
G1 F1255.3 X119.199 Y97.2 E1037.6424
G1 X122.8 Y97.2 E1037.76217
G1 X122.8 Y137.8 E1039.11253
G1 X119.199 Y137.8 E1039.2323
G0 F9000 X119.469 Y137.53
G0 X120.978 Y137.319
;TYPE:FILL
G1 F2510.6 X119.678 Y136.019 E1039.29344
G1 X119.679 Y136.011
G1 X122.319 Y135.303 E1039.38435
G0 F9000 X122.32 Y130.176
G1 F2510.6 X119.678 Y127.534 E1039.50863
G0 F9000 X119.679 Y129.799
G1 F2510.6 X122.319 Y129.092 E1039.59953
G0 F9000 X119.679 Y130.828
G1 F2510.6 X122.319 Y120.973 E1039.93886
G0 F9000 X122.32 Y121.69
G1 F2510.6 X119.678 Y119.049 E1040.06311
G0 F9000 X119.679 Y117.376
G1 F2510.6 X122.319 Y116.668 E1040.15402
G0 F9000 X122.32 Y113.205
G1 F2510.6 X119.678 Y110.563 E1040.27829
G0 F9000 X119.678 Y111.164
G1 F2510.6 X122.319 Y110.457 E1040.36922
G0 F9000 X119.678 Y107.647
G1 F2510.6 X122.319 Y97.791 E1040.7086
G0 F9000 X122.318 Y98.033
G1 F2510.6 X119.679 Y98.741 E1040.79948
G0 F9000 X119.678 Y102.078
G1 F2510.6 X122.32 Y104.72 E1040.92375
G0 F9000 X122.318 Y104.245
G1 F2510.6 X119.678 Y104.953 E1041.01466
G0 F9000 X122.318 Y122.88
G1 F2510.6 X119.678 Y123.587 E1041.10556
G0 F9000 X119.799 Y123.587
;MESH:NONMESH
G0 F300 X119.799 Y123.587 Z17.8
G0 F9000 X119.599 Y137.4
;TIME_ELAPSED:1761.270075
;LAYER:88
;TYPE:WALL-INNER
;MESH:screenholder-mount.obj
G1 F1262.2 X119.599 Y97.6 E1042.42931
G1 X122.4 Y97.6 E1042.52248
G1 X122.4 Y137.4 E1043.84623
G1 X119.599 Y137.4 E1043.93939
G0 F9000 X119.199 Y137.8
;TYPE:WALL-OUTER
G1 F1262.2 X119.199 Y97.2 E1045.28975
G1 X122.8 Y97.2 E1045.40952
G1 X122.8 Y137.8 E1046.75988
G1 X119.199 Y137.8 E1046.87965
G0 F9000 X119.469 Y137.53
G0 X119.679 Y136.157
;TYPE:FILL
G1 F2524.4 X122.318 Y135.449 E1046.97053
G0 F9000 X121.177 Y137.319
G1 F2524.4 X119.678 Y135.82 E1047.04104
G0 F9000 X119.679 Y130.283
G1 F2524.4 X122.319 Y120.428 E1047.38037
G0 F9000 X122.32 Y121.491
G1 F2524.4 X119.678 Y118.849 E1047.50465
G0 F9000 X119.678 Y117.522
G1 F2524.4 X122.318 Y116.814 E1047.59556
G0 F9000 X122.32 Y113.006
G1 F2524.4 X119.678 Y110.364 E1047.71983
G0 F9000 X119.679 Y111.31
G1 F2524.4 X122.319 Y110.603 E1047.81073
G0 F9000 X119.678 Y107.102
G1 F2524.4 X122.203 Y97.679 E1048.1352
G0 F9000 X122.318 Y98.179
G1 F2524.4 X119.678 Y98.887 E1048.22611
G0 F9000 X119.678 Y101.879
G1 F2524.4 X122.32 Y104.52 E1048.35035
G1 X122.318 Y104.391
G1 X119.678 Y105.099 E1048.44126
G0 F9000 X122.319 Y123.026
G1 F2524.4 X119.679 Y123.733 E1048.53216
G0 F9000 X119.678 Y127.335
G1 F2524.4 X122.32 Y129.976 E1048.65641
G0 F9000 X122.319 Y129.238
G1 F2524.4 X119.679 Y129.945 E1048.74731
G0 F9000 X119.799 Y129.945
;MESH:NONMESH
G0 F300 X119.799 Y129.945 Z18
G0 F9000 X119.599 Y137.4
;TIME_ELAPSED:1773.922283
;LAYER:89
;TYPE:WALL-INNER
;MESH:screenholder-mount.obj
G1 F1255 X119.599 Y97.6 E1050.07107
G1 X122.4 Y97.6 E1050.16423
G1 X122.4 Y137.4 E1051.48798
G1 X119.599 Y137.4 E1051.58114
G0 F9000 X119.199 Y137.8
;TYPE:WALL-OUTER
G1 F1255 X119.199 Y97.2 E1052.9315
G1 X122.8 Y97.2 E1053.05127
G1 X122.8 Y137.8 E1054.40164
G1 X119.199 Y137.8 E1054.52141
G0 F9000 X119.469 Y137.53
G0 X119.679 Y136.302
;TYPE:FILL
G1 F2510.1 X122.319 Y135.595 E1054.61231
G0 F9000 X121.377 Y137.319
G1 F2510.1 X119.678 Y135.62 E1054.69222
G0 F9000 X119.679 Y130.091
G1 F2510.1 X122.319 Y129.384 E1054.78312
G0 F9000 X122.32 Y129.777
G1 F2510.1 X119.678 Y127.135 E1054.90739
G0 F9000 X119.679 Y129.738
G1 F2510.1 X122.319 Y119.883 E1055.24673
G0 F9000 X122.32 Y121.292
G1 F2510.1 X119.678 Y118.65 E1055.371
G0 F9000 X119.678 Y117.668
G1 F2510.1 X122.318 Y116.96 E1055.46191
G0 F9000 X122.32 Y112.806
G1 F2510.1 X119.678 Y110.165 E1055.58616
G0 F9000 X119.679 Y111.456
G1 F2510.1 X122.318 Y110.749 E1055.67703
G0 F9000 X119.678 Y106.557
G1 F2510.1 X122.058 Y97.678 E1055.98277
G0 F9000 X122.318 Y98.326
G1 F2510.1 X119.678 Y99.033 E1056.07367
G0 F9000 X119.678 Y101.679
G1 F2510.1 X122.32 Y104.321 E1056.19794
G0 F9000 X122.319 Y104.537
G1 F2510.1 X119.678 Y105.245 E1056.28888
G0 F9000 X122.319 Y123.172
G1 F2510.1 X119.679 Y123.879 E1056.37979
G0 F9000 X119.799 Y123.879
;MESH:NONMESH
G0 F300 X119.799 Y123.879 Z18.2
G0 F9000 X119.599 Y137.4
;TIME_ELAPSED:1786.695156
;LAYER:90
;TYPE:WALL-INNER
;MESH:screenholder-mount.obj
G1 F1259.6 X119.599 Y97.6 E1057.70354
G1 X122.4 Y97.6 E1057.7967
G1 X122.4 Y137.4 E1059.12045
G1 X119.599 Y137.4 E1059.21362
G0 F9000 X119.199 Y137.8
;TYPE:WALL-OUTER
G1 F1259.6 X119.199 Y97.2 E1060.56398
G1 X122.8 Y97.2 E1060.68375
G1 X122.8 Y137.8 E1062.03411
G1 X119.199 Y137.8 E1062.15388
G0 F9000 X119.469 Y137.53
G0 X119.679 Y136.449
;TYPE:FILL
G1 F2519.2 X122.319 Y135.742 E1062.24478
G0 F9000 X121.577 Y137.319
G1 F2519.2 X119.678 Y135.42 E1062.3341
G0 F9000 X119.679 Y130.238
G1 F2519.2 X122.319 Y129.531 E1062.425
G1 X122.32 Y129.576
G1 X119.678 Y126.934 E1062.54927
G0 F9000 X119.679 Y129.19
G1 F2519.2 X122.319 Y119.334 E1062.88864
G0 F9000 X122.32 Y121.091
G1 F2519.2 X119.678 Y118.449 E1063.01291
G0 F9000 X119.678 Y117.815
G1 F2519.2 X122.318 Y117.107 E1063.10382
G0 F9000 X122.32 Y112.606
G1 F2519.2 X119.678 Y109.964 E1063.22809
G0 F9000 X119.679 Y111.603
G1 F2519.2 X122.318 Y110.896 E1063.31896
G0 F9000 X119.678 Y106.008
G1 F2519.2 X121.911 Y97.678 E1063.6058
G0 F9000 X122.318 Y98.473
G1 F2519.2 X119.678 Y99.18 E1063.6967
G0 F9000 X119.678 Y101.479
G1 F2519.2 X122.32 Y104.12 E1063.82095
G0 F9000 X122.319 Y104.684
G1 F2519.2 X119.678 Y105.392 E1063.91189
G0 F9000 X122.319 Y123.319
G1 F2519.2 X119.679 Y124.026 E1064.00279
G0 F9000 X119.799 Y124.026
;MESH:NONMESH
G0 F300 X119.799 Y124.026 Z18.4
G0 F9000 X119.599 Y137.4
;TIME_ELAPSED:1799.414310
;LAYER:91
;TYPE:WALL-INNER
;MESH:screenholder-mount.obj
G1 F1251.3 X119.599 Y97.6 E1065.32655
G1 X122.4 Y97.6 E1065.41971
G1 X122.4 Y137.4 E1066.74346
G1 X119.599 Y137.4 E1066.83662
G0 F9000 X119.199 Y137.8
;TYPE:WALL-OUTER
G1 F1251.3 X119.199 Y97.2 E1068.18699
G1 X122.8 Y97.2 E1068.30676
G1 X122.8 Y137.8 E1069.65712
G1 X119.199 Y137.8 E1069.77689
G0 F9000 X119.469 Y137.53
G0 X119.679 Y136.596
;TYPE:FILL
G1 F2502.6 X122.319 Y135.888 E1069.8678
G0 F9000 X121.777 Y137.319
G1 F2502.6 X119.678 Y135.22 E1069.96653
G0 F9000 X119.678 Y130.384
G1 F2502.6 X122.318 Y129.677 E1070.05743
G0 F9000 X122.32 Y129.377
G1 F2502.6 X119.678 Y126.735 E1070.1817
G0 F9000 X119.679 Y128.644
G1 F2502.6 X122.319 Y118.79 E1070.521
G0 F9000 X122.319 Y117.253
G1 F2502.6 X119.679 Y117.961 E1070.61191
G0 F9000 X119.678 Y118.25
G1 F2502.6 X122.32 Y120.891 E1070.73616
G0 F9000 X122.319 Y123.465
G1 F2502.6 X119.679 Y124.172 E1070.82706
G0 F9000 X122.32 Y112.406
G1 F2502.6 X119.678 Y109.764 E1070.95133
G0 F9000 X119.678 Y111.749
G1 F2502.6 X122.318 Y111.042 E1071.04223
G0 F9000 X119.679 Y105.537
G1 F2502.6 X122.319 Y104.83 E1071.13313
G0 F9000 X122.32 Y103.921
G1 F2502.6 X119.678 Y101.279 E1071.25741
G0 F9000 X119.678 Y99.326
G1 F2502.6 X122.318 Y98.619 E1071.34831
G0 F9000 X121.765 Y97.678
G1 F2502.6 X119.678 Y105.463 E1071.61638
G0 F9000 X119.799 Y105.463
G1 F2700 E1066.61638
;MESH:NONMESH
G0 F300 X119.799 Y105.463 Z18.6
G0 F9000 X119.599 Y137.4
;TIME_ELAPSED:1812.417293
;LAYER:92
;TYPE:WALL-INNER
;MESH:screenholder-mount.obj
G1 F2700 E1071.61638
G1 F1266.5 X119.599 Y97.6 E1072.94013
G1 X122.4 Y97.6 E1073.0333
G1 X122.4 Y137.4 E1074.35705
G1 X119.599 Y137.4 E1074.45021
G0 F9000 X119.199 Y137.8
;TYPE:WALL-OUTER
G1 F1266.5 X119.199 Y97.2 E1075.80057
G1 X122.8 Y97.2 E1075.92034
G1 X122.8 Y137.8 E1077.2707
G1 X119.199 Y137.8 E1077.39047
G0 F9000 X119.469 Y137.53
G0 X119.679 Y136.743
;TYPE:FILL
G1 F2533 X122.319 Y136.035 E1077.48138
G0 F9000 X121.978 Y137.319
G1 F2533 X119.678 Y135.019 E1077.58957
G0 F9000 X119.679 Y130.531
G1 F2533 X122.318 Y129.824 E1077.68044
G0 F9000 X122.32 Y129.176
G1 F2533 X119.678 Y126.534 E1077.80471
G0 F9000 X119.679 Y128.097
G1 F2533 X122.319 Y118.241 E1078.14408
G0 F9000 X122.319 Y117.4
G1 F2533 X119.678 Y118.108 E1078.23502
G1 X119.678 Y118.049
G1 X122.32 Y120.691 E1078.35929
G0 F9000 X122.319 Y123.612
G1 F2533 X119.679 Y124.319 E1078.45019
G0 F9000 X122.32 Y112.205
G1 F2533 X119.678 Y109.564 E1078.57444
G0 F9000 X119.678 Y111.896
G1 F2533 X122.318 Y111.189 E1078.66534
G0 F9000 X119.679 Y105.684
G1 F2533 X122.319 Y104.977 E1078.75624
G0 F9000 X122.32 Y103.72
G1 F2533 X119.678 Y101.078 E1078.88051
G0 F9000 X119.678 Y99.473
G1 F2533 X122.318 Y98.766 E1078.97141
G0 F9000 X121.618 Y97.678
G1 F2533 X119.678 Y104.915 E1079.22061
G0 F9000 X119.799 Y104.915
G1 F2700 E1074.22061
;MESH:NONMESH
G0 F300 X119.799 Y104.915 Z18.8
G0 F9000 X119.599 Y137.4
;TIME_ELAPSED:1825.490059
;LAYER:93
;TYPE:WALL-INNER
;MESH:screenholder-mount.obj
G1 F2700 E1079.22061
G1 F1262.2 X119.599 Y97.6 E1080.54437
G1 X122.4 Y97.6 E1080.63753
G1 X122.4 Y137.4 E1081.96128
G1 X119.599 Y137.4 E1082.05444
G0 F9000 X119.199 Y137.8
;TYPE:WALL-OUTER
G1 F1262.2 X119.199 Y97.2 E1083.40481
G1 X122.8 Y97.2 E1083.52458
G1 X122.8 Y137.8 E1084.87494
G1 X119.199 Y137.8 E1084.99471
G0 F9000 X119.469 Y137.53
G0 X119.679 Y136.889
;TYPE:FILL
G1 F2524.3 X122.319 Y136.181 E1085.08562
G0 F9000 X122.177 Y137.319
G1 F2524.3 X119.678 Y134.82 E1085.20316
G0 F9000 X119.679 Y130.677
G1 F2524.3 X122.319 Y129.969 E1085.29407
G0 F9000 X122.32 Y128.976
G1 F2524.3 X119.678 Y126.335 E1085.41832
G0 F9000 X119.679 Y127.551
G1 F2524.3 X122.319 Y117.697 E1085.75762
G1 X122.319 Y117.546
G1 X119.679 Y118.254 E1085.84853
G0 F9000 X119.678 Y117.849
G1 F2524.3 X122.32 Y120.491 E1085.9728
G0 F9000 X122.318 Y123.758
G1 F2524.3 X119.679 Y124.465 E1086.06367
G0 F9000 X119.678 Y112.042
G1 F2524.3 X122.318 Y111.335 E1086.15457
G0 F9000 X122.32 Y112.006
G1 F2524.3 X119.678 Y109.364 E1086.27885
G0 F9000 X119.679 Y105.83
G1 F2524.3 X122.318 Y105.123 E1086.36971
G0 F9000 X122.32 Y103.521
G1 F2524.3 X119.678 Y100.879 E1086.49399
G0 F9000 X119.678 Y99.619
G1 F2524.3 X122.319 Y98.911 E1086.58493
G0 F9000 X121.471 Y97.678
G1 F2524.3 X119.678 Y104.37 E1086.81536
G0 F9000 X119.799 Y104.37
G1 F2700 E1081.81536
;MESH:NONMESH
G0 F300 X119.799 Y104.37 Z19
G0 F9000 X119.599 Y137.4
;TIME_ELAPSED:1838.444101
;LAYER:94
;TYPE:WALL-INNER
;MESH:screenholder-mount.obj
G1 F2700 E1086.81536
G1 F1261 X119.599 Y97.6 E1088.13911
G1 X122.4 Y97.6 E1088.23227
G1 X122.4 Y137.4 E1089.55602
G1 X119.599 Y137.4 E1089.64919
G0 F9000 X119.199 Y137.8
;TYPE:WALL-OUTER
G1 F1261 X119.199 Y97.2 E1090.99955
G1 X122.8 Y97.2 E1091.11932
G1 X122.8 Y137.8 E1092.46968
G1 X119.199 Y137.8 E1092.58945
G0 F9000 X119.679 Y137.036
;TYPE:FILL
G1 F2522.1 X122.319 Y136.328 E1092.68036
G0 F9000 X122.32 Y137.261
G1 F2522.1 X119.678 Y134.619 E1092.80463
G0 F9000 X119.678 Y130.824
G1 F2522.1 X122.319 Y130.116 E1092.89557
G0 F9000 X122.32 Y128.776
G1 F2522.1 X119.678 Y126.134 E1093.01984
G0 F9000 X119.679 Y127.002
G1 F2522.1 X122.319 Y117.148 E1093.35915
G0 F9000 X122.319 Y117.693
G1 F2522.1 X119.679 Y118.401 E1093.45006
G0 F9000 X119.678 Y117.649
G1 F2522.1 X122.32 Y120.29 E1093.5743
G0 F9000 X122.319 Y123.905
G1 F2522.1 X119.679 Y124.612 E1093.6652
G0 F9000 X119.678 Y112.189
G1 F2522.1 X122.318 Y111.482 E1093.75611
G0 F9000 X122.32 Y111.805
G1 F2522.1 X119.678 Y109.163 E1093.88038
G0 F9000 X119.679 Y105.977
G1 F2522.1 X122.318 Y105.27 E1093.97125
G0 F9000 X122.32 Y103.32
G1 F2522.1 X119.678 Y100.678 E1094.09552
G0 F9000 X119.678 Y99.766
G1 F2522.1 X122.319 Y99.058 E1094.18646
G0 F9000 X121.324 Y97.678
G1 F2522.1 X119.678 Y103.821 E1094.39798
G0 F9000 X119.799 Y103.821
G1 F2700 E1089.39798
;MESH:NONMESH
G0 F300 X119.799 Y103.821 Z19.2
G0 F9000 X119.599 Y137.4
;TIME_ELAPSED:1851.426296
;LAYER:95
;TYPE:WALL-INNER
;MESH:screenholder-mount.obj
G1 F2700 E1094.39798
G1 F1259.9 X119.599 Y97.6 E1095.72174
G1 X122.4 Y97.6 E1095.8149
G1 X122.4 Y137.4 E1097.13865
G1 X119.599 Y137.4 E1097.23181
G0 F9000 X119.199 Y137.8
;TYPE:WALL-OUTER
G1 F1259.9 X119.199 Y97.2 E1098.58217
G1 X122.8 Y97.2 E1098.70194
G1 X122.8 Y137.8 E1100.05231
G1 X119.199 Y137.8 E1100.17208
G0 F9000 X119.679 Y137.182
;TYPE:FILL
G1 F2519.9 X122.319 Y136.474 E1100.26299
G0 F9000 X122.32 Y137.062
G1 F2519.9 X119.678 Y134.42 E1100.38726
G0 F9000 X119.679 Y130.97
G1 F2519.9 X122.319 Y130.262 E1100.47817
G0 F9000 X122.32 Y128.576
G1 F2519.9 X119.678 Y125.935 E1100.60241
G0 F9000 X119.679 Y126.458
G1 F2519.9 X122.319 Y116.603 E1100.94175
G0 F9000 X122.319 Y117.839
G1 F2519.9 X119.679 Y118.547 E1101.03266
G0 F9000 X119.678 Y117.449
G1 F2519.9 X122.32 Y120.091 E1101.15693
G0 F9000 X122.318 Y124.051
G1 F2519.9 X119.678 Y124.758 E1101.24783
G0 F9000 X119.678 Y112.335
G1 F2519.9 X122.319 Y111.628 E1101.33877
G1 X122.32 Y111.606
G1 X119.678 Y108.964 E1101.46304
G0 F9000 X119.678 Y106.123
G1 F2519.9 X122.318 Y105.416 E1101.55394
G0 F9000 X122.32 Y103.12
G1 F2519.9 X119.678 Y100.479 E1101.67819
G0 F9000 X119.679 Y99.912
G1 F2519.9 X122.319 Y99.204 E1101.7691
G0 F9000 X121.178 Y97.678
G1 F2519.9 X119.678 Y103.277 E1101.96189
G0 F9000 X119.799 Y103.277
G1 F2700 E1096.96189
;MESH:NONMESH
G0 F300 X119.799 Y103.277 Z19.4
G0 F9000 X119.599 Y137.4
;TIME_ELAPSED:1864.374076
;LAYER:96
;TYPE:WALL-INNER
;MESH:screenholder-mount.obj
G1 F2700 E1101.96189
G1 F1259.6 X119.599 Y97.6 E1103.28564
G1 X122.4 Y97.6 E1103.3788
G1 X122.4 Y137.4 E1104.70255
G1 X119.599 Y137.4 E1104.79572
G0 F9000 X119.199 Y137.8
;TYPE:WALL-OUTER
G1 F1259.6 X119.199 Y97.2 E1106.14608
G1 X122.8 Y97.2 E1106.26585
G1 X122.8 Y137.8 E1107.61621
G1 X119.199 Y137.8 E1107.73598
G0 F9000 X119.709 Y137.32
;TYPE:FILL
G1 F2519.2 X122.318 Y136.62 E1107.82582
G0 F9000 X122.32 Y136.862
G1 F2519.2 X119.678 Y134.22 E1107.95009
G0 F9000 X119.679 Y131.116
G1 F2519.2 X122.319 Y130.409 E1108.041
G0 F9000 X122.32 Y128.377
G1 F2519.2 X119.678 Y125.735 E1108.16527
G1 X119.679 Y125.913
G1 X122.319 Y116.058 E1108.5046
G0 F9000 X122.318 Y117.985
G1 F2519.2 X119.679 Y118.693 E1108.59548
G0 F9000 X119.678 Y117.25
G1 F2519.2 X122.32 Y119.892 E1108.71975
G0 F9000 X122.319 Y124.197
G1 F2519.2 X119.679 Y124.904 E1108.81065
G0 F9000 X119.679 Y112.481
G1 F2519.2 X122.319 Y111.774 E1108.90155
G0 F9000 X122.32 Y111.406
G1 F2519.2 X119.678 Y108.765 E1109.0258
G0 F9000 X119.678 Y106.269
G1 F2519.2 X122.318 Y105.562 E1109.1167
G0 F9000 X122.32 Y102.921
G1 F2519.2 X119.678 Y100.279 E1109.24097
G0 F9000 X119.678 Y100.058
G1 F2519.2 X122.318 Y99.35 E1109.33188
G0 F9000 X121.032 Y97.678
G1 F2519.2 X119.678 Y102.732 E1109.50591
G0 F9000 X119.799 Y102.732
G1 F2700 E1104.50591
;MESH:NONMESH
G0 F300 X119.799 Y102.732 Z19.6
G0 F9000 X119.599 Y137.4
;TIME_ELAPSED:1877.334535
;LAYER:97
;TYPE:WALL-INNER
;MESH:screenholder-mount.obj
G1 F2700 E1109.50591
G1 F1259 X119.599 Y97.6 E1110.82966
G1 X122.4 Y97.6 E1110.92282
G1 X122.4 Y137.4 E1112.24658
G1 X119.599 Y137.4 E1112.33974
G0 F9000 X119.199 Y137.8
;TYPE:WALL-OUTER
G1 F1259 X119.199 Y97.2 E1113.6901
G1 X122.8 Y97.2 E1113.80987
G1 X122.8 Y137.8 E1115.16023
G1 X119.199 Y137.8 E1115.28
G0 F9000 X119.469 Y137.53
G0 X120.258 Y137.319
;TYPE:FILL
G1 F2517.9 X122.319 Y136.767 E1115.35097
G1 X122.32 Y136.661
G1 X119.678 Y134.02 E1115.47521
G0 F9000 X119.679 Y131.263
G1 F2517.9 X122.319 Y130.556 E1115.56612
G0 F9000 X122.32 Y128.176
G1 F2517.9 X119.678 Y125.534 E1115.69039
G1 X119.679 Y125.364
G1 X122.319 Y115.51 E1116.02969
G0 F9000 X122.318 Y118.132
G1 F2517.9 X119.679 Y118.84 E1116.12057
G0 F9000 X119.678 Y117.049
G1 F2517.9 X122.32 Y119.691 E1116.24484
G0 F9000 X122.319 Y124.344
G1 F2517.9 X119.678 Y125.051 E1116.33577
G0 F9000 X119.679 Y112.628
G1 F2517.9 X122.319 Y111.921 E1116.42667
G0 F9000 X122.32 Y111.205
G1 F2517.9 X119.678 Y108.564 E1116.55092
G0 F9000 X119.678 Y106.416
G1 F2517.9 X122.318 Y105.709 E1116.64182
G0 F9000 X122.32 Y102.72
G1 F2517.9 X119.678 Y100.078 E1116.76609
G1 X119.678 Y100.205
G1 X122.318 Y99.497 E1116.857
G0 F9000 X120.885 Y97.678
G1 F2517.9 X119.678 Y102.183 E1117.01213
G0 F9000 X119.799 Y102.183
G1 F2700 E1112.01213
;MESH:NONMESH
G0 F300 X119.799 Y102.183 Z19.8
G0 F9000 X119.599 Y137.4
;TIME_ELAPSED:1890.279991
;LAYER:98
;TYPE:WALL-INNER
;MESH:screenholder-mount.obj
G1 F2700 E1117.01213
G1 F1259.1 X119.599 Y97.6 E1118.33588
G1 X122.4 Y97.6 E1118.42904
G1 X122.4 Y137.4 E1119.75279
G1 X119.599 Y137.4 E1119.84596
G0 F9000 X119.199 Y137.8
;TYPE:WALL-OUTER
G1 F1259.1 X119.199 Y97.2 E1121.19632
G1 X122.8 Y97.2 E1121.31609
G1 X122.8 Y137.8 E1122.66645
G1 X119.199 Y137.8 E1122.78622
G0 F9000 X119.469 Y137.53
G0 X120.803 Y137.319
;TYPE:FILL
G1 F2518.2 X122.319 Y136.913 E1122.83842
G0 F9000 X122.32 Y136.462
G1 F2518.2 X119.678 Y133.82 E1122.96269
G0 F9000 X119.679 Y131.409
G1 F2518.2 X122.319 Y130.702 E1123.05359
G0 F9000 X122.32 Y127.977
G1 F2518.2 X119.678 Y125.335 E1123.17786
G1 X119.679 Y125.197
G1 X122.319 Y124.49 E1123.26876
G0 F9000 X119.679 Y124.82
G1 F2518.2 X122.319 Y114.965 E1123.6081
G0 F9000 X122.319 Y112.067
G1 F2518.2 X119.679 Y112.774 E1123.699
G0 F9000 X122.32 Y111.006
G1 F2518.2 X119.678 Y108.364 E1123.82327
G0 F9000 X119.678 Y106.562
G1 F2518.2 X122.319 Y105.855 E1123.9142
G0 F9000 X122.32 Y102.521
G1 F2518.2 X119.678 Y99.879 E1124.03848
G0 F9000 X119.678 Y100.351
G1 F2518.2 X122.318 Y99.643 E1124.12938
G0 F9000 X120.739 Y97.679
G1 F2518.2 X119.678 Y101.639 E1124.26574
G0 F9000 X119.678 Y116.85
G1 F2518.2 X122.32 Y119.491 E1124.38999
G0 F9000 X122.318 Y118.278
G1 F2518.2 X119.678 Y118.986 E1124.4809
G0 F9000 X119.799 Y118.986
;MESH:NONMESH
G0 F300 X119.799 Y118.986 Z20
G0 F9000 X119.599 Y137.4
;TIME_ELAPSED:1903.022900
;LAYER:99
;TYPE:WALL-INNER
;MESH:screenholder-mount.obj
G1 F1241.5 X119.599 Y97.6 E1125.80465
G1 X122.4 Y97.6 E1125.89781
G1 X122.4 Y137.4 E1127.22157
G1 X119.599 Y137.4 E1127.31473
G0 F9000 X119.199 Y137.8
;TYPE:WALL-OUTER
G1 F1241.5 X119.199 Y97.2 E1128.66509
G1 X122.8 Y97.2 E1128.78486
G1 X122.8 Y137.8 E1130.13522
G1 X119.199 Y137.8 E1130.25499
G0 F9000 X119.469 Y137.53
G0 X121.352 Y137.319
;TYPE:FILL
G1 F2482.9 X122.318 Y137.06 E1130.28825
G0 F9000 X122.32 Y136.261
G1 F2482.9 X119.678 Y133.619 E1130.41253
G0 F9000 X119.679 Y131.556
G1 F2482.9 X122.319 Y130.849 E1130.50343
G0 F9000 X122.32 Y127.776
G1 F2482.9 X119.678 Y125.134 E1130.6277
G0 F9000 X119.679 Y125.344
G1 F2482.9 X122.319 Y124.637 E1130.7186
G0 F9000 X119.679 Y124.271
G1 F2482.9 X122.319 Y114.416 E1131.05794
G0 F9000 X122.319 Y112.214
G1 F2482.9 X119.679 Y112.921 E1131.14884
G0 F9000 X122.32 Y110.805
G1 F2482.9 X119.678 Y108.164 E1131.27308
G0 F9000 X119.678 Y106.709
G1 F2482.9 X122.319 Y106.002 E1131.36402
G0 F9000 X122.32 Y102.32
G1 F2482.9 X119.678 Y99.678 E1131.48829
G0 F9000 X119.678 Y100.498
G1 F2482.9 X122.318 Y99.79 E1131.5792
G0 F9000 X120.592 Y97.679
G1 F2482.9 X119.678 Y101.09 E1131.69665
G0 F9000 X119.678 Y116.649
G1 F2482.9 X122.32 Y119.291 E1131.82092
G0 F9000 X122.318 Y118.425
G1 F2482.9 X119.678 Y119.133 E1131.91183
G0 F9000 X119.799 Y119.133
;MESH:NONMESH
G0 F300 X119.799 Y119.133 Z20.2
G0 F9000 X119.599 Y137.4
;TIME_ELAPSED:1915.714130
;LAYER:100
;TYPE:WALL-INNER
;MESH:screenholder-mount.obj
G1 F1234.1 X119.599 Y97.6 E1133.23559
G1 X122.4 Y97.6 E1133.32875
G1 X122.4 Y137.4 E1134.6525
G1 X119.599 Y137.4 E1134.74566
G0 F9000 X119.199 Y137.8
;TYPE:WALL-OUTER
G1 F1234.1 X119.199 Y97.2 E1136.09602
G1 X122.8 Y97.2 E1136.21579
G1 X122.8 Y137.8 E1137.56616
G1 X119.199 Y137.8 E1137.68592
G0 F9000 X119.469 Y137.53
G0 X121.897 Y137.319
;TYPE:FILL
G1 F2468.2 X122.319 Y137.206 E1137.70046
G1 X122.248 Y137.32
G1 X122.319 Y137.053 E1137.70964
G0 F9000 X122.32 Y136.062
G1 F2468.2 X119.678 Y133.42 E1137.83392
G0 F9000 X119.679 Y131.702
G1 F2468.2 X122.318 Y130.995 E1137.92478
G0 F9000 X122.32 Y127.576
G1 F2468.2 X119.678 Y124.935 E1138.04903
G0 F9000 X119.679 Y125.49
G1 F2468.2 X122.319 Y124.783 E1138.13993
G0 F9000 X119.679 Y123.727
G1 F2468.2 X122.319 Y113.871 E1138.4793
G0 F9000 X122.318 Y112.36
G1 F2468.2 X119.678 Y113.067 E1138.5702
G0 F9000 X119.678 Y116.449
G1 F2468.2 X122.32 Y119.091 E1138.69447
G0 F9000 X122.319 Y118.571
G1 F2468.2 X119.678 Y119.279 E1138.78542
G0 F9000 X122.32 Y110.606
G1 F2468.2 X119.678 Y107.964 E1138.90969
G0 F9000 X119.679 Y106.855
G1 F2468.2 X122.319 Y106.148 E1139.00059
G0 F9000 X122.32 Y102.121
G1 F2468.2 X119.678 Y99.479 E1139.12486
G0 F9000 X119.678 Y100.546
G1 F2468.2 X120.446 Y97.679 E1139.22358
G0 F9000 X122.318 Y99.936
G1 F2468.2 X119.678 Y100.644 E1139.31449
G0 F9000 X119.799 Y100.644
G1 F2700 E1134.31449
;MESH:NONMESH
G0 F300 X119.799 Y100.644 Z20.4
G0 F9000 X119.599 Y137.4
;TIME_ELAPSED:1928.755322
;LAYER:101
;TYPE:WALL-INNER
;MESH:screenholder-mount.obj
G1 F2700 E1139.31449
G1 F1248.1 X119.599 Y97.6 E1140.63824
G1 X122.4 Y97.6 E1140.7314
G1 X122.4 Y137.4 E1142.05516
G1 X119.599 Y137.4 E1142.14832
G0 F9000 X119.199 Y137.8
;TYPE:WALL-OUTER
G1 F1248.1 X119.199 Y97.2 E1143.49868
G1 X122.8 Y97.2 E1143.61845
G1 X122.8 Y137.8 E1144.96881
G1 X119.199 Y137.8 E1145.08858
G0 F9000 X119.469 Y137.53
G0 X122.102 Y137.32
;TYPE:FILL
G1 F2496.2 X122.319 Y136.509 E1145.1165
G0 F9000 X122.32 Y135.862
G1 F2496.2 X119.678 Y133.221 E1145.24075
G0 F9000 X119.679 Y131.848
G1 F2496.2 X122.319 Y131.14 E1145.33166
G0 F9000 X122.32 Y127.377
G1 F2496.2 X119.678 Y124.735 E1145.45593
G0 F9000 X119.679 Y125.636
G1 F2496.2 X122.319 Y124.929 E1145.54683
G0 F9000 X119.678 Y123.182
G1 F2496.2 X122.319 Y113.327 E1145.88618
G0 F9000 X122.318 Y112.506
G1 F2496.2 X119.678 Y113.213 E1145.97708
G0 F9000 X119.678 Y116.25
G1 F2496.2 X122.32 Y118.892 E1146.10135
G1 X122.319 Y118.717
G1 X119.679 Y119.424 E1146.19225
G0 F9000 X122.32 Y110.406
G1 F2496.2 X119.678 Y107.765 E1146.3165
G0 F9000 X119.679 Y107.001
G1 F2496.2 X122.318 Y106.294 E1146.40737
G0 F9000 X122.32 Y101.921
G1 F2496.2 X119.678 Y99.279 E1146.53164
G0 F9000 X119.678 Y100
G1 F2496.2 X120.301 Y97.678 E1146.6116
G0 F9000 X122.319 Y100.082
G1 F2496.2 X119.678 Y100.79 E1146.70254
G0 F9000 X119.799 Y100.79
G1 F2700 E1141.70254
;MESH:NONMESH
G0 F300 X119.799 Y100.79 Z20.6
G0 F9000 X119.599 Y137.4
;TIME_ELAPSED:1941.787142
;LAYER:102
;TYPE:WALL-INNER
;MESH:screenholder-mount.obj
G1 F2700 E1146.70254
G1 F1247.7 X119.599 Y97.6 E1148.0263
G1 X122.4 Y97.6 E1148.11946
G1 X122.4 Y137.4 E1149.44321
G1 X119.599 Y137.4 E1149.53637
G0 F9000 X119.199 Y137.8
;TYPE:WALL-OUTER
G1 F1247.7 X119.199 Y97.2 E1150.88673
G1 X122.8 Y97.2 E1151.0065
G1 X122.8 Y137.8 E1152.35687
G1 X119.199 Y137.8 E1152.47664
G0 F9000 X119.469 Y137.53
G0 X121.955 Y137.32
;TYPE:FILL
G1 F2495.4 X122.319 Y135.96 E1152.52346
G0 F9000 X122.32 Y135.661
G1 F2495.4 X119.678 Y133.02 E1152.64771
G0 F9000 X119.678 Y131.995
G1 F2495.4 X122.318 Y131.288 E1152.73861
G0 F9000 X122.32 Y127.176
G1 F2495.4 X119.678 Y124.534 E1152.86288
G0 F9000 X119.679 Y125.783
G1 F2495.4 X122.319 Y125.076 E1152.95378
G0 F9000 X119.678 Y122.633
G1 F2495.4 X122.319 Y112.778 E1153.29313
G1 X122.318 Y112.653
G1 X119.678 Y113.36 E1153.38403
G0 F9000 X119.678 Y116.049
G1 F2495.4 X122.32 Y118.691 E1153.5083
G1 X122.319 Y118.864
G1 X119.679 Y119.571 E1153.5992
G0 F9000 X122.32 Y110.206
G1 F2495.4 X119.678 Y107.564 E1153.72347
G0 F9000 X119.679 Y107.148
G1 F2495.4 X122.318 Y106.441 E1153.81434
G0 F9000 X122.32 Y101.72
G1 F2495.4 X119.678 Y99.079 E1153.93859
G0 F9000 X119.678 Y99.451
G1 F2495.4 X120.154 Y97.678 E1153.99965
G0 F9000 X119.678 Y100.937
G1 F2495.4 X122.319 Y100.229 E1154.09059
G0 F9000 X122.2 Y100.229
G1 F2700 E1149.09059
;MESH:NONMESH
G0 F300 X122.2 Y100.229 Z20.8
G0 F9000 X119.599 Y137.4
;TIME_ELAPSED:1954.725152
;LAYER:103
;TYPE:WALL-INNER
;MESH:screenholder-mount.obj
G1 F2700 E1154.09059
G1 F1248.8 X119.599 Y97.6 E1155.41434
G1 X122.4 Y97.6 E1155.5075
G1 X122.4 Y137.4 E1156.83126
G1 X119.599 Y137.4 E1156.92442
G0 F9000 X119.199 Y137.8
;TYPE:WALL-OUTER
G1 F1248.8 X119.199 Y97.2 E1158.27478
G1 X122.8 Y97.2 E1158.39455
G1 X122.8 Y137.8 E1159.74491
G1 X119.199 Y137.8 E1159.86468
G0 F9000 X119.469 Y137.53
G0 X121.809 Y137.319
;TYPE:FILL
G1 F2497.6 X122.319 Y135.415 E1159.93024
G1 X122.32 Y135.462
G1 X119.678 Y132.82 E1160.05451
G0 F9000 X119.679 Y132.141
G1 F2497.6 X122.319 Y131.433 E1160.14542
G0 F9000 X122.32 Y126.977
G1 F2497.6 X119.678 Y124.335 E1160.26969
G0 F9000 X119.678 Y125.929
G1 F2497.6 X122.318 Y125.222 E1160.3606
G0 F9000 X119.679 Y122.088
G1 F2497.6 X122.319 Y112.233 E1160.69993
G0 F9000 X122.319 Y112.798
G1 F2497.6 X119.678 Y113.506 E1160.79087
G0 F9000 X119.678 Y115.85
G1 F2497.6 X122.32 Y118.492 E1160.91514
G0 F9000 X122.319 Y119.01
G1 F2497.6 X119.679 Y119.718 E1161.00605
G0 F9000 X122.32 Y110.006
G1 F2497.6 X119.678 Y107.364 E1161.13033
G1 X119.678 Y107.294
G1 X122.318 Y106.587 E1161.22123
G0 F9000 X122.32 Y101.521
G1 F2497.6 X119.678 Y98.879 E1161.3455
G1 X119.678 Y98.907
G1 X120.008 Y97.678 E1161.38782
G0 F9000 X119.679 Y101.083
G1 F2497.6 X122.319 Y100.375 E1161.47873
G0 F9000 X122.2 Y100.375
G1 F2700 E1156.47873
;MESH:NONMESH
G0 F300 X122.2 Y100.375 Z21
G0 F9000 X119.599 Y137.4
;TIME_ELAPSED:1967.671835
;LAYER:104
;TYPE:WALL-INNER
;MESH:screenholder-mount.obj
G1 F2700 E1161.47873
G1 F1251.1 X119.599 Y97.6 E1162.80249
G1 X122.4 Y97.6 E1162.89565
G1 X122.4 Y137.4 E1164.2194
G1 X119.599 Y137.4 E1164.31256
G0 F9000 X119.199 Y137.8
;TYPE:WALL-OUTER
G1 F1251.1 X119.199 Y97.2 E1165.66292
G1 X122.8 Y97.2 E1165.78269
G1 X122.8 Y137.8 E1167.13306
G1 X119.199 Y137.8 E1167.25282
G0 F9000 X119.469 Y137.53
G0 X121.662 Y137.32
;TYPE:FILL
G1 F2502.2 X122.319 Y134.867 E1167.33729
G0 F9000 X122.32 Y135.261
G1 F2502.2 X119.678 Y132.619 E1167.46156
G0 F9000 X119.679 Y132.288
G1 F2502.2 X122.319 Y131.58 E1167.55247
G0 F9000 X122.32 Y126.776
G1 F2502.2 X119.678 Y124.134 E1167.67674
G0 F9000 X119.679 Y126.076
G1 F2502.2 X122.318 Y125.369 E1167.76761
G0 F9000 X119.678 Y121.54
G1 F2502.2 X122.319 Y111.685 E1168.10695
G0 F9000 X122.319 Y112.945
G1 F2502.2 X119.678 Y113.653 E1168.1979
G0 F9000 X119.678 Y115.649
G1 F2502.2 X122.32 Y118.291 E1168.32217
G0 F9000 X122.319 Y119.157
G1 F2502.2 X119.679 Y119.865 E1168.41308
G0 F9000 X122.32 Y109.805
G1 F2502.2 X119.678 Y107.164 E1168.53732
G0 F9000 X119.678 Y107.441
G1 F2502.2 X122.318 Y106.734 E1168.62823
G0 F9000 X122.32 Y101.32
G1 F2502.2 X119.678 Y98.678 E1168.7525
G0 F9000 X119.678 Y98.358
G1 F2502.2 X119.861 Y97.678 E1168.77592
G0 F9000 X119.679 Y101.23
G1 F2502.2 X122.319 Y100.522 E1168.86683
G0 F9000 X122.2 Y100.522
G1 F2700 E1163.86683
;MESH:NONMESH
G0 F300 X122.2 Y100.522 Z21.2
G0 F9000 X119.599 Y137.4
;TIME_ELAPSED:1980.743288
;LAYER:105
;TYPE:WALL-INNER
;MESH:screenholder-mount.obj
G1 F2700 E1168.86683
G1 F1255.1 X119.599 Y97.6 E1170.19058
G1 X122.4 Y97.6 E1170.28374
G1 X122.4 Y137.4 E1171.6075
G1 X119.599 Y137.4 E1171.70066
G0 F9000 X119.199 Y137.8
;TYPE:WALL-OUTER
G1 F1255.1 X119.199 Y97.2 E1173.05102
G1 X122.8 Y97.2 E1173.17079
G1 X122.8 Y137.8 E1174.52115
G1 X119.199 Y137.8 E1174.64092
G0 F9000 X119.469 Y137.53
G0 X121.516 Y137.319
;TYPE:FILL
G1 F2510.2 X122.319 Y134.321 E1174.74415
G0 F9000 X122.32 Y135.062
G1 F2510.2 X119.678 Y132.42 E1174.86842
G1 X119.679 Y132.434
G1 X122.319 Y131.726 E1174.95933
G0 F9000 X122.32 Y126.577
G1 F2510.2 X119.678 Y123.935 E1175.0836
G0 F9000 X119.678 Y126.222
G1 F2510.2 X122.319 Y125.515 E1175.17454
G0 F9000 X119.679 Y120.995
G1 F2510.2 X122.319 Y111.14 E1175.51387
G0 F9000 X122.32 Y109.606
G1 F2510.2 X119.678 Y106.964 E1175.63814
G0 F9000 X119.678 Y107.587
G1 F2510.2 X122.318 Y106.88 E1175.72904
G0 F9000 X122.32 Y101.121
G1 F2510.2 X119.678 Y98.479 E1175.85332
G0 F9000 X119.678 Y97.814
G1 F2510.2 X119.715 Y97.678 E1175.858
G0 F9000 X119.679 Y101.376
G1 F2510.2 X122.318 Y100.668 E1175.94888
G0 F9000 X122.319 Y113.091
G1 F2510.2 X119.679 Y113.799 E1176.03979
G0 F9000 X119.678 Y115.45
G1 F2510.2 X122.32 Y118.091 E1176.16404
G0 F9000 X122.318 Y119.303
G1 F2510.2 X119.679 Y120.011 E1176.25492
G0 F9000 X119.799 Y120.011
;MESH:NONMESH
G0 F300 X119.799 Y120.011 Z21.4
G0 F9000 X119.599 Y137.4
;TIME_ELAPSED:1993.495567
;LAYER:106
;TYPE:WALL-INNER
;MESH:screenholder-mount.obj
G1 F1243.2 X119.599 Y97.6 E1177.57867
G1 X122.4 Y97.6 E1177.67183
G1 X122.4 Y137.4 E1178.99558
G1 X119.599 Y137.4 E1179.08875
G0 F9000 X119.199 Y137.8
;TYPE:WALL-OUTER
G1 F1243.2 X119.199 Y97.2 E1180.43911
G1 X122.8 Y97.2 E1180.55888
G1 X122.8 Y137.8 E1181.90924
G1 X119.199 Y137.8 E1182.02901
G0 F9000 X119.469 Y137.53
G0 X121.369 Y137.319
;TYPE:FILL
G1 F2486.4 X122.319 Y133.773 E1182.15111
G0 F9000 X122.32 Y134.861
G1 F2486.4 X119.678 Y132.219 E1182.27538
G0 F9000 X119.679 Y132.581
G1 F2486.4 X122.319 Y131.873 E1182.36629
G0 F9000 X122.32 Y126.376
G1 F2486.4 X119.678 Y123.734 E1182.49056
G0 F9000 X119.678 Y126.369
G1 F2486.4 X122.318 Y125.662 E1182.58146
G0 F9000 X119.679 Y120.446
G1 F2486.4 X122.319 Y110.591 E1182.9208
G0 F9000 X122.32 Y109.405
G1 F2486.4 X119.678 Y106.763 E1183.04507
G0 F9000 X119.678 Y107.734
G1 F2486.4 X122.318 Y107.027 E1183.13597
G0 F9000 X122.319 Y113.238
G1 F2486.4 X119.679 Y113.946 E1183.22688
G0 F9000 X119.678 Y115.249
G1 F2486.4 X122.32 Y117.89 E1183.35113
G0 F9000 X122.319 Y119.45
G1 F2486.4 X119.679 Y120.158 E1183.44204
G0 F9000 X119.679 Y101.523
G1 F2486.4 X122.318 Y100.815 E1183.53291
G1 X122.32 Y100.92
G1 X119.678 Y98.278 E1183.65719
G0 F9000 X119.799 Y98.278
G1 F2700 E1178.65719
;MESH:NONMESH
G0 F300 X119.799 Y98.278 Z21.6
G0 F9000 X119.599 Y137.4
;TIME_ELAPSED:2006.482240
;LAYER:107
;TYPE:WALL-INNER
;MESH:screenholder-mount.obj
G1 F2700 E1183.65719
G1 F1262.9 X119.599 Y97.6 E1184.98094
G1 X122.4 Y97.6 E1185.0741
G1 X122.4 Y137.4 E1186.39785
G1 X119.599 Y137.4 E1186.49102
G0 F9000 X119.199 Y137.8
;TYPE:WALL-OUTER
G1 F1262.9 X119.199 Y97.2 E1187.84138
G1 X122.8 Y97.2 E1187.96115
G1 X122.8 Y137.8 E1189.31151
G1 X119.199 Y137.8 E1189.43128
G0 F9000 X119.469 Y137.53
G0 X121.223 Y137.32
;TYPE:FILL
G1 F2525.7 X122.319 Y133.228 E1189.57218
G0 F9000 X122.319 Y132.019
G1 F2525.7 X119.679 Y132.727 E1189.66309
G0 F9000 X119.678 Y132.02
G1 F2525.7 X122.32 Y134.662 E1189.78736
G0 F9000 X122.32 Y126.176
G1 F2525.7 X119.678 Y123.535 E1189.9116
G0 F9000 X119.679 Y126.515
G1 F2525.7 X122.319 Y125.808 E1190.00251
G0 F9000 X119.678 Y120.304
G1 F2525.7 X122.318 Y119.596 E1190.09342
G0 F9000 X122.32 Y117.691
G1 F2525.7 X119.678 Y115.049 E1190.21769
G0 F9000 X119.679 Y114.092
G1 F2525.7 X122.319 Y113.384 E1190.3086
G0 F9000 X122.319 Y110.047
G1 F2525.7 X119.679 Y119.901 E1190.6479
G0 F9000 X122.32 Y109.206
G1 F2525.7 X119.678 Y106.564 E1190.77217
G0 F9000 X119.678 Y107.88
G1 F2525.7 X122.319 Y107.173 E1190.8631
G0 F9000 X119.678 Y101.669
G1 F2525.7 X122.318 Y100.961 E1190.95401
G0 F9000 X122.32 Y100.72
G1 F2525.7 X119.678 Y98.079 E1191.07826
G0 F9000 X119.799 Y98.079
G1 F2700 E1186.07826
;MESH:NONMESH
G0 F300 X119.799 Y98.079 Z21.8
G0 F9000 X119.599 Y137.4
;TIME_ELAPSED:2019.636854
;LAYER:108
;TYPE:WALL-INNER
;MESH:screenholder-mount.obj
G1 F2700 E1191.07826
G1 F1259.7 X119.599 Y97.6 E1192.40202
G1 X122.4 Y97.6 E1192.49518
G1 X122.4 Y137.4 E1193.81893
G1 X119.599 Y137.4 E1193.91209
G0 F9000 X119.199 Y137.8
;TYPE:WALL-OUTER
G1 F1259.7 X119.199 Y97.2 E1195.26245
G1 X122.8 Y97.2 E1195.38222
G1 X122.8 Y137.8 E1196.73259
G1 X119.199 Y137.8 E1196.85236
G0 F9000 X119.469 Y137.53
G0 X121.077 Y137.32
;TYPE:FILL
G1 F2519.3 X122.319 Y132.683 E1197.01202
G0 F9000 X122.318 Y132.165
G1 F2519.3 X119.679 Y132.873 E1197.1029
G0 F9000 X119.678 Y131.82
G1 F2519.3 X122.32 Y134.462 E1197.22717
G0 F9000 X119.679 Y126.661
G1 F2519.3 X122.319 Y125.954 E1197.31807
G1 X122.32 Y125.977
G1 X119.678 Y123.335 E1197.44234
G0 F9000 X119.678 Y120.45
G1 F2519.3 X122.319 Y119.742 E1197.53328
G0 F9000 X122.32 Y117.492
G1 F2519.3 X119.678 Y114.85 E1197.65755
G0 F9000 X119.679 Y114.238
G1 F2519.3 X122.318 Y113.531 E1197.74842
G0 F9000 X122.319 Y109.501
G1 F2519.3 X119.679 Y119.357 E1198.08779
G0 F9000 X122.32 Y109.006
G1 F2519.3 X119.678 Y106.365 E1198.21204
G0 F9000 X119.679 Y108.026
G1 F2519.3 X122.319 Y107.319 E1198.30294
G0 F9000 X119.678 Y101.815
G1 F2519.3 X122.318 Y101.107 E1198.39385
G0 F9000 X122.32 Y100.521
G1 F2519.3 X119.678 Y97.879 E1198.51812
G0 F9000 X119.799 Y97.879
G1 F2700 E1193.51812
;MESH:NONMESH
G0 F300 X119.799 Y97.879 Z22
G0 F9000 X119.599 Y137.4
;TIME_ELAPSED:2032.635862
;LAYER:109
;TYPE:WALL-INNER
;MESH:screenholder-mount.obj
G1 F2700 E1198.51812
G1 F1262.5 X119.599 Y97.6 E1199.84187
G1 X122.4 Y97.6 E1199.93504
G1 X122.4 Y137.4 E1201.25879
G1 X119.599 Y137.4 E1201.35195
G0 F9000 X119.199 Y137.8
;TYPE:WALL-OUTER
G1 F1262.5 X119.199 Y97.2 E1202.70231
G1 X122.8 Y97.2 E1202.82208
G1 X122.8 Y137.8 E1204.17244
G1 X119.199 Y137.8 E1204.29221
G0 F9000 X119.469 Y137.53
G0 X120.93 Y137.32
;TYPE:FILL
G1 F2525 X122.319 Y132.135 E1204.47075
G1 X122.319 Y132.312
G1 X119.679 Y133.02 E1204.56166
G0 F9000 X119.678 Y131.62
G1 F2525 X122.32 Y134.261 E1204.6859
G0 F9000 X119.679 Y126.808
G1 F2525 X122.319 Y126.101 E1204.77681
G0 F9000 X122.32 Y125.776
G1 F2525 X119.678 Y123.134 E1204.90108
G0 F9000 X119.678 Y120.597
G1 F2525 X122.318 Y119.889 E1204.99199
G0 F9000 X122.32 Y117.291
G1 F2525 X119.678 Y114.649 E1205.11626
G0 F9000 X119.679 Y114.385
G1 F2525 X122.318 Y113.678 E1205.20713
G0 F9000 X122.319 Y108.953
G1 F2525 X119.679 Y118.808 E1205.54646
G0 F9000 X122.32 Y108.806
G1 F2525 X119.678 Y106.164 E1205.67073
G0 F9000 X119.679 Y108.173
G1 F2525 X122.319 Y107.466 E1205.76164
G0 F9000 X119.678 Y101.962
G1 F2525 X122.318 Y101.254 E1205.85255
G0 F9000 X122.32 Y100.32
G1 F2525 X119.679 Y97.68 E1205.97675
G0 F9000 X119.799 Y97.8
G1 F2700 E1200.97675
;MESH:NONMESH
G0 F300 X119.799 Y97.8 Z22.2
G0 F9000 X119.599 Y137.4
;TIME_ELAPSED:2045.663341
;LAYER:110
;TYPE:WALL-INNER
;MESH:screenholder-mount.obj
G1 F2700 E1205.97675
G1 F1256.3 X119.599 Y97.6 E1207.3005
G1 X122.4 Y97.6 E1207.39366
G1 X122.4 Y137.4 E1208.71741
G1 X119.599 Y137.4 E1208.81058
G0 F9000 X119.199 Y137.8
;TYPE:WALL-OUTER
G1 F1256.3 X119.199 Y97.2 E1210.16094
G1 X122.8 Y97.2 E1210.28071
G1 X122.8 Y137.8 E1211.63107
G1 X119.199 Y137.8 E1211.75084
G0 F9000 X119.469 Y137.53
G0 X120.784 Y137.32
;TYPE:FILL
G1 F2512.6 X122.319 Y131.59 E1211.94814
G0 F9000 X122.318 Y132.458
G1 F2512.6 X119.678 Y133.166 E1212.03905
G0 F9000 X119.678 Y131.42
G1 F2512.6 X122.32 Y134.062 E1212.16332
G0 F9000 X119.679 Y126.954
G1 F2512.6 X122.319 Y126.247 E1212.25422
G0 F9000 X122.32 Y125.577
G1 F2512.6 X119.678 Y122.935 E1212.37849
G0 F9000 X119.679 Y120.742
G1 F2512.6 X122.319 Y120.035 E1212.46939
G0 F9000 X122.32 Y117.091
G1 F2512.6 X119.678 Y114.45 E1212.59364
G1 X119.678 Y114.531
G1 X122.318 Y113.824 E1212.68454
G0 F9000 X119.679 Y118.263
G1 F2512.6 X122.319 Y108.408 E1213.02388
G1 X122.32 Y108.606
G1 X119.678 Y105.964 E1213.14815
G0 F9000 X119.679 Y108.319
G1 F2512.6 X122.319 Y107.612 E1213.23905
G0 F9000 X119.678 Y102.108
G1 F2512.6 X122.319 Y101.4 E1213.32999
G0 F9000 X122.32 Y100.121
G1 F2512.6 X119.879 Y97.68 E1213.44481
G0 F9000 X119.879 Y97.8
G1 F2700 E1208.44481
;MESH:NONMESH
G0 F300 X119.879 Y97.8 Z22.4
G0 F9000 X119.599 Y137.4
;TIME_ELAPSED:2058.588500
;LAYER:111
;TYPE:WALL-INNER
;MESH:screenholder-mount.obj
G1 F2700 E1213.44481
G1 F1255.6 X119.599 Y97.6 E1214.76856
G1 X122.4 Y97.6 E1214.86173
G1 X122.4 Y137.4 E1216.18548
G1 X119.599 Y137.4 E1216.27864
G0 F9000 X119.199 Y137.8
;TYPE:WALL-OUTER
G1 F1255.6 X119.199 Y97.2 E1217.629
G1 X122.8 Y97.2 E1217.74877
G1 X122.8 Y137.8 E1219.09913
G1 X119.199 Y137.8 E1219.2189
G0 F9000 X119.469 Y137.53
G0 X120.637 Y137.32
;TYPE:FILL
G1 F2511.2 X122.319 Y131.041 E1219.43511
G0 F9000 X122.318 Y132.605
G1 F2511.2 X119.678 Y133.313 E1219.52602
G0 F9000 X119.678 Y131.219
G1 F2511.2 X122.32 Y133.861 E1219.65029
G0 F9000 X119.679 Y127.101
G1 F2511.2 X122.319 Y126.394 E1219.74119
G0 F9000 X122.32 Y125.376
G1 F2511.2 X119.678 Y122.734 E1219.86546
G0 F9000 X119.679 Y120.889
G1 F2511.2 X122.319 Y120.182 E1219.95636
G0 F9000 X122.32 Y116.891
G1 F2511.2 X119.678 Y114.249 E1220.08063
G0 F9000 X119.678 Y114.678
G1 F2511.2 X122.318 Y113.971 E1220.17153
G0 F9000 X119.679 Y117.715
G1 F2511.2 X122.319 Y107.859 E1220.5109
G1 X122.319 Y107.759
G1 X119.679 Y108.466 E1220.6018
G0 F9000 X122.32 Y108.405
G1 F2511.2 X119.678 Y105.764 E1220.72605
G0 F9000 X119.678 Y102.255
G1 F2511.2 X122.318 Y101.547 E1220.81696
G0 F9000 X122.32 Y99.92
G1 F2511.2 X120.08 Y97.68 E1220.92232
G0 F9000 X120.08 Y97.8
G1 F2700 E1215.92232
;MESH:NONMESH
G0 F300 X120.08 Y97.8 Z22.6
G0 F9000 X119.599 Y137.4
;TIME_ELAPSED:2071.522189
;LAYER:112
;TYPE:WALL-INNER
;MESH:screenholder-mount.obj
G1 F2700 E1220.92232
G1 F1257.3 X119.599 Y97.6 E1222.24608
G1 X122.4 Y97.6 E1222.33924
G1 X122.4 Y137.4 E1223.66299
G1 X119.599 Y137.4 E1223.75615
G0 F9000 X119.199 Y137.8
;TYPE:WALL-OUTER
G1 F1257.3 X119.199 Y97.2 E1225.10651
G1 X122.8 Y97.2 E1225.22628
G1 X122.8 Y137.8 E1226.57665
G1 X119.199 Y137.8 E1226.69642
G0 F9000 X119.469 Y137.53
G0 X120.491 Y137.319
;TYPE:FILL
G1 F2514.7 X122.319 Y130.497 E1226.93132
G0 F9000 X122.319 Y132.751
G1 F2514.7 X119.679 Y133.459 E1227.02223
G0 F9000 X119.678 Y131.02
G1 F2514.7 X122.32 Y133.662 E1227.1465
G0 F9000 X119.679 Y127.247
G1 F2514.7 X122.318 Y126.54 E1227.23737
G0 F9000 X122.32 Y125.176
G1 F2514.7 X119.678 Y122.535 E1227.36162
G0 F9000 X119.679 Y121.035
G1 F2514.7 X122.319 Y120.328 E1227.45252
G0 F9000 X122.32 Y116.691
G1 F2514.7 X119.678 Y114.049 E1227.57679
G0 F9000 X119.678 Y114.824
G1 F2514.7 X122.318 Y114.117 E1227.66769
G0 F9000 X119.678 Y117.17
G1 F2514.7 X122.319 Y107.315 E1228.00704
G0 F9000 X122.318 Y107.905
G1 F2514.7 X119.678 Y108.612 E1228.09794
G0 F9000 X122.32 Y108.206
G1 F2514.7 X119.678 Y105.564 E1228.22221
G0 F9000 X119.678 Y102.401
G1 F2514.7 X122.319 Y101.693 E1228.31315
G0 F9000 X122.32 Y99.721
G1 F2514.7 X120.279 Y97.68 E1228.40915
G0 F9000 X120.279 Y97.8
G1 F2700 E1223.40915
;MESH:NONMESH
G0 F300 X120.279 Y97.8 Z22.8
G0 F9000 X119.599 Y137.4
;TIME_ELAPSED:2084.544820
;LAYER:113
;TYPE:WALL-INNER
;MESH:screenholder-mount.obj
G1 F2700 E1228.40915
G1 F1264 X119.599 Y97.6 E1229.73291
G1 X122.4 Y97.6 E1229.82607
G1 X122.4 Y137.4 E1231.14982
G1 X119.599 Y137.4 E1231.24298
G0 F9000 X119.199 Y137.8
;TYPE:WALL-OUTER
G1 F1264 X119.199 Y97.2 E1232.59334
G1 X122.8 Y97.2 E1232.71311
G1 X122.8 Y137.8 E1234.06348
G1 X119.199 Y137.8 E1234.18325
G0 F9000 X119.469 Y137.53
G0 X120.344 Y137.319
;TYPE:FILL
G1 F2528 X122.319 Y129.948 E1234.43705
G0 F9000 X119.678 Y130.819
G1 F2528 X122.32 Y133.461 E1234.56133
G0 F9000 X122.319 Y132.898
G1 F2528 X119.679 Y133.606 E1234.65223
G0 F9000 X119.679 Y127.394
G1 F2528 X122.318 Y126.687 E1234.7431
G0 F9000 X122.32 Y124.976
G1 F2528 X119.678 Y122.334 E1234.86738
G0 F9000 X119.679 Y121.182
G1 F2528 X122.319 Y120.475 E1234.95828
G0 F9000 X122.32 Y116.49
G1 F2528 X119.678 Y113.849 E1235.08252
G0 F9000 X119.678 Y114.971
G1 F2528 X122.318 Y114.264 E1235.17342
G0 F9000 X119.678 Y116.621
G1 F2528 X122.319 Y106.766 E1235.51277
G0 F9000 X122.32 Y108.005
G1 F2528 X119.678 Y105.363 E1235.63704
G0 F9000 X119.678 Y102.548
G1 F2528 X122.319 Y101.84 E1235.72798
G0 F9000 X122.32 Y99.52
G1 F2528 X120.48 Y97.68 E1235.81453
G0 F9000 X122.318 Y108.052
G1 F2528 X119.679 Y108.759 E1235.9054
G0 F9000 X119.799 Y108.759
;MESH:NONMESH
G0 F300 X119.799 Y108.759 Z23
G0 F9000 X119.599 Y137.4
;TIME_ELAPSED:2097.363712
;LAYER:114
;TYPE:WALL-INNER
;MESH:screenholder-mount.obj
G1 F1258.9 X119.599 Y97.6 E1237.22915
G1 X122.4 Y97.6 E1237.32231
G1 X122.4 Y137.4 E1238.64607
G1 X119.599 Y137.4 E1238.73923
G0 F9000 X119.199 Y137.8
;TYPE:WALL-OUTER
G1 F1258.9 X119.199 Y97.2 E1240.08959
G1 X122.8 Y97.2 E1240.20936
G1 X122.8 Y137.8 E1241.55972
G1 X119.199 Y137.8 E1241.67949
G0 F9000 X119.469 Y137.53
G0 X120.198 Y137.319
;TYPE:FILL
G1 F2517.8 X122.319 Y129.404 E1241.95203
G0 F9000 X122.318 Y126.833
G1 F2517.8 X119.678 Y127.54 E1242.04293
G0 F9000 X119.678 Y130.62
G1 F2517.8 X122.32 Y133.262 E1242.16721
G0 F9000 X122.319 Y133.044
G1 F2517.8 X119.679 Y133.752 E1242.25812
G0 F9000 X122.32 Y124.776
G1 F2517.8 X119.678 Y122.135 E1242.38236
G0 F9000 X119.679 Y121.328
G1 F2517.8 X122.319 Y120.621 E1242.47327
G0 F9000 X122.32 Y116.291
G1 F2517.8 X119.678 Y113.649 E1242.59754
G0 F9000 X119.679 Y115.117
G1 F2517.8 X122.319 Y114.409 E1242.68845
G0 F9000 X119.678 Y116.077
G1 F2517.8 X122.319 Y106.222 E1243.02779
G0 F9000 X122.32 Y107.806
G1 F2517.8 X119.678 Y105.164 E1243.15206
G0 F9000 X119.679 Y102.693
G1 F2517.8 X122.318 Y101.986 E1243.24293
G0 F9000 X122.32 Y99.32
G1 F2517.8 X120.679 Y97.68 E1243.3201
G0 F9000 X122.318 Y108.198
G1 F2517.8 X119.678 Y108.905 E1243.411
G0 F9000 X119.799 Y108.905
;MESH:NONMESH
G0 F300 X119.799 Y108.905 Z23.2
G0 F9000 X119.599 Y137.4
;TIME_ELAPSED:2110.075121
;LAYER:115
;TYPE:WALL-INNER
;MESH:screenholder-mount.obj
G1 F1259.5 X119.599 Y97.6 E1244.73475
G1 X122.4 Y97.6 E1244.82791
G1 X122.4 Y137.4 E1246.15166
G1 X119.599 Y137.4 E1246.24483
G0 F9000 X119.199 Y137.8
;TYPE:WALL-OUTER
G1 F1259.5 X119.199 Y97.2 E1247.59519
G1 X122.8 Y97.2 E1247.71496
G1 X122.8 Y137.8 E1249.06532
G1 X119.199 Y137.8 E1249.18509
G0 F9000 X120.052 Y137.319
;TYPE:FILL
G1 F2519.1 X122.319 Y128.858 E1249.47643
G0 F9000 X122.319 Y126.979
G1 F2519.1 X119.679 Y127.686 E1249.56733
G0 F9000 X119.678 Y130.42
G1 F2519.1 X122.32 Y133.062 E1249.6916
G1 X122.319 Y133.19
G1 X119.679 Y133.898 E1249.78251
G0 F9000 X122.32 Y124.577
G1 F2519.1 X119.678 Y121.935 E1249.90678
G0 F9000 X119.678 Y121.474
G1 F2519.1 X122.318 Y120.767 E1249.99768
G0 F9000 X122.32 Y116.092
G1 F2519.1 X119.678 Y113.45 E1250.12195
G0 F9000 X119.679 Y115.263
G1 F2519.1 X122.319 Y114.555 E1250.21286
G0 F9000 X119.679 Y115.531
G1 F2519.1 X122.319 Y105.677 E1250.55217
G0 F9000 X122.32 Y107.606
G1 F2519.1 X119.678 Y104.965 E1250.67642
G0 F9000 X119.678 Y102.84
G1 F2519.1 X122.318 Y102.132 E1250.76733
G0 F9000 X122.32 Y99.121
G1 F2519.1 X120.879 Y97.68 E1250.83511
G0 F9000 X122.318 Y108.344
G1 F2519.1 X119.678 Y109.051 E1250.92601
G0 F9000 X119.799 Y109.051
;MESH:NONMESH
G0 F300 X119.799 Y109.051 Z23.4
G0 F9000 X119.599 Y137.4
;TIME_ELAPSED:2122.727508
;LAYER:116
;TYPE:WALL-INNER
;MESH:screenholder-mount.obj
G1 F1263.1 X119.599 Y97.6 E1252.24976
G1 X122.4 Y97.6 E1252.34292
G1 X122.4 Y137.4 E1253.66668
G1 X119.599 Y137.4 E1253.75984
G0 F9000 X119.199 Y137.8
;TYPE:WALL-OUTER
G1 F1263.1 X119.199 Y97.2 E1255.1102
G1 X122.8 Y97.2 E1255.22997
G1 X122.8 Y137.8 E1256.58033
G1 X119.199 Y137.8 E1256.7001
G0 F9000 X119.905 Y137.319
;TYPE:FILL
G1 F2526.2 X122.319 Y128.31 E1257.01031
G0 F9000 X122.319 Y127.126
G1 F2526.2 X119.679 Y127.833 E1257.10121
G0 F9000 X119.678 Y130.22
G1 F2526.2 X122.32 Y132.861 E1257.22546
G0 F9000 X122.319 Y133.337
G1 F2526.2 X119.679 Y134.045 E1257.31637
G0 F9000 X122.32 Y124.376
G1 F2526.2 X119.678 Y121.734 E1257.44064
G1 X119.679 Y121.621
G1 X122.318 Y120.914 E1257.53151
G0 F9000 X122.32 Y115.891
G1 F2526.2 X119.678 Y113.249 E1257.65578
G0 F9000 X119.678 Y114.984
G1 F2526.2 X122.319 Y105.128 E1257.99516
G0 F9000 X122.32 Y107.405
G1 F2526.2 X119.678 Y104.764 E1258.11941
G0 F9000 X119.678 Y102.987
G1 F2526.2 X122.318 Y102.279 E1258.21032
G0 F9000 X122.32 Y98.92
G1 F2526.2 X121.08 Y97.68 E1258.26864
G0 F9000 X122.318 Y108.491
G1 F2526.2 X119.678 Y109.198 E1258.35954
G0 F9000 X122.319 Y114.702
G1 F2526.2 X119.679 Y115.41 E1258.45045
G0 F9000 X119.799 Y115.41
;MESH:NONMESH
G0 F300 X119.799 Y115.41 Z23.6
G0 F9000 X119.599 Y137.4
;TIME_ELAPSED:2135.349563
;LAYER:117
;TYPE:WALL-INNER
;MESH:screenholder-mount.obj
G1 F1261.1 X119.599 Y97.6 E1259.7742
G1 X122.4 Y97.6 E1259.86737
G1 X122.4 Y137.4 E1261.19112
G1 X119.599 Y137.4 E1261.28428
G0 F9000 X119.199 Y137.8
;TYPE:WALL-OUTER
G1 F1261.1 X119.199 Y97.2 E1262.63464
G1 X122.8 Y97.2 E1262.75441
G1 X122.8 Y137.8 E1264.10477
G1 X119.199 Y137.8 E1264.22454
G0 F9000 X119.759 Y137.32
;TYPE:FILL
G1 F2522.3 X122.319 Y127.765 E1264.55355
G0 F9000 X122.319 Y127.272
G1 F2522.3 X119.679 Y127.979 E1264.64445
G0 F9000 X119.678 Y130.02
G1 F2522.3 X122.32 Y132.662 E1264.76873
G0 F9000 X122.319 Y133.483
G1 F2522.3 X119.679 Y134.191 E1264.85964
G0 F9000 X122.32 Y124.177
G1 F2522.3 X119.678 Y121.535 E1264.98391
G0 F9000 X119.678 Y121.767
G1 F2522.3 X122.318 Y121.06 E1265.07481
G0 F9000 X122.32 Y115.691
G1 F2522.3 X119.678 Y113.05 E1265.19906
G0 F9000 X119.679 Y114.438
G1 F2522.3 X122.319 Y104.584 E1265.53836
G0 F9000 X122.318 Y102.425
G1 F2522.3 X119.678 Y103.133 E1265.62927
G0 F9000 X119.678 Y104.564
G1 F2522.3 X122.32 Y107.206 E1265.75354
G0 F9000 X122.319 Y108.637
G1 F2522.3 X119.678 Y109.344 E1265.84447
G0 F9000 X122.319 Y114.848
G1 F2522.3 X119.679 Y115.556 E1265.93538
G0 F9000 X122.32 Y98.721
G1 F2522.3 X121.279 Y97.68 E1265.98435
G0 F9000 X121.279 Y97.8
G1 F2700 E1260.98435
;MESH:NONMESH
G0 F300 X121.279 Y97.8 Z23.8
G0 F9000 X119.599 Y137.4
;TIME_ELAPSED:2148.306880
;LAYER:118
;TYPE:WALL-INNER
;MESH:screenholder-mount.obj
G1 F2700 E1265.98435
G1 F1277.2 X119.599 Y97.6 E1267.3081
G1 X122.4 Y97.6 E1267.40126
G1 X122.4 Y137.4 E1268.72502
G1 X119.599 Y137.4 E1268.81818
G0 F9000 X119.199 Y137.8
;TYPE:WALL-OUTER
G1 F1277.2 X119.199 Y97.2 E1270.16854
G1 X122.8 Y97.2 E1270.28831
G1 X122.8 Y137.8 E1271.63867
G1 X119.199 Y137.8 E1271.75844
G0 F9000 X119.679 Y137.071
;TYPE:FILL
G1 F2554.3 X122.319 Y127.216 E1272.09778
G0 F9000 X122.319 Y127.419
G1 F2554.3 X119.679 Y128.126 E1272.18868
G0 F9000 X119.678 Y129.819
G1 F2554.3 X122.32 Y132.461 E1272.31295
G0 F9000 X122.319 Y133.63
G1 F2554.3 X119.679 Y134.338 E1272.40386
G0 F9000 X122.32 Y123.976
G1 F2554.3 X119.678 Y121.334 E1272.52813
G0 F9000 X119.678 Y121.914
G1 F2554.3 X122.318 Y121.207 E1272.61903
G0 F9000 X122.32 Y115.491
G1 F2554.3 X119.678 Y112.849 E1272.7433
G0 F9000 X119.679 Y113.889
G1 F2554.3 X122.319 Y104.035 E1273.08261
G0 F9000 X122.318 Y102.572
G1 F2554.3 X119.678 Y103.28 E1273.17352
G0 F9000 X119.678 Y104.364
G1 F2554.3 X122.32 Y107.005 E1273.29776
G0 F9000 X122.319 Y108.784
G1 F2554.3 X119.678 Y109.491 E1273.3887
G0 F9000 X122.319 Y114.995
G1 F2554.3 X119.679 Y115.703 E1273.47961
G0 F9000 X122.32 Y98.52
G1 F2554.3 X121.48 Y97.68 E1273.51912
G0 F9000 X121.48 Y97.8
G1 F2700 E1268.51912
;MESH:NONMESH
G0 F300 X121.48 Y97.8 Z24
G0 F9000 X119.599 Y137.4
;TIME_ELAPSED:2161.350998
;LAYER:119
;TYPE:WALL-INNER
;MESH:screenholder-mount.obj
G1 F2700 E1273.51912
G1 F1277.7 X119.599 Y97.6 E1274.84287
G1 X122.4 Y97.6 E1274.93603
G1 X122.4 Y137.4 E1276.25979
G1 X119.599 Y137.4 E1276.35295
G0 F9000 X119.199 Y137.8
;TYPE:WALL-OUTER
G1 F1277.7 X119.199 Y97.2 E1277.70331
G1 X122.8 Y97.2 E1277.82308
G1 X122.8 Y137.8 E1279.17344
G1 X119.199 Y137.8 E1279.29321
G0 F9000 X119.469 Y137.53
G0 X119.679 Y136.526
;TYPE:FILL
G1 F2555.3 X122.319 Y126.671 E1279.63255
G0 F9000 X122.319 Y127.565
G1 F2555.3 X119.679 Y128.272 E1279.72345
G0 F9000 X119.678 Y129.62
G1 F2555.3 X122.32 Y132.262 E1279.84772
G0 F9000 X122.318 Y133.776
G1 F2555.3 X119.679 Y134.484 E1279.9386
G0 F9000 X122.32 Y123.776
G1 F2555.3 X119.678 Y121.135 E1280.06284
G0 F9000 X119.679 Y122.06
G1 F2555.3 X122.319 Y121.353 E1280.15375
G0 F9000 X122.32 Y115.291
G1 F2555.3 X119.678 Y112.649 E1280.27802
G0 F9000 X119.679 Y113.345
G1 F2555.3 X122.319 Y103.49 E1280.61735
G0 F9000 X122.318 Y102.718
G1 F2555.3 X119.678 Y103.426 E1280.70826
G0 F9000 X119.678 Y104.164
G1 F2555.3 X122.32 Y106.806 E1280.83253
G0 F9000 X122.319 Y108.93
G1 F2555.3 X119.679 Y109.637 E1280.92344
G0 F9000 X122.318 Y115.141
G1 F2555.3 X119.678 Y115.849 E1281.01434
G0 F9000 X122.32 Y98.321
G1 F2555.3 X121.679 Y97.68 E1281.0445
G0 F9000 X121.679 Y97.8
G1 F2700 E1276.0445
;MESH:NONMESH
G0 F300 X121.679 Y97.8 Z24.2
G0 F9000 X119.599 Y137.4
;TIME_ELAPSED:2174.429392
;LAYER:120
;TYPE:WALL-INNER
;MESH:screenholder-mount.obj
G1 F2700 E1281.0445
G1 F1267.7 X119.599 Y97.6 E1282.36825
G1 X122.4 Y97.6 E1282.46141
G1 X122.4 Y137.4 E1283.78516
G1 X119.599 Y137.4 E1283.87833
G0 F9000 X119.199 Y137.8
;TYPE:WALL-OUTER
G1 F1267.7 X119.199 Y97.2 E1285.22869
G1 X122.8 Y97.2 E1285.34846
G1 X122.8 Y137.8 E1286.69882
G1 X119.199 Y137.8 E1286.81859
G0 F9000 X119.469 Y137.53
G0 X119.679 Y135.981
;TYPE:FILL
G1 F2535.4 X122.319 Y126.127 E1287.15789
G0 F9000 X122.319 Y127.711
G1 F2535.4 X119.679 Y128.418 E1287.24879
G0 F9000 X119.678 Y129.421
G1 F2535.4 X122.32 Y132.062 E1287.37304
G0 F9000 X122.319 Y133.922
G1 F2535.4 X119.679 Y134.629 E1287.46394
G0 F9000 X122.32 Y123.577
G1 F2535.4 X119.678 Y120.935 E1287.58821
G0 F9000 X119.679 Y122.206
G1 F2535.4 X122.319 Y121.499 E1287.67911
G0 F9000 X119.678 Y115.995
G1 F2535.4 X122.318 Y115.287 E1287.77002
G1 X122.32 Y115.092
G1 X119.678 Y112.45 E1287.8943
G0 F9000 X119.678 Y112.8
G1 F2535.4 X122.319 Y102.945 E1288.23364
G1 X122.319 Y102.864
G1 X119.678 Y103.572 E1288.32458
G0 F9000 X119.678 Y103.965
G1 F2535.4 X122.32 Y106.606 E1288.44883
G0 F9000 X122.318 Y109.076
G1 F2535.4 X119.679 Y109.783 E1288.5397
G0 F9000 X122.32 Y98.121
G1 F2535.4 X121.879 Y97.68 E1288.56044
G0 F9000 X121.879 Y97.8
G1 F2700 E1283.56044
;MESH:NONMESH
G0 F300 X121.879 Y97.8 Z24.4
G0 F9000 X119.599 Y137.4
;TIME_ELAPSED:2187.289314
;LAYER:121
;TYPE:WALL-INNER
;MESH:screenholder-mount.obj
G1 F2700 E1288.56044
G1 F1301 X119.599 Y97.6 E1289.88419
G1 X122.4 Y97.6 E1289.97736
G1 X122.4 Y137.4 E1291.30111
G1 X119.599 Y137.4 E1291.39427
G0 F9000 X119.199 Y137.8
;TYPE:WALL-OUTER
G1 F1301 X119.199 Y97.2 E1292.74463
G1 X122.8 Y97.2 E1292.8644
G1 X122.8 Y137.8 E1294.21476
G1 X119.199 Y137.8 E1294.33453
G0 F9000 X119.469 Y137.53
G0 X119.679 Y135.433
;TYPE:FILL
G1 F2602.1 X122.319 Y125.578 E1294.67387
G0 F9000 X122.32 Y123.376
G1 F2602.1 X119.678 Y120.734 E1294.79814
G0 F9000 X119.679 Y122.353
G1 F2602.1 X122.319 Y121.646 E1294.88904
G0 F9000 X119.678 Y116.142
G1 F2602.1 X122.318 Y115.434 E1294.97995
G0 F9000 X122.32 Y114.891
G1 F2602.1 X119.678 Y112.249 E1295.10422
G1 X119.678 Y112.252
G1 X122.319 Y102.396 E1295.4436
G0 F9000 X122.319 Y103.011
G1 F2602.1 X119.678 Y103.719 E1295.53454
G1 X119.678 Y103.764
G1 X122.32 Y106.406 E1295.65881
G0 F9000 X122.318 Y109.223
G1 F2602.1 X119.679 Y109.93 E1295.74968
G0 F9000 X122.32 Y97.92
G1 F2602.1 X122.079 Y97.68 E1295.76099
G1 F2700 E1290.76099
G0 F9000 X122.319 Y127.858
G1 F2700 E1295.76099
G1 F2602.1 X119.679 Y128.565 E1295.8519
G0 F9000 X119.678 Y129.22
G1 F2602.1 X122.32 Y131.861 E1295.97614
G0 F9000 X122.319 Y134.069
G1 F2602.1 X119.679 Y134.776 E1296.06704
G0 F9000 X119.799 Y134.776
;MESH:NONMESH
G0 F300 X119.799 Y134.776 Z24.6
G0 F9000 X119.599 Y137.4
;TIME_ELAPSED:2199.916923
;LAYER:122
;TYPE:WALL-INNER
;MESH:screenholder-mount.obj
G1 F1228.2 X119.599 Y97.6 E1297.3908
G1 X122.4 Y97.6 E1297.48396
G1 X122.4 Y137.4 E1298.80771
G1 X119.599 Y137.4 E1298.90087
G0 F9000 X119.199 Y137.8
;TYPE:WALL-OUTER
G1 F1228.2 X119.199 Y97.2 E1300.25124
G1 X122.8 Y97.2 E1300.37101
G1 X122.8 Y137.8 E1301.72137
G1 X119.199 Y137.8 E1301.84114
G0 F9000 X119.469 Y137.53
G0 X119.679 Y134.923
;TYPE:FILL
G1 F2456.3 X122.319 Y134.215 E1301.93205
G0 F9000 X122.32 Y131.662
G1 F2456.3 X119.678 Y129.02 E1302.05632
G0 F9000 X119.678 Y128.711
G1 F2456.3 X122.318 Y128.004 E1302.14722
G0 F9000 X122.319 Y125.034
G1 F2456.3 X119.679 Y134.888 E1302.48652
G0 F9000 X122.32 Y123.177
G1 F2456.3 X119.678 Y120.535 E1302.61079
G0 F9000 X119.679 Y122.499
G1 F2456.3 X122.319 Y121.792 E1302.7017
G0 F9000 X119.678 Y116.288
G1 F2456.3 X122.319 Y115.58 E1302.79264
G0 F9000 X122.32 Y114.692
G1 F2456.3 X119.678 Y112.05 E1302.91691
G0 F9000 X119.678 Y111.707
G1 F2456.3 X122.319 Y101.852 E1303.25625
G0 F9000 X122.319 Y103.157
G1 F2456.3 X119.679 Y103.864 E1303.34715
G0 F9000 X119.678 Y103.564
G1 F2456.3 X122.32 Y106.206 E1303.47143
G0 F9000 X122.318 Y109.369
G1 F2456.3 X119.678 Y110.076 E1303.56233
G0 F9000 X119.799 Y110.076
;MESH:NONMESH
G0 F300 X119.799 Y110.076 Z24.8
G0 F9000 X119.599 Y137.4
;TIME_ELAPSED:2212.468507
;LAYER:123
;TYPE:WALL-INNER
;MESH:screenholder-mount.obj
G1 F1294.3 X119.599 Y97.6 E1304.88608
G1 X122.4 Y97.6 E1304.97924
G1 X122.4 Y137.4 E1306.30299
G1 X119.599 Y137.4 E1306.39616
G0 F9000 X119.199 Y137.8
;TYPE:WALL-OUTER
G1 F1294.3 X119.199 Y97.2 E1307.74652
G1 X122.8 Y97.2 E1307.86629
G1 X122.8 Y137.8 E1309.21665
G1 X119.199 Y137.8 E1309.33642
G0 F9000 X119.469 Y137.53
G0 X119.679 Y135.07
;TYPE:FILL
G1 F2588.6 X122.319 Y134.362 E1309.42733
G0 F9000 X119.679 Y134.339
G1 F2588.6 X122.319 Y124.485 E1309.76663
G0 F9000 X122.32 Y122.976
G1 F2588.6 X119.678 Y120.334 E1309.8909
G0 F9000 X119.679 Y122.646
G1 F2588.6 X122.319 Y121.939 E1309.9818
G0 F9000 X119.678 Y116.435
G1 F2588.6 X122.319 Y115.727 E1310.07275
G0 F9000 X122.32 Y114.491
G1 F2588.6 X119.678 Y111.849 E1310.19702
G0 F9000 X119.678 Y111.158
G1 F2588.6 X122.319 Y101.303 E1310.53636
G0 F9000 X122.319 Y103.304
G1 F2588.6 X119.679 Y104.011 E1310.62726
G0 F9000 X119.678 Y103.364
G1 F2588.6 X122.32 Y106.005 E1310.75151
G0 F9000 X122.318 Y109.516
G1 F2588.6 X119.678 Y110.223 E1310.84241
G0 F9000 X119.678 Y97.8
G1 F2588.6 X120.13 Y97.679 E1310.85798
G1 F2700 E1305.85798
G0 F9000 X122.318 Y128.151
G1 F2700 E1310.85798
G1 F2588.6 X119.679 Y128.858 E1310.94884
G1 X119.678 Y128.82
G1 X122.32 Y131.461 E1311.07309
G0 F9000 X122.2 Y131.461
;MESH:NONMESH
G0 F300 X122.2 Y131.461 Z25
G0 F9000 X119.599 Y137.4
;TIME_ELAPSED:2225.241744
;LAYER:124
;TYPE:WALL-INNER
;MESH:screenholder-mount.obj
G1 F1280.1 X119.599 Y97.6 E1312.39685
G1 X122.4 Y97.6 E1312.49001
G1 X122.4 Y137.4 E1313.81376
G1 X119.599 Y137.4 E1313.90692
G0 F9000 X119.199 Y137.8
;TYPE:WALL-OUTER
G1 F1280.1 X119.199 Y97.2 E1315.25728
G1 X122.8 Y97.2 E1315.37705
G1 X122.8 Y137.8 E1316.72741
G1 X119.199 Y137.8 E1316.84718
G0 F9000 X119.892 Y137.319
;TYPE:FILL
G1 F2560.2 X119.678 Y137.105 E1316.85725
G0 F9000 X119.679 Y135.216
G1 F2560.2 X122.319 Y134.508 E1316.94816
G0 F9000 X119.679 Y133.795
G1 F2560.2 X122.319 Y123.94 E1317.2875
G0 F9000 X122.32 Y122.777
G1 F2560.2 X119.678 Y120.135 E1317.41177
G0 F9000 X119.679 Y122.792
G1 F2560.2 X122.318 Y122.085 E1317.50264
G0 F9000 X119.679 Y116.581
G1 F2560.2 X122.319 Y115.873 E1317.59355
G0 F9000 X122.32 Y114.291
G1 F2560.2 X119.678 Y111.65 E1317.71779
G0 F9000 X119.678 Y110.614
G1 F2560.2 X122.319 Y100.758 E1318.05717
G0 F9000 X122.318 Y103.45
G1 F2560.2 X119.679 Y104.157 E1318.14804
G0 F9000 X119.678 Y103.164
G1 F2560.2 X122.32 Y105.806 E1318.27231
G0 F9000 X122.318 Y109.662
G1 F2560.2 X119.678 Y110.369 E1318.36321
G0 F9000 X119.678 Y97.946
G1 F2560.2 X120.675 Y97.679 E1318.39754
G1 F2700 E1313.39754
G0 F9000 X122.319 Y128.296
G1 F2700 E1318.39754
G1 F2560.2 X119.679 Y129.004 E1318.48845
G0 F9000 X119.678 Y128.62
G1 F2560.2 X122.32 Y131.262 E1318.61272
G0 F9000 X122.2 Y131.262
;MESH:NONMESH
G0 F300 X122.2 Y131.262 Z25.2
G0 F9000 X119.599 Y137.4
;TIME_ELAPSED:2238.298038
;LAYER:125
;TYPE:WALL-INNER
;MESH:screenholder-mount.obj
G1 F1257.7 X119.599 Y97.6 E1319.93648
G1 X122.4 Y97.6 E1320.02964
G1 X122.4 Y137.4 E1321.35339
G1 X119.599 Y137.4 E1321.44655
G0 F9000 X119.199 Y137.8
;TYPE:WALL-OUTER
G1 F1257.7 X119.199 Y97.2 E1322.79691
G1 X122.8 Y97.2 E1322.91668
G1 X122.8 Y137.8 E1324.26704
G1 X119.199 Y137.8 E1324.38681
G0 F9000 X119.469 Y137.53
G0 X120.092 Y137.319
;TYPE:FILL
G1 F2515.4 X119.678 Y136.905 E1324.40629
G0 F9000 X119.679 Y135.363
G1 F2515.4 X122.319 Y134.655 E1324.4972
G0 F9000 X119.679 Y133.246
G1 F2515.4 X122.319 Y123.392 E1324.8365
G0 F9000 X122.32 Y122.576
G1 F2515.4 X119.678 Y119.934 E1324.96077
G0 F9000 X119.679 Y122.939
G1 F2515.4 X122.319 Y122.232 E1325.05167
G0 F9000 X119.679 Y116.728
G1 F2515.4 X122.319 Y116.02 E1325.14258
G0 F9000 X122.32 Y114.09
G1 F2515.4 X119.678 Y111.449 E1325.26683
G0 F9000 X119.678 Y110.516
G1 F2515.4 X122.318 Y109.809 E1325.35773
G0 F9000 X119.678 Y110.065
G1 F2515.4 X122.319 Y100.21 E1325.69708
G0 F9000 X121.222 Y97.679
G1 F2515.4 X119.678 Y98.093 E1325.75024
G0 F9000 X119.678 Y102.963
G1 F2515.4 X122.32 Y105.605 E1325.87452
G0 F9000 X122.318 Y103.597
G1 F2515.4 X119.679 Y104.304 E1325.96538
G0 F9000 X119.678 Y128.419
G1 F2515.4 X122.32 Y131.061 E1326.08966
G0 F9000 X122.319 Y128.443
G1 F2515.4 X119.678 Y129.151 E1326.1806
G0 F9000 X119.799 Y129.151
;MESH:NONMESH
G0 F300 X119.799 Y129.151 Z25.4
G0 F9000 X119.599 Y137.4
;TIME_ELAPSED:2251.128739
;LAYER:126
;TYPE:WALL-INNER
;MESH:screenholder-mount.obj
G1 F1256.3 X119.599 Y97.6 E1327.50435
G1 X122.4 Y97.6 E1327.59751
G1 X122.4 Y137.4 E1328.92127
G1 X119.599 Y137.4 E1329.01443
G0 F9000 X119.199 Y137.8
;TYPE:WALL-OUTER
G1 F1256.3 X119.199 Y97.2 E1330.36479
G1 X122.8 Y97.2 E1330.48456
G1 X122.8 Y137.8 E1331.83492
G1 X119.199 Y137.8 E1331.95469
G0 F9000 X119.469 Y137.53
G0 X120.292 Y137.319
;TYPE:FILL
G1 F2512.6 X119.678 Y136.705 E1331.98357
G0 F9000 X119.679 Y135.509
G1 F2512.6 X122.319 Y134.801 E1332.07448
G0 F9000 X119.679 Y132.701
G1 F2512.6 X122.319 Y122.847 E1332.41378
G0 F9000 X119.678 Y123.085
G1 F2512.6 X122.318 Y122.378 E1332.50469
G1 X122.32 Y122.376
G1 X119.678 Y119.735 E1332.62893
G0 F9000 X119.679 Y116.874
G1 F2512.6 X122.319 Y116.166 E1332.71984
G0 F9000 X122.32 Y113.891
G1 F2512.6 X119.678 Y111.249 E1332.84411
G0 F9000 X119.678 Y110.662
G1 F2512.6 X122.319 Y109.955 E1332.93505
G0 F9000 X119.678 Y109.52
G1 F2512.6 X122.319 Y99.665 E1333.27439
G0 F9000 X121.767 Y97.679
G1 F2512.6 X119.679 Y98.239 E1333.34629
G0 F9000 X119.678 Y102.764
G1 F2512.6 X122.32 Y105.406 E1333.47056
G0 F9000 X122.318 Y103.743
G1 F2512.6 X119.678 Y104.45 E1333.56147
G0 F9000 X119.678 Y128.22
G1 F2512.6 X122.32 Y130.862 E1333.68574
G0 F9000 X122.319 Y128.589
G1 F2512.6 X119.679 Y129.297 E1333.77665
G0 F9000 X119.799 Y129.297
;MESH:NONMESH
G0 F300 X119.799 Y129.297 Z25.6
G0 F9000 X119.599 Y137.4
;TIME_ELAPSED:2263.803951
;LAYER:127
;TYPE:WALL-INNER
;MESH:screenholder-mount.obj
G1 F1254.8 X119.599 Y97.6 E1335.1004
G1 X122.4 Y97.6 E1335.19356
G1 X122.4 Y137.4 E1336.51732
G1 X119.599 Y137.4 E1336.61048
G0 F9000 X119.199 Y137.8
;TYPE:WALL-OUTER
G1 F1254.8 X119.199 Y97.2 E1337.96084
G1 X122.8 Y97.2 E1338.08061
G1 X122.8 Y137.8 E1339.43097
G1 X119.199 Y137.8 E1339.55074
G0 F9000 X119.469 Y137.53
G0 X120.491 Y137.319
;TYPE:FILL
G1 F2509.6 X119.678 Y136.506 E1339.58898
G0 F9000 X119.679 Y135.655
G1 F2509.6 X122.318 Y134.947 E1339.67986
G0 F9000 X119.679 Y132.157
G1 F2509.6 X122.319 Y122.302 E1340.01919
G1 X122.32 Y122.177
G1 X119.678 Y119.535 E1340.14347
G0 F9000 X119.679 Y117.02
G1 F2509.6 X122.318 Y116.312 E1340.23434
G0 F9000 X122.32 Y113.692
G1 F2509.6 X119.678 Y111.05 E1340.35861
G0 F9000 X119.679 Y110.808
G1 F2509.6 X122.319 Y110.101 E1340.44952
G0 F9000 X119.679 Y108.975
G1 F2509.6 X122.319 Y99.121 E1340.78882
G0 F9000 X122.312 Y97.679
G1 F2509.6 X119.678 Y98.385 E1340.87952
G0 F9000 X119.678 Y102.565
G1 F2509.6 X122.32 Y105.206 E1341.00377
G0 F9000 X122.318 Y103.889
G1 F2509.6 X119.678 Y104.596 E1341.09467
G0 F9000 X122.319 Y122.524
G1 F2509.6 X119.678 Y123.231 E1341.1856
G0 F9000 X119.678 Y128.02
G1 F2509.6 X122.32 Y130.662 E1341.30987
G0 F9000 X122.319 Y128.736
G1 F2509.6 X119.679 Y129.443 E1341.40077
G0 F9000 X119.799 Y129.443
;MESH:NONMESH
G0 F300 X119.799 Y129.443 Z25.8
G0 F9000 X119.599 Y137.4
;TIME_ELAPSED:2276.425133
;LAYER:128
;TYPE:WALL-INNER
;MESH:screenholder-mount.obj
G1 F1254.3 X119.599 Y97.6 E1342.72453
G1 X122.4 Y97.6 E1342.81769
G1 X122.4 Y137.4 E1344.14144
G1 X119.599 Y137.4 E1344.2346
G0 F9000 X119.199 Y137.8
;TYPE:WALL-OUTER
G1 F1254.3 X119.199 Y97.2 E1345.58496
G1 X122.8 Y97.2 E1345.70473
G1 X122.8 Y137.8 E1347.0551
G1 X119.199 Y137.8 E1347.17487
G0 F9000 X119.469 Y137.53
G0 X120.692 Y137.319
;TYPE:FILL
G1 F2508.7 X119.678 Y136.305 E1347.22256
G0 F9000 X119.679 Y135.802
G1 F2508.7 X122.319 Y135.094 E1347.31347
G0 F9000 X119.679 Y131.608
G1 F2508.7 X122.319 Y121.753 E1347.65281
G0 F9000 X122.32 Y121.976
G1 F2508.7 X119.678 Y119.334 E1347.77708
G0 F9000 X119.679 Y117.167
G1 F2508.7 X122.318 Y116.459 E1347.86796
G0 F9000 X122.32 Y113.491
G1 F2508.7 X119.678 Y110.849 E1347.99223
G1 X119.679 Y110.955
G1 X122.319 Y110.248 E1348.08313
G0 F9000 X119.678 Y108.427
G1 F2508.7 X122.319 Y98.572 E1348.42247
G0 F9000 X122.318 Y97.824
G1 F2508.7 X119.678 Y98.532 E1348.51338
G0 F9000 X119.678 Y102.364
G1 F2508.7 X122.32 Y105.006 E1348.63765
G0 F9000 X122.318 Y104.036
G1 F2508.7 X119.678 Y104.743 E1348.72855
G0 F9000 X122.319 Y122.671
G1 F2508.7 X119.678 Y123.378 E1348.81949
G0 F9000 X119.678 Y127.82
G1 F2508.7 X122.32 Y130.461 E1348.94374
G0 F9000 X122.319 Y128.883
G1 F2508.7 X119.679 Y129.59 E1349.03464
G0 F9000 X119.799 Y129.59
;MESH:NONMESH
G0 F300 X119.799 Y129.59 Z26
G0 F9000 X119.599 Y137.4
;TIME_ELAPSED:2289.040369
;LAYER:129
;TYPE:WALL-INNER
;MESH:screenholder-mount.obj
G1 F1254.9 X119.599 Y97.6 E1350.35839
G1 X122.4 Y97.6 E1350.45155
G1 X122.4 Y137.4 E1351.7753
G1 X119.599 Y137.4 E1351.86847
G0 F9000 X119.199 Y137.8
;TYPE:WALL-OUTER
G1 F1254.9 X119.199 Y97.2 E1353.21883
G1 X122.8 Y97.2 E1353.3386
G1 X122.8 Y137.8 E1354.68896
G1 X119.199 Y137.8 E1354.80873
G0 F9000 X119.469 Y137.53
G0 X120.891 Y137.319
;TYPE:FILL
G1 F2509.8 X119.678 Y136.106 E1354.86578
G1 X119.679 Y135.947
G1 X122.319 Y135.24 E1354.95669
G0 F9000 X119.679 Y131.064
G1 F2509.8 X122.319 Y121.208 E1355.29605
G0 F9000 X122.32 Y121.777
G1 F2509.8 X119.678 Y119.135 E1355.42033
G0 F9000 X119.678 Y117.313
G1 F2509.8 X122.318 Y116.605 E1355.51123
G0 F9000 X122.32 Y113.291
G1 F2509.8 X119.678 Y110.65 E1355.63548
G0 F9000 X119.679 Y111.101
G1 F2509.8 X122.319 Y110.394 E1355.72638
G0 F9000 X119.678 Y107.882
G1 F2509.8 X122.319 Y98.026 E1356.06576
G1 X122.318 Y97.97
G1 X119.678 Y98.678 E1356.15667
G0 F9000 X119.678 Y102.164
G1 F2509.8 X122.32 Y104.806 E1356.28094
G0 F9000 X122.319 Y104.182
G1 F2509.8 X119.678 Y104.889 E1356.37187
G0 F9000 X122.319 Y122.817
G1 F2509.8 X119.679 Y123.524 E1356.46278
G0 F9000 X119.678 Y127.62
G1 F2509.8 X122.32 Y130.262 E1356.58705
G0 F9000 X122.319 Y129.029
G1 F2509.8 X119.679 Y129.736 E1356.67795
G0 F9000 X119.799 Y129.736
;MESH:NONMESH
G0 F300 X119.799 Y129.736 Z26.2
G0 F9000 X119.599 Y137.4
;TIME_ELAPSED:2301.607016
;LAYER:130
;TYPE:WALL-INNER
;MESH:screenholder-mount.obj
G1 F1256.9 X119.599 Y97.6 E1358.0017
G1 X122.4 Y97.6 E1358.09486
G1 X122.4 Y137.4 E1359.41862
G1 X119.599 Y137.4 E1359.51178
G0 F9000 X119.199 Y137.8
;TYPE:WALL-OUTER
G1 F1256.9 X119.199 Y97.2 E1360.86214
G1 X122.8 Y97.2 E1360.98191
G1 X122.8 Y137.8 E1362.33227
G1 X119.199 Y137.8 E1362.45204
G0 F9000 X119.469 Y137.53
G0 X119.678 Y136.095
;TYPE:FILL
G1 F2513.9 X122.318 Y135.387 E1362.54295
G0 F9000 X121.092 Y137.319
G1 F2513.9 X119.678 Y135.905 E1362.60946
G0 F9000 X119.679 Y130.515
G1 F2513.9 X122.319 Y120.66 E1362.9488
G0 F9000 X122.32 Y121.576
G1 F2513.9 X119.678 Y118.934 E1363.07307
G0 F9000 X119.678 Y117.46
G1 F2513.9 X122.318 Y116.752 E1363.16398
G0 F9000 X122.32 Y113.091
G1 F2513.9 X119.678 Y110.449 E1363.28825
G0 F9000 X119.679 Y111.248
G1 F2513.9 X122.319 Y110.541 E1363.37915
G0 F9000 X119.679 Y107.333
G1 F2513.9 X122.266 Y97.678 E1363.7116
G0 F9000 X122.318 Y98.117
G1 F2513.9 X119.678 Y98.825 E1363.80251
G0 F9000 X119.678 Y101.964
G1 F2513.9 X122.32 Y104.605 E1363.92676
G0 F9000 X122.319 Y104.329
G1 F2513.9 X119.678 Y105.036 E1364.01769
G0 F9000 X122.319 Y122.964
G1 F2513.9 X119.679 Y123.671 E1364.1086
G0 F9000 X119.678 Y127.419
G1 F2513.9 X122.32 Y130.061 E1364.23287
G0 F9000 X122.319 Y129.176
G1 F2513.9 X119.679 Y129.883 E1364.32377
G0 F9000 X119.799 Y129.883
;MESH:NONMESH
G0 F300 X119.799 Y129.883 Z26.4
G0 F9000 X119.599 Y137.4
;TIME_ELAPSED:2314.311104
;LAYER:131
;TYPE:WALL-INNER
;MESH:screenholder-mount.obj
G1 F1255.6 X119.599 Y97.6 E1365.64752
G1 X122.4 Y97.6 E1365.74068
G1 X122.4 Y137.4 E1367.06444
G1 X119.599 Y137.4 E1367.1576
G0 F9000 X119.199 Y137.8
;TYPE:WALL-OUTER
G1 F1255.6 X119.199 Y97.2 E1368.50796
G1 X122.8 Y97.2 E1368.62773
G1 X122.8 Y137.8 E1369.97809
G1 X119.199 Y137.8 E1370.09786
G0 F9000 X119.469 Y137.53
G0 X119.679 Y136.24
;TYPE:FILL
G1 F2511.2 X122.319 Y135.533 E1370.18876
G0 F9000 X121.292 Y137.319
G1 F2511.2 X119.678 Y135.705 E1370.26468
G0 F9000 X119.679 Y130.029
G1 F2511.2 X122.318 Y129.322 E1370.35555
G0 F9000 X122.32 Y129.862
G1 F2511.2 X119.678 Y127.22 E1370.47982
G0 F9000 X119.679 Y129.969
G1 F2511.2 X122.319 Y120.115 E1370.81912
G0 F9000 X122.32 Y121.377
G1 F2511.2 X119.678 Y118.735 E1370.9434
G0 F9000 X119.678 Y117.606
G1 F2511.2 X122.319 Y116.898 E1371.03434
G0 F9000 X122.32 Y112.891
G1 F2511.2 X119.678 Y110.249 E1371.15861
G0 F9000 X119.678 Y111.394
G1 F2511.2 X122.318 Y110.687 E1371.24951
G0 F9000 X119.678 Y106.788
G1 F2511.2 X122.12 Y97.678 E1371.56321
G0 F9000 X122.318 Y98.263
G1 F2511.2 X119.678 Y98.971 E1371.65412
G0 F9000 X119.678 Y101.764
G1 F2511.2 X122.32 Y104.406 E1371.77839
G1 X122.319 Y104.475
G1 X119.679 Y105.182 E1371.86929
G0 F9000 X122.319 Y123.11
G1 F2511.2 X119.679 Y123.817 E1371.96019
G0 F9000 X119.799 Y123.817
;MESH:NONMESH
G0 F300 X119.799 Y123.817 Z26.6
G0 F9000 X119.599 Y137.4
;TIME_ELAPSED:2327.064463
;LAYER:132
;TYPE:WALL-INNER
;MESH:screenholder-mount.obj
G1 F1260.3 X119.599 Y97.6 E1373.28394
G1 X122.4 Y97.6 E1373.3771
G1 X122.4 Y137.4 E1374.70086
G1 X119.599 Y137.4 E1374.79402
G0 F9000 X119.199 Y137.8
;TYPE:WALL-OUTER
G1 F1260.3 X119.199 Y97.2 E1376.14438
G1 X122.8 Y97.2 E1376.26415
G1 X122.8 Y137.8 E1377.61451
G1 X119.199 Y137.8 E1377.73428
G0 F9000 X119.469 Y137.53
G0 X119.679 Y136.387
;TYPE:FILL
G1 F2520.7 X122.319 Y135.68 E1377.82518
G0 F9000 X121.492 Y137.319
G1 F2520.7 X119.678 Y135.504 E1377.91053
G0 F9000 X119.679 Y130.176
G1 F2520.7 X122.318 Y129.469 E1378.0014
G1 X122.32 Y129.661
G1 X119.678 Y127.019 E1378.12567
G0 F9000 X119.679 Y129.422
G1 F2520.7 X122.319 Y119.566 E1378.46504
G0 F9000 X122.32 Y121.176
G1 F2520.7 X119.678 Y118.534 E1378.58931
G0 F9000 X119.678 Y117.753
G1 F2520.7 X122.318 Y117.045 E1378.68022
G0 F9000 X122.32 Y112.69
G1 F2520.7 X119.678 Y110.049 E1378.80447
G0 F9000 X119.679 Y111.541
G1 F2520.7 X122.318 Y110.834 E1378.89534
G0 F9000 X119.678 Y106.24
G1 F2520.7 X121.973 Y97.678 E1379.19016
G0 F9000 X122.318 Y98.41
G1 F2520.7 X119.678 Y99.118 E1379.28107
G0 F9000 X119.678 Y101.563
G1 F2520.7 X122.32 Y104.205 E1379.40534
G0 F9000 X122.319 Y104.622
G1 F2520.7 X119.679 Y105.329 E1379.49625
G0 F9000 X122.319 Y123.257
G1 F2520.7 X119.679 Y123.964 E1379.58715
G0 F9000 X119.799 Y123.964
;MESH:NONMESH
G0 F300 X119.799 Y123.964 Z26.8
G0 F9000 X119.599 Y137.4
;TIME_ELAPSED:2339.791622
;LAYER:133
;TYPE:WALL-INNER
;MESH:screenholder-mount.obj
G1 F1252.1 X119.599 Y97.6 E1380.9109
G1 X122.4 Y97.6 E1381.00406
G1 X122.4 Y137.4 E1382.32781
G1 X119.599 Y137.4 E1382.42098
G0 F9000 X119.199 Y137.8
;TYPE:WALL-OUTER
G1 F1252.1 X119.199 Y97.2 E1383.77134
G1 X122.8 Y97.2 E1383.89111
G1 X122.8 Y137.8 E1385.24147
G1 X119.199 Y137.8 E1385.36124
G0 F9000 X119.469 Y137.53
G0 X119.679 Y136.533
;TYPE:FILL
G1 F2504.2 X122.319 Y135.826 E1385.45214
G0 F9000 X121.692 Y137.319
G1 F2504.2 X119.678 Y135.305 E1385.54687
G0 F9000 X119.678 Y130.322
G1 F2504.2 X122.318 Y129.615 E1385.63777
G1 X122.32 Y129.462
G1 X119.678 Y126.82 E1385.76204
G0 F9000 X119.679 Y128.876
G1 F2504.2 X122.319 Y119.022 E1386.10135
G0 F9000 X122.319 Y117.191
G1 F2504.2 X119.679 Y117.898 E1386.19225
G0 F9000 X119.678 Y118.335
G1 F2504.2 X122.32 Y120.976 E1386.3165
G0 F9000 X122.319 Y123.403
G1 F2504.2 X119.679 Y124.11 E1386.4074
G0 F9000 X122.32 Y112.491
G1 F2504.2 X119.678 Y109.849 E1386.53167
G0 F9000 X119.678 Y111.687
G1 F2504.2 X122.318 Y110.98 E1386.62257
G0 F9000 X119.678 Y105.695
G1 F2504.2 X121.827 Y97.678 E1386.89863
G0 F9000 X122.319 Y98.556
G1 F2504.2 X119.678 Y99.264 E1386.98957
G0 F9000 X119.678 Y101.364
G1 F2504.2 X122.32 Y104.006 E1387.11384
G0 F9000 X122.318 Y104.768
G1 F2504.2 X119.679 Y105.475 E1387.20471
G0 F9000 X119.799 Y105.475
G1 F2700 E1382.20471
;MESH:NONMESH
G0 F300 X119.799 Y105.475 Z27
G0 F9000 X119.599 Y137.4
;TIME_ELAPSED:2352.776365
;LAYER:134
;TYPE:WALL-INNER
;MESH:screenholder-mount.obj
G1 F2700 E1387.20471
G1 F1267 X119.599 Y97.6 E1388.52847
G1 X122.4 Y97.6 E1388.62163
G1 X122.4 Y137.4 E1389.94538
G1 X119.599 Y137.4 E1390.03854
G0 F9000 X119.199 Y137.8
;TYPE:WALL-OUTER
G1 F1267 X119.199 Y97.2 E1391.3889
G1 X122.8 Y97.2 E1391.50867
G1 X122.8 Y137.8 E1392.85904
G1 X119.199 Y137.8 E1392.97881
G0 F9000 X119.469 Y137.53
G0 X119.679 Y136.679
;TYPE:FILL
G1 F2534 X122.319 Y135.972 E1393.06971
G0 F9000 X121.891 Y137.319
G1 F2534 X119.678 Y135.106 E1393.1738
G0 F9000 X119.679 Y130.468
G1 F2534 X122.319 Y129.76 E1393.26471
G0 F9000 X122.32 Y129.262
G1 F2534 X119.678 Y126.62 E1393.38898
G0 F9000 X119.679 Y128.332
G1 F2534 X122.319 Y118.477 E1393.72832
G0 F9000 X122.319 Y117.337
G1 F2534 X119.679 Y118.045 E1393.81923
G1 X119.678 Y118.135
G1 X122.32 Y120.777 E1393.9435
G0 F9000 X122.318 Y123.549
G1 F2534 X119.678 Y124.256 E1394.0344
G0 F9000 X122.32 Y112.292
G1 F2534 X119.678 Y109.65 E1394.15867
G0 F9000 X119.678 Y111.833
G1 F2534 X122.319 Y111.125 E1394.24961
G0 F9000 X119.678 Y105.621
G1 F2534 X122.318 Y104.914 E1394.34051
G0 F9000 X122.32 Y103.806
G1 F2534 X119.678 Y101.165 E1394.46476
G0 F9000 X119.679 Y99.41
G1 F2534 X122.319 Y98.702 E1394.55567
G0 F9000 X121.681 Y97.678
G1 F2534 X119.678 Y105.151 E1394.813
G0 F9000 X119.799 Y105.151
G1 F2700 E1389.813
;MESH:NONMESH
G0 F300 X119.799 Y105.151 Z27.2
G0 F9000 X119.599 Y137.4
;TIME_ELAPSED:2365.836480
;LAYER:135
;TYPE:WALL-INNER
;MESH:screenholder-mount.obj
G1 F2700 E1394.813
G1 F1262.4 X119.599 Y97.6 E1396.13675
G1 X122.4 Y97.6 E1396.22991
G1 X122.4 Y137.4 E1397.55366
G1 X119.599 Y137.4 E1397.64683
G0 F9000 X119.199 Y137.8
;TYPE:WALL-OUTER
G1 F1262.4 X119.199 Y97.2 E1398.99719
G1 X122.8 Y97.2 E1399.11696
G1 X122.8 Y137.8 E1400.46732
G1 X119.199 Y137.8 E1400.58709
G0 F9000 X119.469 Y137.53
G0 X119.679 Y136.826
;TYPE:FILL
G1 F2524.8 X122.319 Y136.119 E1400.67799
G0 F9000 X122.092 Y137.319
G1 F2524.8 X119.678 Y134.905 E1400.79154
G0 F9000 X119.679 Y130.615
G1 F2524.8 X122.319 Y129.907 E1400.88245
G0 F9000 X122.32 Y129.061
G1 F2524.8 X119.678 Y126.42 E1401.00669
G0 F9000 X119.679 Y127.783
G1 F2524.8 X122.319 Y117.928 E1401.34603
G0 F9000 X122.319 Y117.484
G1 F2524.8 X119.679 Y118.192 E1401.43694
G0 F9000 X119.678 Y117.934
G1 F2524.8 X122.32 Y120.576 E1401.56121
G0 F9000 X122.318 Y123.696
G1 F2524.8 X119.679 Y124.403 E1401.65208
G0 F9000 X119.678 Y111.98
G1 F2524.8 X122.319 Y111.272 E1401.74302
G0 F9000 X122.32 Y112.091
G1 F2524.8 X119.678 Y109.449 E1401.86729
G0 F9000 X119.678 Y105.768
G1 F2524.8 X122.318 Y105.061 E1401.95819
G0 F9000 X122.32 Y103.605
G1 F2524.8 X119.678 Y100.964 E1402.08244
G0 F9000 X119.678 Y99.557
G1 F2524.8 X122.319 Y98.849 E1402.17338
G0 F9000 X121.534 Y97.678
G1 F2524.8 X119.678 Y104.602 E1402.41181
G0 F9000 X119.799 Y104.602
G1 F2700 E1397.41181
;MESH:NONMESH
G0 F300 X119.799 Y104.602 Z27.4
G0 F9000 X119.599 Y137.4
;TIME_ELAPSED:2378.823115
;LAYER:136
;TYPE:WALL-INNER
;MESH:screenholder-mount.obj
G1 F2700 E1402.41181
G1 F1261.4 X119.599 Y97.6 E1403.73556
G1 X122.4 Y97.6 E1403.82872
G1 X122.4 Y137.4 E1405.15248
G1 X119.599 Y137.4 E1405.24564
G0 F9000 X119.199 Y137.8
;TYPE:WALL-OUTER
G1 F1261.4 X119.199 Y97.2 E1406.596
G1 X122.8 Y97.2 E1406.71577
G1 X122.8 Y137.8 E1408.06613
G1 X119.199 Y137.8 E1408.1859
G0 F9000 X119.679 Y136.972
;TYPE:FILL
G1 F2522.8 X122.319 Y136.265 E1408.2768
G0 F9000 X122.291 Y137.319
G1 F2522.8 X119.678 Y134.705 E1408.39973
G0 F9000 X119.679 Y130.761
G1 F2522.8 X122.319 Y130.053 E1408.49064
G0 F9000 X122.32 Y128.862
G1 F2522.8 X119.678 Y126.22 E1408.61491
G0 F9000 X119.679 Y127.238
G1 F2522.8 X122.319 Y117.384 E1408.95422
G0 F9000 X122.318 Y117.63
G1 F2522.8 X119.679 Y118.338 E1409.04509
G0 F9000 X119.678 Y117.735
G1 F2522.8 X122.32 Y120.377 E1409.16937
G0 F9000 X122.318 Y123.842
G1 F2522.8 X119.678 Y124.549 E1409.26027
G0 F9000 X119.679 Y112.126
G1 F2522.8 X122.319 Y111.418 E1409.35118
G0 F9000 X122.32 Y111.891
G1 F2522.8 X119.678 Y109.25 E1409.47542
G0 F9000 X119.678 Y105.914
G1 F2522.8 X122.318 Y105.207 E1409.56633
G0 F9000 X122.32 Y103.406
G1 F2522.8 X119.678 Y100.764 E1409.6906
G0 F9000 X119.679 Y99.703
G1 F2522.8 X122.318 Y98.995 E1409.78147
G0 F9000 X121.388 Y97.678
G1 F2522.8 X119.678 Y104.057 E1410.00113
G0 F9000 X119.799 Y104.057
G1 F2700 E1405.00113
;MESH:NONMESH
G0 F300 X119.799 Y104.057 Z27.6
G0 F9000 X119.599 Y137.4
;TIME_ELAPSED:2391.798680
;LAYER:137
;TYPE:WALL-INNER
;MESH:screenholder-mount.obj
G1 F2700 E1410.00113
G1 F1260.6 X119.599 Y97.6 E1411.32488
G1 X122.4 Y97.6 E1411.41805
G1 X122.4 Y137.4 E1412.7418
G1 X119.599 Y137.4 E1412.83496
G0 F9000 X119.199 Y137.8
;TYPE:WALL-OUTER
G1 F1260.6 X119.199 Y97.2 E1414.18532
G1 X122.8 Y97.2 E1414.30509
G1 X122.8 Y137.8 E1415.65545
G1 X119.199 Y137.8 E1415.77522
G0 F9000 X119.679 Y137.119
;TYPE:FILL
G1 F2521.3 X122.319 Y136.412 E1415.86612
G0 F9000 X122.32 Y137.146
G1 F2521.3 X119.678 Y134.505 E1415.99037
G0 F9000 X119.679 Y130.908
G1 F2521.3 X122.319 Y130.2 E1416.08128
G0 F9000 X122.32 Y128.661
G1 F2521.3 X119.678 Y126.019 E1416.20555
G0 F9000 X119.679 Y126.69
G1 F2521.3 X122.319 Y116.835 E1416.54489
G0 F9000 X122.319 Y117.777
G1 F2521.3 X119.679 Y118.485 E1416.6358
G0 F9000 X119.678 Y117.534
G1 F2521.3 X122.32 Y120.176 E1416.76007
G0 F9000 X122.318 Y123.989
G1 F2521.3 X119.678 Y124.696 E1416.85097
G0 F9000 X119.679 Y112.273
G1 F2521.3 X122.319 Y111.565 E1416.94188
G1 X122.32 Y111.691
G1 X119.678 Y109.049 E1417.06615
G0 F9000 X119.678 Y106.061
G1 F2521.3 X122.318 Y105.354 E1417.15705
G0 F9000 X122.32 Y103.205
G1 F2521.3 X119.678 Y100.564 E1417.2813
G0 F9000 X119.679 Y99.85
G1 F2521.3 X122.318 Y99.142 E1417.37218
G0 F9000 X121.241 Y97.678
G1 F2521.3 X119.678 Y103.509 E1417.57297
G0 F9000 X119.799 Y103.509
G1 F2700 E1412.57297
;MESH:NONMESH
G0 F300 X119.799 Y103.509 Z27.8
G0 F9000 X119.599 Y137.4
;TIME_ELAPSED:2404.768522
;LAYER:138
;TYPE:WALL-INNER
;MESH:screenholder-mount.obj
G1 F2700 E1417.57297
G1 F1259.5 X119.599 Y97.6 E1418.89672
G1 X122.4 Y97.6 E1418.98988
G1 X122.4 Y137.4 E1420.31363
G1 X119.599 Y137.4 E1420.4068
G0 F9000 X119.199 Y137.8
;TYPE:WALL-OUTER
G1 F1259.5 X119.199 Y97.2 E1421.75716
G1 X122.8 Y97.2 E1421.87693
G1 X122.8 Y137.8 E1423.22729
G1 X119.199 Y137.8 E1423.34706
G0 F9000 X119.679 Y137.266
;TYPE:FILL
G1 F2519 X122.318 Y136.558 E1423.43794
G0 F9000 X122.32 Y136.947
G1 F2519 X119.678 Y134.305 E1423.56221
G0 F9000 X119.679 Y131.054
G1 F2519 X122.319 Y130.346 E1423.65312
G0 F9000 X122.32 Y128.462
G1 F2519 X119.678 Y125.82 E1423.77739
G0 F9000 X119.679 Y126.145
G1 F2519 X122.319 Y116.29 E1424.11672
G0 F9000 X122.318 Y117.923
G1 F2519 X119.678 Y118.631 E1424.20763
G0 F9000 X119.678 Y117.335
G1 F2519 X122.32 Y119.976 E1424.33188
G0 F9000 X122.319 Y124.135
G1 F2519 X119.679 Y124.842 E1424.42278
G0 F9000 X119.679 Y112.419
G1 F2519 X122.319 Y111.711 E1424.51369
G0 F9000 X122.32 Y111.491
G1 F2519 X119.678 Y108.849 E1424.63796
G0 F9000 X119.678 Y106.207
G1 F2519 X122.319 Y105.5 E1424.7289
G0 F9000 X122.32 Y103.006
G1 F2519 X119.678 Y100.364 E1424.85317
G0 F9000 X119.678 Y99.996
G1 F2519 X122.318 Y99.288 E1424.94408
G0 F9000 X121.095 Y97.679
G1 F2519 X119.678 Y102.964 E1425.12607
G0 F9000 X119.799 Y102.964
G1 F2700 E1420.12607
;MESH:NONMESH
G0 F300 X119.799 Y102.964 Z28
G0 F9000 X119.599 Y137.4
;TIME_ELAPSED:2417.736932
;LAYER:139
;TYPE:WALL-INNER
;MESH:screenholder-mount.obj
G1 F2700 E1425.12607
G1 F1258.3 X119.599 Y97.6 E1426.44982
G1 X122.4 Y97.6 E1426.54298
G1 X122.4 Y137.4 E1427.86673
G1 X119.599 Y137.4 E1427.9599
G0 F9000 X119.199 Y137.8
;TYPE:WALL-OUTER
G1 F1258.3 X119.199 Y97.2 E1429.31026
G1 X122.8 Y97.2 E1429.43003
G1 X122.8 Y137.8 E1430.78039
G1 X119.199 Y137.8 E1430.90016
G0 F9000 X120.022 Y137.319
;TYPE:FILL
G1 F2516.7 X122.319 Y136.704 E1430.97925
G1 X122.32 Y136.748
G1 X119.678 Y134.106 E1431.10352
G0 F9000 X119.679 Y131.2
G1 F2516.7 X122.318 Y130.492 E1431.1944
G0 F9000 X122.32 Y128.262
G1 F2516.7 X119.678 Y125.621 E1431.31865
G1 X119.679 Y125.6
G1 X122.319 Y115.745 E1431.65798
G0 F9000 X122.319 Y118.069
G1 F2516.7 X119.678 Y118.777 E1431.74892
G0 F9000 X119.678 Y117.135
G1 F2516.7 X122.32 Y119.777 E1431.87319
G0 F9000 X122.319 Y124.281
G1 F2516.7 X119.679 Y124.988 E1431.9641
G0 F9000 X119.679 Y112.565
G1 F2516.7 X122.318 Y111.858 E1432.05496
G0 F9000 X122.32 Y111.292
G1 F2516.7 X119.678 Y108.65 E1432.17924
G0 F9000 X119.679 Y106.353
G1 F2516.7 X122.319 Y105.646 E1432.27014
G0 F9000 X122.32 Y102.806
G1 F2516.7 X119.678 Y100.165 E1432.39438
G1 X119.678 Y100.142
G1 X122.318 Y99.434 E1432.48529
G0 F9000 X120.948 Y97.679
G1 F2516.7 X119.678 Y102.42 E1432.64854
G0 F9000 X119.799 Y102.42
G1 F2700 E1427.64854
;MESH:NONMESH
G0 F300 X119.799 Y102.42 Z28.2
G0 F9000 X119.599 Y137.4
;TIME_ELAPSED:2430.646785
;LAYER:140
;TYPE:WALL-INNER
;MESH:screenholder-mount.obj
G1 F2700 E1432.64854
G1 F1251.6 X119.599 Y97.6 E1433.97229
G1 X122.4 Y97.6 E1434.06546
G1 X122.4 Y137.4 E1435.38921
G1 X119.599 Y137.4 E1435.48237
G0 F9000 X119.199 Y137.8
;TYPE:WALL-OUTER
G1 F1251.6 X119.199 Y97.2 E1436.83273
G1 X122.8 Y97.2 E1436.9525
G1 X122.8 Y137.8 E1438.30286
G1 X119.199 Y137.8 E1438.42263
G0 F9000 X119.469 Y137.53
G0 X120.571 Y137.319
;TYPE:FILL
G1 F2503.3 X122.319 Y136.851 E1438.48282
G0 F9000 X122.32 Y136.547
G1 F2503.3 X119.678 Y133.905 E1438.60709
G0 F9000 X119.679 Y131.347
G1 F2503.3 X122.319 Y130.639 E1438.698
G0 F9000 X122.32 Y128.061
G1 F2503.3 X119.678 Y125.42 E1438.82225
G0 F9000 X119.679 Y125.135
G1 F2503.3 X122.319 Y124.428 E1438.91315
G0 F9000 X119.679 Y125.052
G1 F2503.3 X122.319 Y115.196 E1439.25252
G0 F9000 X122.318 Y118.216
G1 F2503.3 X119.678 Y118.924 E1439.34343
G0 F9000 X119.678 Y116.934
G1 F2503.3 X122.32 Y119.576 E1439.4677
G0 F9000 X119.679 Y112.712
G1 F2503.3 X122.318 Y112.005 E1439.55857
G0 F9000 X122.32 Y111.091
G1 F2503.3 X119.678 Y108.449 E1439.68284
G0 F9000 X119.678 Y106.5
G1 F2503.3 X122.319 Y105.793 E1439.77377
G0 F9000 X122.32 Y102.606
G1 F2503.3 X119.678 Y99.964 E1439.89804
G0 F9000 X119.678 Y100.289
G1 F2503.3 X122.318 Y99.581 E1439.98895
G0 F9000 X120.801 Y97.679
G1 F2503.3 X119.678 Y101.871 E1440.1333
G0 F9000 X119.799 Y101.871
G1 F2700 E1435.1333
;MESH:NONMESH
G0 F300 X119.799 Y101.871 Z28.4
G0 F9000 X119.599 Y137.4
;TIME_ELAPSED:2443.666828
;LAYER:141
;TYPE:WALL-INNER
;MESH:screenholder-mount.obj
G1 F2700 E1440.1333
G1 F1257.6 X119.599 Y97.6 E1441.45705
G1 X122.4 Y97.6 E1441.55021
G1 X122.4 Y137.4 E1442.87396
G1 X119.599 Y137.4 E1442.96713
G0 F9000 X119.199 Y137.8
;TYPE:WALL-OUTER
G1 F1257.6 X119.199 Y97.2 E1444.31749
G1 X122.8 Y97.2 E1444.43726
G1 X122.8 Y137.8 E1445.78762
G1 X119.199 Y137.8 E1445.90739
G0 F9000 X119.469 Y137.53
G0 X121.116 Y137.319
;TYPE:FILL
G1 F2515.1 X122.319 Y136.997 E1445.94881
G0 F9000 X122.32 Y136.347
G1 F2515.1 X119.678 Y133.706 E1446.07306
G0 F9000 X119.678 Y131.493
G1 F2515.1 X122.318 Y130.785 E1446.16397
G0 F9000 X122.32 Y127.862
G1 F2515.1 X119.678 Y125.22 E1446.28824
G1 X119.679 Y125.281
G1 X122.319 Y124.574 E1446.37914
G0 F9000 X119.678 Y124.507
G1 F2515.1 X122.319 Y114.652 E1446.71848
G0 F9000 X122.318 Y112.151
G1 F2515.1 X119.678 Y112.858 E1446.80938
G0 F9000 X122.32 Y110.892
G1 F2515.1 X119.678 Y108.25 E1446.93366
G0 F9000 X119.679 Y106.646
G1 F2515.1 X122.319 Y105.939 E1447.02456
G0 F9000 X122.32 Y102.406
G1 F2515.1 X119.678 Y99.764 E1447.14883
G0 F9000 X119.678 Y100.435
G1 F2515.1 X122.319 Y99.727 E1447.23977
G0 F9000 X120.656 Y97.678
G1 F2515.1 X119.678 Y101.325 E1447.36536
G0 F9000 X119.678 Y116.735
G1 F2515.1 X122.32 Y119.377 E1447.48963
G0 F9000 X122.319 Y118.362
G1 F2515.1 X119.679 Y119.069 E1447.58053
G0 F9000 X119.799 Y119.069
;MESH:NONMESH
G0 F300 X119.799 Y119.069 Z28.6
G0 F9000 X119.599 Y137.4
;TIME_ELAPSED:2456.430807
;LAYER:142
;TYPE:WALL-INNER
;MESH:screenholder-mount.obj
G1 F1242.7 X119.599 Y97.6 E1448.90428
G1 X122.4 Y97.6 E1448.99744
G1 X122.4 Y137.4 E1450.3212
G1 X119.599 Y137.4 E1450.41436
G0 F9000 X119.199 Y137.8
;TYPE:WALL-OUTER
G1 F1242.7 X119.199 Y97.2 E1451.76472
G1 X122.8 Y97.2 E1451.88449
G1 X122.8 Y137.8 E1453.23485
G1 X119.199 Y137.8 E1453.35462
G0 F9000 X119.469 Y137.53
G0 X121.665 Y137.319
;TYPE:FILL
G1 F2485.5 X122.319 Y137.144 E1453.37714
G0 F9000 X122.32 Y136.147
G1 F2485.5 X119.678 Y133.505 E1453.50141
G0 F9000 X119.678 Y131.64
G1 F2485.5 X122.318 Y130.932 E1453.59232
G0 F9000 X122.32 Y127.661
G1 F2485.5 X119.678 Y125.02 E1453.71657
G0 F9000 X119.679 Y125.428
G1 F2485.5 X122.319 Y124.721 E1453.80747
G0 F9000 X119.679 Y123.959
G1 F2485.5 X122.319 Y114.103 E1454.14684
G0 F9000 X122.318 Y112.298
G1 F2485.5 X119.678 Y113.005 E1454.23774
G0 F9000 X122.32 Y110.691
G1 F2485.5 X119.678 Y108.049 E1454.36201
G0 F9000 X119.679 Y106.793
G1 F2485.5 X122.319 Y106.086 E1454.45291
G0 F9000 X122.32 Y102.205
G1 F2485.5 X119.678 Y99.564 E1454.57716
G0 F9000 X119.678 Y100.582
G1 F2485.5 X122.318 Y99.874 E1454.66807
G0 F9000 X119.678 Y100.777
G1 F2485.5 X120.509 Y97.678 E1454.77478
G0 F9000 X119.678 Y116.534
G1 F2485.5 X122.32 Y119.176 E1454.89905
G0 F9000 X122.319 Y118.509
G1 F2485.5 X119.679 Y119.216 E1454.98995
G0 F9000 X119.799 Y119.216
;MESH:NONMESH
G0 F300 X119.799 Y119.216 Z28.8
G0 F9000 X119.599 Y137.4
;TIME_ELAPSED:2469.169184
;LAYER:143
;TYPE:WALL-INNER
;MESH:screenholder-mount.obj
G1 F1233.3 X119.599 Y97.6 E1456.31371
G1 X122.4 Y97.6 E1456.40687
G1 X122.4 Y137.4 E1457.73062
G1 X119.599 Y137.4 E1457.82378
G0 F9000 X119.199 Y137.8
;TYPE:WALL-OUTER
G1 F1233.3 X119.199 Y97.2 E1459.17415
G1 X122.8 Y97.2 E1459.29392
G1 X122.8 Y137.8 E1460.64428
G1 X119.199 Y137.8 E1460.76405
G0 F9000 X119.469 Y137.53
G0 X122.164 Y137.32
;TYPE:FILL
G1 F2466.7 X122.319 Y136.741 E1460.78398
G0 F9000 X122.319 Y137.29
G1 F2466.7 X122.211 Y137.319 E1460.7877
G0 F9000 X122.32 Y135.947
G1 F2466.7 X119.678 Y133.305 E1460.91197
G0 F9000 X119.679 Y131.786
G1 F2466.7 X122.319 Y131.078 E1461.00288
G0 F9000 X122.32 Y127.462
G1 F2466.7 X119.678 Y124.82 E1461.12715
G0 F9000 X119.679 Y125.574
G1 F2466.7 X122.318 Y124.867 E1461.21802
G0 F9000 X119.679 Y123.413
G1 F2466.7 X122.319 Y113.559 E1461.55733
G0 F9000 X122.318 Y112.444
G1 F2466.7 X119.678 Y113.151 E1461.64823
G0 F9000 X119.678 Y116.335
G1 F2466.7 X122.32 Y118.977 E1461.7725
G0 F9000 X122.319 Y118.655
G1 F2466.7 X119.679 Y119.362 E1461.8634
G0 F9000 X122.32 Y110.491
G1 F2466.7 X119.678 Y107.85 E1461.98765
G0 F9000 X119.678 Y106.939
G1 F2466.7 X122.318 Y106.232 E1462.07855
G0 F9000 X122.32 Y102.006
G1 F2466.7 X119.678 Y99.364 E1462.20282
G0 F9000 X119.678 Y100.232
G1 F2466.7 X120.363 Y97.678 E1462.29077
G0 F9000 X122.319 Y100.02
G1 F2466.7 X119.678 Y100.728 E1462.38171
G0 F9000 X119.799 Y100.728
G1 F2700 E1457.38171
;MESH:NONMESH
G0 F300 X119.799 Y100.728 Z29
G0 F9000 X119.599 Y137.4
;TIME_ELAPSED:2482.239212
;LAYER:144
;TYPE:WALL-INNER
;MESH:screenholder-mount.obj
G1 F2700 E1462.38171
G1 F1247.2 X119.599 Y97.6 E1463.70546
G1 X122.4 Y97.6 E1463.79863
G1 X122.4 Y137.4 E1465.12238
G1 X119.599 Y137.4 E1465.21554
G0 F9000 X119.199 Y137.8
;TYPE:WALL-OUTER
G1 F1247.2 X119.199 Y97.2 E1466.5659
G1 X122.8 Y97.2 E1466.68567
G1 X122.8 Y137.8 E1468.03603
G1 X119.199 Y137.8 E1468.1558
G0 F9000 X119.469 Y137.53
G0 X122.017 Y137.32
;TYPE:FILL
G1 F2494.5 X122.319 Y136.192 E1468.19464
G0 F9000 X122.32 Y135.746
G1 F2494.5 X119.678 Y133.105 E1468.31889
G0 F9000 X119.679 Y131.933
G1 F2494.5 X122.319 Y131.225 E1468.4098
G0 F9000 X122.32 Y127.261
G1 F2494.5 X119.678 Y124.619 E1468.53407
G0 F9000 X119.679 Y125.721
G1 F2494.5 X122.318 Y125.014 E1468.62494
G0 F9000 X119.678 Y122.865
G1 F2494.5 X122.319 Y113.01 E1468.96428
G0 F9000 X122.318 Y112.591
G1 F2494.5 X119.678 Y113.298 E1469.05519
G0 F9000 X119.678 Y116.134
G1 F2494.5 X122.32 Y118.776 E1469.17946
G1 X122.319 Y118.802
G1 X119.679 Y119.509 E1469.27036
G0 F9000 X122.32 Y110.29
G1 F2494.5 X119.678 Y107.649 E1469.39461
G0 F9000 X119.679 Y107.086
G1 F2494.5 X122.318 Y106.379 E1469.48548
G0 F9000 X122.32 Y101.805
G1 F2494.5 X119.678 Y99.163 E1469.60975
G0 F9000 X119.678 Y99.683
G1 F2494.5 X120.216 Y97.678 E1469.67879
G0 F9000 X119.678 Y100.875
G1 F2494.5 X122.319 Y100.167 E1469.76973
G0 F9000 X122.2 Y100.167
G1 F2700 E1464.76973
;MESH:NONMESH
G0 F300 X122.2 Y100.167 Z29.2
G0 F9000 X119.599 Y137.4
;TIME_ELAPSED:2495.220395
;LAYER:145
;TYPE:WALL-INNER
;MESH:screenholder-mount.obj
G1 F2700 E1469.76973
G1 F1248.6 X119.599 Y97.6 E1471.09349
G1 X122.4 Y97.6 E1471.18665
G1 X122.4 Y137.4 E1472.5104
G1 X119.599 Y137.4 E1472.60356
G0 F9000 X119.199 Y137.8
;TYPE:WALL-OUTER
G1 F1248.6 X119.199 Y97.2 E1473.95393
G1 X122.8 Y97.2 E1474.0737
G1 X122.8 Y137.8 E1475.42406
G1 X119.199 Y137.8 E1475.54383
G0 F9000 X119.469 Y137.53
G0 X121.871 Y137.319
;TYPE:FILL
G1 F2497.3 X122.319 Y135.647 E1475.6014
G1 X122.32 Y135.547
G1 X119.678 Y132.905 E1475.72567
G0 F9000 X119.679 Y132.079
G1 F2497.3 X122.319 Y131.371 E1475.81658
G0 F9000 X122.32 Y127.062
G1 F2497.3 X119.678 Y124.42 E1475.94085
G0 F9000 X119.678 Y125.867
G1 F2497.3 X122.318 Y125.16 E1476.03175
G0 F9000 X119.679 Y122.32
G1 F2497.3 X122.319 Y112.465 E1476.37109
G0 F9000 X122.319 Y112.736
G1 F2497.3 X119.678 Y113.444 E1476.46203
G0 F9000 X119.678 Y115.935
G1 F2497.3 X122.32 Y118.576 E1476.58628
G0 F9000 X122.319 Y118.948
G1 F2497.3 X119.679 Y119.655 E1476.67718
G0 F9000 X122.32 Y110.091
G1 F2497.3 X119.678 Y107.449 E1476.80145
G0 F9000 X119.678 Y107.232
G1 F2497.3 X122.318 Y106.525 E1476.89235
G0 F9000 X122.32 Y101.606
G1 F2497.3 X119.678 Y98.964 E1477.01662
G1 X119.678 Y99.139
G1 X120.07 Y97.678 E1477.06694
G0 F9000 X119.679 Y101.02
G1 F2497.3 X122.318 Y100.313 E1477.1578
G0 F9000 X122.2 Y100.313
G1 F2700 E1472.1578
;MESH:NONMESH
G0 F300 X122.2 Y100.313 Z29.4
G0 F9000 X119.599 Y137.4
;TIME_ELAPSED:2508.152079
;LAYER:146
;TYPE:WALL-INNER
;MESH:screenholder-mount.obj
G1 F2700 E1477.1578
G1 F1250.6 X119.599 Y97.6 E1478.48156
G1 X122.4 Y97.6 E1478.57472
G1 X122.4 Y137.4 E1479.89847
G1 X119.599 Y137.4 E1479.99163
G0 F9000 X119.199 Y137.8
;TYPE:WALL-OUTER
G1 F1250.6 X119.199 Y97.2 E1481.342
G1 X122.8 Y97.2 E1481.46177
G1 X122.8 Y137.8 E1482.81213
G1 X119.199 Y137.8 E1482.9319
G0 F9000 X119.469 Y137.53
G0 X121.725 Y137.319
;TYPE:FILL
G1 F2501.1 X122.319 Y135.102 E1483.00823
G0 F9000 X122.32 Y135.348
G1 F2501.1 X119.678 Y132.706 E1483.13251
G0 F9000 X119.679 Y132.225
G1 F2501.1 X122.319 Y131.517 E1483.22342
G0 F9000 X122.32 Y126.862
G1 F2501.1 X119.678 Y124.22 E1483.34769
G0 F9000 X119.679 Y126.013
G1 F2501.1 X122.319 Y125.306 E1483.43859
G0 F9000 X119.679 Y121.775
G1 F2501.1 X122.319 Y111.921 E1483.77789
G0 F9000 X122.319 Y112.882
G1 F2501.1 X119.679 Y113.59 E1483.8688
G0 F9000 X119.678 Y115.735
G1 F2501.1 X122.32 Y118.377 E1483.99307
G0 F9000 X122.318 Y119.094
G1 F2501.1 X119.678 Y119.801 E1484.08397
G0 F9000 X122.32 Y109.892
G1 F2501.1 X119.678 Y107.25 E1484.20825
G1 X119.678 Y107.378
G1 X122.318 Y106.671 E1484.29915
G0 F9000 X122.32 Y101.406
G1 F2501.1 X119.678 Y98.765 E1484.42339
G1 X119.678 Y98.594
G1 X119.924 Y97.678 E1484.45494
G0 F9000 X119.678 Y101.167
G1 F2501.1 X122.318 Y100.459 E1484.54585
G0 F9000 X122.2 Y100.459
G1 F2700 E1479.54585
;MESH:NONMESH
G0 F300 X122.2 Y100.459 Z29.6
G0 F9000 X119.599 Y137.4
;TIME_ELAPSED:2521.144877
;LAYER:147
;TYPE:WALL-INNER
;MESH:screenholder-mount.obj
G1 F2700 E1484.54585
G1 F1253 X119.599 Y97.6 E1485.8696
G1 X122.4 Y97.6 E1485.96277
G1 X122.4 Y137.4 E1487.28652
G1 X119.599 Y137.4 E1487.37968
G0 F9000 X119.199 Y137.8
;TYPE:WALL-OUTER
G1 F1253 X119.199 Y97.2 E1488.73004
G1 X122.8 Y97.2 E1488.84981
G1 X122.8 Y137.8 E1490.20017
G1 X119.199 Y137.8 E1490.31994
G0 F9000 X119.469 Y137.53
G0 X121.578 Y137.319
;TYPE:FILL
G1 F2506 X122.319 Y134.553 E1490.41518
G0 F9000 X122.32 Y135.147
G1 F2506 X119.678 Y132.505 E1490.53946
G1 X119.679 Y132.372
G1 X122.319 Y131.664 E1490.63037
G0 F9000 X122.32 Y126.661
G1 F2506 X119.678 Y124.02 E1490.75461
G0 F9000 X119.679 Y126.16
G1 F2506 X122.319 Y125.453 E1490.84551
G0 F9000 X119.679 Y121.226
G1 F2506 X122.319 Y111.372 E1491.18482
G0 F9000 X122.319 Y113.029
G1 F2506 X119.679 Y113.737 E1491.27573
G0 F9000 X119.678 Y115.534
G1 F2506 X122.32 Y118.176 E1491.4
G0 F9000 X122.318 Y119.241
G1 F2506 X119.679 Y119.948 E1491.49087
G0 F9000 X122.32 Y109.691
G1 F2506 X119.678 Y107.049 E1491.61514
G0 F9000 X119.678 Y107.525
G1 F2506 X122.318 Y106.818 E1491.70604
G0 F9000 X122.32 Y101.206
G1 F2506 X119.678 Y98.564 E1491.83031
G0 F9000 X119.678 Y98.045
G1 F2506 X119.777 Y97.678 E1491.84295
G0 F9000 X119.678 Y101.313
G1 F2506 X122.318 Y100.606 E1491.93386
G0 F9000 X122.2 Y100.606
G1 F2700 E1486.93386
;MESH:NONMESH
G0 F300 X122.2 Y100.606 Z29.8
G0 F9000 X119.599 Y137.4
;TIME_ELAPSED:2534.237551
;LAYER:148
;TYPE:WALL-INNER
;MESH:screenholder-mount.obj
G1 F2700 E1491.93386
G1 F1255.5 X119.599 Y97.6 E1493.25761
G1 X122.4 Y97.6 E1493.35077
G1 X122.4 Y137.4 E1494.67452
G1 X119.599 Y137.4 E1494.76769
G0 F9000 X119.199 Y137.8
;TYPE:WALL-OUTER
G1 F1255.5 X119.199 Y97.2 E1496.11805
G1 X122.8 Y97.2 E1496.23782
G1 X122.8 Y137.8 E1497.58818
G1 X119.199 Y137.8 E1497.70795
G0 F9000 X119.469 Y137.53
G0 X121.432 Y137.32
;TYPE:FILL
G1 F2511.1 X122.319 Y134.008 E1497.82199
G0 F9000 X122.32 Y134.947
G1 F2511.1 X119.678 Y132.306 E1497.94624
G0 F9000 X119.679 Y132.518
G1 F2511.1 X122.319 Y131.81 E1498.03715
G0 F9000 X122.32 Y126.462
G1 F2511.1 X119.678 Y123.82 E1498.16142
G0 F9000 X119.679 Y126.306
G1 F2511.1 X122.319 Y125.599 E1498.25232
G0 F9000 X119.679 Y120.682
G1 F2511.1 X122.319 Y110.827 E1498.59165
G0 F9000 X122.32 Y109.491
G1 F2511.1 X119.678 Y106.85 E1498.7159
G0 F9000 X119.678 Y107.671
G1 F2511.1 X122.319 Y106.964 E1498.80684
G0 F9000 X122.32 Y101.006
G1 F2511.1 X119.678 Y98.364 E1498.93111
G0 F9000 X119.678 Y101.46
G1 F2511.1 X122.318 Y100.752 E1499.02202
G0 F9000 X122.318 Y113.175
G1 F2511.1 X119.679 Y113.883 E1499.11289
G0 F9000 X119.678 Y115.335
G1 F2511.1 X122.32 Y117.977 E1499.23717
G0 F9000 X122.318 Y119.387
G1 F2511.1 X119.678 Y120.094 E1499.32807
G0 F9000 X119.799 Y120.094
;MESH:NONMESH
G0 F300 X119.799 Y120.094 Z30
G0 F9000 X119.599 Y137.4
;TIME_ELAPSED:2546.972370
;LAYER:149
;TYPE:WALL-INNER
;MESH:screenholder-mount.obj
G1 F1240.2 X119.599 Y97.6 E1500.65182
G1 X122.4 Y97.6 E1500.74498
G1 X122.4 Y137.4 E1502.06873
G1 X119.599 Y137.4 E1502.1619
G0 F9000 X119.199 Y137.8
;TYPE:WALL-OUTER
G1 F1240.2 X119.199 Y97.2 E1503.51226
G1 X122.8 Y97.2 E1503.63203
G1 X122.8 Y137.8 E1504.98239
G1 X119.199 Y137.8 E1505.10216
G0 F9000 X119.469 Y137.53
G0 X121.285 Y137.32
;TYPE:FILL
G1 F2480.4 X122.319 Y133.46 E1505.23507
G0 F9000 X122.32 Y134.746
G1 F2480.4 X119.678 Y132.105 E1505.35932
G0 F9000 X119.679 Y132.665
G1 F2480.4 X122.319 Y131.957 E1505.45023
G0 F9000 X122.32 Y126.261
G1 F2480.4 X119.678 Y123.619 E1505.5745
G0 F9000 X119.679 Y126.453
G1 F2480.4 X122.319 Y125.746 E1505.6654
G0 F9000 X119.678 Y120.241
G1 F2480.4 X122.318 Y119.534 E1505.7563
G0 F9000 X122.32 Y117.776
G1 F2480.4 X119.678 Y115.134 E1505.88057
G0 F9000 X119.679 Y114.03
G1 F2480.4 X122.319 Y113.322 E1505.97148
G0 F9000 X122.319 Y110.278
G1 F2480.4 X119.679 Y120.133 E1506.31082
G0 F9000 X122.32 Y109.291
G1 F2480.4 X119.678 Y106.649 E1506.43509
G0 F9000 X119.678 Y107.818
G1 F2480.4 X122.319 Y107.111 E1506.52602
G0 F9000 X119.678 Y101.607
G1 F2480.4 X122.318 Y100.899 E1506.61693
G1 X122.32 Y100.805
G1 X119.678 Y98.164 E1506.74118
G0 F9000 X119.799 Y98.164
G1 F2700 E1501.74118
;MESH:NONMESH
G0 F300 X119.799 Y98.164 Z30.2
G0 F9000 X119.599 Y137.4
;TIME_ELAPSED:2559.994356
;LAYER:150
;TYPE:WALL-INNER
;MESH:screenholder-mount.obj
G1 F2700 E1506.74118
G1 F1259.3 X119.599 Y97.6 E1508.06493
G1 X122.4 Y97.6 E1508.15809
G1 X122.4 Y137.4 E1509.48185
G1 X119.599 Y137.4 E1509.57501
G0 F9000 X119.199 Y137.8
;TYPE:WALL-OUTER
G1 F1259.3 X119.199 Y97.2 E1510.92537
G1 X122.8 Y97.2 E1511.04514
G1 X122.8 Y137.8 E1512.3955
G1 X119.199 Y137.8 E1512.51527
G0 F9000 X119.469 Y137.53
G0 X121.139 Y137.32
;TYPE:FILL
G1 F2518.7 X122.319 Y132.915 E1512.66695
G0 F9000 X122.318 Y132.103
G1 F2518.7 X119.679 Y132.811 E1512.75783
G0 F9000 X119.678 Y131.905
G1 F2518.7 X122.32 Y134.547 E1512.8821
G0 F9000 X119.679 Y126.599
G1 F2518.7 X122.319 Y125.892 E1512.973
G1 X122.32 Y126.062
G1 X119.678 Y123.42 E1513.09727
G0 F9000 X119.678 Y120.388
G1 F2518.7 X122.319 Y119.68 E1513.18821
G0 F9000 X122.32 Y117.577
G1 F2518.7 X119.678 Y114.935 E1513.31248
G0 F9000 X119.678 Y114.176
G1 F2518.7 X122.318 Y113.468 E1513.40339
G0 F9000 X122.319 Y109.733
G1 F2518.7 X119.679 Y119.589 E1513.74276
G0 F9000 X122.32 Y109.091
G1 F2518.7 X119.678 Y106.449 E1513.86703
G0 F9000 X119.679 Y107.964
G1 F2518.7 X122.319 Y107.257 E1513.95793
G0 F9000 X119.678 Y101.753
G1 F2518.7 X122.318 Y101.045 E1514.04884
G0 F9000 X122.32 Y100.606
G1 F2518.7 X119.678 Y97.964 E1514.17311
G0 F9000 X119.799 Y97.964
G1 F2700 E1509.17311
;MESH:NONMESH
G0 F300 X119.799 Y97.964 Z30.4
G0 F9000 X119.599 Y137.4
;TIME_ELAPSED:2573.006563
;LAYER:151
;TYPE:WALL-INNER
;MESH:screenholder-mount.obj
G1 F2700 E1514.17311
G1 F1261.5 X119.599 Y97.6 E1515.49687
G1 X122.4 Y97.6 E1515.59003
G1 X122.4 Y137.4 E1516.91378
G1 X119.599 Y137.4 E1517.00694
G0 F9000 X119.199 Y137.8
;TYPE:WALL-OUTER
G1 F1261.5 X119.199 Y97.2 E1518.35731
G1 X122.8 Y97.2 E1518.47708
G1 X122.8 Y137.8 E1519.82744
G1 X119.199 Y137.8 E1519.94721
G0 F9000 X119.469 Y137.53
G0 X120.992 Y137.32
;TYPE:FILL
G1 F2523 X122.319 Y132.367 E1520.11775
G1 X122.318 Y132.25
G1 X119.679 Y132.958 E1520.20863
G0 F9000 X119.678 Y131.705
G1 F2523 X122.32 Y134.346 E1520.33288
G0 F9000 X119.679 Y126.746
G1 F2523 X122.319 Y126.039 E1520.42378
G1 X122.32 Y125.861
G1 X119.678 Y123.219 E1520.54805
G0 F9000 X119.678 Y120.535
G1 F2523 X122.319 Y119.827 E1520.63899
G0 F9000 X122.32 Y117.376
G1 F2523 X119.678 Y114.734 E1520.76327
G0 F9000 X119.679 Y114.323
G1 F2523 X122.318 Y113.615 E1520.85414
G0 F9000 X122.319 Y109.185
G1 F2523 X119.679 Y119.04 E1521.19348
G0 F9000 X122.32 Y108.89
G1 F2523 X119.678 Y106.249 E1521.31773
G0 F9000 X119.679 Y108.111
G1 F2523 X122.319 Y107.404 E1521.40863
G0 F9000 X119.678 Y101.9
G1 F2523 X122.318 Y101.192 E1521.49954
G0 F9000 X122.32 Y100.405
G1 F2523 X119.678 Y97.763 E1521.62381
G0 F9000 X119.799 Y97.8
G1 F2700 E1516.62381
;MESH:NONMESH
G0 F300 X119.799 Y97.8 Z30.6
G0 F9000 X119.599 Y137.4
;TIME_ELAPSED:2585.977754
;LAYER:152
;TYPE:WALL-INNER
;MESH:screenholder-mount.obj
G1 F2700 E1521.62381
G1 F1264.7 X119.599 Y97.6 E1522.94756
G1 X122.4 Y97.6 E1523.04072
G1 X122.4 Y137.4 E1524.36448
G1 X119.599 Y137.4 E1524.45764
G0 F9000 X119.199 Y137.8
;TYPE:WALL-OUTER
G1 F1264.7 X119.199 Y97.2 E1525.808
G1 X122.8 Y97.2 E1525.92777
G1 X122.8 Y137.8 E1527.27813
G1 X119.199 Y137.8 E1527.3979
G0 F9000 X119.469 Y137.53
G0 X120.846 Y137.319
;TYPE:FILL
G1 F2529.4 X122.319 Y131.822 E1527.58718
G0 F9000 X122.319 Y132.396
G1 F2529.4 X119.679 Y133.103 E1527.67808
G0 F9000 X119.678 Y131.505
G1 F2529.4 X122.32 Y134.147 E1527.80236
G0 F9000 X119.679 Y126.892
G1 F2529.4 X122.319 Y126.185 E1527.89326
G0 F9000 X122.32 Y125.662
G1 F2529.4 X119.678 Y123.02 E1528.01753
G0 F9000 X119.679 Y120.68
G1 F2529.4 X122.319 Y119.973 E1528.10843
G0 F9000 X122.32 Y117.176
G1 F2529.4 X119.678 Y114.535 E1528.23268
G1 X119.678 Y114.469
G1 X122.318 Y113.761 E1528.32359
G0 F9000 X122.32 Y108.691
G1 F2529.4 X119.678 Y106.049 E1528.44786
G0 F9000 X119.679 Y108.257
G1 F2529.4 X122.318 Y107.55 E1528.53873
G0 F9000 X122.319 Y108.64
G1 F2529.4 X119.678 Y118.495 E1528.87807
G0 F9000 X119.678 Y102.046
G1 F2529.4 X122.319 Y101.338 E1528.96901
G0 F9000 X122.32 Y100.206
G1 F2529.4 X119.794 Y97.68 E1529.08783
G0 F9000 X119.799 Y97.8
G1 F2700 E1524.08783
;MESH:NONMESH
G0 F300 X119.799 Y97.8 Z30.8
G0 F9000 X119.599 Y137.4
;TIME_ELAPSED:2598.969832
;LAYER:153
;TYPE:WALL-INNER
;MESH:screenholder-mount.obj
G1 F2700 E1529.08783
G1 F1257.1 X119.599 Y97.6 E1530.41158
G1 X122.4 Y97.6 E1530.50474
G1 X122.4 Y137.4 E1531.8285
G1 X119.599 Y137.4 E1531.92166
G0 F9000 X119.199 Y137.8
;TYPE:WALL-OUTER
G1 F1257.1 X119.199 Y97.2 E1533.27202
G1 X122.8 Y97.2 E1533.39179
G1 X122.8 Y137.8 E1534.74215
G1 X119.199 Y137.8 E1534.86192
G0 F9000 X119.469 Y137.53
G0 X120.7 Y137.319
;TYPE:FILL
G1 F2514.1 X122.319 Y131.277 E1535.06997
G0 F9000 X122.319 Y132.542
G1 F2514.1 X119.679 Y133.25 E1535.16088
G0 F9000 X119.678 Y131.306
G1 F2514.1 X122.32 Y133.947 E1535.28513
G0 F9000 X119.678 Y127.038
G1 F2514.1 X122.318 Y126.331 E1535.37603
G0 F9000 X122.32 Y125.462
G1 F2514.1 X119.678 Y122.82 E1535.5003
G0 F9000 X119.679 Y120.826
G1 F2514.1 X122.319 Y120.119 E1535.5912
G0 F9000 X122.32 Y116.977
G1 F2514.1 X119.678 Y114.335 E1535.71547
G0 F9000 X119.678 Y114.615
G1 F2514.1 X122.319 Y113.907 E1535.80641
G0 F9000 X119.678 Y117.951
G1 F2514.1 X122.319 Y108.095 E1536.14579
G0 F9000 X122.32 Y108.492
G1 F2514.1 X119.678 Y105.85 E1536.27006
G0 F9000 X119.678 Y108.403
G1 F2514.1 X122.318 Y107.696 E1536.36096
G0 F9000 X119.679 Y102.191
G1 F2514.1 X122.319 Y101.484 E1536.45186
G0 F9000 X122.32 Y100.006
G1 F2514.1 X119.993 Y97.68 E1536.56129
G0 F9000 X119.993 Y97.8
G1 F2700 E1531.56129
;MESH:NONMESH
G0 F300 X119.993 Y97.8 Z31
G0 F9000 X119.599 Y137.4
;TIME_ELAPSED:2611.965351
;LAYER:154
;TYPE:WALL-INNER
;MESH:screenholder-mount.obj
G1 F2700 E1536.56129
G1 F1256.4 X119.599 Y97.6 E1537.88505
G1 X122.4 Y97.6 E1537.97821
G1 X122.4 Y137.4 E1539.30196
G1 X119.599 Y137.4 E1539.39512
G0 F9000 X119.199 Y137.8
;TYPE:WALL-OUTER
G1 F1256.4 X119.199 Y97.2 E1540.74549
G1 X122.8 Y97.2 E1540.86525
G1 X122.8 Y137.8 E1542.21562
G1 X119.199 Y137.8 E1542.33539
G0 F9000 X119.469 Y137.53
G0 X120.553 Y137.319
;TYPE:FILL
G1 F2512.8 X122.319 Y130.729 E1542.5623
G0 F9000 X122.319 Y132.689
G1 F2512.8 X119.679 Y133.397 E1542.65321
G0 F9000 X119.678 Y131.105
G1 F2512.8 X122.32 Y133.747 E1542.77749
G0 F9000 X119.679 Y127.185
G1 F2512.8 X122.318 Y126.478 E1542.86835
G0 F9000 X122.32 Y125.261
G1 F2512.8 X119.678 Y122.62 E1542.9926
G0 F9000 X119.679 Y120.973
G1 F2512.8 X122.319 Y120.266 E1543.0835
G0 F9000 X122.32 Y116.776
G1 F2512.8 X119.678 Y114.134 E1543.20777
G0 F9000 X119.678 Y114.762
G1 F2512.8 X122.319 Y114.054 E1543.29872
G0 F9000 X119.678 Y117.402
G1 F2512.8 X122.319 Y107.547 E1543.63806
G0 F9000 X122.318 Y107.843
G1 F2512.8 X119.678 Y108.55 E1543.72896
G0 F9000 X122.32 Y108.291
G1 F2512.8 X119.678 Y105.649 E1543.85323
G0 F9000 X119.679 Y102.338
G1 F2512.8 X122.319 Y101.631 E1543.94413
G0 F9000 X122.32 Y99.806
G1 F2512.8 X120.194 Y97.68 E1544.04413
G0 F9000 X120.194 Y97.8
G1 F2700 E1539.04413
;MESH:NONMESH
G0 F300 X120.194 Y97.8 Z31.2
G0 F9000 X119.599 Y137.4
;TIME_ELAPSED:2624.956701
;LAYER:155
;TYPE:WALL-INNER
;MESH:screenholder-mount.obj
G1 F2700 E1544.04413
G1 F1258.6 X119.599 Y97.6 E1545.36789
G1 X122.4 Y97.6 E1545.46105
G1 X122.4 Y137.4 E1546.7848
G1 X119.599 Y137.4 E1546.87796
G0 F9000 X119.199 Y137.8
;TYPE:WALL-OUTER
G1 F1258.6 X119.199 Y97.2 E1548.22833
G1 X122.8 Y97.2 E1548.3481
G1 X122.8 Y137.8 E1549.69846
G1 X119.199 Y137.8 E1549.81823
G0 F9000 X119.469 Y137.53
G0 X120.407 Y137.319
;TYPE:FILL
G1 F2517.3 X122.319 Y130.184 E1550.06391
G0 F9000 X122.319 Y132.835
G1 F2517.3 X119.679 Y133.543 E1550.15482
G0 F9000 X119.678 Y130.905
G1 F2517.3 X122.32 Y133.547 E1550.27909
G0 F9000 X119.678 Y127.331
G1 F2517.3 X122.319 Y126.623 E1550.37003
G0 F9000 X122.32 Y125.062
G1 F2517.3 X119.678 Y122.42 E1550.49431
G0 F9000 X119.679 Y121.119
G1 F2517.3 X122.318 Y120.412 E1550.58517
G0 F9000 X122.32 Y116.577
G1 F2517.3 X119.678 Y113.935 E1550.70945
G0 F9000 X119.679 Y114.908
G1 F2517.3 X122.319 Y114.2 E1550.80036
G0 F9000 X119.678 Y116.858
G1 F2517.3 X122.319 Y107.002 E1551.13973
G0 F9000 X122.318 Y107.989
G1 F2517.3 X119.678 Y108.696 E1551.23063
G0 F9000 X122.32 Y108.091
G1 F2517.3 X119.678 Y105.45 E1551.35488
G0 F9000 X119.679 Y102.484
G1 F2517.3 X122.318 Y101.777 E1551.44575
G0 F9000 X122.32 Y99.606
G1 F2517.3 X120.394 Y97.68 E1551.53634
G0 F9000 X120.394 Y97.8
G1 F2700 E1546.53634
;MESH:NONMESH
G0 F300 X120.394 Y97.8 Z31.4
G0 F9000 X119.599 Y137.4
;TIME_ELAPSED:2638.012615
;LAYER:156
;TYPE:WALL-INNER
;MESH:screenholder-mount.obj
G1 F2700 E1551.53634
G1 F1264.7 X119.599 Y97.6 E1552.8601
G1 X122.4 Y97.6 E1552.95326
G1 X122.4 Y137.4 E1554.27701
G1 X119.599 Y137.4 E1554.37017
G0 F9000 X119.199 Y137.8
;TYPE:WALL-OUTER
G1 F1264.7 X119.199 Y97.2 E1555.72053
G1 X122.8 Y97.2 E1555.8403
G1 X122.8 Y137.8 E1557.19067
G1 X119.199 Y137.8 E1557.31044
G0 F9000 X119.469 Y137.53
G0 X120.26 Y137.319
;TYPE:FILL
G1 F2529.4 X122.319 Y129.635 E1557.57502
G0 F9000 X119.678 Y130.705
G1 F2529.4 X122.32 Y133.346 E1557.69927
G0 F9000 X122.319 Y132.982
G1 F2529.4 X119.679 Y133.69 E1557.79018
G0 F9000 X119.678 Y127.478
G1 F2529.4 X122.318 Y126.771 E1557.88108
G0 F9000 X122.32 Y124.861
G1 F2529.4 X119.678 Y122.219 E1558.00535
G0 F9000 X119.679 Y121.266
G1 F2529.4 X122.319 Y120.559 E1558.09625
G0 F9000 X122.32 Y116.376
G1 F2529.4 X119.678 Y113.734 E1558.22053
G0 F9000 X119.679 Y115.055
G1 F2529.4 X122.319 Y114.347 E1558.31143
G0 F9000 X119.678 Y116.309
G1 F2529.4 X122.319 Y106.453 E1558.65081
G0 F9000 X122.32 Y107.891
G1 F2529.4 X119.678 Y105.249 E1558.77508
G0 F9000 X119.679 Y102.631
G1 F2529.4 X122.318 Y101.924 E1558.86595
G0 F9000 X122.32 Y99.405
G1 F2529.4 X120.594 Y97.68 E1558.94711
G0 F9000 X122.318 Y108.136
G1 F2529.4 X119.678 Y108.843 E1559.03802
G0 F9000 X119.799 Y108.843
;MESH:NONMESH
G0 F300 X119.799 Y108.843 Z31.6
G0 F9000 X119.599 Y137.4
;TIME_ELAPSED:2650.828696
;LAYER:157
;TYPE:WALL-INNER
;MESH:screenholder-mount.obj
G1 F1259 X119.599 Y97.6 E1560.36177
G1 X122.4 Y97.6 E1560.45493
G1 X122.4 Y137.4 E1561.77868
G1 X119.599 Y137.4 E1561.87185
G0 F9000 X119.199 Y137.8
;TYPE:WALL-OUTER
G1 F1259 X119.199 Y97.2 E1563.22221
G1 X122.8 Y97.2 E1563.34198
G1 X122.8 Y137.8 E1564.69234
G1 X119.199 Y137.8 E1564.81211
G0 F9000 X119.469 Y137.53
G0 X120.114 Y137.32
;TYPE:FILL
G1 F2518 X122.319 Y129.09 E1565.09549
G0 F9000 X122.319 Y126.916
G1 F2518 X119.679 Y127.624 E1565.1864
G0 F9000 X119.678 Y130.505
G1 F2518 X122.32 Y133.147 E1565.31067
G1 X122.319 Y133.128
G1 X119.679 Y133.836 E1565.40158
G0 F9000 X122.32 Y124.662
G1 F2518 X119.678 Y122.02 E1565.52585
G0 F9000 X119.678 Y121.412
G1 F2518 X122.318 Y120.705 E1565.61676
G0 F9000 X122.32 Y116.176
G1 F2518 X119.678 Y113.535 E1565.741
G0 F9000 X119.679 Y115.201
G1 F2518 X122.319 Y114.493 E1565.83191
G0 F9000 X119.679 Y115.763
G1 F2518 X122.319 Y105.909 E1566.17122
G0 F9000 X122.32 Y107.691
G1 F2518 X119.678 Y105.049 E1566.29549
G0 F9000 X119.678 Y102.777
G1 F2518 X122.318 Y102.07 E1566.38639
G0 F9000 X122.32 Y99.206
G1 F2518 X120.794 Y97.68 E1566.45817
G0 F9000 X122.319 Y108.282
G1 F2518 X119.678 Y108.989 E1566.5491
G0 F9000 X119.799 Y108.989
;MESH:NONMESH
G0 F300 X119.799 Y108.989 Z31.8
G0 F9000 X119.599 Y137.4
;TIME_ELAPSED:2663.502209
;LAYER:158
;TYPE:WALL-INNER
;MESH:screenholder-mount.obj
G1 F1262.7 X119.599 Y97.6 E1567.87285
G1 X122.4 Y97.6 E1567.96602
G1 X122.4 Y137.4 E1569.28977
G1 X119.599 Y137.4 E1569.38293
G0 F9000 X119.199 Y137.8
;TYPE:WALL-OUTER
G1 F1262.7 X119.199 Y97.2 E1570.73329
G1 X122.8 Y97.2 E1570.85306
G1 X122.8 Y137.8 E1572.20342
G1 X119.199 Y137.8 E1572.32319
G0 F9000 X119.968 Y137.32
;TYPE:FILL
G1 F2525.3 X122.319 Y128.545 E1572.62534
G0 F9000 X122.319 Y127.063
G1 F2525.3 X119.679 Y127.77 E1572.71625
G0 F9000 X119.678 Y130.306
G1 F2525.3 X122.32 Y132.948 E1572.84052
G0 F9000 X122.318 Y133.274
G1 F2525.3 X119.679 Y133.982 E1572.93139
G0 F9000 X122.32 Y124.462
G1 F2525.3 X119.678 Y121.821 E1573.05564
G0 F9000 X119.678 Y121.558
G1 F2525.3 X122.319 Y120.851 E1573.14658
G0 F9000 X122.32 Y115.977
G1 F2525.3 X119.678 Y113.335 E1573.27085
G0 F9000 X119.679 Y115.219
G1 F2525.3 X122.319 Y105.363 E1573.61022
G0 F9000 X122.32 Y107.492
G1 F2525.3 X119.678 Y104.85 E1573.73449
G0 F9000 X119.678 Y102.923
G1 F2525.3 X122.318 Y102.216 E1573.82539
G0 F9000 X122.32 Y99.006
G1 F2525.3 X120.993 Y97.68 E1573.88778
G0 F9000 X122.319 Y108.428
G1 F2525.3 X119.679 Y109.135 E1573.97868
G0 F9000 X122.318 Y114.639
G1 F2525.3 X119.679 Y115.347 E1574.06956
G0 F9000 X119.799 Y115.347
;MESH:NONMESH
G0 F300 X119.799 Y115.347 Z32
G0 F9000 X119.599 Y137.4
;TIME_ELAPSED:2676.158188
;LAYER:159
;TYPE:WALL-INNER
;MESH:screenholder-mount.obj
G1 F1261.2 X119.599 Y97.6 E1575.39331
G1 X122.4 Y97.6 E1575.48648
G1 X122.4 Y137.4 E1576.81023
G1 X119.599 Y137.4 E1576.90339
G0 F9000 X119.199 Y137.8
;TYPE:WALL-OUTER
G1 F1261.2 X119.199 Y97.2 E1578.25375
G1 X122.8 Y97.2 E1578.37352
G1 X122.8 Y137.8 E1579.72388
G1 X119.199 Y137.8 E1579.84365
G0 F9000 X119.821 Y137.32
;TYPE:FILL
G1 F2522.3 X122.319 Y127.997 E1580.16468
G0 F9000 X122.319 Y127.21
G1 F2522.3 X119.679 Y127.917 E1580.25558
G0 F9000 X119.678 Y130.105
G1 F2522.3 X122.32 Y132.747 E1580.37985
G0 F9000 X122.319 Y133.421
G1 F2522.3 X119.679 Y134.129 E1580.47076
G0 F9000 X122.32 Y124.261
G1 F2522.3 X119.678 Y121.62 E1580.59501
G1 X119.678 Y121.705
G1 X122.319 Y120.998 E1580.68594
G0 F9000 X122.32 Y115.776
G1 F2522.3 X119.678 Y113.134 E1580.81021
G0 F9000 X119.679 Y114.67
G1 F2522.3 X122.319 Y104.815 E1581.14955
G0 F9000 X122.318 Y102.363
G1 F2522.3 X119.678 Y103.07 E1581.24045
G0 F9000 X119.678 Y104.649
G1 F2522.3 X122.32 Y107.291 E1581.36472
G0 F9000 X122.319 Y108.575
G1 F2522.3 X119.679 Y109.282 E1581.45562
G0 F9000 X122.318 Y114.786
G1 F2522.3 X119.679 Y115.494 E1581.5465
G0 F9000 X122.32 Y98.806
G1 F2522.3 X121.194 Y97.68 E1581.59946
G0 F9000 X121.194 Y97.8
G1 F2700 E1576.59946
;MESH:NONMESH
G0 F300 X121.194 Y97.8 Z32.2
G0 F9000 X119.599 Y137.4
;TIME_ELAPSED:2689.117119
;LAYER:160
;TYPE:WALL-INNER
;MESH:screenholder-mount.obj
G1 F2700 E1581.59946
G1 F1277.4 X119.599 Y97.6 E1582.92321
G1 X122.4 Y97.6 E1583.01638
G1 X122.4 Y137.4 E1584.34013
G1 X119.599 Y137.4 E1584.43329
G0 F9000 X119.199 Y137.8
;TYPE:WALL-OUTER
G1 F1277.4 X119.199 Y97.2 E1585.78365
G1 X122.8 Y97.2 E1585.90342
G1 X122.8 Y137.8 E1587.25378
G1 X119.199 Y137.8 E1587.37355
G0 F9000 X119.679 Y137.306
;TYPE:FILL
G1 F2554.7 X122.319 Y127.452 E1587.71286
G1 X122.319 Y127.356
G1 X119.679 Y128.063 E1587.80376
G0 F9000 X119.678 Y129.906
G1 F2554.7 X122.32 Y132.547 E1587.92801
G0 F9000 X122.318 Y133.567
G1 F2554.7 X119.678 Y134.275 E1588.01892
G0 F9000 X122.32 Y124.062
G1 F2554.7 X119.678 Y121.42 E1588.14319
G0 F9000 X119.679 Y121.851
G1 F2554.7 X122.319 Y121.144 E1588.23409
G0 F9000 X122.32 Y115.577
G1 F2554.7 X119.678 Y112.935 E1588.35836
G0 F9000 X119.678 Y114.125
G1 F2554.7 X122.319 Y104.27 E1588.6977
G0 F9000 X122.319 Y102.509
G1 F2554.7 X119.678 Y103.216 E1588.78864
G0 F9000 X119.678 Y104.45
G1 F2554.7 X122.32 Y107.092 E1588.91291
G0 F9000 X122.319 Y108.721
G1 F2554.7 X119.679 Y109.428 E1589.00381
G0 F9000 X122.318 Y114.932
G1 F2554.7 X119.678 Y115.64 E1589.09472
G0 F9000 X122.32 Y98.606
G1 F2554.7 X121.393 Y97.68 E1589.1383
G0 F9000 X121.393 Y97.8
G1 F2700 E1584.1383
;MESH:NONMESH
G0 F300 X121.393 Y97.8 Z32.4
G0 F9000 X119.599 Y137.4
;TIME_ELAPSED:2702.131295
;LAYER:161
;TYPE:WALL-INNER
;MESH:screenholder-mount.obj
G1 F2700 E1589.1383
G1 F1277.5 X119.599 Y97.6 E1590.46205
G1 X122.4 Y97.6 E1590.55521
G1 X122.4 Y137.4 E1591.87897
G1 X119.599 Y137.4 E1591.97213
G0 F9000 X119.199 Y137.8
;TYPE:WALL-OUTER
G1 F1277.5 X119.199 Y97.2 E1593.32249
G1 X122.8 Y97.2 E1593.44226
G1 X122.8 Y137.8 E1594.79262
G1 X119.199 Y137.8 E1594.91239
G0 F9000 X119.469 Y137.53
G0 X119.679 Y136.758
;TYPE:FILL
G1 F2554.9 X122.319 Y126.903 E1595.25173
G0 F9000 X122.319 Y127.503
G1 F2554.9 X119.679 Y128.21 E1595.34263
G0 F9000 X119.678 Y129.705
G1 F2554.9 X122.32 Y132.347 E1595.4669
G0 F9000 X122.318 Y133.714
G1 F2554.9 X119.678 Y134.422 E1595.55781
G0 F9000 X122.32 Y123.861
G1 F2554.9 X119.678 Y121.22 E1595.68206
G0 F9000 X119.679 Y121.998
G1 F2554.9 X122.319 Y121.291 E1595.77296
G0 F9000 X122.32 Y115.376
G1 F2554.9 X119.678 Y112.734 E1595.89723
G0 F9000 X119.679 Y113.577
G1 F2554.9 X122.319 Y103.721 E1596.2366
G0 F9000 X122.319 Y102.656
G1 F2554.9 X119.678 Y103.363 E1596.32753
G0 F9000 X119.678 Y104.249
G1 F2554.9 X122.32 Y106.891 E1596.4518
G0 F9000 X122.319 Y108.868
G1 F2554.9 X119.679 Y109.575 E1596.5427
G0 F9000 X122.318 Y115.079
G1 F2554.9 X119.678 Y115.787 E1596.63361
G0 F9000 X122.32 Y98.405
G1 F2554.9 X121.594 Y97.68 E1596.66774
G0 F9000 X121.594 Y97.8
G1 F2700 E1591.66774
;MESH:NONMESH
G0 F300 X121.594 Y97.8 Z32.6
G0 F9000 X119.599 Y137.4
;TIME_ELAPSED:2715.200664
;LAYER:162
;TYPE:WALL-INNER
;MESH:screenholder-mount.obj
G1 F2700 E1596.66774
G1 F1267 X119.599 Y97.6 E1597.99149
G1 X122.4 Y97.6 E1598.08465
G1 X122.4 Y137.4 E1599.40841
G1 X119.599 Y137.4 E1599.50157
G0 F9000 X119.199 Y137.8
;TYPE:WALL-OUTER
G1 F1267 X119.199 Y97.2 E1600.85193
G1 X122.8 Y97.2 E1600.9717
G1 X122.8 Y137.8 E1602.32206
G1 X119.199 Y137.8 E1602.44183
G0 F9000 X119.469 Y137.53
G0 X119.679 Y136.213
;TYPE:FILL
G1 F2534 X122.319 Y126.359 E1602.78113
G0 F9000 X122.318 Y127.649
G1 F2534 X119.679 Y128.356 E1602.872
G0 F9000 X119.678 Y129.505
G1 F2534 X122.32 Y132.147 E1602.99627
G0 F9000 X122.319 Y133.86
G1 F2534 X119.679 Y134.567 E1603.08718
G0 F9000 X122.32 Y123.662
G1 F2534 X119.678 Y121.02 E1603.21145
G0 F9000 X119.679 Y122.144
G1 F2534 X122.319 Y121.437 E1603.30235
G0 F9000 X119.678 Y115.933
G1 F2534 X122.319 Y115.225 E1603.39329
G1 X122.32 Y115.177
G1 X119.678 Y112.535 E1603.51756
G0 F9000 X119.678 Y113.032
G1 F2534 X122.319 Y103.177 E1603.85691
G0 F9000 X122.319 Y102.802
G1 F2534 X119.679 Y103.509 E1603.94781
G0 F9000 X119.678 Y104.05
G1 F2534 X122.32 Y106.691 E1604.07205
G0 F9000 X122.318 Y109.014
G1 F2534 X119.678 Y109.721 E1604.16296
G0 F9000 X122.32 Y98.206
G1 F2534 X121.794 Y97.68 E1604.1877
G0 F9000 X121.794 Y97.8
G1 F2700 E1599.1877
;MESH:NONMESH
G0 F300 X121.794 Y97.8 Z32.8
G0 F9000 X119.599 Y137.4
;TIME_ELAPSED:2728.078015
;LAYER:163
;TYPE:WALL-INNER
;MESH:screenholder-mount.obj
G1 F2700 E1604.1877
G1 F1268.7 X119.599 Y97.6 E1605.51145
G1 X122.4 Y97.6 E1605.60461
G1 X122.4 Y137.4 E1606.92837
G1 X119.599 Y137.4 E1607.02153
G0 F9000 X119.199 Y137.8
;TYPE:WALL-OUTER
G1 F1268.7 X119.199 Y97.2 E1608.37189
G1 X122.8 Y97.2 E1608.49166
G1 X122.8 Y137.8 E1609.84202
G1 X119.199 Y137.8 E1609.96179
G0 F9000 X119.469 Y137.53
G0 X119.679 Y135.664
;TYPE:FILL
G1 F2537.5 X122.319 Y125.81 E1610.30109
G0 F9000 X122.318 Y127.796
G1 F2537.5 X119.679 Y128.503 E1610.39196
G0 F9000 X119.678 Y129.305
G1 F2537.5 X122.32 Y131.946 E1610.51621
G0 F9000 X122.319 Y134.007
G1 F2537.5 X119.679 Y134.714 E1610.60711
G0 F9000 X122.32 Y123.461
G1 F2537.5 X119.678 Y120.819 E1610.73138
G0 F9000 X119.679 Y122.291
G1 F2537.5 X122.319 Y121.584 E1610.82228
G0 F9000 X119.678 Y116.08
G1 F2537.5 X122.318 Y115.372 E1610.91319
G0 F9000 X122.32 Y114.976
G1 F2537.5 X119.678 Y112.334 E1611.03746
G1 X119.678 Y112.483
G1 X122.319 Y102.628 E1611.37681
G0 F9000 X122.319 Y102.949
G1 F2537.5 X119.678 Y103.656 E1611.46774
G1 X119.678 Y103.849
G1 X122.32 Y106.49 E1611.59199
G0 F9000 X122.318 Y109.161
G1 F2537.5 X119.679 Y109.868 E1611.68286
G0 F9000 X122.32 Y98.005
G1 F2537.5 X121.995 Y97.68 E1611.69815
G0 F9000 X121.995 Y97.8
G1 F2700 E1606.69815
;MESH:NONMESH
G0 F300 X121.995 Y97.8 Z33
G0 F9000 X119.599 Y137.4
;TIME_ELAPSED:2740.978591
;LAYER:164
;TYPE:WALL-INNER
;MESH:screenholder-mount.obj
G1 F2700 E1611.69815
G1 F1302.8 X119.599 Y97.6 E1613.0219
G1 X122.4 Y97.6 E1613.11506
G1 X122.4 Y137.4 E1614.43881
G1 X119.599 Y137.4 E1614.53198
G0 F9000 X119.199 Y137.8
;TYPE:WALL-OUTER
G1 F1302.8 X119.199 Y97.2 E1615.88234
G1 X122.8 Y97.2 E1616.00211
G1 X122.8 Y137.8 E1617.35247
G1 X119.199 Y137.8 E1617.47224
G0 F9000 X119.469 Y137.53
G0 X119.679 Y135.12
;TYPE:FILL
G1 F2605.6 X122.319 Y125.266 E1617.81154
G0 F9000 X122.32 Y123.262
G1 F2605.6 X119.678 Y120.62 E1617.93581
G0 F9000 X119.679 Y122.437
G1 F2605.6 X122.319 Y121.73 E1618.02671
G0 F9000 X119.679 Y116.225
G1 F2605.6 X122.319 Y115.518 E1618.11762
G0 F9000 X122.32 Y114.776
G1 F2605.6 X119.678 Y112.135 E1618.24186
G1 X119.678 Y111.939
G1 X122.319 Y102.084 E1618.58121
G0 F9000 X122.318 Y103.095
G1 F2605.6 X119.679 Y103.802 E1618.67208
G1 X119.678 Y103.649
G1 X122.32 Y106.291 E1618.79635
G0 F9000 X122.318 Y109.307
G1 F2605.6 X119.678 Y110.014 E1618.88725
G0 F9000 X122.32 Y97.806
G1 F2605.6 X122.194 Y97.68 E1618.89318
G1 F2700 E1613.89318
G0 F9000 X122.318 Y127.942
G1 F2700 E1618.89318
G1 F2605.6 X119.678 Y128.649 E1618.98408
G0 F9000 X119.678 Y129.105
G1 F2605.6 X122.32 Y131.747 E1619.10835
G0 F9000 X122.319 Y134.153
G1 F2605.6 X119.679 Y134.86 E1619.19925
G0 F9000 X119.799 Y134.86
;MESH:NONMESH
G0 F300 X119.799 Y134.86 Z33.2
G0 F9000 X119.599 Y137.4
;TIME_ELAPSED:2753.626026
;LAYER:165
;TYPE:WALL-INNER
;MESH:screenholder-mount.obj
G1 F1270.3 X119.599 Y97.6 E1620.523
G1 X122.4 Y97.6 E1620.61616
G1 X122.4 Y137.4 E1621.93992
G1 X119.599 Y137.4 E1622.03308
G0 F9000 X119.199 Y137.8
;TYPE:WALL-OUTER
G1 F1270.3 X119.199 Y97.2 E1623.38344
G1 X122.8 Y97.2 E1623.50321
G1 X122.8 Y137.8 E1624.85357
G1 X119.199 Y137.8 E1624.97334
G0 F9000 X119.469 Y137.53
G0 X119.679 Y135.006
;TYPE:FILL
G1 F2540.6 X122.319 Y134.299 E1625.06424
G0 F9000 X119.679 Y134.575
G1 F2540.6 X122.319 Y124.721 E1625.40355
G0 F9000 X122.32 Y123.062
G1 F2540.6 X119.678 Y120.42 E1625.52782
G0 F9000 X119.678 Y122.583
G1 F2540.6 X122.318 Y121.876 E1625.61872
G0 F9000 X119.679 Y116.372
G1 F2540.6 X122.319 Y115.664 E1625.70963
G0 F9000 X122.32 Y114.577
G1 F2540.6 X119.678 Y111.935 E1625.8339
G0 F9000 X119.678 Y111.394
G1 F2540.6 X122.319 Y101.539 E1626.17325
G0 F9000 X122.318 Y103.241
G1 F2540.6 X119.678 Y103.948 E1626.26415
G0 F9000 X119.678 Y103.45
G1 F2540.6 X122.32 Y106.092 E1626.38842
G0 F9000 X122.319 Y109.452
G1 F2540.6 X119.678 Y110.16 E1626.47936
G0 F9000 X119.678 Y97.737
G1 F2540.6 X119.894 Y97.679 E1626.4868
G1 F2700 E1621.4868
G0 F9000 X122.319 Y128.087
G1 F2700 E1626.4868
G1 F2540.6 X119.679 Y128.795 E1626.57771
G1 X119.678 Y128.906
G1 X122.32 Y131.548 E1626.70198
G0 F9000 X122.2 Y131.548
;MESH:NONMESH
G0 F300 X122.2 Y131.548 Z33.4
G0 F9000 X119.599 Y137.4
;TIME_ELAPSED:2766.492501
;LAYER:166
;TYPE:WALL-INNER
;MESH:screenholder-mount.obj
G1 F1277.9 X119.599 Y97.6 E1628.02573
G1 X122.4 Y97.6 E1628.11889
G1 X122.4 Y137.4 E1629.44265
G1 X119.599 Y137.4 E1629.53581
G0 F9000 X119.199 Y137.8
;TYPE:WALL-OUTER
G1 F1277.9 X119.199 Y97.2 E1630.88617
G1 X122.8 Y97.2 E1631.00594
G1 X122.8 Y137.8 E1632.3563
G1 X119.199 Y137.8 E1632.47607
G0 F9000 X119.807 Y137.319
;TYPE:FILL
G1 F2555.9 X119.678 Y137.19 E1632.48214
G0 F9000 X119.679 Y135.153
G1 F2555.9 X122.319 Y134.446 E1632.57304
G0 F9000 X119.679 Y134.027
G1 F2555.9 X122.319 Y124.172 E1632.91238
G0 F9000 X122.32 Y122.861
G1 F2555.9 X119.678 Y120.22 E1633.03662
G0 F9000 X119.679 Y122.73
G1 F2555.9 X122.318 Y122.023 E1633.12749
G0 F9000 X119.679 Y116.519
G1 F2555.9 X122.319 Y115.811 E1633.2184
G0 F9000 X122.32 Y114.376
G1 F2555.9 X119.678 Y111.734 E1633.34267
G0 F9000 X119.678 Y110.846
G1 F2555.9 X122.319 Y100.99 E1633.68205
G0 F9000 X122.318 Y103.388
G1 F2555.9 X119.678 Y104.095 E1633.77295
G0 F9000 X119.678 Y103.249
G1 F2555.9 X122.32 Y105.891 E1633.89722
G0 F9000 X122.318 Y109.6
G1 F2555.9 X119.678 Y110.307 E1633.98812
G0 F9000 X119.678 Y97.884
G1 F2555.9 X120.443 Y97.679 E1634.01447
G1 F2700 E1629.01447
G0 F9000 X122.319 Y128.234
G1 F2700 E1634.01447
G1 F2555.9 X119.679 Y128.942 E1634.10538
G0 F9000 X119.678 Y128.705
G1 F2555.9 X122.32 Y131.347 E1634.22965
G0 F9000 X122.2 Y131.347
;MESH:NONMESH
G0 F300 X122.2 Y131.347 Z33.6
G0 F9000 X119.599 Y137.4
;TIME_ELAPSED:2779.503210
;LAYER:167
;TYPE:WALL-INNER
;MESH:screenholder-mount.obj
G1 F1500 X119.599 Y97.6 E1635.5534
G1 X122.4 Y97.6 E1635.64656
G1 X122.4 Y137.4 E1636.97032
G1 X119.599 Y137.4 E1637.06348
G0 F9000 X119.199 Y137.8
;TYPE:WALL-OUTER
G1 F1500 X119.199 Y97.2 E1638.41384
G1 X122.8 Y97.2 E1638.53361
G1 X122.8 Y137.8 E1639.88397
G1 X119.199 Y137.8 E1640.00374
G0 F9000 X119.469 Y137.53
G0 X119.709 Y137.01
G0 X119.989 Y137.01
;TYPE:SKIN
G1 F1500 X119.989 Y97.99 E1641.30155
G1 X122.01 Y97.99 E1641.36877
G1 X122.01 Y137.01 E1642.66658
G1 X119.989 Y137.01 E1642.7338
G0 F9000 X119.709 Y137.01
G0 X121.669 Y137.29
G0 X121.669 Y136.849
G1 F1500 X121.849 Y136.668 E1642.74229
G0 F9000 X121.849 Y136.103
G1 F1500 X121.103 Y136.849 E1642.77738
G0 F9000 X120.537 Y136.849
G1 F1500 X121.849 Y135.537 E1642.83909
G0 F9000 X121.849 Y134.971
G1 F1500 X120.148 Y136.672 E1642.9191
G0 F9000 X120.148 Y136.106
G1 F1500 X121.849 Y134.406 E1642.99909
G0 F9000 X121.849 Y133.84
G1 F1500 X120.148 Y135.541 E1643.0791
G0 F9000 X120.148 Y134.975
G1 F1500 X121.849 Y133.274 E1643.15911
G0 F9000 X121.849 Y132.709
G1 F1500 X120.148 Y134.409 E1643.23909
G0 F9000 X120.148 Y133.843
G1 F1500 X121.849 Y132.143 E1643.31908
G0 F9000 X121.849 Y131.577
G1 F1500 X120.148 Y133.278 E1643.39909
G0 F9000 X120.148 Y132.712
G1 F1500 X121.849 Y131.012 E1643.47907
G0 F9000 X121.849 Y130.446
G1 F1500 X120.148 Y132.146 E1643.55906
G0 F9000 X120.148 Y131.581
G1 F1500 X121.849 Y129.88 E1643.63907
G0 F9000 X121.849 Y129.314
G1 F1500 X120.148 Y131.015 E1643.71908
G0 F9000 X120.148 Y130.449
G1 F1500 X121.849 Y128.749 E1643.79907
G0 F9000 X121.849 Y128.183
G1 F1500 X120.148 Y129.884 E1643.87908
G0 F9000 X120.148 Y129.318
G1 F1500 X121.849 Y127.617 E1643.95909
G0 F9000 X121.849 Y127.052
G1 F1500 X120.148 Y128.752 E1644.03907
G0 F9000 X120.148 Y128.187
G1 F1500 X121.849 Y126.486 E1644.11908
G0 F9000 X121.849 Y125.92
G1 F1500 X120.148 Y127.621 E1644.19909
G0 F9000 X120.148 Y127.055
G1 F1500 X121.849 Y125.355 E1644.27908
G0 F9000 X121.849 Y124.789
G1 F1500 X120.148 Y126.49 E1644.35909
G0 F9000 X120.148 Y125.924
G1 F1500 X121.849 Y124.223 E1644.4391
G0 F9000 X121.849 Y123.658
G1 F1500 X120.148 Y125.358 E1644.51908
G0 F9000 X120.148 Y124.793
G1 F1500 X121.849 Y123.092 E1644.59909
G0 F9000 X121.849 Y122.526
G1 F1500 X120.148 Y124.227 E1644.6791
G0 F9000 X120.148 Y123.661
G1 F1500 X121.849 Y121.961 E1644.75909
G0 F9000 X121.849 Y121.395
G1 F1500 X120.148 Y123.095 E1644.83908
G0 F9000 X120.148 Y122.53
G1 F1500 X121.849 Y120.829 E1644.91909
G0 F9000 X121.849 Y120.264
G1 F1500 X120.148 Y121.964 E1644.99907
G0 F9000 X120.148 Y121.398
G1 F1500 X121.849 Y119.698 E1645.07906
G0 F9000 X121.849 Y119.132
G1 F1500 X120.148 Y120.833 E1645.15907
G0 F9000 X120.148 Y120.267
G1 F1500 X121.849 Y118.566 E1645.23908
G0 F9000 X121.849 Y118.001
G1 F1500 X120.148 Y119.701 E1645.31907
G0 F9000 X120.148 Y119.136
G1 F1500 X121.849 Y117.435 E1645.39908
G0 F9000 X121.849 Y116.869
G1 F1500 X120.148 Y118.57 E1645.47909
G0 F9000 X120.148 Y118.004
G1 F1500 X121.849 Y116.304 E1645.55907
G0 F9000 X121.849 Y115.738
G1 F1500 X120.148 Y117.439 E1645.63908
G0 F9000 X120.148 Y116.873
G1 F1500 X121.849 Y115.172 E1645.71909
G0 F9000 X121.849 Y114.607
G1 F1500 X120.148 Y116.307 E1645.79908
G0 F9000 X120.148 Y115.742
G1 F1500 X121.849 Y114.041 E1645.87909
G0 F9000 X121.849 Y113.475
G1 F1500 X120.148 Y115.176 E1645.9591
G0 F9000 X120.148 Y114.61
G1 F1500 X121.849 Y112.91 E1646.03908
G0 F9000 X121.849 Y112.344
G1 F1500 X120.148 Y114.045 E1646.11909
G0 F9000 X120.148 Y113.479
G1 F1500 X121.849 Y111.778 E1646.1991
G0 F9000 X121.849 Y111.213
G1 F1500 X120.148 Y112.913 E1646.27909
G0 F9000 X120.148 Y112.347
G1 F1500 X121.849 Y110.647 E1646.35908
G0 F9000 X121.849 Y110.081
G1 F1500 X120.148 Y111.782 E1646.43909
G0 F9000 X120.148 Y111.216
G1 F1500 X121.849 Y109.515 E1646.5191
G0 F9000 X121.849 Y108.95
G1 F1500 X120.148 Y110.65 E1646.59908
G0 F9000 X120.148 Y110.085
G1 F1500 X121.849 Y108.384 E1646.67909
G0 F9000 X121.849 Y107.818
G1 F1500 X120.148 Y109.519 E1646.7591
G0 F9000 X120.148 Y108.953
G1 F1500 X121.849 Y107.253 E1646.83909
G0 F9000 X121.849 Y106.687
G1 F1500 X120.148 Y108.388 E1646.9191
G0 F9000 X120.148 Y107.822
G1 F1500 X121.849 Y106.121 E1646.99911
G0 F9000 X121.849 Y105.556
G1 F1500 X120.148 Y107.256 E1647.07909
G0 F9000 X120.148 Y106.691
G1 F1500 X121.849 Y104.99 E1647.1591
G0 F9000 X121.849 Y104.424
G1 F1500 X120.148 Y106.125 E1647.23911
G0 F9000 X120.148 Y105.559
G1 F1500 X121.849 Y103.859 E1647.3191
G0 F9000 X121.849 Y103.293
G1 F1500 X120.148 Y104.994 E1647.39911
G0 F9000 X120.148 Y104.428
G1 F1500 X121.849 Y102.727 E1647.47912
G0 F9000 X121.849 Y102.162
G1 F1500 X120.148 Y103.862 E1647.55911
G0 F9000 X120.148 Y103.296
G1 F1500 X121.849 Y101.596 E1647.63909
G0 F9000 X121.849 Y101.03
G1 F1500 X120.148 Y102.731 E1647.7191
G0 F9000 X120.148 Y102.165
G1 F1500 X121.849 Y100.465 E1647.79909
G0 F9000 X121.849 Y99.899
G1 F1500 X120.148 Y101.599 E1647.87907
G0 F9000 X120.148 Y101.034
G1 F1500 X121.849 Y99.333 E1647.95908
G0 F9000 X121.849 Y98.767
G1 F1500 X120.148 Y100.468 E1648.03909
G0 F9000 X120.148 Y99.902
G1 F1500 X121.849 Y98.202 E1648.11908
G0 F9000 X121.335 Y98.149
G1 F1500 X120.148 Y99.337 E1648.17494
G0 F9000 X120.148 Y98.771
G1 F1500 X120.77 Y98.149 E1648.20419
G0 F9000 X120.77 Y97.8
G1 F2700 E1643.20419
;MESH:NONMESH
G0 F300 X120.77 Y97.8 Z33.8
G0 F9000 X120.77 Y97.71
G0 X119.781 Y97.782
G0 X119.599 Y137.4
;TIME_ELAPSED:2803.508913
;LAYER:168
;TYPE:WALL-INNER
;MESH:screenholder-mount.obj
G1 F2700 E1648.20419
G1 F1500 X119.599 Y97.6 E1649.52795
G1 X122.4 Y97.6 E1649.62111
G1 X122.4 Y137.4 E1650.94486
G1 X119.599 Y137.4 E1651.03802
G0 F9000 X119.199 Y137.8
;TYPE:WALL-OUTER
G1 F1500 X119.199 Y97.2 E1652.38838
G1 X122.8 Y97.2 E1652.50815
G1 X122.8 Y137.8 E1653.85852
G1 X119.199 Y137.8 E1653.97829
G0 F9000 X119.469 Y137.53
G0 X119.709 Y137.01
G0 X119.989 Y137.01
;TYPE:SKIN
G1 F1500 X119.989 Y97.99 E1655.2761
G1 X122.01 Y97.99 E1655.34332
G1 X122.01 Y137.01 E1656.64113
G1 X119.989 Y137.01 E1656.70834
G0 F9000 X120.444 Y136.849
G1 F1500 X120.148 Y136.552 E1656.72229
G0 F9000 X120.148 Y135.987
G1 F1500 X121.01 Y136.849 E1656.76284
G0 F9000 X121.575 Y136.849
G1 F1500 X120.148 Y135.421 E1656.82998
G0 F9000 X120.148 Y134.855
G1 F1500 X121.85 Y136.557 E1656.91004
G0 F9000 X121.85 Y135.992
G1 F1500 X120.148 Y134.29 E1656.9901
G0 F9000 X120.148 Y133.724
G1 F1500 X121.85 Y135.426 E1657.07015
G0 F9000 X121.85 Y134.86
G1 F1500 X120.148 Y133.158 E1657.15021
G0 F9000 X120.148 Y132.593
G1 F1500 X121.85 Y134.295 E1657.23027
G0 F9000 X121.85 Y133.729
G1 F1500 X120.148 Y132.027 E1657.31032
G0 F9000 X120.148 Y131.461
G1 F1500 X121.85 Y133.163 E1657.39038
G0 F9000 X121.85 Y132.598
G1 F1500 X120.148 Y130.896 E1657.47044
G0 F9000 X120.148 Y130.33
G1 F1500 X121.85 Y132.032 E1657.55049
G0 F9000 X121.85 Y131.466
G1 F1500 X120.148 Y129.764 E1657.63055
G0 F9000 X120.148 Y129.199
G1 F1500 X121.85 Y130.901 E1657.71061
G0 F9000 X121.85 Y130.335
G1 F1500 X120.148 Y128.633 E1657.79066
G0 F9000 X120.148 Y128.067
G1 F1500 X121.85 Y129.769 E1657.87072
G0 F9000 X121.85 Y129.203
G1 F1500 X120.148 Y127.501 E1657.95078
G0 F9000 X120.148 Y126.936
G1 F1500 X121.85 Y128.638 E1658.03083
G0 F9000 X121.85 Y128.072
G1 F1500 X120.148 Y126.37 E1658.11089
G0 F9000 X120.148 Y125.804
G1 F1500 X121.85 Y127.506 E1658.19095
G0 F9000 X121.85 Y126.941
G1 F1500 X120.148 Y125.239 E1658.27101
G0 F9000 X120.148 Y124.673
G1 F1500 X121.85 Y126.375 E1658.35106
G0 F9000 X121.85 Y125.809
G1 F1500 X120.148 Y124.107 E1658.43112
G0 F9000 X120.148 Y123.542
G1 F1500 X121.85 Y125.244 E1658.51118
G0 F9000 X121.85 Y124.678
G1 F1500 X120.148 Y122.976 E1658.59123
G0 F9000 X120.148 Y122.41
G1 F1500 X121.85 Y124.112 E1658.67129
G0 F9000 X121.85 Y123.547
G1 F1500 X120.148 Y121.845 E1658.75135
G0 F9000 X120.148 Y121.279
G1 F1500 X121.85 Y122.981 E1658.8314
G0 F9000 X121.85 Y122.415
G1 F1500 X120.148 Y120.713 E1658.91146
G0 F9000 X120.148 Y120.148
G1 F1500 X121.85 Y121.85 E1658.99152
G0 F9000 X121.85 Y121.284
G1 F1500 X120.148 Y119.582 E1659.07157
G0 F9000 X120.148 Y119.016
G1 F1500 X121.85 Y120.718 E1659.15163
G0 F9000 X121.85 Y120.152
G1 F1500 X120.148 Y118.45 E1659.23169
G0 F9000 X120.148 Y117.885
G1 F1500 X121.85 Y119.587 E1659.31174
G0 F9000 X121.85 Y119.021
G1 F1500 X120.148 Y117.319 E1659.3918
G0 F9000 X120.148 Y116.753
G1 F1500 X121.85 Y118.455 E1659.47186
G0 F9000 X121.85 Y117.89
G1 F1500 X120.148 Y116.188 E1659.55192
G0 F9000 X120.148 Y115.622
G1 F1500 X121.85 Y117.324 E1659.63197
G0 F9000 X121.85 Y116.758
G1 F1500 X120.148 Y115.056 E1659.71203
G0 F9000 X120.148 Y114.491
G1 F1500 X121.85 Y116.193 E1659.79209
G0 F9000 X121.85 Y115.627
G1 F1500 X120.148 Y113.925 E1659.87214
G0 F9000 X120.148 Y113.359
G1 F1500 X121.85 Y115.061 E1659.9522
G0 F9000 X121.85 Y114.496
G1 F1500 X120.148 Y112.794 E1660.03226
G0 F9000 X120.148 Y112.228
G1 F1500 X121.85 Y113.93 E1660.11231
G0 F9000 X121.85 Y113.364
G1 F1500 X120.148 Y111.662 E1660.19237
G0 F9000 X120.148 Y111.097
G1 F1500 X121.85 Y112.799 E1660.27243
G0 F9000 X121.85 Y112.233
G1 F1500 X120.148 Y110.531 E1660.35248
G0 F9000 X120.148 Y109.965
G1 F1500 X121.85 Y111.667 E1660.43254
G0 F9000 X121.85 Y111.102
G1 F1500 X120.148 Y109.4 E1660.5126
G0 F9000 X120.148 Y108.834
G1 F1500 X121.85 Y110.536 E1660.59265
G0 F9000 X121.85 Y109.97
G1 F1500 X120.148 Y108.268 E1660.67271
G0 F9000 X120.148 Y107.702
G1 F1500 X121.85 Y109.404 E1660.75277
G0 F9000 X121.85 Y108.839
G1 F1500 X120.148 Y107.137 E1660.83282
G0 F9000 X120.148 Y106.571
G1 F1500 X121.85 Y108.273 E1660.91288
G0 F9000 X121.85 Y107.707
G1 F1500 X120.148 Y106.005 E1660.99294
G0 F9000 X120.148 Y105.44
G1 F1500 X121.85 Y107.142 E1661.073
G0 F9000 X121.85 Y106.576
G1 F1500 X120.148 Y104.874 E1661.15305
G0 F9000 X120.148 Y104.308
G1 F1500 X121.85 Y106.01 E1661.23311
G0 F9000 X121.85 Y105.445
G1 F1500 X120.148 Y103.743 E1661.31317
G0 F9000 X120.148 Y103.177
G1 F1500 X121.85 Y104.879 E1661.39322
G0 F9000 X121.85 Y104.313
G1 F1500 X120.148 Y102.611 E1661.47328
G0 F9000 X120.148 Y102.046
G1 F1500 X121.85 Y103.748 E1661.55334
G0 F9000 X121.85 Y103.182
G1 F1500 X120.148 Y101.48 E1661.63339
G0 F9000 X120.148 Y100.914
G1 F1500 X121.85 Y102.616 E1661.71345
G0 F9000 X121.85 Y102.051
G1 F1500 X120.148 Y100.349 E1661.79351
G0 F9000 X120.148 Y99.783
G1 F1500 X121.85 Y101.485 E1661.87356
G0 F9000 X121.85 Y100.919
G1 F1500 X120.148 Y99.217 E1661.95362
G0 F9000 X120.148 Y98.652
G1 F1500 X121.85 Y100.354 E1662.03368
G0 F9000 X121.85 Y99.788
G1 F1500 X120.211 Y98.149 E1662.11077
G0 F9000 X120.777 Y98.149
G1 F1500 X121.85 Y99.222 E1662.16124
G0 F9000 X121.85 Y98.656
G1 F1500 X121.343 Y98.149 E1662.18509
G0 F9000 X121.343 Y97.8
G1 F2700 E1657.18509
;MESH:NONMESH
G0 F300 X121.343 Y97.8 Z34
G0 F9000 X121.343 Y97.71
G0 X119.781 Y97.782
G0 X119.599 Y137.4
;TIME_ELAPSED:2827.619599
;LAYER:169
;TYPE:WALL-INNER
;MESH:screenholder-mount.obj
G1 F2700 E1662.18509
G1 F1500 X119.599 Y97.6 E1663.50884
G1 X122.4 Y97.6 E1663.602
G1 X122.4 Y137.4 E1664.92576
G1 X119.599 Y137.4 E1665.01892
G0 F9000 X119.199 Y137.8
;TYPE:WALL-OUTER
G1 F1500 X119.199 Y97.2 E1666.36928
G1 X122.8 Y97.2 E1666.48905
G1 X122.8 Y137.8 E1667.83941
G1 X119.199 Y137.8 E1667.95918
G0 F9000 X119.469 Y137.53
G0 X119.709 Y137.01
G0 X119.989 Y137.01
;TYPE:SKIN
G1 F1500 X119.989 Y97.99 E1669.25699
G1 X122.01 Y97.99 E1669.32421
G1 X122.01 Y137.01 E1670.62202
G1 X119.989 Y137.01 E1670.68924
G0 F9000 X119.709 Y137.01
G0 X121.669 Y137.29
G0 X121.669 Y136.849
G1 F1500 X121.849 Y136.668 E1670.69773
G0 F9000 X121.849 Y136.103
G1 F1500 X121.103 Y136.849 E1670.73282
G0 F9000 X120.537 Y136.849
G1 F1500 X121.849 Y135.537 E1670.79453
G0 F9000 X121.849 Y134.971
G1 F1500 X120.148 Y136.672 E1670.87454
G0 F9000 X120.148 Y136.106
G1 F1500 X121.849 Y134.406 E1670.95453
G0 F9000 X121.849 Y133.84
G1 F1500 X120.148 Y135.541 E1671.03454
G0 F9000 X120.148 Y134.975
G1 F1500 X121.849 Y133.274 E1671.11455
G0 F9000 X121.849 Y132.709
G1 F1500 X120.148 Y134.409 E1671.19453
G0 F9000 X120.148 Y133.843
G1 F1500 X121.849 Y132.143 E1671.27452
G0 F9000 X121.849 Y131.577
G1 F1500 X120.148 Y133.278 E1671.35453
G0 F9000 X120.148 Y132.712
G1 F1500 X121.849 Y131.012 E1671.43452
G0 F9000 X121.849 Y130.446
G1 F1500 X120.148 Y132.146 E1671.5145
G0 F9000 X120.148 Y131.581
G1 F1500 X121.849 Y129.88 E1671.59451
G0 F9000 X121.849 Y129.314
G1 F1500 X120.148 Y131.015 E1671.67452
G0 F9000 X120.148 Y130.449
G1 F1500 X121.849 Y128.749 E1671.75451
G0 F9000 X121.849 Y128.183
G1 F1500 X120.148 Y129.884 E1671.83452
G0 F9000 X120.148 Y129.318
G1 F1500 X121.849 Y127.617 E1671.91453
G0 F9000 X121.849 Y127.052
G1 F1500 X120.148 Y128.752 E1671.99452
G0 F9000 X120.148 Y128.187
G1 F1500 X121.849 Y126.486 E1672.07453
G0 F9000 X121.849 Y125.92
G1 F1500 X120.148 Y127.621 E1672.15454
G0 F9000 X120.148 Y127.055
G1 F1500 X121.849 Y125.355 E1672.23452
G0 F9000 X121.849 Y124.789
G1 F1500 X120.148 Y126.49 E1672.31453
G0 F9000 X120.148 Y125.924
G1 F1500 X121.849 Y124.223 E1672.39454
G0 F9000 X121.849 Y123.658
G1 F1500 X120.148 Y125.358 E1672.47453
G0 F9000 X120.148 Y124.793
G1 F1500 X121.849 Y123.092 E1672.55454
G0 F9000 X121.849 Y122.526
G1 F1500 X120.148 Y124.227 E1672.63455
G0 F9000 X120.148 Y123.661
G1 F1500 X121.849 Y121.961 E1672.71453
G0 F9000 X121.849 Y121.395
G1 F1500 X120.148 Y123.095 E1672.79452
G0 F9000 X120.148 Y122.53
G1 F1500 X121.849 Y120.829 E1672.87453
G0 F9000 X121.849 Y120.264
G1 F1500 X120.148 Y121.964 E1672.95452
G0 F9000 X120.148 Y121.398
G1 F1500 X121.849 Y119.698 E1673.0345
G0 F9000 X121.849 Y119.132
G1 F1500 X120.148 Y120.833 E1673.11451
G0 F9000 X120.148 Y120.267
G1 F1500 X121.849 Y118.566 E1673.19452
G0 F9000 X121.849 Y118.001
G1 F1500 X120.148 Y119.701 E1673.27451
G0 F9000 X120.148 Y119.136
G1 F1500 X121.849 Y117.435 E1673.35452
G0 F9000 X121.849 Y116.869
G1 F1500 X120.148 Y118.57 E1673.43453
G0 F9000 X120.148 Y118.004
G1 F1500 X121.849 Y116.304 E1673.51451
G0 F9000 X121.849 Y115.738
G1 F1500 X120.148 Y117.439 E1673.59452
G0 F9000 X120.148 Y116.873
G1 F1500 X121.849 Y115.172 E1673.67453
G0 F9000 X121.849 Y114.607
G1 F1500 X120.148 Y116.307 E1673.75452
G0 F9000 X120.148 Y115.742
G1 F1500 X121.849 Y114.041 E1673.83453
G0 F9000 X121.849 Y113.475
G1 F1500 X120.148 Y115.176 E1673.91454
G0 F9000 X120.148 Y114.61
G1 F1500 X121.849 Y112.91 E1673.99453
G0 F9000 X121.849 Y112.344
G1 F1500 X120.148 Y114.045 E1674.07454
G0 F9000 X120.148 Y113.479
G1 F1500 X121.849 Y111.778 E1674.15455
G0 F9000 X121.849 Y111.213
G1 F1500 X120.148 Y112.913 E1674.23453
G0 F9000 X120.148 Y112.347
G1 F1500 X121.849 Y110.647 E1674.31452
G0 F9000 X121.849 Y110.081
G1 F1500 X120.148 Y111.782 E1674.39453
G0 F9000 X120.148 Y111.216
G1 F1500 X121.849 Y109.515 E1674.47454
G0 F9000 X121.849 Y108.95
G1 F1500 X120.148 Y110.65 E1674.55452
G0 F9000 X120.148 Y110.085
G1 F1500 X121.849 Y108.384 E1674.63453
G0 F9000 X121.849 Y107.818
G1 F1500 X120.148 Y109.519 E1674.71454
G0 F9000 X120.148 Y108.953
G1 F1500 X121.849 Y107.253 E1674.79453
G0 F9000 X121.849 Y106.687
G1 F1500 X120.148 Y108.388 E1674.87454
G0 F9000 X120.148 Y107.822
G1 F1500 X121.849 Y106.121 E1674.95455
G0 F9000 X121.849 Y105.556
G1 F1500 X120.148 Y107.256 E1675.03454
G0 F9000 X120.148 Y106.691
G1 F1500 X121.849 Y104.99 E1675.11455
G0 F9000 X121.849 Y104.424
G1 F1500 X120.148 Y106.125 E1675.19456
G0 F9000 X120.148 Y105.559
G1 F1500 X121.849 Y103.859 E1675.27454
G0 F9000 X121.849 Y103.293
G1 F1500 X120.148 Y104.994 E1675.35455
G0 F9000 X120.148 Y104.428
G1 F1500 X121.849 Y102.727 E1675.43456
G0 F9000 X121.849 Y102.162
G1 F1500 X120.148 Y103.862 E1675.51455
G0 F9000 X120.148 Y103.296
G1 F1500 X121.849 Y101.596 E1675.59453
G0 F9000 X121.849 Y101.03
G1 F1500 X120.148 Y102.731 E1675.67454
G0 F9000 X120.148 Y102.165
G1 F1500 X121.849 Y100.465 E1675.75453
G0 F9000 X121.849 Y99.899
G1 F1500 X120.148 Y101.599 E1675.83452
G0 F9000 X120.148 Y101.034
G1 F1500 X121.849 Y99.333 E1675.91453
G0 F9000 X121.849 Y98.767
G1 F1500 X120.148 Y100.468 E1675.99454
G0 F9000 X120.148 Y99.902
G1 F1500 X121.849 Y98.202 E1676.07452
G0 F9000 X121.335 Y98.149
G1 F1500 X120.148 Y99.337 E1676.13038
G0 F9000 X120.148 Y98.771
G1 F1500 X120.77 Y98.149 E1676.15964
G0 F9000 X120.77 Y97.8
G1 F2700 E1671.15964
;MESH:NONMESH
G0 F300 X120.77 Y97.8 Z34.2
G0 F9000 X120.77 Y97.71
G0 X119.781 Y97.782
G0 X119.599 Y137.4
;TIME_ELAPSED:2851.819729
;LAYER:170
;TYPE:WALL-INNER
;MESH:screenholder-mount.obj
G1 F2700 E1676.15964
G1 F1500 X119.599 Y97.6 E1677.48339
G1 X122.4 Y97.6 E1677.57655
G1 X122.4 Y137.4 E1678.9003
G1 X119.599 Y137.4 E1678.99347
G0 F9000 X119.199 Y137.8
;TYPE:WALL-OUTER
G1 F1500 X119.199 Y97.2 E1680.34383
G1 X122.8 Y97.2 E1680.4636
G1 X122.8 Y137.8 E1681.81396
G1 X119.199 Y137.8 E1681.93373
G0 F9000 X119.469 Y137.53
G0 X119.709 Y137.01
G0 X119.989 Y137.01
;TYPE:SKIN
G1 F1500 X119.989 Y97.99 E1683.23154
G1 X122.01 Y97.99 E1683.29876
G1 X122.01 Y137.01 E1684.59657
G1 X119.989 Y137.01 E1684.66379
G0 F9000 X120.444 Y136.849
G1 F1500 X120.148 Y136.552 E1684.67773
G0 F9000 X120.148 Y135.987
G1 F1500 X121.01 Y136.849 E1684.71828
G0 F9000 X121.575 Y136.849
G1 F1500 X120.148 Y135.421 E1684.78542
G0 F9000 X120.148 Y134.855
G1 F1500 X121.85 Y136.557 E1684.86548
G0 F9000 X121.85 Y135.992
G1 F1500 X120.148 Y134.29 E1684.94554
G0 F9000 X120.148 Y133.724
G1 F1500 X121.85 Y135.426 E1685.0256
G0 F9000 X121.85 Y134.86
G1 F1500 X120.148 Y133.158 E1685.10565
G0 F9000 X120.148 Y132.593
G1 F1500 X121.85 Y134.295 E1685.18571
G0 F9000 X121.85 Y133.729
G1 F1500 X120.148 Y132.027 E1685.26577
G0 F9000 X120.148 Y131.461
G1 F1500 X121.85 Y133.163 E1685.34582
G0 F9000 X121.85 Y132.598
G1 F1500 X120.148 Y130.896 E1685.42588
G0 F9000 X120.148 Y130.33
G1 F1500 X121.85 Y132.032 E1685.50594
G0 F9000 X121.85 Y131.466
G1 F1500 X120.148 Y129.764 E1685.58599
G0 F9000 X120.148 Y129.199
G1 F1500 X121.85 Y130.901 E1685.66605
G0 F9000 X121.85 Y130.335
G1 F1500 X120.148 Y128.633 E1685.74611
G0 F9000 X120.148 Y128.067
G1 F1500 X121.85 Y129.769 E1685.82616
G0 F9000 X121.85 Y129.203
G1 F1500 X120.148 Y127.501 E1685.90622
G0 F9000 X120.148 Y126.936
G1 F1500 X121.85 Y128.638 E1685.98628
G0 F9000 X121.85 Y128.072
G1 F1500 X120.148 Y126.37 E1686.06633
G0 F9000 X120.148 Y125.804
G1 F1500 X121.85 Y127.506 E1686.14639
G0 F9000 X121.85 Y126.941
G1 F1500 X120.148 Y125.239 E1686.22645
G0 F9000 X120.148 Y124.673
G1 F1500 X121.85 Y126.375 E1686.30651
G0 F9000 X121.85 Y125.809
G1 F1500 X120.148 Y124.107 E1686.38656
G0 F9000 X120.148 Y123.542
G1 F1500 X121.85 Y125.244 E1686.46662
G0 F9000 X121.85 Y124.678
G1 F1500 X120.148 Y122.976 E1686.54668
G0 F9000 X120.148 Y122.41
G1 F1500 X121.85 Y124.112 E1686.62673
G0 F9000 X121.85 Y123.547
G1 F1500 X120.148 Y121.845 E1686.70679
G0 F9000 X120.148 Y121.279
G1 F1500 X121.85 Y122.981 E1686.78685
G0 F9000 X121.85 Y122.415
G1 F1500 X120.148 Y120.713 E1686.8669
G0 F9000 X120.148 Y120.148
G1 F1500 X121.85 Y121.85 E1686.94696
G0 F9000 X121.85 Y121.284
G1 F1500 X120.148 Y119.582 E1687.02702
G0 F9000 X120.148 Y119.016
G1 F1500 X121.85 Y120.718 E1687.10707
G0 F9000 X121.85 Y120.152
G1 F1500 X120.148 Y118.45 E1687.18713
G0 F9000 X120.148 Y117.885
G1 F1500 X121.85 Y119.587 E1687.26719
G0 F9000 X121.85 Y119.021
G1 F1500 X120.148 Y117.319 E1687.34724
G0 F9000 X120.148 Y116.753
G1 F1500 X121.85 Y118.455 E1687.4273
G0 F9000 X121.85 Y117.89
G1 F1500 X120.148 Y116.188 E1687.50736
G0 F9000 X120.148 Y115.622
G1 F1500 X121.85 Y117.324 E1687.58741
G0 F9000 X121.85 Y116.758
G1 F1500 X120.148 Y115.056 E1687.66747
G0 F9000 X120.148 Y114.491
G1 F1500 X121.85 Y116.193 E1687.74753
G0 F9000 X121.85 Y115.627
G1 F1500 X120.148 Y113.925 E1687.82759
G0 F9000 X120.148 Y113.359
G1 F1500 X121.85 Y115.061 E1687.90764
G0 F9000 X121.85 Y114.496
G1 F1500 X120.148 Y112.794 E1687.9877
G0 F9000 X120.148 Y112.228
G1 F1500 X121.85 Y113.93 E1688.06776
G0 F9000 X121.85 Y113.364
G1 F1500 X120.148 Y111.662 E1688.14781
G0 F9000 X120.148 Y111.097
G1 F1500 X121.85 Y112.799 E1688.22787
G0 F9000 X121.85 Y112.233
G1 F1500 X120.148 Y110.531 E1688.30793
G0 F9000 X120.148 Y109.965
G1 F1500 X121.85 Y111.667 E1688.38798
G0 F9000 X121.85 Y111.102
G1 F1500 X120.148 Y109.4 E1688.46804
G0 F9000 X120.148 Y108.834
G1 F1500 X121.85 Y110.536 E1688.5481
G0 F9000 X121.85 Y109.97
G1 F1500 X120.148 Y108.268 E1688.62815
G0 F9000 X120.148 Y107.702
G1 F1500 X121.85 Y109.404 E1688.70821
G0 F9000 X121.85 Y108.839
G1 F1500 X120.148 Y107.137 E1688.78827
G0 F9000 X120.148 Y106.571
G1 F1500 X121.85 Y108.273 E1688.86832
G0 F9000 X121.85 Y107.707
G1 F1500 X120.148 Y106.005 E1688.94838
G0 F9000 X120.148 Y105.44
G1 F1500 X121.85 Y107.142 E1689.02844
G0 F9000 X121.85 Y106.576
G1 F1500 X120.148 Y104.874 E1689.1085
G0 F9000 X120.148 Y104.308
G1 F1500 X121.85 Y106.01 E1689.18855
G0 F9000 X121.85 Y105.445
G1 F1500 X120.148 Y103.743 E1689.26861
G0 F9000 X120.148 Y103.177
G1 F1500 X121.85 Y104.879 E1689.34867
G0 F9000 X121.85 Y104.313
G1 F1500 X120.148 Y102.611 E1689.42872
G0 F9000 X120.148 Y102.046
G1 F1500 X121.85 Y103.748 E1689.50878
G0 F9000 X121.85 Y103.182
G1 F1500 X120.148 Y101.48 E1689.58884
G0 F9000 X120.148 Y100.914
G1 F1500 X121.85 Y102.616 E1689.66889
G0 F9000 X121.85 Y102.051
G1 F1500 X120.148 Y100.349 E1689.74895
G0 F9000 X120.148 Y99.783
G1 F1500 X121.85 Y101.485 E1689.82901
G0 F9000 X121.85 Y100.919
G1 F1500 X120.148 Y99.217 E1689.90906
G0 F9000 X120.148 Y98.652
G1 F1500 X121.85 Y100.354 E1689.98912
G0 F9000 X121.85 Y99.788
G1 F1500 X120.211 Y98.149 E1690.06621
G0 F9000 X120.777 Y98.149
G1 F1500 X121.85 Y99.222 E1690.11668
G0 F9000 X121.85 Y98.656
G1 F1500 X121.343 Y98.149 E1690.14053
G0 F9000 X121.343 Y97.8
;TIME_ELAPSED:2875.032018
G1 F2700 E1685.14053
M140 S0
M107
G91 ;Relative positioning
G1 E-2 F2700 ;Retract a bit
G1 E-2 Z0.2 F2400 ;Retract and raise Z
G1 X5 Y5 F3000 ;Wipe out
G1 Z10 ;Raise Z more
G90 ;Absolute positioning

G1 X0 Y235 ;Present print
M106 S0 ;Turn-off fan
M104 S0 ;Turn-off hotend
M140 S0 ;Turn-off bed

M84 X Y E ;Disable all steppers but Z

M82 ;absolute extrusion mode
M104 S0
;End of Gcode
;SETTING_3 {"global_quality": "[general]\\nversion = 4\\nname = Standard Quality
;SETTING_3  #2\\ndefinition = creality_ender3\\n\\n[metadata]\\ntype = quality_c
;SETTING_3 hanges\\nquality_type = standard\\nsetting_version = 19\\n\\n[values]
;SETTING_3 \\nadhesion_type = none\\nsupport_enable = True\\nsupport_type = ever
;SETTING_3 ywhere\\n\\n", "extruder_quality": ["[general]\\nversion = 4\\nname =
;SETTING_3  Standard Quality #2\\ndefinition = creality_ender3\\n\\n[metadata]\\
;SETTING_3 ntype = quality_changes\\nquality_type = standard\\nsetting_version =
;SETTING_3  19\\nposition = 0\\n\\n[values]\\nsupport_angle = 65.0\\n\\n"]}
